player_name,season_label,league,player_id,appearances,goals_conceded_total,clean_sheets,wins,minutes_total,yellow_cards,red_cards,goals_conceded_per90,clean_sheet_pct,win_rate
Aaron Cresswell,2020-2021,eng Premier League,92571,36,43.0,11,19,3172.0,3.0,0.0,1.22,0.306,0.528
Aaron Cresswell,2021-2022,eng Premier League,92571,31,40.0,7,13,2728.0,3.0,0.0,1.32,0.226,0.419
Aaron Cresswell,2022-2023,eng Premier League,92571,24,30.0,6,7,2123.0,2.0,0.0,1.272,0.25,0.292
Aaron Cresswell,2023-2024,eng Premier League,92571,1,2.0,0,0,90.0,0.0,0.0,2.0,0.0,0.0
Aaron Hickey,2020-2021,it Serie A,591949,9,14.0,1,4,686.0,2.0,1.0,1.837,0.111,0.444
Aaron Hickey,2021-2022,it Serie A,591949,7,16.0,2,2,494.0,2.0,0.0,2.915,0.286,0.286
Aaron Hickey,2022-2023,eng Premier League,591949,21,25.0,5,9,1713.0,6.0,0.0,1.313,0.238,0.429
Aaron Ramsey,2022-2023,fr Ligue 1,50057,1,0.0,1,1,35.0,1.0,0.0,0.0,1.0,1.0
Aaron Wan-Bissaka,2020-2021,eng Premier League,477758,34,36.0,13,20,3060.0,3.0,0.0,1.059,0.382,0.588
Aaron Wan-Bissaka,2021-2022,eng Premier League,477758,18,33.0,2,6,1614.0,2.0,0.0,1.84,0.111,0.333
Aaron Wan-Bissaka,2022-2023,eng Premier League,477758,16,11.0,8,10,1394.0,2.0,0.0,0.71,0.5,0.625
Aarón Martín,2020-2021,de Bundesliga,251878,1,0.0,1,0,90.0,0.0,0.0,0.0,1.0,0.0
Aarón Martín,2020-2021,es La Liga,251878,17,27.0,4,6,1488.0,1.0,0.0,1.633,0.235,0.353
Aarón Martín,2021-2022,de Bundesliga,251878,1,0.0,1,1,90.0,0.0,0.0,0.0,1.0,1.0
Aarón Martín,2022-2023,de Bundesliga,251878,3,4.0,1,1,234.0,0.0,0.0,1.538,0.333,0.333
Abakar Sylla,2023-2024,fr Ligue 1,962555,4,9.0,0,0,360.0,0.0,0.0,2.25,0.0,0.0
Abdel Abqar,2023-2024,es La Liga,559979,6,5.0,2,1,474.0,3.0,0.0,0.949,0.333,0.167
Abdeldjalil Medioub,2021-2022,fr Ligue 1,596901,6,18.0,1,1,528.0,0.0,0.0,3.068,0.167,0.167
Abdou Diallo,2020-2021,fr Ligue 1,229005,17,11.0,10,13,1412.0,3.0,1.0,0.701,0.588,0.765
Abdou Diallo,2021-2022,fr Ligue 1,229005,10,8.0,4,9,858.0,1.0,0.0,0.839,0.4,0.9
Abdou Diallo,2022-2023,de Bundesliga,229005,5,4.0,2,4,437.0,2.0,0.0,0.824,0.4,0.8
Abdoulaye Bakayoko,2021-2022,fr Ligue 1,855615,4,6.0,0,1,0.0,0.0,0.0,6.0,0.0,0.25
Abdoulaye Bamba,2020-2021,fr Ligue 1,62351,15,23.0,5,5,1259.0,2.0,0.0,1.644,0.333,0.333
Abdoulaye Bamba,2021-2022,fr Ligue 1,62351,1,3.0,0,0,90.0,0.0,0.0,3.0,0.0,0.0
Abdoulaye Bamba,2022-2023,fr Ligue 1,62351,12,31.0,0,1,1080.0,0.0,0.0,2.583,0.0,0.083
Abdoulaye Doucouré,2020-2021,eng Premier League,127187,10,9.0,3,5,853.0,0.0,0.0,0.95,0.3,0.5
Abdoulaye Doucouré,2021-2022,eng Premier League,127187,8,11.0,2,4,695.0,3.0,0.0,1.424,0.25,0.5
Abdoulaye Doucouré,2022-2023,eng Premier League,127187,2,3.0,0,0,125.0,0.0,0.0,2.16,0.0,0.0
Abdoulaye Sylla,2021-2022,fr Ligue 1,807648,2,4.0,0,0,158.0,1.0,0.0,2.278,0.0,0.0
Abdoulaye Touré,2020-2021,fr Ligue 1,181382,13,21.0,1,3,1014.0,1.0,0.0,1.864,0.077,0.231
Abdoulaye Touré,2023-2024,fr Ligue 1,181382,3,5.0,1,1,232.0,1.0,0.0,1.94,0.333,0.333
Abdourahmane Barry,2021-2022,de Bundesliga,536472,1,7.0,0,0,77.0,0.0,0.0,6.0,0.0,0.0
Abdu Conté,2021-2022,fr Ligue 1,337798,14,21.0,4,3,1118.0,1.0,0.0,1.691,0.286,0.214
Abdu Conté,2022-2023,fr Ligue 1,337798,13,26.0,1,1,1036.0,0.0,0.0,2.259,0.077,0.077
Abdukodir Khusanov,2023-2024,fr Ligue 1,763079,2,1.0,1,1,180.0,2.0,0.0,0.5,0.5,0.5
Abdul Mumin,2022-2023,es La Liga,451801,9,14.0,1,3,810.0,2.0,0.0,1.556,0.111,0.333
Abdul Mumin,2023-2024,es La Liga,451801,2,2.0,1,1,180.0,1.0,0.0,1.0,0.5,0.5
Abner,2022-2023,es La Liga,646402,7,9.0,1,3,521.0,2.0,0.0,1.555,0.143,0.429
Abner,2023-2024,es La Liga,646402,3,5.0,1,1,193.0,1.0,0.0,2.332,0.333,0.333
Achraf Dari,2022-2023,fr Ligue 1,566823,14,29.0,2,3,1157.0,1.0,0.0,2.256,0.143,0.214
Achraf Hakimi,2021-2022,fr Ligue 1,398073,25,23.0,9,18,2180.0,2.0,1.0,0.95,0.36,0.72
Achraf Hakimi,2022-2023,fr Ligue 1,398073,9,10.0,3,5,740.0,4.0,0.0,1.216,0.333,0.556
Achraf Hakimi,2023-2024,fr Ligue 1,398073,4,5.0,1,1,360.0,2.0,0.0,1.25,0.25,0.25
Adam Forshaw,2021-2022,eng Premier League,121257,9,26.0,1,2,792.0,2.0,0.0,2.955,0.111,0.222
Adam Lallana,2020-2021,eng Premier League,43530,1,1.0,0,0,90.0,0.0,0.0,1.0,0.0,0.0
Adam Lallana,2021-2022,eng Premier League,43530,8,5.0,6,4,671.0,2.0,0.0,0.671,0.75,0.5
Adam Marusic,2020-2021,it Serie A,239802,11,21.0,3,5,965.0,0.0,0.0,1.959,0.273,0.455
Adam Marusic,2021-2022,it Serie A,239802,30,42.0,8,15,2614.0,6.0,0.0,1.446,0.267,0.5
Adam Marusic,2022-2023,it Serie A,239802,31,26.0,16,17,2688.0,7.0,1.0,0.871,0.516,0.548
Adam Marusic,2023-2024,it Serie A,239802,8,11.0,2,3,675.0,1.0,1.0,1.467,0.25,0.375
Adam Masina,2021-2022,eng Premier League,286949,13,30.0,1,3,1047.0,0.0,0.0,2.579,0.077,0.231
Adam Masina,2022-2023,it Serie A,286949,7,7.0,3,3,579.0,1.0,0.0,1.088,0.429,0.429
Adam Masina,2023-2024,it Serie A,286949,6,6.0,3,2,526.0,0.0,0.0,1.027,0.5,0.333
Adam Obert,2021-2022,it Serie A,568333,3,3.0,0,1,235.0,0.0,0.0,1.149,0.0,0.333
Adam Obert,2023-2024,it Serie A,568333,2,7.0,0,0,153.0,0.0,0.0,4.118,0.0,0.0
Adam Smith,2022-2023,eng Premier League,61841,31,54.0,7,9,2624.0,9.0,0.0,1.852,0.226,0.29
Adam Smith,2023-2024,eng Premier League,61841,8,13.0,1,2,680.0,4.0,0.0,1.721,0.125,0.25
Adam Webster,2020-2021,eng Premier League,212847,29,35.0,9,7,2595.0,4.0,0.0,1.214,0.31,0.241
Adam Webster,2021-2022,eng Premier League,212847,16,16.0,5,7,1305.0,4.0,0.0,1.103,0.312,0.438
Adam Webster,2022-2023,eng Premier League,212847,23,29.0,8,11,1963.0,2.0,0.0,1.33,0.348,0.478
Adam Webster,2023-2024,eng Premier League,212847,2,3.0,1,1,135.0,0.0,0.0,2.0,0.5,0.5
Adam Wharton,2023-2024,eng Premier League,744149,4,7.0,1,1,315.0,1.0,0.0,2.0,0.25,0.25
Adama Soumaoro,2020-2021,fr Ligue 1,126673,1,0.0,1,1,90.0,0.0,0.0,0.0,1.0,1.0
Adama Soumaoro,2020-2021,it Serie A,126673,19,32.0,2,5,1710.0,4.0,0.0,1.684,0.105,0.263
Adama Soumaoro,2021-2022,it Serie A,126673,26,31.0,10,8,2232.0,6.0,2.0,1.25,0.385,0.308
Adama Soumaoro,2022-2023,it Serie A,126673,22,30.0,5,7,1846.0,5.0,0.0,1.463,0.227,0.318
Adil Rami,2021-2022,fr Ligue 1,51118,14,22.0,3,3,1099.0,1.0,0.0,1.802,0.214,0.214
Adil Rami,2022-2023,fr Ligue 1,51118,17,32.0,0,1,1423.0,2.0,0.0,2.024,0.0,0.059
Adrien Rabiot,2020-2021,it Serie A,182913,5,4.0,1,4,444.0,1.0,0.0,0.811,0.2,0.8
Adrien Rabiot,2021-2022,it Serie A,182913,2,2.0,0,1,174.0,1.0,0.0,1.034,0.0,0.5
Adrien Rabiot,2022-2023,it Serie A,182913,1,0.0,1,1,90.0,0.0,0.0,0.0,1.0,1.0
Adrien Silva,2020-2021,it Serie A,56810,7,5.0,2,5,577.0,4.0,0.0,0.78,0.286,0.714
Adrien Silva,2021-2022,it Serie A,56810,6,15.0,1,1,0.0,0.0,0.0,6.0,0.167,0.167
Adrien Tamèze,2020-2021,it Serie A,157507,18,23.0,3,6,1371.0,2.0,0.0,1.51,0.167,0.333
Adrien Tamèze,2021-2022,it Serie A,157507,16,24.0,2,7,1351.0,3.0,0.0,1.599,0.125,0.438
Adrien Tamèze,2022-2023,it Serie A,157507,22,32.0,4,5,1918.0,3.0,0.0,1.502,0.182,0.227
Adrien Tamèze,2023-2024,it Serie A,157507,3,2.0,1,1,245.0,1.0,0.0,0.735,0.333,0.333
Adrien Truffert,2020-2021,fr Ligue 1,654539,19,22.0,6,8,1475.0,2.0,0.0,1.342,0.316,0.421
Adrien Truffert,2021-2022,fr Ligue 1,654539,18,22.0,6,8,1460.0,4.0,0.0,1.356,0.333,0.444
Adrien Truffert,2022-2023,fr Ligue 1,654539,24,27.0,7,11,1914.0,1.0,0.0,1.27,0.292,0.458
Adrien Truffert,2023-2024,fr Ligue 1,654539,6,7.0,2,4,534.0,3.0,0.0,1.18,0.333,0.667
Adrià Pedrosa,2021-2022,es La Liga,501418,30,40.0,9,10,2636.0,8.0,0.0,1.366,0.3,0.333
Adrià Pedrosa,2022-2023,es La Liga,501418,1,0.0,1,0,55.0,0.0,0.0,0.0,1.0,0.0
Adrià Pedrosa,2023-2024,es La Liga,501418,1,5.0,0,0,90.0,0.0,0.0,5.0,0.0,0.0
Adrián Marín,2020-2021,es La Liga,295414,2,5.0,0,0,135.0,0.0,0.0,3.333,0.0,0.0
Agustín Rogel,2022-2023,de Bundesliga,456535,14,30.0,2,3,0.0,0.0,0.0,6.0,0.143,0.214
Ahmad Benali,2020-2021,it Serie A,121402,2,6.0,0,0,180.0,1.0,0.0,3.0,0.0,0.0
Ahmad Ngouyamsa,2020-2021,fr Ligue 1,723416,2,5.0,0,0,145.0,1.0,0.0,3.103,0.0,0.0
Ahmed El Mohamady,2020-2021,eng Premier League,66333,8,9.0,3,1,720.0,2.0,0.0,1.125,0.375,0.125
Ahmed Hegazy,2020-2021,eng Premier League,111524,1,0.0,1,0,90.0,0.0,0.0,0.0,1.0,0.0
Ahmed Touba,2023-2024,it Serie A,325924,1,4.0,0,0,57.0,0.0,0.0,6.0,0.0,0.0
Aiham Ousou,2023-2024,es La Liga,585068,2,2.0,1,1,180.0,0.0,0.0,1.0,0.5,0.5
Aihen Muñoz,2020-2021,es La Liga,517842,14,13.0,4,4,1194.0,6.0,0.0,0.98,0.286,0.286
Aihen Muñoz,2021-2022,es La Liga,517842,15,18.0,9,9,1266.0,4.0,0.0,1.28,0.6,0.6
Aihen Muñoz,2022-2023,es La Liga,517842,20,21.0,9,11,1676.0,2.0,0.0,1.128,0.45,0.55
Aimen Moueffek,2020-2021,fr Ligue 1,484992,4,8.0,0,0,315.0,1.0,0.0,2.286,0.0,0.0
Aimen Moueffek,2021-2022,fr Ligue 1,484992,1,0.0,1,1,73.0,0.0,0.0,0.0,1.0,1.0
Ainsley Maitland-Niles,2020-2021,eng Premier League,285845,2,3.0,1,0,155.0,0.0,0.0,1.742,0.5,0.0
Ainsley Maitland-Niles,2021-2022,it Serie A,285845,2,4.0,1,1,180.0,0.0,0.0,2.0,0.5,0.5
Ainsley Maitland-Niles,2022-2023,eng Premier League,285845,10,20.0,2,2,876.0,1.0,0.0,2.055,0.2,0.2
Ainsley Maitland-Niles,2023-2024,fr Ligue 1,285845,4,5.0,1,3,321.0,0.0,1.0,1.402,0.25,0.75
Aitor Paredes,2022-2023,es La Liga,591916,9,17.0,0,1,801.0,3.0,0.0,1.91,0.0,0.111
Aitor Paredes,2023-2024,es La Liga,591916,6,4.0,4,2,522.0,1.0,0.0,0.69,0.667,0.333
Aitor Ruibal,2020-2021,es La Liga,378139,1,3.0,0,0,90.0,0.0,0.0,3.0,0.0,0.0
Aitor Ruibal,2021-2022,es La Liga,378139,1,1.0,0,1,76.0,0.0,0.0,1.184,0.0,1.0
Aitor Ruibal,2022-2023,es La Liga,378139,13,12.0,4,5,1103.0,4.0,1.0,0.979,0.308,0.385
Aitor Ruibal,2023-2024,es La Liga,378139,2,3.0,0,1,162.0,0.0,0.0,1.667,0.0,0.5
Ajdin Hrustić,2020-2021,de Bundesliga,265625,1,1.0,0,1,75.0,1.0,0.0,1.2,0.0,1.0
Ajdin Hrustić,2021-2022,de Bundesliga,265625,5,9.0,0,0,387.0,1.0,0.0,2.093,0.0,0.0
Akim Zedadka,2021-2022,fr Ligue 1,327863,37,69.0,7,8,3320.0,5.0,0.0,1.87,0.189,0.216
Akim Zedadka,2022-2023,fr Ligue 1,327863,19,29.0,3,4,1591.0,4.0,0.0,1.64,0.158,0.211
Alan Empereur,2020-2021,it Serie A,169179,4,2.0,2,2,221.0,1.0,0.0,0.814,0.5,0.5
Albert Sambi Lokonga,2021-2022,eng Premier League,381967,5,3.0,3,2,422.0,2.0,0.0,0.64,0.6,0.4
Albert Sambi Lokonga,2022-2023,eng Premier League,381967,5,6.0,1,1,398.0,0.0,0.0,1.357,0.2,0.2
Albert Sambi Lokonga,2023-2024,eng Premier League,381967,5,13.0,1,1,383.0,2.0,0.0,3.055,0.2,0.2
Alberto Dossena,2023-2024,it Serie A,385394,8,14.0,1,2,692.0,2.0,0.0,1.821,0.125,0.25
Alberto Grassi,2020-2021,it Serie A,197473,2,4.0,0,0,174.0,1.0,0.0,2.069,0.0,0.0
Alberto Grassi,2021-2022,it Serie A,197473,19,30.0,3,4,1612.0,3.0,0.0,1.675,0.158,0.211
Alberto Grassi,2022-2023,it Serie A,197473,12,18.0,1,2,841.0,1.0,0.0,1.926,0.083,0.167
Alberto Grassi,2023-2024,it Serie A,197473,5,3.0,2,2,337.0,0.0,0.0,0.801,0.4,0.4
Alberto Moreno,2020-2021,es La Liga,207917,2,2.0,1,1,142.0,0.0,0.0,1.268,0.5,0.5
Alberto Moreno,2021-2022,es La Liga,207917,2,2.0,1,0,135.0,0.0,0.0,1.333,0.5,0.0
Alberto Moreno,2022-2023,es La Liga,207917,13,13.0,3,8,1063.0,5.0,0.0,1.101,0.231,0.615
Alberto Moreno,2023-2024,es La Liga,207917,7,9.0,1,4,508.0,2.0,0.0,1.594,0.143,0.571
Albin Ekdal,2020-2021,it Serie A,49275,18,29.0,3,3,1494.0,6.0,0.0,1.747,0.167,0.167
Albin Ekdal,2021-2022,it Serie A,49275,16,23.0,4,5,1215.0,8.0,0.0,1.704,0.25,0.312
Albin Ekdal,2022-2023,it Serie A,49275,7,9.0,1,0,584.0,1.0,0.0,1.387,0.143,0.0
Aleix García,2020-2021,es La Liga,261504,2,4.0,0,0,120.0,1.0,0.0,3.0,0.0,0.0
Aleix García,2022-2023,es La Liga,261504,5,4.0,1,3,435.0,0.0,0.0,0.828,0.2,0.6
Aleix García,2023-2024,es La Liga,261504,3,1.0,2,2,270.0,1.0,0.0,0.333,0.667,0.667
Aleix Vidal,2020-2021,es La Liga,88490,5,1.0,4,4,441.0,2.0,0.0,0.204,0.8,0.8
Aleix Vidal,2021-2022,es La Liga,88490,15,22.0,3,4,1252.0,5.0,0.0,1.581,0.2,0.267
Alejandro Balde,2021-2022,es La Liga,636688,2,1.0,1,0,132.0,0.0,0.0,0.682,0.5,0.0
Alejandro Balde,2022-2023,es La Liga,636688,29,16.0,20,24,2362.0,4.0,0.0,0.61,0.69,0.828
Alejandro Balde,2023-2024,es La Liga,636688,1,2.0,0,1,90.0,0.0,0.0,2.0,0.0,1.0
Alejandro Catena,2021-2022,es La Liga,449796,36,46.0,9,11,3240.0,8.0,0.0,1.278,0.25,0.306
Alejandro Catena,2022-2023,es La Liga,449796,35,49.0,8,13,3106.0,14.0,0.0,1.42,0.229,0.371
Alejandro Catena,2023-2024,es La Liga,449796,6,13.0,0,1,492.0,0.0,0.0,2.378,0.0,0.167
Alejandro Pozo,2020-2021,es La Liga,341272,17,22.0,2,2,1457.0,3.0,0.0,1.359,0.118,0.118
Alejandro Pozo,2022-2023,es La Liga,341272,19,24.0,3,6,1571.0,1.0,0.0,1.375,0.158,0.316
Aleksa Terzic,2021-2022,it Serie A,404260,1,1.0,0,0,90.0,1.0,0.0,1.0,0.0,0.0
Aleksa Terzic,2022-2023,it Serie A,404260,8,6.0,2,2,682.0,1.0,0.0,0.792,0.25,0.25
Aleksandar Dragovic,2020-2021,de Bundesliga,59032,11,11.0,4,3,951.0,2.0,0.0,1.041,0.364,0.273
Aleksandar Kolarov,2020-2021,it Serie A,46156,4,9.0,0,2,360.0,0.0,0.0,2.25,0.0,0.5
Aleksandar Pavlovic,2023-2024,de Bundesliga,792380,6,11.0,0,4,469.0,3.0,0.0,2.111,0.0,0.667
Aleksandar Radovanovic,2023-2024,es La Liga,339501,6,6.0,2,1,474.0,2.0,0.0,1.139,0.333,0.167
Aleksandar Radovanović,2020-2021,fr Ligue 1,339501,1,4.0,0,0,90.0,0.0,0.0,4.0,0.0,0.0
Aleksandar Sedlar,2021-2022,es La Liga,237499,3,8.0,0,0,270.0,2.0,0.0,2.667,0.0,0.0
Ales Mateju,2021-2022,it Serie A,242078,5,11.0,0,0,401.0,1.0,0.0,2.469,0.0,0.0
Alessandro Bastoni,2020-2021,it Serie A,315853,33,27.0,14,25,2926.0,6.0,0.0,0.83,0.424,0.758
Alessandro Bastoni,2021-2022,it Serie A,315853,29,21.0,13,20,2271.0,4.0,0.0,0.832,0.448,0.69
Alessandro Bastoni,2022-2023,it Serie A,315853,26,31.0,8,15,2093.0,3.0,0.0,1.333,0.308,0.577
Alessandro Bastoni,2023-2024,it Serie A,315853,7,3.0,5,6,586.0,2.0,0.0,0.461,0.714,0.857
Alessandro Buongiorno,2020-2021,it Serie A,386446,9,16.0,2,1,752.0,3.0,0.0,1.915,0.222,0.111
Alessandro Buongiorno,2021-2022,it Serie A,386446,12,13.0,2,5,918.0,2.0,0.0,1.275,0.167,0.417
Alessandro Buongiorno,2022-2023,it Serie A,386446,30,31.0,9,11,2571.0,8.0,0.0,1.085,0.3,0.367
Alessandro Buongiorno,2023-2024,it Serie A,386446,4,2.0,2,2,353.0,3.0,0.0,0.51,0.5,0.5
Alessandro Deiola,2020-2021,it Serie A,235931,3,3.0,1,1,245.0,0.0,0.0,1.102,0.333,0.333
Alessandro Deiola,2021-2022,it Serie A,235931,4,9.0,0,0,304.0,0.0,0.0,2.664,0.0,0.0
Alessandro Deiola,2023-2024,it Serie A,235931,1,1.0,0,0,88.0,1.0,0.0,1.023,0.0,0.0
Alessandro Florenzi,2020-2021,fr Ligue 1,130365,15,15.0,6,10,1301.0,1.0,0.0,1.038,0.4,0.667
Alessandro Florenzi,2021-2022,it Serie A,130365,10,10.0,4,6,813.0,1.0,0.0,1.107,0.4,0.6
Alessandro Florenzi,2022-2023,it Serie A,130365,2,1.0,1,0,147.0,1.0,0.0,0.612,0.5,0.0
Alessandro Florenzi,2023-2024,it Serie A,130365,3,5.0,1,1,204.0,1.0,0.0,2.206,0.333,0.333
Alessandro Tripaldelli,2020-2021,it Serie A,357176,2,3.0,0,0,151.0,0.0,0.0,1.788,0.0,0.0
Alessandro Tuia,2020-2021,it Serie A,73943,19,27.0,4,4,1500.0,6.0,0.0,1.62,0.211,0.211
Alessandro Tuia,2022-2023,it Serie A,73943,6,7.0,0,1,493.0,1.0,0.0,1.278,0.0,0.167
Alessandro Vogliacco,2023-2024,it Serie A,330208,3,8.0,0,1,206.0,1.0,0.0,3.495,0.0,0.333
Alessandro Zanoli,2021-2022,it Serie A,397225,5,8.0,1,2,405.0,2.0,0.0,1.778,0.2,0.4
Alessandro Zanoli,2022-2023,it Serie A,397225,6,13.0,1,0,481.0,2.0,0.0,2.432,0.167,0.0
Alessandro Zanoli,2023-2024,it Serie A,397225,2,5.0,0,0,160.0,0.0,0.0,2.812,0.0,0.0
Alessio Romagnoli,2020-2021,it Serie A,197747,21,24.0,7,14,1890.0,7.0,0.0,1.143,0.333,0.667
Alessio Romagnoli,2021-2022,it Serie A,197747,16,15.0,6,9,1382.0,4.0,1.0,0.977,0.375,0.562
Alessio Romagnoli,2022-2023,it Serie A,197747,33,30.0,16,17,2891.0,6.0,0.0,0.934,0.485,0.515
Alessio Romagnoli,2023-2024,it Serie A,197747,8,11.0,2,3,720.0,4.0,0.0,1.375,0.25,0.375
Alex Ferrari,2020-2021,it Serie A,197491,11,16.0,2,4,880.0,3.0,0.0,1.636,0.182,0.364
Alex Ferrari,2021-2022,it Serie A,197491,20,29.0,5,7,1577.0,4.0,0.0,1.655,0.25,0.35
Alex Ferrari,2022-2023,it Serie A,197491,23,44.0,2,3,1799.0,6.0,0.0,2.201,0.087,0.13
Alex Kral,2022-2023,de Bundesliga,337333,22,48.0,4,5,1945.0,2.0,0.0,2.221,0.182,0.227
Alex Král,2023-2024,de Bundesliga,337333,1,1.0,0,0,78.0,0.0,0.0,1.154,0.0,0.0
Alex Sandro,2020-2021,it Serie A,79960,18,20.0,4,13,1553.0,1.0,0.0,1.159,0.222,0.722
Alex Sandro,2021-2022,it Serie A,79960,16,16.0,4,5,1355.0,2.0,0.0,1.063,0.25,0.312
Alex Sandro,2022-2023,it Serie A,79960,21,22.0,11,11,1732.0,4.0,0.0,1.143,0.524,0.524
Alex Sandro,2023-2024,it Serie A,79960,3,4.0,0,0,270.0,0.0,0.0,1.333,0.0,0.0
Alex Suárez,2023-2024,es La Liga,510396,7,10.0,2,2,597.0,1.0,0.0,1.508,0.286,0.286
Alex Telles,2020-2021,eng Premier League,255755,8,10.0,2,6,661.0,0.0,0.0,1.362,0.25,0.75
Alex Telles,2021-2022,eng Premier League,255755,18,25.0,5,8,1588.0,1.0,0.0,1.417,0.278,0.444
Alex Telles,2022-2023,es La Liga,255755,12,16.0,2,3,926.0,2.0,0.0,1.555,0.167,0.25
Alexander Djiku,2020-2021,fr Ligue 1,250844,29,36.0,10,10,2530.0,8.0,0.0,1.281,0.345,0.345
Alexander Djiku,2021-2022,fr Ligue 1,250844,30,36.0,10,11,2652.0,10.0,0.0,1.222,0.333,0.367
Alexander Djiku,2022-2023,fr Ligue 1,250844,31,47.0,5,8,2681.0,8.0,1.0,1.578,0.161,0.258
Alexander Hack,2020-2021,de Bundesliga,126281,14,25.0,1,2,1246.0,1.0,0.0,1.806,0.071,0.143
Alexander Hack,2021-2022,de Bundesliga,126281,24,31.0,6,10,1929.0,4.0,1.0,1.446,0.25,0.417
Alexander Hack,2022-2023,de Bundesliga,126281,14,22.0,4,5,1081.0,2.0,1.0,1.832,0.286,0.357
Alexandre Coeff,2022-2023,fr Ligue 1,89450,6,14.0,1,1,540.0,0.0,0.0,2.333,0.167,0.167
Alexis Beka Beka,2022-2023,fr Ligue 1,539065,3,4.0,1,2,219.0,1.0,0.0,1.644,0.333,0.667
Alexis Blin,2022-2023,it Serie A,236041,5,2.0,3,1,450.0,2.0,0.0,0.4,0.6,0.2
Alexis Blin,2023-2024,it Serie A,236041,3,4.0,1,2,241.0,1.0,0.0,1.494,0.333,0.667
Alexis Flips,2022-2023,fr Ligue 1,395242,3,1.0,2,2,270.0,1.0,0.0,0.333,0.667,0.667
Alexis Mac Allister,2021-2022,eng Premier League,534033,2,2.0,1,0,180.0,0.0,0.0,1.0,0.5,0.0
Alexis Mac Allister,2022-2023,eng Premier League,534033,16,25.0,5,7,1437.0,4.0,0.0,1.566,0.312,0.438
Alexis Mac Allister,2023-2024,eng Premier League,534033,3,4.0,1,2,270.0,0.0,0.0,1.333,0.333,0.667
Alexis Saelemaekers,2020-2021,it Serie A,381950,1,1.0,0,0,45.0,1.0,0.0,2.0,0.0,0.0
Alexsandro,2022-2023,fr Ligue 1,648020,16,23.0,3,8,1421.0,2.0,0.0,1.457,0.188,0.5
Alexsandro,2023-2024,fr Ligue 1,648020,5,6.0,3,2,443.0,1.0,0.0,1.219,0.6,0.4
Alfonso Espino,2020-2021,es La Liga,311044,31,42.0,9,9,2575.0,6.0,0.0,1.468,0.29,0.29
Alfonso Espino,2021-2022,es La Liga,311044,36,50.0,12,8,3240.0,5.0,0.0,1.389,0.333,0.222
Alfonso Espino,2022-2023,es La Liga,311044,35,46.0,12,10,3106.0,7.0,0.0,1.333,0.343,0.286
Alfonso Espino,2023-2024,es La Liga,311044,9,14.0,1,0,731.0,1.0,0.0,1.724,0.111,0.0
Alfonso Pedraza,2020-2021,es La Liga,356197,22,24.0,5,9,1788.0,6.0,0.0,1.208,0.227,0.409
Alfonso Pedraza,2021-2022,es La Liga,356197,19,17.0,8,8,1493.0,2.0,0.0,1.025,0.421,0.421
Alfonso Pedraza,2022-2023,es La Liga,356197,20,18.0,8,9,1562.0,5.0,0.0,1.037,0.4,0.45
Alfred Duncan,2020-2021,it Serie A,184894,8,11.0,3,3,675.0,1.0,0.0,1.467,0.375,0.375
Alfred Duncan,2022-2023,it Serie A,184894,2,1.0,1,1,155.0,0.0,0.0,0.581,0.5,0.5
Alfred Duncan,2023-2024,it Serie A,184894,1,1.0,0,0,83.0,0.0,0.0,1.084,0.0,0.0
Alidu Seidu,2021-2022,fr Ligue 1,798404,14,25.0,4,5,1155.0,7.0,1.0,1.948,0.286,0.357
Alidu Seidu,2022-2023,fr Ligue 1,798404,28,34.0,8,14,2463.0,10.0,1.0,1.242,0.286,0.5
Alidu Seidu,2023-2024,fr Ligue 1,798404,3,4.0,0,1,244.0,1.0,0.0,1.475,0.0,0.333
Allan,2020-2021,eng Premier League,126422,20,30.0,5,8,1799.0,5.0,0.0,1.501,0.25,0.4
Allan,2021-2022,eng Premier League,126422,21,36.0,5,7,1795.0,6.0,1.0,1.805,0.238,0.333
Allan Nyom,2020-2021,es La Liga,111508,11,17.0,4,1,926.0,4.0,1.0,1.652,0.364,0.091
Allan Nyom,2021-2022,es La Liga,111508,3,3.0,0,1,0.0,0.0,0.0,6.0,0.0,0.333
Almamy Touré,2021-2022,de Bundesliga,216181,3,4.0,0,1,179.0,0.0,0.0,2.011,0.0,0.333
Almamy Touré,2022-2023,de Bundesliga,216181,5,12.0,1,1,388.0,1.0,0.0,2.784,0.2,0.2
Alpha Sissoko,2020-2021,fr Ligue 1,594992,5,14.0,0,0,360.0,0.0,0.0,3.5,0.0,0.0
Alpha Sissoko,2021-2022,fr Ligue 1,594992,1,3.0,0,0,0.0,0.0,0.0,6.0,0.0,0.0
Alphonso Davies,2020-2021,de Bundesliga,424204,21,30.0,5,14,1679.0,2.0,1.0,1.608,0.238,0.667
Alphonso Davies,2021-2022,de Bundesliga,424204,16,19.0,5,11,1312.0,3.0,0.0,1.303,0.312,0.688
Alphonso Davies,2022-2023,de Bundesliga,424204,19,19.0,6,11,1615.0,0.0,0.0,1.059,0.316,0.579
Alphonso Davies,2023-2024,de Bundesliga,424204,4,5.0,0,3,259.0,0.0,0.0,1.737,0.0,0.75
Amadou Diawara,2020-2021,it Serie A,355501,5,6.0,2,3,360.0,1.0,0.0,1.5,0.4,0.6
Amadou Diawara,2021-2022,it Serie A,355501,2,1.0,1,1,135.0,0.0,0.0,0.667,0.5,0.5
Amadou Haidara,2020-2021,de Bundesliga,402008,2,1.0,1,1,180.0,1.0,0.0,0.5,0.5,0.5
Amadou Haidara,2021-2022,de Bundesliga,402008,10,7.0,3,6,889.0,2.0,0.0,0.709,0.3,0.6
Amadou Haidara,2022-2023,de Bundesliga,402008,3,4.0,1,1,223.0,0.0,0.0,1.614,0.333,0.333
Amadou Koné,2023-2024,fr Ligue 1,1178474,1,0.0,1,0,90.0,0.0,0.0,0.0,1.0,0.0
Amadou Onana,2021-2022,fr Ligue 1,485706,11,14.0,3,5,922.0,1.0,0.0,1.367,0.273,0.455
Amadou Onana,2022-2023,eng Premier League,485706,11,11.0,4,2,920.0,3.0,0.0,1.076,0.364,0.182
Amadou Salif Mbengue,2021-2022,fr Ligue 1,806310,5,8.0,1,1,390.0,3.0,0.0,1.846,0.2,0.2
Amari'i Bell,2023-2024,eng Premier League,278166,6,16.0,1,1,456.0,0.0,0.0,3.158,0.167,0.167
Ambroise Oyongo,2020-2021,fr Ligue 1,184922,3,1.0,2,2,244.0,0.0,0.0,0.369,0.667,0.667
Ambroise Oyongo,2021-2022,fr Ligue 1,184922,5,13.0,1,1,435.0,4.0,0.0,2.69,0.2,0.2
Ameen Al-Dakhil,2023-2024,eng Premier League,620598,1,3.0,0,0,90.0,0.0,0.0,3.0,0.0,0.0
Amir Richardson,2023-2024,fr Ligue 1,893675,1,1.0,0,0,89.0,0.0,0.0,1.011,0.0,0.0
Amir Rrahmani,2020-2021,it Serie A,257732,12,14.0,4,8,1035.0,2.0,0.0,1.217,0.333,0.667
Amir Rrahmani,2021-2022,it Serie A,257732,33,28.0,14,19,2928.0,5.0,0.0,0.861,0.424,0.576
Amir Rrahmani,2022-2023,it Serie A,257732,27,22.0,11,19,2403.0,2.0,0.0,0.824,0.407,0.704
Amir Rrahmani,2023-2024,it Serie A,257732,8,7.0,1,3,667.0,0.0,0.0,0.945,0.125,0.375
Amos Pieper,2020-2021,de Bundesliga,334221,30,47.0,11,8,2684.0,6.0,0.0,1.576,0.367,0.267
Amos Pieper,2021-2022,de Bundesliga,334221,27,42.0,6,4,2382.0,2.0,0.0,1.587,0.222,0.148
Amos Pieper,2022-2023,de Bundesliga,334221,22,39.0,4,7,1853.0,9.0,0.0,1.894,0.182,0.318
Anaitz Arbilla,2020-2021,es La Liga,71548,30,44.0,7,4,2700.0,8.0,0.0,1.467,0.233,0.133
Ander Barrenetxea,2022-2023,es La Liga,616369,4,5.0,0,1,259.0,2.0,0.0,1.737,0.0,0.25
Ander Capa,2020-2021,es La Liga,197545,25,29.0,5,9,2071.0,5.0,0.0,1.26,0.2,0.36
Ander Capa,2022-2023,es La Liga,197545,1,0.0,1,1,62.0,1.0,0.0,0.0,1.0,1.0
Ander Guevara,2020-2021,es La Liga,465967,11,7.0,5,8,828.0,3.0,0.0,0.761,0.455,0.727
Ander Guevara,2021-2022,es La Liga,465967,5,2.0,4,3,401.0,0.0,0.0,0.449,0.8,0.6
Ander Guevara,2022-2023,es La Liga,465967,2,0.0,2,2,110.0,2.0,0.0,0.0,1.0,1.0
Ander Guevara,2023-2024,es La Liga,465967,5,5.0,2,1,450.0,0.0,0.0,1.0,0.4,0.2
Ander Herrera,2020-2021,fr Ligue 1,99343,5,2.0,3,5,423.0,0.0,0.0,0.426,0.6,1.0
Ander Herrera,2021-2022,fr Ligue 1,99343,5,7.0,0,4,431.0,0.0,0.0,1.462,0.0,0.8
Ander Herrera,2022-2023,es La Liga,99343,1,1.0,0,0,45.0,0.0,0.0,2.0,0.0,0.0
Ander Herrera,2023-2024,es La Liga,99343,1,0.0,1,0,90.0,0.0,0.0,0.0,1.0,0.0
Anderson Lucoqui,2020-2021,de Bundesliga,240274,17,22.0,5,5,1471.0,5.0,0.0,1.346,0.294,0.294
Anderson Lucoqui,2021-2022,de Bundesliga,240274,1,3.0,0,0,45.0,0.0,0.0,6.0,0.0,0.0
Andoni Gorosabel,2020-2021,es La Liga,289255,28,29.0,11,14,2322.0,3.0,0.0,1.124,0.393,0.5
Andoni Gorosabel,2021-2022,es La Liga,289255,25,20.0,15,11,2096.0,3.0,0.0,0.859,0.6,0.44
Andoni Gorosabel,2022-2023,es La Liga,289255,19,17.0,8,10,1534.0,2.0,0.0,0.997,0.421,0.526
Andoni Gorosabel,2023-2024,es La Liga,289255,8,5.0,4,3,684.0,1.0,0.0,0.658,0.5,0.375
Andrea Barberis,2022-2023,it Serie A,146680,3,10.0,0,0,225.0,0.0,0.0,4.0,0.0,0.0
Andrea Cambiaso,2021-2022,it Serie A,459658,6,9.0,1,0,409.0,0.0,0.0,1.98,0.167,0.0
Andrea Cambiaso,2022-2023,it Serie A,459658,20,22.0,5,9,1672.0,1.0,0.0,1.184,0.25,0.45
Andrea Carboni,2020-2021,it Serie A,481834,12,16.0,2,4,1015.0,2.0,0.0,1.419,0.167,0.333
Andrea Carboni,2021-2022,it Serie A,481834,25,44.0,3,4,2114.0,5.0,0.0,1.873,0.12,0.16
Andrea Carboni,2022-2023,it Serie A,481834,1,4.0,0,0,90.0,0.0,0.0,4.0,0.0,0.0
Andrea Carboni,2023-2024,it Serie A,481834,6,8.0,3,4,540.0,0.0,0.0,1.333,0.5,0.667
Andrea Conti,2020-2021,it Serie A,111227,8,15.0,1,1,704.0,2.0,0.0,1.918,0.125,0.125
Andrea Masiello,2020-2021,it Serie A,34198,30,45.0,9,8,2567.0,6.0,0.0,1.578,0.3,0.267
Andrea Masiello,2021-2022,it Serie A,34198,6,11.0,1,0,493.0,3.0,0.0,2.008,0.167,0.0
Andrea Poli,2020-2021,it Serie A,44834,4,10.0,0,1,222.0,1.0,0.0,4.054,0.0,0.25
Andrea Ranocchia,2020-2021,it Serie A,44327,8,7.0,3,7,704.0,2.0,0.0,0.895,0.375,0.875
Andrea Ranocchia,2021-2022,it Serie A,44327,3,3.0,1,2,270.0,1.0,0.0,1.0,0.333,0.667
Andrea Ranocchia,2022-2023,it Serie A,44327,1,4.0,0,0,48.0,0.0,0.0,6.0,0.0,0.0
Andrea Schiavone,2021-2022,it Serie A,136133,3,9.0,0,0,216.0,1.0,0.0,3.75,0.0,0.0
Andreas Bruus,2022-2023,fr Ligue 1,345748,5,12.0,0,1,437.0,1.0,0.0,2.471,0.0,0.2
Andreas Christensen,2020-2021,eng Premier League,196948,15,12.0,8,8,1260.0,2.0,1.0,0.857,0.533,0.533
Andreas Christensen,2021-2022,eng Premier League,196948,17,13.0,9,11,1440.0,2.0,0.0,0.812,0.529,0.647
Andreas Christensen,2022-2023,es La Liga,196948,22,15.0,12,16,1759.0,2.0,0.0,0.767,0.545,0.727
Andreas Christensen,2023-2024,es La Liga,196948,7,10.0,3,4,495.0,2.0,0.0,1.818,0.429,0.571
Andreas Hanche-Olsen,2022-2023,de Bundesliga,370683,17,26.0,3,7,1498.0,5.0,0.0,1.562,0.176,0.412
Andreas Hanche-Olsen,2023-2024,de Bundesliga,370683,3,3.0,2,2,208.0,0.0,0.0,1.298,0.667,0.667
Andreas Müller,2023-2024,de Bundesliga,438315,1,2.0,0,0,45.0,1.0,0.0,4.0,0.0,0.0
Andreaw Gravillon,2020-2021,fr Ligue 1,395083,26,47.0,4,7,2274.0,3.0,1.0,1.86,0.154,0.269
Andreaw Gravillon,2021-2022,fr Ligue 1,395083,24,27.0,7,7,2095.0,9.0,0.0,1.16,0.292,0.292
Andreaw Gravillon,2022-2023,fr Ligue 1,395083,12,19.0,3,1,1035.0,3.0,0.0,1.652,0.25,0.083
Andreaw Gravillon,2022-2023,it Serie A,395083,4,6.0,1,1,284.0,1.0,0.0,1.901,0.25,0.25
Andrei Girotto,2020-2021,fr Ligue 1,270051,29,41.0,4,5,2523.0,3.0,1.0,1.463,0.138,0.172
Andrei Girotto,2021-2022,fr Ligue 1,270051,34,41.0,8,13,2970.0,8.0,0.0,1.242,0.235,0.382
Andrei Girotto,2022-2023,fr Ligue 1,270051,35,50.0,10,6,3065.0,7.0,0.0,1.468,0.286,0.171
Andrei Motoc,2021-2022,it Serie A,816930,1,3.0,0,0,0.0,0.0,0.0,6.0,0.0,0.0
Andrew Omobamidele,2021-2022,eng Premier League,621993,4,7.0,0,1,360.0,1.0,0.0,1.75,0.0,0.25
Andrew Omobamidele,2023-2024,eng Premier League,621993,5,8.0,0,0,450.0,2.0,0.0,1.6,0.0,0.0
Andrew Robertson,2020-2021,eng Premier League,234803,38,42.0,12,20,3386.0,2.0,0.0,1.116,0.316,0.526
Andrew Robertson,2021-2022,eng Premier League,234803,29,20.0,17,21,2541.0,5.0,1.0,0.708,0.586,0.724
Andrew Robertson,2022-2023,eng Premier League,234803,29,34.0,9,16,2457.0,3.0,0.0,1.245,0.31,0.552
Andrew Robertson,2023-2024,eng Premier League,234803,3,2.0,1,3,240.0,1.0,0.0,0.75,0.333,1.0
Andri Fannar Baldursson,2020-2021,it Serie A,464446,1,2.0,0,0,65.0,0.0,0.0,2.769,0.0,0.0
András Schäfer,2022-2023,de Bundesliga,454863,1,0.0,1,1,87.0,0.0,0.0,0.0,1.0,1.0
André Almeida,2022-2023,es La Liga,375382,3,3.0,1,1,263.0,0.0,0.0,1.027,0.333,0.333
André Gomes,2020-2021,eng Premier League,221025,3,3.0,1,2,256.0,0.0,0.0,1.055,0.333,0.667
André Gomes,2021-2022,eng Premier League,221025,3,7.0,0,1,195.0,1.0,0.0,3.231,0.0,0.333
André Gomes,2022-2023,fr Ligue 1,221025,12,14.0,3,6,981.0,5.0,0.0,1.284,0.25,0.5
Andrés Andrade,2021-2022,de Bundesliga,403808,12,18.0,3,3,975.0,4.0,0.0,1.662,0.25,0.25
Andrés Cubas,2020-2021,fr Ligue 1,323872,26,52.0,6,7,2162.0,6.0,0.0,2.165,0.231,0.269
Andrés Guardado,2020-2021,es La Liga,20506,3,3.0,1,2,225.0,0.0,0.0,1.2,0.333,0.667
Andrés Guardado,2021-2022,es La Liga,20506,3,3.0,2,1,164.0,0.0,0.0,1.646,0.667,0.333
Andrés Guardado,2022-2023,es La Liga,20506,2,2.0,0,1,161.0,0.0,0.0,1.118,0.0,0.5
Andy Pelmard,2020-2021,fr Ligue 1,494236,12,19.0,4,4,1035.0,1.0,0.0,1.652,0.333,0.333
Andy Pelmard,2023-2024,fr Ligue 1,494236,8,16.0,1,1,720.0,0.0,0.0,2.0,0.125,0.125
Anel Ahmedhodzic,2021-2022,fr Ligue 1,377468,15,38.0,1,2,1350.0,6.0,0.0,2.533,0.067,0.133
Anel Ahmedhodzic,2023-2024,eng Premier League,377468,7,23.0,0,1,604.0,3.0,0.0,3.427,0.0,0.143
Angel Gomes,2022-2023,fr Ligue 1,392770,6,3.0,3,3,493.0,4.0,0.0,0.548,0.5,0.5
Angel Gomes,2023-2024,fr Ligue 1,392770,1,3.0,0,0,90.0,0.0,0.0,3.0,0.0,0.0
Angeliño,2020-2021,de Bundesliga,277179,6,7.0,1,2,540.0,0.0,0.0,1.167,0.167,0.333
Angeliño,2021-2022,de Bundesliga,277179,4,9.0,0,0,328.0,0.0,0.0,2.47,0.0,0.0
Angeliño,2023-2024,it Serie A,277179,4,5.0,2,3,260.0,1.0,0.0,1.731,0.5,0.75
Angelo Ogbonna,2020-2021,eng Premier League,48002,28,34.0,9,13,2493.0,4.0,0.0,1.227,0.321,0.464
Angelo Ogbonna,2021-2022,eng Premier League,48002,11,13.0,3,7,922.0,1.0,0.0,1.269,0.273,0.636
Angelo Ogbonna,2022-2023,eng Premier League,48002,13,17.0,4,5,1140.0,0.0,0.0,1.342,0.308,0.385
Angelo Stiller,2021-2022,de Bundesliga,443710,15,28.0,3,4,1267.0,1.0,0.0,1.989,0.2,0.267
Angelo Stiller,2022-2023,de Bundesliga,443710,4,8.0,0,0,318.0,0.0,0.0,2.264,0.0,0.0
Angelo Stiller,2023-2024,de Bundesliga,443710,9,9.0,2,7,788.0,1.0,0.0,1.028,0.222,0.778
Ansgar Knauff,2022-2023,de Bundesliga,429874,1,1.0,0,0,82.0,0.0,0.0,1.098,0.0,0.0
Anthony Briançon,2020-2021,fr Ligue 1,190338,14,26.0,4,4,1199.0,3.0,0.0,1.952,0.286,0.286
Anthony Caci,2020-2021,fr Ligue 1,453016,31,41.0,9,10,2690.0,0.0,0.0,1.372,0.29,0.323
Anthony Caci,2021-2022,fr Ligue 1,453016,19,21.0,6,9,1659.0,3.0,0.0,1.139,0.316,0.474
Anthony Caci,2022-2023,de Bundesliga,453016,8,16.0,1,1,698.0,0.0,0.0,2.063,0.125,0.125
Anthony Caci,2023-2024,de Bundesliga,453016,5,13.0,0,0,442.0,2.0,0.0,2.647,0.0,0.0
Anthony Jung,2022-2023,de Bundesliga,58995,2,4.0,0,0,167.0,0.0,0.0,2.156,0.0,0.0
Anthony Jung,2023-2024,de Bundesliga,58995,9,10.0,3,4,810.0,1.0,0.0,1.111,0.333,0.444
Anthony Losilla,2021-2022,de Bundesliga,111266,32,50.0,7,12,2826.0,5.0,0.0,1.592,0.219,0.375
Anthony Losilla,2022-2023,de Bundesliga,111266,30,64.0,5,9,2635.0,6.0,1.0,2.186,0.167,0.3
Anthony Losilla,2023-2024,de Bundesliga,111266,5,9.0,1,1,439.0,0.0,0.0,1.845,0.2,0.2
Anthony Rouault,2022-2023,fr Ligue 1,690799,37,57.0,8,13,3316.0,4.0,0.0,1.547,0.216,0.351
Anthony Rouault,2023-2024,de Bundesliga,690799,5,6.0,1,4,380.0,1.0,0.0,1.421,0.2,0.8
Antoine Makoumbou,2023-2024,it Serie A,460651,7,10.0,1,2,585.0,1.0,0.0,1.538,0.143,0.286
Antoine Mendy,2022-2023,fr Ligue 1,891998,6,6.0,2,3,410.0,0.0,0.0,1.317,0.333,0.5
Anton Stach,2021-2022,de Bundesliga,344069,16,27.0,4,5,1312.0,4.0,0.0,1.852,0.25,0.312
Anton Stach,2022-2023,de Bundesliga,344069,11,22.0,2,5,928.0,3.0,0.0,2.134,0.182,0.455
Anton Stach,2023-2024,de Bundesliga,344069,6,13.0,0,2,472.0,1.0,0.0,2.479,0.0,0.333
Antonee Robinson,2020-2021,eng Premier League,349701,16,20.0,3,2,1368.0,1.0,1.0,1.316,0.188,0.125
Antonee Robinson,2022-2023,eng Premier League,349701,35,46.0,9,14,3089.0,8.0,0.0,1.34,0.257,0.4
Antonee Robinson,2023-2024,eng Premier League,349701,8,8.0,3,4,720.0,0.0,0.0,1.0,0.375,0.5
Antonin Barak,2020-2021,it Serie A,272261,4,6.0,0,1,360.0,0.0,1.0,1.5,0.0,0.25
Antonino Gallo,2022-2023,it Serie A,392516,28,30.0,6,7,2408.0,5.0,0.0,1.121,0.214,0.25
Antonino Gallo,2023-2024,it Serie A,392516,8,17.0,1,2,596.0,0.0,0.0,2.567,0.125,0.25
Antonio Barragán,2020-2021,es La Liga,32522,26,38.0,4,6,2192.0,7.0,0.0,1.56,0.154,0.231
Antonio Barragán,2021-2022,es La Liga,32522,12,23.0,2,3,922.0,5.0,0.0,2.245,0.167,0.25
Antonio Blanco,2022-2023,es La Liga,495621,1,4.0,0,0,61.0,0.0,0.0,5.902,0.0,0.0
Antonio Blanco,2023-2024,es La Liga,495621,8,7.0,4,3,689.0,2.0,0.0,0.914,0.5,0.375
Antonio Junior Vacca,2021-2022,it Serie A,102984,15,28.0,2,4,869.0,4.0,0.0,2.9,0.133,0.267
Antonio Puertas,2021-2022,es La Liga,262365,1,1.0,0,0,82.0,0.0,0.0,1.098,0.0,0.0
Antonio Raíllo,2021-2022,es La Liga,278296,17,30.0,3,6,1530.0,8.0,0.0,1.765,0.176,0.353
Antonio Raíllo,2022-2023,es La Liga,278296,31,32.0,10,11,2766.0,11.0,1.0,1.041,0.323,0.355
Antonio Raíllo,2023-2024,es La Liga,278296,8,10.0,2,3,675.0,2.0,0.0,1.333,0.25,0.375
Antonio Rüdiger,2020-2021,eng Premier League,86202,19,10.0,11,11,1710.0,0.0,0.0,0.526,0.579,0.579
Antonio Rüdiger,2021-2022,eng Premier League,86202,34,28.0,14,18,3036.0,9.0,0.0,0.83,0.412,0.529
Antonio Rüdiger,2022-2023,es La Liga,86202,26,25.0,10,13,2333.0,1.0,0.0,0.964,0.385,0.5
Antonio Rüdiger,2023-2024,es La Liga,86202,7,7.0,3,6,585.0,0.0,0.0,1.077,0.429,0.857
Antonio Sánchez,2021-2022,es La Liga,513031,2,2.0,1,1,156.0,0.0,0.0,1.154,0.5,0.5
Antonio Sánchez,2022-2023,es La Liga,513031,3,6.0,0,0,206.0,1.0,0.0,2.621,0.0,0.0
Antonio Sánchez,2023-2024,es La Liga,513031,2,2.0,1,1,119.0,1.0,0.0,1.513,0.5,0.5
Aníbal Chalá,2020-2021,fr Ligue 1,278796,8,19.0,1,1,601.0,0.0,0.0,2.845,0.125,0.125
Ardian Ismajli,2020-2021,it Serie A,435228,14,26.0,1,5,1237.0,3.0,0.0,1.892,0.071,0.357
Ardian Ismajli,2021-2022,it Serie A,435228,13,32.0,2,3,1125.0,6.0,0.0,2.56,0.154,0.231
Ardian Ismajli,2022-2023,it Serie A,435228,22,25.0,6,6,1979.0,3.0,0.0,1.137,0.273,0.273
Ardian Ismajli,2023-2024,it Serie A,435228,8,7.0,2,3,672.0,1.0,0.0,0.938,0.25,0.375
Arial Mendy,2021-2022,fr Ligue 1,422715,6,18.0,1,1,448.0,0.0,0.0,3.616,0.167,0.167
Aridane Hernández,2020-2021,es La Liga,82503,24,24.0,10,8,2028.0,3.0,1.0,1.065,0.417,0.333
Aridane Hernández,2021-2022,es La Liga,82503,12,19.0,3,5,1060.0,1.0,0.0,1.613,0.25,0.417
Aridane Hernández,2022-2023,es La Liga,82503,20,25.0,6,6,1755.0,1.0,0.0,1.282,0.3,0.3
Aridane Hernández,2023-2024,es La Liga,82503,8,12.0,1,0,720.0,0.0,0.0,1.5,0.125,0.0
Aritz Elustondo,2020-2021,es La Liga,229804,22,16.0,9,12,1870.0,4.0,0.0,0.77,0.409,0.545
Aritz Elustondo,2021-2022,es La Liga,229804,22,17.0,14,12,1937.0,3.0,1.0,0.79,0.636,0.545
Aritz Elustondo,2022-2023,es La Liga,229804,16,14.0,8,12,1257.0,5.0,1.0,1.002,0.5,0.75
Arkadiusz Reca,2020-2021,it Serie A,268178,1,4.0,0,0,90.0,0.0,0.0,4.0,0.0,0.0
Arkadiusz Reca,2021-2022,it Serie A,268178,16,23.0,5,6,1227.0,2.0,0.0,1.687,0.312,0.375
Arkadiusz Reca,2022-2023,it Serie A,268178,5,8.0,1,0,450.0,2.0,0.0,1.6,0.2,0.0
Armando Izzo,2020-2021,it Serie A,32113,24,31.0,7,6,1964.0,3.0,0.0,1.421,0.292,0.25
Armando Izzo,2021-2022,it Serie A,32113,6,5.0,2,2,437.0,3.0,0.0,1.03,0.333,0.333
Armando Izzo,2022-2023,it Serie A,32113,29,30.0,10,14,2472.0,10.0,0.0,1.092,0.345,0.483
Armando Izzo,2023-2024,it Serie A,32113,6,7.0,3,4,478.0,2.0,0.0,1.318,0.5,0.667
Armel Bella-Kotchap,2021-2022,de Bundesliga,467563,20,36.0,4,4,1746.0,5.0,0.0,1.856,0.2,0.2
Armel Bella-Kotchap,2022-2023,eng Premier League,467563,24,46.0,3,4,1885.0,4.0,0.0,2.196,0.125,0.167
Arnau Martínez,2022-2023,es La Liga,826224,31,50.0,2,10,2638.0,10.0,0.0,1.706,0.065,0.323
Arnau Martínez,2023-2024,es La Liga,826224,2,3.0,1,1,164.0,0.0,0.0,1.646,0.5,0.5
Arnau Puigmal,2022-2023,es La Liga,536030,1,1.0,0,0,81.0,0.0,0.0,1.111,0.0,0.0
Arnaud Souquet,2020-2021,fr Ligue 1,111058,8,14.0,1,3,589.0,2.0,0.0,2.139,0.125,0.375
Arnaud Souquet,2021-2022,fr Ligue 1,111058,25,39.0,7,8,2077.0,2.0,0.0,1.69,0.28,0.32
Arnaud Souquet,2022-2023,fr Ligue 1,111058,3,8.0,0,0,192.0,1.0,0.0,3.75,0.0,0.0
Arne Maier,2020-2021,de Bundesliga,296397,8,16.0,2,3,611.0,0.0,0.0,2.357,0.25,0.375
Arne Maier,2021-2022,de Bundesliga,296397,17,22.0,4,7,1325.0,0.0,0.0,1.494,0.235,0.412
Arne Maier,2022-2023,de Bundesliga,296397,1,2.0,0,0,68.0,0.0,0.0,2.647,0.0,0.0
Arouna Sangante,2023-2024,fr Ligue 1,768380,8,13.0,1,1,713.0,2.0,0.0,1.641,0.125,0.125
Arthur Atta,2023-2024,fr Ligue 1,855308,1,2.0,0,0,90.0,0.0,0.0,2.0,0.0,0.0
Arthur Masuaku,2020-2021,eng Premier League,181380,9,12.0,3,4,763.0,1.0,0.0,1.415,0.333,0.444
Arthur Masuaku,2021-2022,eng Premier League,181380,3,5.0,1,0,270.0,0.0,0.0,1.667,0.333,0.0
Arthur Melo,2020-2021,it Serie A,362842,4,2.0,2,3,328.0,1.0,0.0,0.549,0.5,0.75
Arthur Melo,2021-2022,it Serie A,362842,7,5.0,4,6,563.0,1.0,0.0,0.799,0.571,0.857
Arthur Melo,2023-2024,it Serie A,362842,3,3.0,1,1,218.0,1.0,0.0,1.239,0.333,0.333
Arthur Theate,2021-2022,it Serie A,368891,28,40.0,8,8,2357.0,6.0,0.0,1.527,0.286,0.286
Arthur Theate,2022-2023,fr Ligue 1,368891,35,38.0,11,18,3129.0,6.0,0.0,1.093,0.314,0.514
Arthur Theate,2023-2024,fr Ligue 1,368891,6,8.0,1,4,507.0,0.0,0.0,1.42,0.167,0.667
Arthur Zagré,2020-2021,fr Ligue 1,536477,1,0.0,1,1,90.0,0.0,0.0,0.0,1.0,1.0
Artur Ioniță,2020-2021,it Serie A,98888,2,4.0,1,0,156.0,2.0,0.0,2.308,0.5,0.0
Arturo Vidal,2020-2021,it Serie A,37666,3,3.0,1,2,205.0,1.0,0.0,1.317,0.333,0.667
Ashley Westwood,2020-2021,eng Premier League,91317,15,28.0,2,1,1350.0,2.0,0.0,1.867,0.133,0.067
Ashley Westwood,2021-2022,eng Premier League,91317,15,27.0,2,1,1331.0,4.0,0.0,1.826,0.133,0.067
Ashley Young,2021-2022,eng Premier League,14086,5,2.0,3,3,450.0,0.0,0.0,0.4,0.6,0.6
Ashley Young,2022-2023,eng Premier League,14086,23,27.0,9,11,1895.0,4.0,0.0,1.282,0.391,0.478
Asier Illarramendi,2020-2021,es La Liga,59344,5,3.0,2,3,279.0,2.0,0.0,0.968,0.4,0.6
Asier Illarramendi,2021-2022,es La Liga,59344,3,4.0,2,2,180.0,1.0,0.0,2.0,0.667,0.667
Asier Illarramendi,2022-2023,es La Liga,59344,4,2.0,2,3,255.0,2.0,0.0,0.706,0.5,0.75
Aster Vranckx,2021-2022,de Bundesliga,503881,3,2.0,2,2,217.0,0.0,0.0,0.829,0.667,0.667
Aster Vranckx,2022-2023,it Serie A,503881,1,1.0,0,0,75.0,0.0,0.0,1.2,0.0,0.0
Aster Vranckx,2023-2024,de Bundesliga,503881,1,1.0,0,0,90.0,0.0,0.0,1.0,0.0,0.0
Atakan Karazor,2020-2021,de Bundesliga,232320,10,16.0,1,2,883.0,3.0,0.0,1.631,0.1,0.2
Atakan Karazor,2021-2022,de Bundesliga,232320,23,36.0,2,7,1890.0,9.0,0.0,1.714,0.087,0.304
Atakan Karazor,2022-2023,de Bundesliga,232320,22,36.0,1,4,1890.0,9.0,0.0,1.714,0.045,0.182
Atakan Karazor,2023-2024,de Bundesliga,232320,8,7.0,2,6,682.0,4.0,0.0,0.924,0.25,0.75
Augusto Fernández,2020-2021,es La Liga,39151,1,4.0,0,0,61.0,0.0,0.0,5.902,0.0,0.0
Aurélien Tchouaméni,2020-2021,fr Ligue 1,413112,27,29.0,11,19,2356.0,5.0,0.0,1.108,0.407,0.704
Aurélien Tchouaméni,2021-2022,fr Ligue 1,413112,31,31.0,10,17,2723.0,11.0,0.0,1.025,0.323,0.548
Aurélien Tchouaméni,2022-2023,es La Liga,413112,23,25.0,5,15,1846.0,2.0,0.0,1.219,0.217,0.652
Aurélien Tchouaméni,2023-2024,es La Liga,413112,7,7.0,3,5,630.0,0.0,0.0,1.0,0.429,0.714
Aurélio Buta,2023-2024,de Bundesliga,258039,3,4.0,0,1,270.0,0.0,0.0,1.333,0.0,0.333
Auston Trusty,2023-2024,eng Premier League,389253,6,19.0,0,0,530.0,1.0,0.0,3.226,0.0,0.0
Axel Disasi,2020-2021,fr Ligue 1,386047,24,28.0,11,15,1936.0,4.0,2.0,1.302,0.458,0.625
Axel Disasi,2021-2022,fr Ligue 1,386047,30,34.0,8,15,2655.0,5.0,0.0,1.153,0.267,0.5
Axel Disasi,2022-2023,fr Ligue 1,386047,37,56.0,9,18,3311.0,3.0,0.0,1.522,0.243,0.486
Axel Disasi,2023-2024,eng Premier League,386047,6,14.0,0,2,540.0,2.0,0.0,2.333,0.0,0.333
Axel Guessand,2022-2023,it Serie A,925584,1,1.0,0,0,80.0,0.0,0.0,1.125,0.0,0.0
Axel Tuanzebe,2020-2021,eng Premier League,342046,4,6.0,0,1,353.0,1.0,0.0,1.53,0.0,0.25
Axel Tuanzebe,2021-2022,eng Premier League,342046,6,11.0,1,1,495.0,1.0,0.0,2.0,0.167,0.167
Axel Witsel,2020-2021,de Bundesliga,35047,13,19.0,4,7,1103.0,4.0,0.0,1.55,0.308,0.538
Axel Witsel,2021-2022,de Bundesliga,35047,22,32.0,5,14,1836.0,4.0,0.0,1.569,0.227,0.636
Axel Witsel,2022-2023,es La Liga,35047,25,28.0,5,14,2154.0,1.0,1.0,1.17,0.2,0.56
Axel Witsel,2023-2024,es La Liga,35047,7,9.0,1,3,606.0,1.0,0.0,1.337,0.143,0.429
Aymeric Laporte,2020-2021,eng Premier League,176553,14,10.0,7,10,1260.0,1.0,0.0,0.714,0.5,0.714
Aymeric Laporte,2021-2022,eng Premier League,176553,33,24.0,18,26,2834.0,5.0,1.0,0.762,0.545,0.788
Aymeric Laporte,2022-2023,eng Premier League,176553,11,8.0,4,8,978.0,0.0,0.0,0.736,0.364,0.727
Ayoub Amraoui,2022-2023,fr Ligue 1,860051,3,2.0,1,1,225.0,1.0,0.0,0.8,0.333,0.333
Azor Matusiwa,2021-2022,fr Ligue 1,315145,23,29.0,5,7,1928.0,6.0,0.0,1.354,0.217,0.304
Azor Matusiwa,2022-2023,fr Ligue 1,315145,25,27.0,10,10,2106.0,4.0,0.0,1.154,0.4,0.4
Azor Matusiwa,2023-2024,fr Ligue 1,315145,3,3.0,1,2,270.0,0.0,0.0,1.0,0.333,0.667
Azzedine Ounahi,2021-2022,fr Ligue 1,593482,3,5.0,0,0,255.0,0.0,0.0,1.765,0.0,0.0
Azzedine Ounahi,2022-2023,fr Ligue 1,593482,2,7.0,0,0,168.0,0.0,0.0,3.75,0.0,0.0
Aïssa Mandi,2020-2021,es La Liga,80293,27,34.0,10,12,2392.0,6.0,1.0,1.279,0.37,0.444
Aïssa Mandi,2021-2022,es La Liga,80293,14,14.0,5,6,1260.0,3.0,0.0,1.0,0.357,0.429
Aïssa Mandi,2022-2023,es La Liga,80293,16,18.0,4,10,1382.0,1.0,0.0,1.172,0.25,0.625
Aïssa Mandi,2023-2024,es La Liga,80293,2,2.0,1,2,180.0,1.0,0.0,1.0,0.5,1.0
Bafodé Diakité,2022-2023,fr Ligue 1,463605,29,35.0,8,14,2535.0,6.0,0.0,1.243,0.276,0.483
Bafodé Diakité,2023-2024,fr Ligue 1,463605,3,3.0,1,1,270.0,1.0,0.0,1.0,0.333,0.333
Bamo Meïté,2022-2023,fr Ligue 1,807165,16,18.0,5,4,1435.0,4.0,0.0,1.129,0.312,0.25
Bamo Meïté,2023-2024,fr Ligue 1,807165,4,5.0,1,1,329.0,0.0,0.0,1.368,0.25,0.25
Baptiste Santamaria,2020-2021,de Bundesliga,285323,25,42.0,5,8,1946.0,4.0,0.0,1.942,0.2,0.32
Baptiste Santamaria,2020-2021,fr Ligue 1,285323,3,2.0,2,2,270.0,1.0,0.0,0.667,0.667,0.667
Baptiste Santamaria,2021-2022,fr Ligue 1,285323,12,16.0,3,5,1056.0,3.0,0.0,1.364,0.25,0.417
Baptiste Santamaria,2022-2023,fr Ligue 1,285323,14,13.0,5,9,1159.0,2.0,0.0,1.009,0.357,0.643
Baptiste Santamaria,2023-2024,fr Ligue 1,285323,5,5.0,2,3,427.0,0.0,0.0,1.054,0.4,0.6
Bartol Franjic,2022-2023,de Bundesliga,370998,3,6.0,1,1,217.0,0.0,0.0,2.488,0.333,0.333
Bartol Franjic,2023-2024,de Bundesliga,370998,5,15.0,1,0,346.0,3.0,0.0,3.902,0.2,0.0
Bartosz Bereszynski,2020-2021,it Serie A,144143,29,44.0,5,10,2540.0,2.0,0.0,1.559,0.172,0.345
Bartosz Bereszynski,2021-2022,it Serie A,144143,33,50.0,7,10,2797.0,12.0,0.0,1.609,0.212,0.303
Bartosz Bereszynski,2022-2023,it Serie A,144143,15,24.0,2,2,1219.0,2.0,0.0,1.772,0.133,0.133
Bartosz Bereszyński,2023-2024,it Serie A,144143,2,2.0,0,1,180.0,0.0,0.0,1.0,0.0,0.5
Bastian Oczipka,2020-2021,de Bundesliga,53437,12,37.0,0,0,1073.0,1.0,0.0,3.103,0.0,0.0
Batista Mendy,2021-2022,fr Ligue 1,395234,24,31.0,5,7,2043.0,4.0,0.0,1.366,0.208,0.292
Batista Mendy,2022-2023,fr Ligue 1,395234,29,61.0,3,4,2336.0,6.0,0.0,2.35,0.103,0.138
Becir Omeragic,2023-2024,fr Ligue 1,507344,6,11.0,2,2,525.0,1.0,0.0,1.886,0.333,0.333
Ben Chilwell,2020-2021,eng Premier League,316125,16,17.0,7,7,1352.0,1.0,0.0,1.132,0.438,0.438
Ben Chilwell,2022-2023,eng Premier League,316125,6,10.0,0,2,519.0,0.0,0.0,1.734,0.0,0.333
Ben Chilwell,2023-2024,eng Premier League,316125,4,10.0,0,1,306.0,2.0,0.0,2.941,0.0,0.25
Ben Davies,2020-2021,eng Premier League,192765,13,15.0,4,6,1170.0,1.0,0.0,1.154,0.308,0.462
Ben Davies,2021-2022,eng Premier League,192765,28,27.0,12,16,2509.0,6.0,0.0,0.969,0.429,0.571
Ben Davies,2022-2023,eng Premier League,192765,21,32.0,7,11,1864.0,3.0,0.0,1.545,0.333,0.524
Ben Davies,2023-2024,eng Premier League,192765,1,2.0,0,0,90.0,0.0,0.0,2.0,0.0,0.0
Ben Gibson,2021-2022,eng Premier League,128904,28,57.0,6,5,2495.0,5.0,0.0,2.056,0.214,0.179
Ben Godfrey,2020-2021,eng Premier League,343475,29,33.0,11,13,2610.0,4.0,0.0,1.138,0.379,0.448
Ben Godfrey,2021-2022,eng Premier League,343475,23,39.0,4,5,2031.0,6.0,0.0,1.728,0.174,0.217
Ben Godfrey,2022-2023,eng Premier League,343475,10,18.0,1,1,751.0,1.0,0.0,2.157,0.1,0.1
Ben Godfrey,2023-2024,eng Premier League,343475,7,11.0,1,0,581.0,2.0,0.0,1.704,0.143,0.0
Ben Johnson,2021-2022,eng Premier League,468002,13,14.0,2,7,1117.0,1.0,0.0,1.128,0.154,0.538
Ben Johnson,2022-2023,eng Premier League,468002,9,11.0,3,3,743.0,0.0,0.0,1.332,0.333,0.333
Ben Johnson,2023-2024,eng Premier League,468002,1,1.0,0,0,90.0,0.0,0.0,1.0,0.0,0.0
Ben Mee,2020-2021,eng Premier League,74810,30,41.0,10,10,2694.0,3.0,0.0,1.37,0.333,0.333
Ben Mee,2021-2022,eng Premier League,74810,21,27.0,6,3,1840.0,3.0,0.0,1.321,0.286,0.143
Ben Mee,2022-2023,eng Premier League,74810,37,42.0,12,15,3272.0,2.0,0.0,1.155,0.324,0.405
Ben Mee,2023-2024,eng Premier League,74810,7,17.0,1,2,601.0,1.0,0.0,2.546,0.143,0.286
Ben Pearson,2022-2023,eng Premier League,183302,2,4.0,1,1,162.0,1.0,0.0,2.222,0.5,0.5
Ben White,2020-2021,eng Premier League,335721,35,42.0,12,9,3106.0,5.0,0.0,1.217,0.343,0.257
Ben White,2021-2022,eng Premier League,335721,32,35.0,13,19,2880.0,3.0,0.0,1.094,0.406,0.594
Ben White,2022-2023,eng Premier League,335721,36,38.0,14,25,3015.0,5.0,0.0,1.134,0.389,0.694
Ben White,2023-2024,eng Premier League,335721,8,4.0,4,8,661.0,1.0,0.0,0.545,0.5,1.0
Benedikt Gimber,2023-2024,de Bundesliga,227084,8,10.0,1,1,631.0,2.0,0.0,1.426,0.125,0.125
Benjamin André,2020-2021,fr Ligue 1,84301,15,9.0,7,7,1302.0,2.0,0.0,0.622,0.467,0.467
Benjamin André,2021-2022,fr Ligue 1,84301,19,29.0,4,4,1616.0,6.0,0.0,1.615,0.211,0.211
Benjamin André,2022-2023,fr Ligue 1,84301,25,31.0,7,12,2188.0,11.0,0.0,1.275,0.28,0.48
Benjamin André,2023-2024,fr Ligue 1,84301,6,6.0,3,2,509.0,1.0,0.0,1.061,0.5,0.333
Benjamin Henrichs,2020-2021,de Bundesliga,202591,1,1.0,0,0,90.0,0.0,0.0,1.0,0.0,0.0
Benjamin Henrichs,2022-2023,de Bundesliga,202591,13,17.0,3,8,1114.0,4.0,0.0,1.373,0.231,0.615
Benjamin Henrichs,2023-2024,de Bundesliga,202591,6,6.0,2,4,521.0,0.0,0.0,1.036,0.333,0.667
Benjamin Hübner,2021-2022,de Bundesliga,52348,5,7.0,1,3,378.0,2.0,0.0,1.667,0.2,0.6
Benjamin Mendy,2020-2021,eng Premier League,157495,9,10.0,4,5,760.0,2.0,0.0,1.184,0.444,0.556
Benjamin Mendy,2021-2022,eng Premier League,157495,1,1.0,0,0,79.0,0.0,0.0,1.139,0.0,0.0
Benjamin Pavard,2020-2021,de Bundesliga,353366,22,26.0,7,16,1894.0,3.0,0.0,1.235,0.318,0.727
Benjamin Pavard,2021-2022,de Bundesliga,353366,22,25.0,7,15,1921.0,2.0,0.0,1.171,0.318,0.682
Benjamin Pavard,2022-2023,de Bundesliga,353366,27,28.0,10,18,2364.0,5.0,0.0,1.066,0.37,0.667
Benjamin Pavard,2023-2024,it Serie A,353366,7,4.0,4,6,561.0,2.0,0.0,0.642,0.571,0.857
Benjamin Stambouli,2020-2021,de Bundesliga,127160,22,57.0,3,2,1884.0,5.0,0.0,2.723,0.136,0.091
Benjamin Stambouli,2023-2024,fr Ligue 1,127160,2,5.0,0,0,147.0,2.0,0.0,3.061,0.0,0.0
Benjamin Tahirovic,2022-2023,it Serie A,787907,3,2.0,2,1,230.0,0.0,0.0,0.783,0.667,0.333
Benno Schmitz,2020-2021,de Bundesliga,160968,4,7.0,2,2,346.0,0.0,0.0,1.821,0.5,0.5
Benno Schmitz,2021-2022,de Bundesliga,160968,29,40.0,4,12,2396.0,4.0,0.0,1.503,0.138,0.414
Benno Schmitz,2022-2023,de Bundesliga,160968,30,46.0,6,8,2402.0,6.0,0.0,1.724,0.2,0.267
Benno Schmitz,2023-2024,de Bundesliga,160968,4,3.0,1,1,326.0,2.0,0.0,0.828,0.25,0.25
Benoît Badiashile,2020-2021,fr Ligue 1,463603,32,34.0,12,21,2749.0,5.0,0.0,1.113,0.375,0.656
Benoît Badiashile,2021-2022,fr Ligue 1,463603,21,22.0,6,12,1818.0,3.0,0.0,1.089,0.286,0.571
Benoît Badiashile,2022-2023,eng Premier League,463603,10,9.0,4,3,900.0,2.0,0.0,0.9,0.4,0.3
Benoît Badiashile,2022-2023,fr Ligue 1,463603,9,14.0,3,5,786.0,3.0,0.0,1.603,0.333,0.556
Benoît Badiashile,2023-2024,eng Premier League,463603,1,4.0,0,0,90.0,0.0,0.0,4.0,0.0,0.0
Berat Djimsiti,2020-2021,it Serie A,165513,28,32.0,8,17,2417.0,7.0,0.0,1.192,0.286,0.607
Berat Djimsiti,2021-2022,it Serie A,165513,25,32.0,8,10,2090.0,5.0,0.0,1.378,0.32,0.4
Berat Djimsiti,2022-2023,it Serie A,165513,20,26.0,4,8,1709.0,3.0,0.0,1.369,0.2,0.4
Berat Djimsiti,2023-2024,it Serie A,165513,8,11.0,2,4,720.0,1.0,0.0,1.375,0.25,0.5
Bernardo,2023-2024,de Bundesliga,364258,8,17.0,1,2,720.0,4.0,0.0,2.125,0.125,0.25
Bernardo Espinosa,2022-2023,es La Liga,64598,14,23.0,1,3,1148.0,5.0,0.0,1.803,0.071,0.214
Bernardo Silva,2022-2023,eng Premier League,241641,3,3.0,0,2,270.0,1.0,0.0,1.0,0.0,0.667
Bersant Celina,2020-2021,fr Ligue 1,229695,3,8.0,1,1,270.0,1.0,0.0,2.667,0.333,0.333
Beñat Prados,2023-2024,es La Liga,625047,1,0.0,1,0,80.0,0.0,0.0,0.0,1.0,0.0
Beñat Turrientes,2023-2024,es La Liga,634431,1,0.0,1,0,90.0,0.0,0.0,0.0,1.0,0.0
Billy Gilmour,2020-2021,eng Premier League,423744,2,1.0,1,2,180.0,0.0,0.0,0.5,0.5,1.0
Billy Gilmour,2021-2022,eng Premier League,423744,7,22.0,0,0,610.0,1.0,0.0,3.246,0.0,0.0
Billy Gilmour,2022-2023,eng Premier League,423744,7,9.0,4,4,480.0,1.0,0.0,1.688,0.571,0.571
Billy Gilmour,2023-2024,eng Premier League,423744,6,8.0,2,2,502.0,1.0,1.0,1.434,0.333,0.333
Birama Touré,2022-2023,fr Ligue 1,229853,31,50.0,6,7,2774.0,3.0,0.0,1.622,0.194,0.226
Birger Meling,2020-2021,fr Ligue 1,282250,26,45.0,6,8,2329.0,4.0,0.0,1.739,0.231,0.308
Birger Meling,2021-2022,fr Ligue 1,282250,20,18.0,8,12,1673.0,2.0,0.0,0.968,0.4,0.6
Birger Meling,2022-2023,fr Ligue 1,282250,10,9.0,4,7,854.0,0.0,0.0,0.948,0.4,0.7
Bobby De Cordova-Reid,2022-2023,eng Premier League,186186,6,9.0,2,2,526.0,3.0,0.0,1.54,0.333,0.333
Bonke Innocent,2021-2022,fr Ligue 1,333383,10,12.0,6,4,772.0,4.0,0.0,1.399,0.6,0.4
Bonke Innocent,2022-2023,fr Ligue 1,333383,11,17.0,1,5,712.0,3.0,0.0,2.149,0.091,0.455
Borja Valero,2020-2021,it Serie A,40372,2,0.0,2,1,129.0,1.0,0.0,0.0,1.0,0.5
Borna Sosa,2021-2022,de Bundesliga,293194,10,15.0,2,3,900.0,1.0,0.0,1.5,0.2,0.3
Borna Sosa,2022-2023,de Bundesliga,293194,9,12.0,1,4,810.0,2.0,0.0,1.333,0.111,0.444
Bosko Sutalo,2020-2021,it Serie A,431698,2,5.0,0,1,135.0,0.0,0.0,3.333,0.0,0.5
Bosko Sutalo,2021-2022,it Serie A,431698,5,8.0,0,1,373.0,0.0,0.0,1.93,0.0,0.2
Botond Balogh,2020-2021,it Serie A,543727,1,2.0,0,0,90.0,0.0,0.0,2.0,0.0,0.0
Boubacar Kamara,2020-2021,fr Ligue 1,394327,35,40.0,8,16,2905.0,6.0,0.0,1.239,0.229,0.457
Boubacar Kamara,2021-2022,fr Ligue 1,394327,31,30.0,12,19,2704.0,4.0,0.0,0.999,0.387,0.613
Boubacar Kamara,2022-2023,eng Premier League,394327,14,17.0,3,6,1124.0,3.0,0.0,1.361,0.214,0.429
Boubacar Kamara,2023-2024,eng Premier League,394327,2,2.0,1,1,155.0,0.0,0.0,1.161,0.5,0.5
Boubacar Traoré,2021-2022,fr Ligue 1,649020,9,9.0,3,3,785.0,4.0,0.0,1.032,0.333,0.333
Boubacar Traoré,2022-2023,eng Premier League,649020,3,5.0,0,0,238.0,2.0,0.0,1.891,0.0,0.0
Boubakary Soumaré,2020-2021,fr Ligue 1,344605,18,12.0,9,11,1482.0,2.0,0.0,0.729,0.5,0.611
Boubakary Soumaré,2021-2022,eng Premier League,344605,6,10.0,1,3,495.0,0.0,0.0,1.818,0.167,0.5
Boubakary Soumaré,2022-2023,eng Premier League,344605,17,22.0,6,6,1331.0,6.0,0.0,1.488,0.353,0.353
Boubakary Soumaré,2023-2024,es La Liga,344605,6,7.0,2,2,540.0,1.0,0.0,1.167,0.333,0.333
Bouna Sarr,2020-2021,de Bundesliga,190685,5,7.0,1,3,418.0,1.0,0.0,1.507,0.2,0.6
Bradley Locko,2021-2022,fr Ligue 1,805908,3,3.0,0,2,154.0,0.0,0.0,1.753,0.0,0.667
Bradley Locko,2022-2023,fr Ligue 1,805908,6,11.0,1,1,466.0,1.0,1.0,2.124,0.167,0.167
Bradley Locko,2023-2024,fr Ligue 1,805908,8,5.0,4,3,711.0,1.0,0.0,0.633,0.5,0.375
Braian Cufré,2022-2023,es La Liga,401521,1,1.0,0,0,90.0,0.0,0.0,1.0,0.0,0.0
Bram Nuytinck,2020-2021,it Serie A,104597,19,21.0,6,9,1631.0,1.0,0.0,1.159,0.316,0.474
Bram Nuytinck,2021-2022,it Serie A,104597,23,33.0,7,7,1953.0,2.0,0.0,1.521,0.304,0.304
Bram Nuytinck,2022-2023,it Serie A,104597,22,39.0,2,3,1761.0,5.0,0.0,1.993,0.091,0.136
Branco van den Boomen,2022-2023,fr Ligue 1,203938,5,7.0,1,2,450.0,2.0,0.0,1.4,0.2,0.4
Brandon Soppy,2020-2021,fr Ligue 1,546880,5,4.0,1,3,419.0,0.0,0.0,0.859,0.2,0.6
Brandon Williams,2020-2021,eng Premier League,507700,2,3.0,0,1,180.0,0.0,0.0,1.5,0.0,0.5
Brandon Williams,2021-2022,eng Premier League,507700,21,43.0,2,4,1851.0,7.0,0.0,2.091,0.095,0.19
Branislav Ivanovic,2020-2021,eng Premier League,36827,8,15.0,2,1,685.0,2.0,0.0,1.971,0.25,0.125
Brayann Pereira,2022-2023,fr Ligue 1,620317,2,6.0,0,0,180.0,0.0,0.0,3.0,0.0,0.0
Bremer,2020-2021,it Serie A,516716,33,55.0,8,7,2936.0,2.0,0.0,1.686,0.242,0.212
Bremer,2021-2022,it Serie A,516716,33,33.0,8,11,2893.0,7.0,0.0,1.027,0.242,0.333
Bremer,2022-2023,it Serie A,516716,30,31.0,14,16,2640.0,6.0,0.0,1.057,0.467,0.533
Bremer,2023-2024,it Serie A,516716,8,9.0,2,2,720.0,4.0,0.0,1.125,0.25,0.25
Brendan Chardonnet,2020-2021,fr Ligue 1,250779,30,49.0,6,8,2687.0,3.0,1.0,1.641,0.2,0.267
Brendan Chardonnet,2021-2022,fr Ligue 1,250779,31,40.0,6,11,2675.0,6.0,1.0,1.346,0.194,0.355
Brendan Chardonnet,2022-2023,fr Ligue 1,250779,26,36.0,6,9,2340.0,6.0,0.0,1.385,0.231,0.346
Brendan Chardonnet,2023-2024,fr Ligue 1,250779,8,5.0,4,3,720.0,2.0,0.0,0.625,0.5,0.375
Brian Oliván,2021-2022,es La Liga,166677,23,34.0,6,8,2048.0,7.0,0.0,1.494,0.261,0.348
Brian Oliván,2022-2023,es La Liga,166677,29,51.0,4,6,2397.0,7.0,0.0,1.915,0.138,0.207
Bruno Alves,2020-2021,it Serie A,13121,18,38.0,4,2,1620.0,3.0,0.0,2.111,0.222,0.111
Bruno Amione,2022-2023,it Serie A,644676,26,49.0,3,3,2130.0,11.0,0.0,2.07,0.115,0.115
Bruno Ecuele Manga,2020-2021,fr Ligue 1,60990,38,73.0,6,4,3420.0,3.0,0.0,1.921,0.158,0.105
Bruno González,2020-2021,es La Liga,188838,25,33.0,2,4,2250.0,8.0,0.0,1.32,0.08,0.16
Bruno Guimarães,2020-2021,fr Ligue 1,520624,12,13.0,3,7,925.0,3.0,0.0,1.265,0.25,0.583
Bruno Guimarães,2021-2022,eng Premier League,520624,4,6.0,2,2,357.0,2.0,0.0,1.513,0.5,0.5
Bruno Guimarães,2021-2022,fr Ligue 1,520624,19,25.0,6,8,1595.0,2.0,0.0,1.411,0.316,0.421
Bruno Guimarães,2022-2023,eng Premier League,520624,31,26.0,12,18,2689.0,7.0,0.0,0.87,0.387,0.581
Bruno Guimarães,2023-2024,eng Premier League,520624,7,16.0,1,3,604.0,0.0,0.0,2.384,0.143,0.429
Bruno Langa,2023-2024,es La Liga,631472,3,4.0,0,0,245.0,0.0,1.0,1.469,0.0,0.0
Bruno Méndez,2023-2024,es La Liga,552912,5,8.0,0,0,444.0,1.0,0.0,1.622,0.0,0.0
Bruno Peres,2020-2021,it Serie A,148751,1,0.0,1,1,45.0,1.0,0.0,0.0,1.0,1.0
Bryan Cristante,2020-2021,it Serie A,199248,17,27.0,4,8,1490.0,3.0,0.0,1.631,0.235,0.471
Bryan Cristante,2021-2022,it Serie A,199248,25,29.0,9,10,2205.0,7.0,0.0,1.184,0.36,0.4
Bryan Cristante,2022-2023,it Serie A,199248,30,23.0,12,16,2582.0,7.0,1.0,0.802,0.4,0.533
Bryan Cristante,2023-2024,it Serie A,199248,1,1.0,0,1,90.0,0.0,0.0,1.0,0.0,1.0
Bryan Dabo,2020-2021,it Serie A,149446,2,3.0,0,0,175.0,0.0,0.0,1.543,0.0,0.0
Bryan Reynolds,2020-2021,it Serie A,475208,1,0.0,1,1,59.0,0.0,0.0,0.0,1.0,1.0
Bukayo Saka,2020-2021,eng Premier League,433177,3,2.0,1,3,269.0,0.0,0.0,0.669,0.333,1.0
Caio Henrique,2020-2021,fr Ligue 1,420064,19,16.0,9,14,1601.0,0.0,0.0,0.899,0.474,0.737
Caio Henrique,2021-2022,fr Ligue 1,420064,26,31.0,6,14,2167.0,5.0,0.0,1.287,0.231,0.538
Caio Henrique,2022-2023,fr Ligue 1,420064,31,46.0,7,15,2719.0,3.0,0.0,1.523,0.226,0.484
Caleb Okoli,2022-2023,it Serie A,461833,9,9.0,3,5,765.0,2.0,0.0,1.059,0.333,0.556
Caleb Okoli,2023-2024,it Serie A,461833,9,21.0,0,1,810.0,0.0,0.0,2.333,0.0,0.111
Calum Chambers,2020-2021,eng Premier League,215118,8,10.0,2,4,713.0,0.0,0.0,1.262,0.25,0.5
Calum Chambers,2021-2022,eng Premier League,215118,11,16.0,3,4,960.0,1.0,0.0,1.5,0.273,0.364
Calum Chambers,2022-2023,eng Premier League,215118,2,4.0,0,0,180.0,0.0,0.0,2.0,0.0,0.0
Calvin Bassey,2023-2024,eng Premier League,461883,4,3.0,2,3,360.0,0.0,0.0,0.75,0.5,0.75
Carl Starfelt,2023-2024,es La Liga,258987,5,9.0,1,1,438.0,0.0,0.0,1.849,0.2,0.2
Carles Aleñá,2021-2022,es La Liga,284854,5,7.0,1,2,408.0,0.0,0.0,1.544,0.2,0.4
Carles Aleñá,2022-2023,es La Liga,284854,5,4.0,2,2,412.0,2.0,0.0,0.874,0.4,0.4
Carlos Akapo,2020-2021,es La Liga,225015,10,11.0,5,5,743.0,2.0,0.0,1.332,0.5,0.5
Carlos Akapo,2021-2022,es La Liga,225015,19,25.0,6,3,1628.0,2.0,0.0,1.382,0.316,0.158
Carlos Alcaraz,2022-2023,eng Premier League,748319,1,2.0,0,0,79.0,0.0,0.0,2.278,0.0,0.0
Carlos Augusto,2022-2023,it Serie A,585982,3,6.0,0,0,243.0,0.0,0.0,2.222,0.0,0.0
Carlos Augusto,2023-2024,it Serie A,585982,2,1.0,1,2,180.0,0.0,0.0,0.5,0.5,1.0
Carlos Baleba,2022-2023,fr Ligue 1,973085,2,1.0,1,1,164.0,1.0,0.0,0.549,0.5,0.5
Carlos Baleba,2023-2024,eng Premier League,973085,2,3.0,1,1,168.0,1.0,0.0,1.607,0.5,0.5
Carlos Benavidez,2023-2024,es La Liga,431190,1,1.0,0,0,90.0,0.0,0.0,1.0,0.0,0.0
Carlos Clerc,2020-2021,es La Liga,193784,29,45.0,3,8,2610.0,5.0,0.0,1.552,0.103,0.276
Carlos Clerc,2021-2022,es La Liga,193784,17,37.0,3,0,1422.0,6.0,0.0,2.342,0.176,0.0
Carlos Clerc,2022-2023,es La Liga,193784,23,40.0,3,3,1987.0,5.0,0.0,1.812,0.13,0.13
Carlos Domínguez,2020-2021,es La Liga,636093,4,6.0,1,3,360.0,2.0,0.0,1.5,0.25,0.75
Carlos Domínguez,2021-2022,es La Liga,636093,3,0.0,3,2,259.0,1.0,0.0,0.0,1.0,0.667
Carlos Domínguez,2022-2023,es La Liga,636093,1,1.0,0,1,90.0,0.0,0.0,1.0,0.0,1.0
Carlos Domínguez,2023-2024,es La Liga,636093,6,8.0,1,2,473.0,0.0,0.0,1.522,0.167,0.333
Carlos Gruezo,2020-2021,de Bundesliga,189475,22,42.0,3,6,1861.0,3.0,0.0,2.031,0.136,0.273
Carlos Gruezo,2021-2022,de Bundesliga,189475,8,21.0,2,2,615.0,3.0,0.0,3.073,0.25,0.25
Carlos Gruezo,2022-2023,de Bundesliga,189475,12,21.0,2,4,955.0,5.0,0.0,1.979,0.167,0.333
Carlos Neva,2020-2021,es La Liga,448844,19,28.0,6,7,1611.0,1.0,0.0,1.564,0.316,0.368
Carlos Neva,2021-2022,es La Liga,448844,21,36.0,4,6,1765.0,1.0,0.0,1.836,0.19,0.286
Carlos Neva,2023-2024,es La Liga,448844,7,14.0,0,0,629.0,1.0,0.0,2.003,0.0,0.0
Carlos Soler,2020-2021,es La Liga,372246,1,2.0,0,0,0.0,0.0,0.0,6.0,0.0,0.0
Carlos Soler,2023-2024,fr Ligue 1,372246,1,1.0,0,1,87.0,0.0,0.0,1.034,0.0,1.0
Casemiro,2020-2021,es La Liga,16306,31,21.0,14,23,2747.0,11.0,0.0,0.688,0.452,0.742
Casemiro,2021-2022,es La Liga,16306,31,24.0,14,20,2547.0,11.0,0.0,0.848,0.452,0.645
Casemiro,2022-2023,eng Premier League,16306,24,22.0,11,15,2045.0,7.0,2.0,0.968,0.458,0.625
Casemiro,2023-2024,eng Premier League,16306,7,10.0,2,5,531.0,3.0,0.0,1.695,0.286,0.714
Castello Lukeba,2021-2022,fr Ligue 1,618472,24,31.0,6,11,2096.0,1.0,0.0,1.331,0.25,0.458
Castello Lukeba,2022-2023,fr Ligue 1,618472,32,40.0,6,14,2880.0,9.0,0.0,1.25,0.188,0.438
Castello Lukeba,2023-2024,de Bundesliga,618472,5,10.0,1,3,446.0,0.0,0.0,2.018,0.2,0.6
Cenk Özkacar,2022-2023,es La Liga,615350,14,16.0,4,5,1215.0,1.0,0.0,1.185,0.286,0.357
Cenk Özkacar,2023-2024,es La Liga,615350,4,4.0,1,2,360.0,0.0,0.0,1.0,0.25,0.5
Cesc Fàbregas,2020-2021,fr Ligue 1,8806,4,6.0,0,2,299.0,0.0,0.0,1.806,0.0,0.5
Chadi Riad,2023-2024,es La Liga,689637,4,8.0,0,1,360.0,0.0,0.0,2.0,0.0,0.25
Chancel Mbemba,2022-2023,fr Ligue 1,203348,31,33.0,8,19,2659.0,2.0,0.0,1.117,0.258,0.613
Chancel Mbemba,2023-2024,fr Ligue 1,203348,5,5.0,1,3,450.0,1.0,0.0,1.0,0.2,0.6
Charalampos Lykogiannis,2020-2021,it Serie A,136514,16,28.0,3,3,1385.0,6.0,0.0,1.819,0.188,0.188
Charalampos Lykogiannis,2021-2022,it Serie A,136514,13,23.0,1,2,1137.0,1.0,0.0,1.821,0.077,0.154
Charalampos Lykogiannis,2022-2023,it Serie A,136514,10,18.0,1,2,751.0,1.0,0.0,2.157,0.1,0.2
Charles Aránguiz,2020-2021,de Bundesliga,89701,17,20.0,4,5,1385.0,4.0,0.0,1.3,0.235,0.294
Charles Aránguiz,2021-2022,de Bundesliga,89701,9,12.0,2,4,762.0,1.0,0.0,1.417,0.222,0.444
Charles Aránguiz,2022-2023,de Bundesliga,89701,2,5.0,0,0,133.0,0.0,0.0,3.383,0.0,0.0
Charles Pickel,2022-2023,it Serie A,243879,7,12.0,1,2,601.0,2.0,0.0,1.797,0.143,0.286
Charles Traoré,2020-2021,fr Ligue 1,394906,18,27.0,2,1,1492.0,5.0,0.0,1.629,0.111,0.056
Charles Traoré,2021-2022,fr Ligue 1,394906,7,8.0,2,3,617.0,2.0,0.0,1.167,0.286,0.429
Charles Traoré,2022-2023,fr Ligue 1,394906,6,7.0,3,3,423.0,1.0,0.0,1.489,0.5,0.5
Charlie Cresswell,2021-2022,eng Premier League,597659,1,2.0,0,0,90.0,0.0,0.0,2.0,0.0,0.0
Charlie Goode,2021-2022,eng Premier League,376856,4,5.0,1,2,360.0,2.0,0.0,1.25,0.25,0.5
Charlie Taylor,2020-2021,eng Premier League,195633,28,40.0,10,7,2371.0,1.0,0.0,1.518,0.357,0.25
Charlie Taylor,2021-2022,eng Premier League,195633,30,48.0,5,5,2700.0,3.0,0.0,1.6,0.167,0.167
Charlie Taylor,2023-2024,eng Premier League,195633,4,8.0,0,1,345.0,1.0,0.0,2.087,0.0,0.25
Cheick Doucouré,2020-2021,fr Ligue 1,543387,30,45.0,6,10,2573.0,8.0,0.0,1.574,0.2,0.333
Cheick Doucouré,2021-2022,fr Ligue 1,543387,33,38.0,8,15,2921.0,7.0,1.0,1.171,0.242,0.455
Cheick Doucouré,2022-2023,eng Premier League,543387,34,43.0,8,10,2786.0,10.0,0.0,1.389,0.235,0.294
Cheick Keita,2022-2023,fr Ligue 1,820146,8,6.0,5,5,657.0,1.0,0.0,0.822,0.625,0.625
Cheick Oumar Konaté,2022-2023,fr Ligue 1,1108145,6,10.0,1,2,514.0,2.0,0.0,1.751,0.167,0.333
Cheick Oumar Konaté,2023-2024,fr Ligue 1,1108145,1,1.0,0,0,90.0,0.0,0.0,1.0,0.0,0.0
Cheikhou Kouyaté,2020-2021,eng Premier League,66934,35,59.0,8,11,3122.0,4.0,0.0,1.701,0.229,0.314
Cheikhou Kouyaté,2021-2022,eng Premier League,66934,20,22.0,8,7,1664.0,3.0,0.0,1.19,0.4,0.35
Cheikhou Kouyaté,2022-2023,eng Premier League,66934,4,15.0,0,0,231.0,1.0,0.0,5.844,0.0,0.0
Chema Rodríguez,2020-2021,es La Liga,248330,7,13.0,2,0,533.0,3.0,1.0,2.195,0.286,0.0
Chema Rodríguez,2021-2022,es La Liga,248330,1,3.0,0,0,0.0,0.0,0.0,6.0,0.0,0.0
Chris Basham,2020-2021,eng Premier League,52495,30,51.0,3,5,2496.0,5.0,0.0,1.839,0.1,0.167
Chris Mepham,2022-2023,eng Premier League,480987,24,53.0,5,6,2152.0,7.0,0.0,2.217,0.208,0.25
Chris Mepham,2023-2024,eng Premier League,480987,3,9.0,0,1,270.0,1.0,0.0,3.0,0.0,0.333
Chris Richards,2020-2021,de Bundesliga,578539,12,17.0,3,4,1012.0,1.0,0.0,1.512,0.25,0.333
Chris Richards,2021-2022,de Bundesliga,578539,13,24.0,2,4,1125.0,1.0,0.0,1.92,0.154,0.308
Chris Richards,2022-2023,eng Premier League,578539,4,5.0,1,0,360.0,0.0,0.0,1.25,0.25,0.0
Chris Richards,2023-2024,eng Premier League,578539,8,19.0,1,2,720.0,0.0,0.0,2.375,0.125,0.25
Chris Smalling,2020-2021,it Serie A,103427,13,21.0,3,8,1061.0,3.0,0.0,1.781,0.231,0.615
Chris Smalling,2021-2022,it Serie A,103427,23,28.0,8,10,2044.0,0.0,0.0,1.233,0.348,0.435
Chris Smalling,2022-2023,it Serie A,103427,31,29.0,12,17,2745.0,7.0,0.0,0.951,0.387,0.548
Chris Smalling,2023-2024,it Serie A,103427,1,2.0,0,1,78.0,0.0,0.0,2.308,0.0,1.0
Chrislain Matsima,2020-2021,fr Ligue 1,569383,3,4.0,0,1,270.0,1.0,0.0,1.333,0.0,0.333
Chrislain Matsima,2021-2022,fr Ligue 1,569383,1,2.0,0,0,45.0,0.0,0.0,4.0,0.0,0.0
Chrislain Matsima,2022-2023,fr Ligue 1,569383,7,12.0,1,3,578.0,0.0,0.0,1.869,0.143,0.429
Chrislain Matsima,2023-2024,fr Ligue 1,569383,7,15.0,1,1,630.0,1.0,0.0,2.143,0.143,0.143
Christian Eriksen,2020-2021,it Serie A,69633,3,2.0,1,3,205.0,0.0,0.0,0.878,0.333,1.0
Christian Eriksen,2022-2023,eng Premier League,69633,2,2.0,1,1,140.0,0.0,0.0,1.286,0.5,0.5
Christian Fuchs,2020-2021,eng Premier League,6636,8,9.0,3,5,692.0,4.0,0.0,1.171,0.375,0.625
Christian Gentner,2020-2021,de Bundesliga,19112,5,6.0,1,3,376.0,0.0,0.0,1.436,0.2,0.6
Christian Groß,2020-2021,de Bundesliga,58396,17,34.0,2,1,1441.0,8.0,0.0,2.124,0.118,0.059
Christian Groß,2022-2023,de Bundesliga,58396,23,46.0,3,8,1809.0,4.0,0.0,2.289,0.13,0.348
Christian Groß,2023-2024,de Bundesliga,58396,2,3.0,0,0,176.0,0.0,0.0,1.534,0.0,0.0
Christian Günter,2020-2021,de Bundesliga,93707,16,29.0,1,5,1440.0,1.0,0.0,1.812,0.062,0.312
Christian Günter,2021-2022,de Bundesliga,93707,21,30.0,5,10,1890.0,1.0,0.0,1.429,0.238,0.476
Christian Günter,2022-2023,de Bundesliga,93707,20,22.0,10,12,1793.0,5.0,0.0,1.104,0.5,0.6
Christian Günter,2023-2024,de Bundesliga,93707,3,6.0,0,1,270.0,1.0,0.0,2.0,0.0,0.333
Christian Kabasele,2021-2022,eng Premier League,81512,12,29.0,1,2,1080.0,0.0,0.0,2.417,0.083,0.167
Christian Maggio,2020-2021,it Serie A,21151,2,9.0,0,0,135.0,0.0,0.0,6.0,0.0,0.0
Christian Mawissa,2022-2023,fr Ligue 1,1005240,1,6.0,0,0,90.0,1.0,0.0,6.0,0.0,0.0
Christian Mawissa,2023-2024,fr Ligue 1,1005240,5,10.0,0,1,420.0,0.0,0.0,2.143,0.0,0.2
Christian Nørgaard,2021-2022,eng Premier League,148367,30,43.0,8,12,2609.0,6.0,0.0,1.483,0.267,0.4
Christian Nørgaard,2022-2023,eng Premier League,148367,19,23.0,5,7,1562.0,5.0,0.0,1.325,0.263,0.368
Christian Nørgaard,2023-2024,eng Premier League,148367,7,16.0,1,1,542.0,0.0,0.0,2.657,0.143,0.143
Christian Oliva,2020-2021,es La Liga,563812,1,1.0,0,0,85.0,0.0,0.0,1.059,0.0,0.0
Christian Oliva,2020-2021,it Serie A,563812,3,2.0,1,0,253.0,2.0,0.0,0.711,0.333,0.0
Christoph Klarer,2023-2024,de Bundesliga,346849,5,12.0,0,0,365.0,2.0,0.0,2.959,0.0,0.0
Christoph Kramer,2020-2021,de Bundesliga,82097,22,34.0,4,8,1832.0,5.0,0.0,1.67,0.182,0.364
Christoph Kramer,2021-2022,de Bundesliga,82097,7,14.0,0,1,544.0,1.0,0.0,2.316,0.0,0.143
Christoph Kramer,2022-2023,de Bundesliga,82097,15,22.0,5,4,1305.0,1.0,0.0,1.517,0.333,0.267
Christoph Zimmermann,2021-2022,eng Premier League,77812,2,6.0,0,0,103.0,0.0,0.0,5.243,0.0,0.0
Christoph Zimmermann,2023-2024,de Bundesliga,77812,4,5.0,1,0,337.0,3.0,0.0,1.335,0.25,0.0
Christophe Hérelle,2020-2021,fr Ligue 1,170544,15,26.0,3,4,1333.0,2.0,0.0,1.755,0.2,0.267
Christophe Hérelle,2021-2022,fr Ligue 1,170544,23,31.0,6,9,1938.0,6.0,0.0,1.44,0.261,0.391
Christophe Hérelle,2022-2023,fr Ligue 1,170544,12,14.0,3,1,1012.0,1.0,0.0,1.245,0.25,0.083
Christophe Hérelle,2023-2024,fr Ligue 1,170544,6,8.0,2,2,535.0,1.0,0.0,1.346,0.333,0.333
Christopher Jullien,2022-2023,fr Ligue 1,201737,30,45.0,9,12,2696.0,5.0,0.0,1.502,0.3,0.4
Christopher Jullien,2023-2024,fr Ligue 1,201737,2,2.0,1,0,174.0,1.0,0.0,1.034,0.5,0.0
Christopher Lenz,2020-2021,de Bundesliga,159844,13,19.0,1,4,1122.0,1.0,0.0,1.524,0.077,0.308
Christopher Lenz,2021-2022,de Bundesliga,159844,4,3.0,1,0,348.0,4.0,0.0,0.776,0.25,0.0
Christopher Lenz,2022-2023,de Bundesliga,159844,3,5.0,1,1,267.0,1.0,0.0,1.685,0.333,0.333
Christopher Operi,2023-2024,fr Ligue 1,469976,7,12.0,1,1,630.0,3.0,0.0,1.714,0.143,0.143
Christopher Trimmel,2020-2021,de Bundesliga,75921,13,18.0,2,3,1110.0,2.0,0.0,1.459,0.154,0.231
Christopher Trimmel,2021-2022,de Bundesliga,75921,1,5.0,0,0,63.0,0.0,0.0,6.0,0.0,0.0
Christopher Trimmel,2022-2023,de Bundesliga,75921,4,7.0,1,2,360.0,0.0,0.0,1.75,0.25,0.5
Christopher Trimmel,2023-2024,de Bundesliga,75921,1,1.0,0,0,90.0,0.0,0.0,1.0,0.0,0.0
Christopher Wooh,2021-2022,fr Ligue 1,572326,11,15.0,1,3,980.0,1.0,0.0,1.378,0.091,0.273
Christopher Wooh,2022-2023,fr Ligue 1,572326,12,11.0,4,8,1001.0,4.0,0.0,0.989,0.333,0.667
Christopher Wooh,2023-2024,fr Ligue 1,572326,3,3.0,1,1,270.0,0.0,0.0,1.0,0.333,0.333
Chumi,2022-2023,es La Liga,333361,15,25.0,1,3,1332.0,5.0,0.0,1.689,0.067,0.2
Chumi,2023-2024,es La Liga,333361,3,8.0,0,0,262.0,0.0,0.0,2.748,0.0,0.0
Ciaran Clark,2020-2021,eng Premier League,98240,21,35.0,3,4,1857.0,3.0,0.0,1.696,0.143,0.19
Ciaran Clark,2021-2022,eng Premier League,98240,12,28.0,0,0,993.0,2.0,1.0,2.538,0.0,0.0
Claudio Terzi,2020-2021,it Serie A,16873,22,37.0,4,6,1803.0,8.0,0.0,1.847,0.182,0.273
Clemens Riedel,2023-2024,de Bundesliga,692070,2,3.0,0,0,104.0,0.0,0.0,2.596,0.0,0.0
Clinton Mata,2023-2024,fr Ligue 1,187718,6,6.0,3,5,540.0,3.0,0.0,1.0,0.5,0.833
Clinton Mola,2021-2022,de Bundesliga,470594,1,1.0,0,0,61.0,0.0,0.0,1.475,0.0,0.0
Clément Grenier,2020-2021,fr Ligue 1,72479,1,1.0,0,0,65.0,0.0,0.0,1.385,0.0,0.0
Clément Grenier,2022-2023,es La Liga,72479,1,0.0,1,1,67.0,0.0,0.0,0.0,1.0,1.0
Clément Lenglet,2020-2021,es La Liga,182904,29,31.0,10,18,2434.0,10.0,0.0,1.146,0.345,0.621
Clément Lenglet,2021-2022,es La Liga,182904,7,10.0,1,2,609.0,2.0,0.0,1.478,0.143,0.286
Clément Lenglet,2022-2023,eng Premier League,182904,24,39.0,4,11,2011.0,3.0,0.0,1.745,0.167,0.458
Clément Lenglet,2023-2024,eng Premier League,182904,8,15.0,1,4,643.0,1.0,0.0,2.1,0.125,0.5
Clément Michelin,2020-2021,fr Ligue 1,318520,4,5.0,0,2,305.0,0.0,0.0,1.475,0.0,0.5
Clément Vidal,2020-2021,fr Ligue 1,569388,1,2.0,0,0,75.0,0.0,0.0,2.4,0.0,0.0
Clément Vidal,2022-2023,fr Ligue 1,569388,21,46.0,3,3,1849.0,5.0,1.0,2.239,0.143,0.143
Cody Drameh,2021-2022,eng Premier League,531957,1,4.0,0,0,90.0,0.0,0.0,4.0,0.0,0.0
Cody Drameh,2022-2023,eng Premier League,531957,1,5.0,0,0,70.0,0.0,0.0,6.0,0.0,0.0
Coke,2020-2021,es La Liga,71905,10,14.0,2,2,700.0,1.0,0.0,1.8,0.2,0.2
Coke,2021-2022,es La Liga,71905,1,2.0,0,1,85.0,0.0,0.0,2.118,0.0,1.0
Colin Dagba,2020-2021,fr Ligue 1,460629,14,9.0,8,10,1090.0,2.0,0.0,0.743,0.571,0.714
Colin Dagba,2021-2022,fr Ligue 1,460629,2,2.0,0,1,141.0,1.0,0.0,1.277,0.0,0.5
Colin Dagba,2022-2023,fr Ligue 1,460629,4,1.0,3,2,225.0,0.0,0.0,0.4,0.75,0.5
Connor Roberts,2021-2022,eng Premier League,214666,18,21.0,6,6,1602.0,2.0,0.0,1.18,0.333,0.333
Conor Bradley,2023-2024,eng Premier League,624258,6,4.0,2,5,447.0,1.0,0.0,0.805,0.333,0.833
Conor Coady,2020-2021,eng Premier League,128901,37,51.0,10,12,3304.0,5.0,0.0,1.389,0.27,0.324
Conor Coady,2021-2022,eng Premier League,128901,38,43.0,11,15,3363.0,4.0,0.0,1.151,0.289,0.395
Conor Coady,2022-2023,eng Premier League,128901,23,29.0,7,6,2061.0,2.0,0.0,1.266,0.304,0.261
Conor Gallagher,2020-2021,eng Premier League,488362,1,2.0,0,0,90.0,0.0,0.0,2.0,0.0,0.0
Conor Gallagher,2022-2023,eng Premier League,488362,1,0.0,1,0,15.0,0.0,0.0,0.0,1.0,0.0
Conor Townsend,2020-2021,eng Premier League,146509,21,31.0,5,3,1890.0,0.0,0.0,1.476,0.238,0.143
Corentin Tolisso,2020-2021,de Bundesliga,190393,5,6.0,0,5,385.0,0.0,1.0,1.403,0.0,1.0
Corentin Tolisso,2021-2022,de Bundesliga,190393,4,6.0,0,4,287.0,0.0,0.0,1.882,0.0,1.0
Corentin Tolisso,2022-2023,fr Ligue 1,190393,12,16.0,1,5,916.0,2.0,0.0,1.572,0.083,0.417
Cote,2020-2021,es La Liga,87469,10,17.0,2,2,749.0,3.0,0.0,2.043,0.2,0.2
Cote,2021-2022,es La Liga,87469,12,21.0,2,4,944.0,1.0,1.0,2.002,0.167,0.333
Craig Cathcart,2021-2022,eng Premier League,59606,27,54.0,3,5,2366.0,3.0,0.0,2.054,0.111,0.185
Craig Dawson,2020-2021,eng Premier League,121477,22,25.0,7,13,1926.0,5.0,0.0,1.168,0.318,0.591
Craig Dawson,2021-2022,eng Premier League,121477,30,41.0,6,11,2673.0,5.0,1.0,1.38,0.2,0.367
Craig Dawson,2022-2023,eng Premier League,121477,25,36.0,7,9,2135.0,6.0,0.0,1.518,0.28,0.36
Craig Dawson,2023-2024,eng Premier League,121477,7,12.0,2,3,630.0,2.0,0.0,1.714,0.286,0.429
Cristhian Mosquera,2021-2022,es La Liga,646750,3,3.0,1,0,180.0,1.0,0.0,1.5,0.333,0.0
Cristhian Mosquera,2022-2023,es La Liga,646750,1,1.0,0,0,90.0,0.0,0.0,1.0,0.0,0.0
Cristhian Mosquera,2023-2024,es La Liga,646750,8,8.0,3,3,720.0,1.0,0.0,1.0,0.375,0.375
Cristian Ansaldi,2020-2021,it Serie A,55854,1,1.0,0,0,90.0,0.0,0.0,1.0,0.0,0.0
Cristian Dell'Orco,2020-2021,it Serie A,240244,2,8.0,0,0,145.0,0.0,0.0,4.966,0.0,0.0
Cristian Gamboa,2021-2022,de Bundesliga,121686,20,25.0,5,9,1676.0,6.0,0.0,1.342,0.25,0.45
Cristian Gamboa,2022-2023,de Bundesliga,121686,17,39.0,2,4,1401.0,2.0,0.0,2.505,0.118,0.235
Cristian Gamboa,2023-2024,de Bundesliga,121686,1,5.0,0,0,58.0,0.0,0.0,6.0,0.0,0.0
Cristian Molinaro,2021-2022,it Serie A,21972,6,13.0,0,0,498.0,0.0,0.0,2.349,0.0,0.0
Cristian Romero,2020-2021,it Serie A,355915,29,35.0,8,18,2466.0,10.0,0.0,1.277,0.276,0.621
Cristian Romero,2021-2022,eng Premier League,355915,21,26.0,6,10,1845.0,8.0,0.0,1.268,0.286,0.476
Cristian Romero,2022-2023,eng Premier League,355915,26,41.0,8,12,2334.0,11.0,0.0,1.581,0.308,0.462
Cristian Romero,2023-2024,eng Premier League,355915,7,11.0,1,4,630.0,0.0,0.0,1.571,0.143,0.571
Cristiano Biraghi,2020-2021,it Serie A,124555,4,7.0,0,0,343.0,2.0,0.0,1.837,0.0,0.0
Cristiano Biraghi,2021-2022,it Serie A,124555,37,50.0,11,19,3165.0,5.0,0.0,1.422,0.297,0.514
Cristiano Biraghi,2022-2023,it Serie A,124555,30,37.0,8,13,2517.0,1.0,0.0,1.323,0.267,0.433
Cristiano Biraghi,2023-2024,it Serie A,124555,7,10.0,1,2,615.0,2.0,0.0,1.463,0.143,0.286
Cristiano Piccini,2021-2022,es La Liga,163086,3,8.0,0,2,0.0,0.0,0.0,6.0,0.0,0.667
Cristián Zapata,2020-2021,it Serie A,34344,12,15.0,3,3,970.0,2.0,0.0,1.392,0.25,0.25
Cédric Avinel,2022-2023,fr Ligue 1,44421,19,37.0,1,4,1682.0,2.0,1.0,1.98,0.053,0.211
Cédric Brunner,2020-2021,de Bundesliga,147038,29,38.0,11,9,2519.0,4.0,0.0,1.358,0.379,0.31
Cédric Brunner,2021-2022,de Bundesliga,147038,26,34.0,7,5,2177.0,6.0,0.0,1.406,0.269,0.192
Cédric Brunner,2022-2023,de Bundesliga,147038,28,60.0,7,4,2323.0,5.0,0.0,2.325,0.25,0.143
Cédric Hountondji,2021-2022,fr Ligue 1,198709,23,45.0,5,6,2035.0,2.0,0.0,1.99,0.217,0.261
Cédric Hountondji,2022-2023,fr Ligue 1,198709,35,74.0,4,4,3063.0,7.0,0.0,2.174,0.114,0.114
Cédric Soares,2020-2021,eng Premier League,112988,8,8.0,2,5,695.0,1.0,0.0,1.036,0.25,0.625
Cédric Soares,2021-2022,eng Premier League,112988,16,25.0,3,9,1372.0,3.0,0.0,1.64,0.188,0.562
Cédric Soares,2022-2023,eng Premier League,112988,2,2.0,0,0,158.0,0.0,0.0,1.139,0.0,0.0
Cédric Zesiger,2023-2024,de Bundesliga,382478,2,5.0,0,0,178.0,0.0,0.0,2.528,0.0,0.0
César Azpilicueta,2020-2021,eng Premier League,57500,21,17.0,12,11,1878.0,4.0,0.0,0.815,0.571,0.524
César Azpilicueta,2021-2022,eng Premier League,57500,16,17.0,4,5,1388.0,2.0,0.0,1.102,0.25,0.312
César Azpilicueta,2022-2023,eng Premier League,57500,12,15.0,3,2,1005.0,3.0,0.0,1.343,0.25,0.167
César Montes,2022-2023,es La Liga,387687,18,40.0,2,3,1569.0,6.0,0.0,2.294,0.111,0.167
César Montes,2023-2024,es La Liga,387687,4,7.0,1,1,304.0,0.0,0.0,2.072,0.25,0.25
César de la Hoz,2022-2023,es La Liga,226261,12,19.0,1,5,1007.0,4.0,0.0,1.698,0.083,0.417
Daam Foulon,2020-2021,it Serie A,338637,9,21.0,2,2,624.0,4.0,0.0,3.029,0.222,0.222
Daan Dierckx,2020-2021,it Serie A,621965,6,13.0,0,0,460.0,1.0,0.0,2.543,0.0,0.0
Daiki Hashioka,2023-2024,eng Premier League,387191,1,4.0,0,0,68.0,0.0,0.0,5.294,0.0,0.0
Dalbert,2020-2021,fr Ligue 1,312862,3,3.0,0,1,234.0,2.0,0.0,1.154,0.0,0.333
Daley Blind,2022-2023,de Bundesliga,12282,1,3.0,0,0,90.0,0.0,0.0,3.0,0.0,0.0
Daley Blind,2023-2024,es La Liga,12282,5,2.0,3,3,450.0,2.0,0.0,0.4,0.6,0.6
Daley Sinkgraven,2020-2021,de Bundesliga,215099,17,17.0,4,8,1394.0,3.0,0.0,1.098,0.235,0.471
Daley Sinkgraven,2021-2022,de Bundesliga,215099,3,3.0,1,2,230.0,0.0,0.0,1.174,0.333,0.667
Daley Sinkgraven,2022-2023,de Bundesliga,215099,2,5.0,0,0,120.0,0.0,0.0,3.75,0.0,0.0
Damien Da Silva,2020-2021,fr Ligue 1,57370,30,32.0,9,13,2665.0,7.0,1.0,1.081,0.3,0.433
Damien Da Silva,2021-2022,fr Ligue 1,57370,13,14.0,4,7,1034.0,5.0,0.0,1.219,0.308,0.538
Damien Da Silva,2022-2023,fr Ligue 1,57370,3,3.0,1,2,225.0,1.0,0.0,1.2,0.333,0.667
Damien Le Tallec,2020-2021,fr Ligue 1,59950,12,23.0,1,4,937.0,1.0,1.0,2.209,0.083,0.333
Damián Suárez,2020-2021,es La Liga,76746,26,31.0,10,9,2200.0,11.0,0.0,1.268,0.385,0.346
Damián Suárez,2021-2022,es La Liga,76746,25,24.0,10,7,2139.0,11.0,0.0,1.01,0.4,0.28
Damián Suárez,2022-2023,es La Liga,76746,15,13.0,7,5,1206.0,4.0,0.0,0.97,0.467,0.333
Damián Suárez,2023-2024,es La Liga,76746,1,2.0,0,0,90.0,0.0,0.0,2.0,0.0,0.0
Dan Burn,2020-2021,eng Premier League,134270,22,28.0,5,4,1906.0,4.0,0.0,1.322,0.227,0.182
Dan Burn,2021-2022,eng Premier League,134270,28,31.0,9,12,2442.0,8.0,0.0,1.143,0.321,0.429
Dan Burn,2022-2023,eng Premier League,134270,35,31.0,13,18,3068.0,5.0,0.0,0.909,0.371,0.514
Dan Burn,2023-2024,eng Premier League,134270,6,12.0,1,3,474.0,1.0,0.0,2.278,0.167,0.5
Dan-Axel Zagadou,2020-2021,de Bundesliga,344598,3,6.0,0,0,205.0,0.0,0.0,2.634,0.0,0.0
Dan-Axel Zagadou,2021-2022,de Bundesliga,344598,10,16.0,3,6,844.0,2.0,0.0,1.706,0.3,0.6
Dan-Axel Zagadou,2022-2023,de Bundesliga,344598,14,26.0,0,4,1213.0,3.0,0.0,1.929,0.0,0.286
Dan-Axel Zagadou,2023-2024,de Bundesliga,344598,2,3.0,0,1,180.0,0.0,0.0,1.5,0.0,0.5
Dango Ouattara,2023-2024,eng Premier League,823231,1,3.0,0,1,90.0,0.0,0.0,3.0,0.0,1.0
Dani Alves,2021-2022,es La Liga,15951,13,11.0,5,10,1100.0,2.0,1.0,0.9,0.385,0.769
Dani Calvo,2020-2021,es La Liga,326416,19,25.0,5,6,1665.0,3.0,0.0,1.351,0.263,0.316
Dani Ceballos,2020-2021,eng Premier League,319745,1,1.0,0,1,81.0,0.0,0.0,1.111,0.0,1.0
Dani García,2020-2021,es La Liga,178425,9,13.0,0,4,739.0,3.0,0.0,1.583,0.0,0.444
Dani García,2021-2022,es La Liga,178425,10,7.0,4,5,802.0,3.0,0.0,0.786,0.4,0.5
Dani García,2022-2023,es La Liga,178425,8,6.0,3,4,628.0,2.0,0.0,0.86,0.375,0.5
Dani García,2023-2024,es La Liga,178425,1,0.0,1,0,90.0,1.0,0.0,0.0,1.0,0.0
Dani Parejo,2020-2021,es La Liga,59561,11,11.0,3,7,911.0,2.0,0.0,1.087,0.273,0.636
Dani Parejo,2021-2022,es La Liga,59561,3,4.0,1,2,270.0,0.0,0.0,1.333,0.333,0.667
Dani Parejo,2022-2023,es La Liga,59561,23,28.0,6,11,2050.0,3.0,0.0,1.229,0.261,0.478
Dani Rodríguez,2022-2023,es La Liga,139435,1,3.0,0,0,56.0,0.0,0.0,4.821,0.0,0.0
Dani Rodríguez,2023-2024,es La Liga,139435,1,0.0,1,1,68.0,0.0,0.0,0.0,1.0,1.0
Dani Silva,2023-2024,it Serie A,372445,1,2.0,0,0,86.0,0.0,0.0,2.093,0.0,0.0
Dani Vivian,2021-2022,es La Liga,524000,22,22.0,7,9,1948.0,2.0,0.0,1.016,0.318,0.409
Dani Vivian,2022-2023,es La Liga,524000,26,23.0,8,8,2340.0,7.0,1.0,0.885,0.308,0.308
Dani Vivian,2023-2024,es La Liga,524000,6,6.0,3,3,540.0,3.0,0.0,1.0,0.5,0.5
Daniel Amartey,2020-2021,eng Premier League,214056,8,14.0,0,3,640.0,2.0,0.0,1.969,0.0,0.375
Daniel Amartey,2021-2022,eng Premier League,214056,23,38.0,5,10,2025.0,4.0,0.0,1.689,0.217,0.435
Daniel Amartey,2022-2023,eng Premier League,214056,18,26.0,5,4,1569.0,1.0,0.0,1.491,0.278,0.222
Daniel Bessa,2021-2022,it Serie A,140757,1,2.0,0,1,64.0,0.0,0.0,2.812,0.0,1.0
Daniel Boloca,2023-2024,it Serie A,441515,3,5.0,0,0,191.0,1.0,0.0,2.356,0.0,0.0
Daniel Brosinski,2020-2021,de Bundesliga,43984,10,29.0,0,1,818.0,0.0,0.0,3.191,0.0,0.1
Daniel Caligiuri,2020-2021,de Bundesliga,38410,1,1.0,0,0,90.0,0.0,0.0,1.0,0.0,0.0
Daniel Caligiuri,2021-2022,de Bundesliga,38410,1,1.0,0,0,84.0,0.0,0.0,1.071,0.0,0.0
Daniel Carvajal,2020-2021,es La Liga,138927,11,6.0,6,7,890.0,5.0,0.0,0.607,0.545,0.636
Daniel Carvajal,2021-2022,es La Liga,138927,17,13.0,9,13,1382.0,1.0,0.0,0.847,0.529,0.765
Daniel Carvajal,2022-2023,es La Liga,138927,20,23.0,4,11,1654.0,8.0,0.0,1.252,0.2,0.55
Daniel Carvajal,2023-2024,es La Liga,138927,6,8.0,1,4,540.0,1.0,0.0,1.333,0.167,0.667
Daniel Congré,2020-2021,fr Ligue 1,22386,38,62.0,5,14,3296.0,4.0,0.0,1.693,0.132,0.368
Daniel Muñoz,2023-2024,eng Premier League,493003,2,7.0,0,0,180.0,2.0,0.0,3.5,0.0,0.0
Daniel Wass,2020-2021,es La Liga,63463,13,20.0,1,2,0.0,0.0,0.0,6.0,0.077,0.154
Daniel Wass,2021-2022,es La Liga,63463,1,1.0,0,1,90.0,0.0,0.0,1.0,0.0,1.0
Daniele Baselli,2020-2021,it Serie A,134883,1,0.0,1,1,90.0,0.0,0.0,0.0,1.0,1.0
Daniele Rugani,2020-2021,fr Ligue 1,162959,1,1.0,0,0,90.0,1.0,0.0,1.0,0.0,0.0
Daniele Rugani,2020-2021,it Serie A,162959,12,17.0,2,3,991.0,2.0,0.0,1.544,0.167,0.25
Daniele Rugani,2021-2022,it Serie A,162959,9,8.0,4,6,774.0,2.0,0.0,0.93,0.444,0.667
Daniele Rugani,2022-2023,it Serie A,162959,6,1.0,5,4,529.0,0.0,0.0,0.17,0.833,0.667
Daniele Rugani,2023-2024,it Serie A,162959,3,6.0,0,1,270.0,0.0,0.0,2.0,0.0,0.333
Danilho Doekhi,2022-2023,de Bundesliga,387047,25,27.0,9,13,2217.0,0.0,0.0,1.096,0.36,0.52
Danilho Doekhi,2023-2024,de Bundesliga,387047,8,10.0,2,3,720.0,2.0,0.0,1.25,0.25,0.375
Danilo,2020-2021,it Serie A,32816,34,57.0,5,10,3060.0,8.0,0.0,1.676,0.147,0.294
Danilo,2020-2021,it Serie A,145707,32,28.0,8,22,2814.0,5.0,0.0,0.896,0.25,0.688
Danilo,2021-2022,it Serie A,145707,22,20.0,7,13,1895.0,6.0,0.0,0.95,0.318,0.591
Danilo,2022-2023,eng Premier League,808509,3,5.0,0,1,270.0,0.0,0.0,1.667,0.0,0.333
Danilo,2022-2023,it Serie A,145707,35,25.0,20,22,3150.0,5.0,0.0,0.714,0.571,0.629
Danilo,2023-2024,eng Premier League,808509,5,10.0,1,1,421.0,1.0,0.0,2.138,0.2,0.2
Danilo,2023-2024,it Serie A,145707,5,5.0,2,1,450.0,2.0,0.0,1.0,0.4,0.2
Danilo Barbosa,2020-2021,fr Ligue 1,273438,3,4.0,1,0,243.0,2.0,0.0,1.481,0.333,0.0
Danilo Barbosa,2021-2022,fr Ligue 1,273438,1,0.0,1,0,90.0,0.0,0.0,0.0,1.0,0.0
Danilo Cataldi,2020-2021,it Serie A,199733,3,4.0,1,1,179.0,1.0,0.0,2.011,0.333,0.333
Danilo Cataldi,2021-2022,it Serie A,199733,19,32.0,4,8,1409.0,5.0,0.0,2.044,0.211,0.421
Danilo Cataldi,2022-2023,it Serie A,199733,26,23.0,13,14,1890.0,5.0,0.0,1.095,0.5,0.538
Danilo Cataldi,2023-2024,it Serie A,199733,7,9.0,2,3,520.0,2.0,0.0,1.558,0.286,0.429
Danilo D'Ambrosio,2020-2021,it Serie A,55769,7,10.0,1,6,605.0,1.0,0.0,1.488,0.143,0.857
Danilo D'Ambrosio,2021-2022,it Serie A,55769,9,2.0,7,6,807.0,1.0,0.0,0.223,0.778,0.667
Danilo D'Ambrosio,2022-2023,it Serie A,55769,8,11.0,2,6,579.0,2.0,0.0,1.71,0.25,0.75
Danilo D'Ambrosio,2023-2024,it Serie A,55769,2,0.0,2,1,172.0,0.0,0.0,0.0,1.0,0.5
Danilo Pereira,2020-2021,fr Ligue 1,141050,16,16.0,7,11,1301.0,3.0,0.0,1.107,0.438,0.688
Danilo Pereira,2021-2022,fr Ligue 1,141050,16,13.0,6,10,1407.0,2.0,0.0,0.832,0.375,0.625
Danilo Pereira,2022-2023,fr Ligue 1,141050,26,24.0,10,18,2179.0,3.0,0.0,0.991,0.385,0.692
Danilo Pereira,2023-2024,fr Ligue 1,141050,6,8.0,1,3,520.0,0.0,0.0,1.385,0.167,0.5
Danilo Soares,2021-2022,de Bundesliga,154396,30,44.0,7,11,2566.0,4.0,0.0,1.543,0.233,0.367
Danilo Soares,2022-2023,de Bundesliga,154396,23,47.0,4,8,1773.0,6.0,0.0,2.386,0.174,0.348
Danley Jean Jacques,2023-2024,fr Ligue 1,628834,4,6.0,1,1,360.0,1.0,0.0,1.5,0.25,0.25
Danny Latza,2020-2021,de Bundesliga,39025,6,14.0,0,1,504.0,3.0,0.0,2.5,0.0,0.167
Danny Latza,2022-2023,de Bundesliga,39025,5,17.0,1,0,423.0,1.0,0.0,3.617,0.2,0.0
Danny Rose,2021-2022,eng Premier League,50174,7,14.0,0,1,611.0,3.0,0.0,2.062,0.0,0.143
Danny da Costa,2020-2021,de Bundesliga,85906,3,3.0,1,3,253.0,1.0,0.0,1.067,0.333,1.0
Danny da Costa,2021-2022,de Bundesliga,85906,2,2.0,0,0,180.0,1.0,0.0,1.0,0.0,0.0
Danny da Costa,2022-2023,de Bundesliga,85906,1,0.0,1,1,69.0,0.0,0.0,0.0,1.0,1.0
Danny da Costa,2023-2024,de Bundesliga,85906,1,1.0,0,0,45.0,0.0,0.0,2.0,0.0,0.0
Dante,2020-2021,fr Ligue 1,16136,9,10.0,3,5,775.0,2.0,0.0,1.161,0.333,0.556
Dante,2021-2022,fr Ligue 1,16136,33,28.0,14,18,2828.0,7.0,2.0,0.891,0.424,0.545
Dante,2022-2023,fr Ligue 1,16136,37,36.0,11,15,3300.0,6.0,0.0,0.982,0.297,0.405
Dante,2023-2024,fr Ligue 1,16136,7,8.0,3,2,594.0,1.0,1.0,1.212,0.429,0.286
Danylo Ignatenko,2021-2022,fr Ligue 1,376082,6,10.0,2,2,540.0,3.0,0.0,1.667,0.333,0.333
Dara O'Shea,2020-2021,eng Premier League,401320,25,54.0,3,4,2031.0,3.0,0.0,2.393,0.12,0.16
Dara O'Shea,2023-2024,eng Premier League,401320,8,21.0,0,1,720.0,2.0,0.0,2.625,0.0,0.125
Dario Maresic,2020-2021,fr Ligue 1,307807,5,7.0,0,0,450.0,0.0,0.0,1.4,0.0,0.0
Darko Brasanac,2020-2021,es La Liga,95641,1,1.0,0,1,90.0,0.0,0.0,1.0,0.0,1.0
Darko Brasanac,2021-2022,es La Liga,95641,2,2.0,0,1,163.0,1.0,0.0,1.104,0.0,0.5
Darko Brasanac,2022-2023,es La Liga,95641,2,1.0,1,2,123.0,0.0,0.0,0.732,0.5,1.0
Darlin Yongwa,2022-2023,fr Ligue 1,717118,1,1.0,0,0,90.0,0.0,0.0,1.0,0.0,0.0
Darnell Furlong,2020-2021,eng Premier League,351755,25,51.0,5,3,2228.0,3.0,0.0,2.06,0.2,0.12
David Abraham,2020-2021,de Bundesliga,58178,14,19.0,1,5,1224.0,5.0,0.0,1.397,0.071,0.357
David Alaba,2020-2021,de Bundesliga,59016,28,39.0,7,19,2500.0,4.0,0.0,1.404,0.25,0.679
David Alaba,2021-2022,es La Liga,59016,30,26.0,12,21,2644.0,2.0,0.0,0.885,0.4,0.7
David Alaba,2022-2023,es La Liga,59016,21,20.0,6,16,1804.0,3.0,0.0,0.998,0.286,0.762
David García,2020-2021,es La Liga,298589,35,41.0,11,11,3150.0,8.0,0.0,1.171,0.314,0.314
David García,2021-2022,es La Liga,298589,35,46.0,12,12,3105.0,8.0,0.0,1.333,0.343,0.343
David García,2022-2023,es La Liga,298589,31,36.0,8,14,2668.0,8.0,1.0,1.214,0.258,0.452
David García,2023-2024,es La Liga,298589,7,7.0,3,4,607.0,2.0,0.0,1.038,0.429,0.571
David Luiz,2020-2021,eng Premier League,46741,17,21.0,4,7,1362.0,1.0,1.0,1.388,0.235,0.412
David López,2021-2022,es La Liga,129444,7,4.0,4,1,491.0,0.0,0.0,0.733,0.571,0.143
David López,2022-2023,es La Liga,129444,19,25.0,1,5,1613.0,5.0,0.0,1.395,0.053,0.263
David López,2023-2024,es La Liga,129444,2,0.0,2,2,160.0,0.0,0.0,0.0,1.0,1.0
David Nemeth,2021-2022,de Bundesliga,451906,2,3.0,0,1,165.0,0.0,0.0,1.636,0.0,0.5
David Raum,2021-2022,de Bundesliga,318204,17,37.0,3,6,1492.0,3.0,0.0,2.232,0.176,0.353
David Raum,2022-2023,de Bundesliga,318204,10,11.0,4,8,827.0,4.0,0.0,1.197,0.4,0.8
David Raum,2023-2024,de Bundesliga,318204,9,14.0,3,5,793.0,2.0,0.0,1.589,0.333,0.556
David Schnegg,2021-2022,it Serie A,378260,2,2.0,0,1,0.0,0.0,0.0,6.0,0.0,0.5
David Timor,2020-2021,es La Liga,158795,14,14.0,4,2,1112.0,4.0,1.0,1.133,0.286,0.143
David Timor,2021-2022,es La Liga,158795,2,3.0,1,0,0.0,0.0,0.0,6.0,0.5,0.0
David Torres,2022-2023,es La Liga,857832,2,6.0,0,0,170.0,1.0,0.0,3.176,0.0,0.0
David Zima,2021-2022,it Serie A,544149,13,17.0,3,5,1137.0,2.0,0.0,1.346,0.231,0.385
David Zima,2022-2023,it Serie A,544149,4,3.0,1,2,334.0,0.0,0.0,0.808,0.25,0.5
Davide Biraschi,2020-2021,it Serie A,199927,8,17.0,1,2,675.0,1.0,0.0,2.267,0.125,0.25
Davide Biraschi,2021-2022,it Serie A,199927,10,17.0,3,1,739.0,3.0,0.0,2.07,0.3,0.1
Davide Calabria,2020-2021,it Serie A,262523,30,32.0,13,20,2611.0,7.0,0.0,1.103,0.433,0.667
Davide Calabria,2021-2022,it Serie A,262523,24,15.0,13,18,2086.0,2.0,0.0,0.647,0.542,0.75
Davide Calabria,2022-2023,it Serie A,262523,20,27.0,5,11,1586.0,5.0,0.0,1.532,0.25,0.55
Davide Calabria,2023-2024,it Serie A,262523,6,7.0,2,5,437.0,1.0,0.0,1.442,0.333,0.833
Davide Faraoni,2020-2021,it Serie A,73926,2,5.0,0,0,180.0,2.0,0.0,2.5,0.0,0.0
Davide Faraoni,2021-2022,it Serie A,73926,1,1.0,0,0,90.0,0.0,0.0,1.0,0.0,0.0
Davide Faraoni,2022-2023,it Serie A,73926,1,6.0,0,0,90.0,0.0,0.0,6.0,0.0,0.0
Davide Faraoni,2023-2024,it Serie A,73926,3,5.0,0,0,242.0,0.0,0.0,1.86,0.0,0.0
Davide Frattesi,2021-2022,it Serie A,394300,2,3.0,0,1,161.0,1.0,0.0,1.677,0.0,0.5
Davide Santon,2020-2021,it Serie A,84344,3,7.0,0,1,208.0,2.0,0.0,3.029,0.0,0.333
Davide Zappacosta,2020-2021,it Serie A,173859,1,0.0,1,1,90.0,0.0,0.0,0.0,1.0,1.0
Davide Zappacosta,2021-2022,it Serie A,173859,3,3.0,1,1,194.0,1.0,0.0,1.392,0.333,0.333
Davide Zappacosta,2022-2023,it Serie A,173859,1,0.0,1,1,45.0,0.0,0.0,0.0,1.0,1.0
Davinson Sánchez,2020-2021,eng Premier League,341429,17,22.0,4,8,1485.0,1.0,0.0,1.333,0.235,0.471
Davinson Sánchez,2021-2022,eng Premier League,341429,17,15.0,10,11,1530.0,4.0,0.0,0.882,0.588,0.647
Davinson Sánchez,2022-2023,eng Premier League,341429,8,11.0,2,5,648.0,1.0,0.0,1.528,0.25,0.625
Dayot Upamecano,2020-2021,de Bundesliga,344695,27,28.0,11,13,2259.0,6.0,0.0,1.116,0.407,0.481
Dayot Upamecano,2021-2022,de Bundesliga,344695,25,26.0,8,18,2160.0,4.0,0.0,1.083,0.32,0.72
Dayot Upamecano,2022-2023,de Bundesliga,344695,27,32.0,7,15,2340.0,6.0,1.0,1.231,0.259,0.556
Dayot Upamecano,2023-2024,de Bundesliga,344695,3,4.0,1,1,195.0,0.0,0.0,1.846,0.333,0.333
DeAndre Yedlin,2020-2021,eng Premier League,255916,5,6.0,1,0,433.0,0.0,0.0,1.247,0.2,0.0
Dean Huijsen,2023-2024,it Serie A,890290,3,5.0,1,2,225.0,2.0,0.0,2.0,0.333,0.667
Declan Rice,2020-2021,eng Premier League,357662,32,37.0,11,16,2880.0,2.0,0.0,1.156,0.344,0.5
Declan Rice,2021-2022,eng Premier League,357662,35,48.0,8,15,3150.0,8.0,0.0,1.371,0.229,0.429
Declan Rice,2022-2023,eng Premier League,357662,34,48.0,8,10,3060.0,4.0,0.0,1.412,0.235,0.294
Declan Rice,2023-2024,eng Premier League,357662,5,2.0,3,5,399.0,1.0,0.0,0.451,0.6,1.0
Dedryck Boyata,2020-2021,de Bundesliga,88262,17,27.0,5,5,1500.0,3.0,0.0,1.62,0.294,0.294
Dedryck Boyata,2021-2022,de Bundesliga,88262,22,42.0,5,8,1897.0,1.0,1.0,1.993,0.227,0.364
Deiver Machado,2021-2022,fr Ligue 1,332560,1,0.0,1,1,90.0,0.0,0.0,0.0,1.0,1.0
Dejan Ljubicic,2021-2022,de Bundesliga,287188,4,6.0,0,0,343.0,0.0,0.0,1.574,0.0,0.0
Dejan Ljubicic,2022-2023,de Bundesliga,287188,4,9.0,0,1,333.0,0.0,0.0,2.432,0.0,0.25
Dejan Ljubicic,2023-2024,de Bundesliga,287188,1,2.0,0,0,90.0,1.0,0.0,2.0,0.0,0.0
Dejan Lovren,2022-2023,fr Ligue 1,37838,17,21.0,5,8,1462.0,2.0,0.0,1.293,0.294,0.471
Dejan Lovren,2023-2024,fr Ligue 1,37838,1,3.0,0,0,90.0,0.0,0.0,3.0,0.0,0.0
Denis Huseinbasic,2023-2024,de Bundesliga,678479,6,11.0,1,1,499.0,2.0,0.0,1.984,0.167,0.167
Denis Odoi,2020-2021,eng Premier League,59641,3,10.0,0,0,270.0,1.0,0.0,3.333,0.0,0.0
Denis Suárez,2020-2021,es La Liga,165007,1,1.0,0,0,90.0,0.0,0.0,1.0,0.0,0.0
Denis Suárez,2022-2023,es La Liga,165007,2,7.0,0,0,101.0,0.0,0.0,6.0,0.0,0.0
Denis Vavro,2020-2021,es La Liga,239962,9,7.0,4,3,557.0,1.0,0.0,1.131,0.444,0.333
Denis Zakaria,2020-2021,de Bundesliga,334526,13,23.0,2,5,1050.0,2.0,0.0,1.971,0.154,0.385
Denis Zakaria,2021-2022,de Bundesliga,334526,15,27.0,2,5,1350.0,4.0,0.0,1.8,0.133,0.333
Denis Zakaria,2021-2022,it Serie A,334526,3,4.0,0,3,216.0,1.0,0.0,1.667,0.0,1.0
Denis Zakaria,2022-2023,eng Premier League,334526,3,5.0,0,0,220.0,0.0,0.0,2.045,0.0,0.0
Denis Zakaria,2023-2024,fr Ligue 1,334526,6,10.0,1,3,527.0,6.0,0.0,1.708,0.167,0.5
Dennis Appiah,2020-2021,fr Ligue 1,111038,16,22.0,3,6,1389.0,2.0,0.0,1.425,0.188,0.375
Dennis Appiah,2021-2022,fr Ligue 1,111038,21,24.0,6,7,1837.0,4.0,0.0,1.176,0.286,0.333
Dennis Appiah,2022-2023,fr Ligue 1,111038,7,13.0,1,1,512.0,1.0,0.0,2.285,0.143,0.143
Dennis Geiger,2020-2021,de Bundesliga,251309,2,2.0,0,1,148.0,1.0,0.0,1.216,0.0,0.5
Dennis Geiger,2021-2022,de Bundesliga,251309,6,12.0,0,3,464.0,3.0,0.0,2.328,0.0,0.5
Dennis Geiger,2022-2023,de Bundesliga,251309,22,33.0,5,10,1637.0,7.0,0.0,1.814,0.227,0.455
Dennis Hadzikadunic,2022-2023,es La Liga,322065,7,12.0,2,3,592.0,1.0,0.0,1.824,0.286,0.429
Denys Bain,2021-2022,fr Ligue 1,184575,2,6.0,0,0,180.0,0.0,0.0,3.0,0.0,0.0
Denys Bain,2022-2023,fr Ligue 1,184575,1,2.0,0,0,90.0,0.0,0.0,2.0,0.0,0.0
Destiny Udogie,2021-2022,it Serie A,556385,2,7.0,0,0,180.0,1.0,0.0,3.5,0.0,0.0
Destiny Udogie,2023-2024,eng Premier League,556385,6,9.0,1,4,530.0,0.0,0.0,1.528,0.167,0.667
Deyovaisio Zeefuik,2020-2021,de Bundesliga,338032,6,5.0,3,1,416.0,1.0,0.0,1.082,0.5,0.167
Deyovaisio Zeefuik,2021-2022,de Bundesliga,338032,4,11.0,1,1,0.0,0.0,0.0,6.0,0.25,0.25
Diadié Samassékou,2020-2021,de Bundesliga,315604,31,51.0,5,10,2575.0,3.0,0.0,1.783,0.161,0.323
Diadié Samassékou,2021-2022,de Bundesliga,315604,19,35.0,5,7,1494.0,6.0,0.0,2.108,0.263,0.368
Diadié Samassékou,2022-2023,de Bundesliga,315604,1,3.0,0,0,24.0,1.0,0.0,6.0,0.0,0.0
Didier Ndong,2020-2021,fr Ligue 1,210081,14,27.0,1,1,1260.0,4.0,0.0,1.929,0.071,0.071
Diego Carlos,2020-2021,es La Liga,329145,32,30.0,13,19,2782.0,11.0,0.0,0.971,0.406,0.594
Diego Carlos,2021-2022,es La Liga,329145,34,29.0,14,17,2959.0,4.0,0.0,0.882,0.412,0.5
Diego Carlos,2022-2023,eng Premier League,329145,2,3.0,0,1,180.0,0.0,0.0,1.5,0.0,0.5
Diego Carlos,2023-2024,eng Premier League,329145,2,2.0,1,1,180.0,0.0,0.0,1.0,0.5,0.5
Diego Coppola,2021-2022,it Serie A,660860,3,5.0,0,1,240.0,0.0,0.0,1.875,0.0,0.333
Diego Coppola,2022-2023,it Serie A,660860,11,13.0,2,2,935.0,5.0,0.0,1.251,0.182,0.182
Diego Coppola,2023-2024,it Serie A,660860,4,5.0,2,2,355.0,2.0,0.0,1.268,0.5,0.5
Diego Demme,2020-2021,it Serie A,82070,20,17.0,9,12,1568.0,6.0,0.0,0.976,0.45,0.6
Diego Demme,2021-2022,it Serie A,82070,6,4.0,2,3,434.0,1.0,0.0,0.829,0.333,0.5
Diego Demme,2022-2023,it Serie A,82070,2,0.0,2,1,109.0,0.0,0.0,0.0,1.0,0.5
Diego Godín,2020-2021,it Serie A,54928,28,41.0,6,9,2510.0,3.0,0.0,1.47,0.214,0.321
Diego Godín,2021-2022,it Serie A,54928,9,22.0,0,1,0.0,0.0,0.0,6.0,0.0,0.111
Diego González,2020-2021,es La Liga,349836,15,21.0,2,2,1253.0,5.0,0.0,1.508,0.133,0.133
Diego González,2021-2022,es La Liga,349836,19,24.0,5,5,1622.0,3.0,1.0,1.332,0.263,0.263
Diego González,2022-2023,es La Liga,349836,8,17.0,0,0,681.0,5.0,0.0,2.247,0.0,0.0
Diego Hormigo,2022-2023,es La Liga,767229,1,2.0,0,0,45.0,1.0,0.0,4.0,0.0,0.0
Diego Llorente,2020-2021,eng Premier League,246291,14,11.0,5,8,1124.0,0.0,0.0,0.881,0.357,0.571
Diego Llorente,2020-2021,es La Liga,246291,1,1.0,0,0,90.0,0.0,0.0,1.0,0.0,0.0
Diego Llorente,2021-2022,eng Premier League,246291,28,49.0,5,8,2343.0,7.0,0.0,1.882,0.179,0.286
Diego Llorente,2022-2023,eng Premier League,246291,7,12.0,1,2,630.0,1.0,0.0,1.714,0.143,0.286
Diego Llorente,2022-2023,it Serie A,246291,5,5.0,3,3,450.0,0.0,0.0,1.0,0.6,0.6
Diego Llorente,2023-2024,it Serie A,246291,5,4.0,2,4,415.0,1.0,0.0,0.867,0.4,0.8
Diego Moreno,2022-2023,es La Liga,634122,7,6.0,2,2,596.0,0.0,0.0,0.906,0.286,0.286
Diego Rico,2021-2022,es La Liga,249513,19,13.0,9,6,1633.0,4.0,0.0,0.716,0.474,0.316
Diego Rico,2022-2023,es La Liga,249513,18,14.0,6,10,1540.0,3.0,0.0,0.818,0.333,0.556
Diego Rico,2023-2024,es La Liga,249513,7,14.0,1,2,630.0,2.0,0.0,2.0,0.143,0.286
Dimitri Foulquier,2020-2021,es La Liga,170472,27,49.0,6,10,2276.0,7.0,0.0,1.938,0.222,0.37
Dimitri Foulquier,2021-2022,es La Liga,170472,22,33.0,8,5,1950.0,10.0,0.0,1.523,0.364,0.227
Dimitri Foulquier,2022-2023,es La Liga,170472,16,21.0,3,5,1403.0,3.0,0.0,1.347,0.188,0.312
Dimitri Foulquier,2023-2024,es La Liga,170472,8,8.0,3,3,701.0,0.0,0.0,1.027,0.375,0.375
Dimitri Liénard,2020-2021,fr Ligue 1,314940,4,2.0,3,3,354.0,2.0,0.0,0.508,0.75,0.75
Dimitri Liénard,2021-2022,fr Ligue 1,314940,13,16.0,5,7,1121.0,5.0,0.0,1.285,0.385,0.538
Dimitri Liénard,2022-2023,fr Ligue 1,314940,4,3.0,2,3,256.0,2.0,0.0,1.055,0.5,0.75
Dimitrios Giannoulis,2021-2022,eng Premier League,295630,10,26.0,2,1,804.0,0.0,0.0,2.91,0.2,0.1
Dimitrios Nikolaou,2021-2022,it Serie A,292772,36,64.0,7,10,3240.0,7.0,0.0,1.778,0.194,0.278
Dimitrios Nikolaou,2022-2023,it Serie A,292772,34,55.0,6,5,2951.0,9.0,1.0,1.677,0.176,0.147
Dimitrios Siovas,2020-2021,es La Liga,52403,34,48.0,9,6,3003.0,5.0,0.0,1.439,0.265,0.176
Diogo Dalot,2020-2021,it Serie A,357147,10,12.0,4,5,891.0,3.0,0.0,1.212,0.4,0.5
Diogo Dalot,2021-2022,eng Premier League,357147,19,26.0,5,9,1699.0,3.0,0.0,1.377,0.263,0.474
Diogo Dalot,2022-2023,eng Premier League,357147,24,34.0,10,13,2131.0,6.0,0.0,1.436,0.417,0.542
Diogo Dalot,2023-2024,eng Premier League,357147,7,10.0,2,5,630.0,0.0,0.0,1.429,0.286,0.714
Diogo Leite,2022-2023,de Bundesliga,357156,26,32.0,10,15,2224.0,6.0,1.0,1.295,0.385,0.577
Diogo Leite,2023-2024,de Bundesliga,357156,7,6.0,3,4,613.0,2.0,0.0,0.881,0.429,0.571
Dion Lopy,2021-2022,fr Ligue 1,649033,11,13.0,1,3,876.0,2.0,0.0,1.336,0.091,0.273
Dion Lopy,2022-2023,fr Ligue 1,649033,14,15.0,5,5,1007.0,3.0,1.0,1.341,0.357,0.357
Dion Lopy,2023-2024,es La Liga,649033,5,10.0,1,0,406.0,2.0,0.0,2.217,0.2,0.0
Djed Spence,2022-2023,fr Ligue 1,483348,7,7.0,4,3,567.0,0.0,0.0,1.111,0.571,0.429
Djené,2020-2021,es La Liga,221150,34,39.0,13,9,2945.0,8.0,1.0,1.192,0.382,0.265
Djené,2021-2022,es La Liga,221150,35,38.0,13,7,3117.0,11.0,1.0,1.097,0.371,0.2
Djené,2022-2023,es La Liga,221150,33,42.0,11,8,2843.0,10.0,1.0,1.33,0.333,0.242
Djené,2023-2024,es La Liga,221150,9,14.0,2,3,733.0,4.0,0.0,1.719,0.222,0.333
Djibril Sidibé,2020-2021,fr Ligue 1,161869,21,24.0,8,14,1784.0,2.0,0.0,1.211,0.381,0.667
Djibril Sidibé,2021-2022,fr Ligue 1,161869,11,9.0,3,5,768.0,4.0,0.0,1.055,0.273,0.455
Djibril Sow,2020-2021,de Bundesliga,212723,14,24.0,2,7,1200.0,3.0,0.0,1.8,0.143,0.5
Djibril Sow,2021-2022,de Bundesliga,212723,20,30.0,3,8,1678.0,3.0,0.0,1.609,0.15,0.4
Djibril Sow,2022-2023,de Bundesliga,212723,9,16.0,1,5,757.0,3.0,0.0,1.902,0.111,0.556
Djibril Sow,2023-2024,es La Liga,212723,1,5.0,0,0,77.0,1.0,0.0,5.844,0.0,0.0
Dodô,2022-2023,it Serie A,401529,28,34.0,8,10,2194.0,4.0,0.0,1.395,0.286,0.357
Domagoj Bradaric,2020-2021,fr Ligue 1,357796,13,9.0,7,9,1033.0,3.0,0.0,0.784,0.538,0.692
Domagoj Bradaric,2021-2022,fr Ligue 1,357796,2,4.0,0,0,180.0,0.0,0.0,2.0,0.0,0.0
Domagoj Bradaric,2022-2023,it Serie A,357796,3,6.0,0,1,240.0,2.0,0.0,2.25,0.0,0.333
Domagoj Bradaric,2023-2024,it Serie A,357796,4,8.0,0,0,352.0,0.0,0.0,2.045,0.0,0.0
Domen Crnigoj,2021-2022,it Serie A,216599,1,2.0,0,0,64.0,0.0,0.0,2.812,0.0,0.0
Domen Crnigoj,2022-2023,it Serie A,216599,1,2.0,0,0,75.0,0.0,0.0,2.4,0.0,0.0
Domenico Criscito,2020-2021,it Serie A,44136,19,21.0,5,6,1625.0,6.0,0.0,1.163,0.263,0.316
Domenico Criscito,2021-2022,it Serie A,44136,17,35.0,1,2,1483.0,4.0,0.0,2.124,0.059,0.118
Domingos Duarte,2020-2021,es La Liga,257376,26,51.0,6,8,2260.0,5.0,1.0,2.031,0.231,0.308
Domingos Duarte,2021-2022,es La Liga,257376,19,31.0,5,3,1622.0,6.0,1.0,1.72,0.263,0.158
Domingos Duarte,2022-2023,es La Liga,257376,30,41.0,9,6,2645.0,11.0,0.0,1.395,0.3,0.2
Domingos Duarte,2023-2024,es La Liga,257376,2,5.0,0,0,135.0,0.0,0.0,3.333,0.0,0.0
Dominik Kohr,2020-2021,de Bundesliga,118847,4,4.0,2,2,360.0,0.0,0.0,1.0,0.5,0.5
Dominik Kohr,2021-2022,de Bundesliga,118847,12,11.0,4,5,963.0,4.0,0.0,1.028,0.333,0.417
Dominik Kohr,2022-2023,de Bundesliga,118847,21,31.0,5,6,1747.0,7.0,0.0,1.597,0.238,0.286
Dominik Kohr,2023-2024,de Bundesliga,118847,6,7.0,2,2,452.0,5.0,0.0,1.394,0.333,0.333
Dominique Heintz,2020-2021,de Bundesliga,110036,14,25.0,2,3,1260.0,3.0,0.0,1.786,0.143,0.214
Dominique Heintz,2021-2022,de Bundesliga,110036,7,8.0,0,3,474.0,0.0,0.0,1.519,0.0,0.429
Dominique Heintz,2022-2023,de Bundesliga,110036,8,19.0,1,2,646.0,1.0,0.0,2.647,0.125,0.25
Donny van de Beek,2021-2022,eng Premier League,288255,1,0.0,1,1,90.0,0.0,0.0,0.0,1.0,1.0
Douglas Augusto,2023-2024,fr Ligue 1,393621,4,6.0,1,1,325.0,3.0,0.0,1.662,0.25,0.25
Douglas Luiz,2020-2021,eng Premier League,447661,30,39.0,12,12,2594.0,9.0,0.0,1.353,0.4,0.4
Douglas Luiz,2021-2022,eng Premier League,447661,25,35.0,9,8,2137.0,6.0,0.0,1.474,0.36,0.32
Douglas Luiz,2022-2023,eng Premier League,447661,14,14.0,5,6,1202.0,2.0,1.0,1.048,0.357,0.429
Douglas Luiz,2023-2024,eng Premier League,447661,1,4.0,0,0,90.0,0.0,0.0,4.0,0.0,0.0
Duje Caleta-Car,2020-2021,fr Ligue 1,238266,32,42.0,5,12,2815.0,8.0,1.0,1.343,0.156,0.375
Duje Caleta-Car,2021-2022,fr Ligue 1,238266,24,25.0,8,10,2030.0,6.0,0.0,1.108,0.333,0.417
Duje Caleta-Car,2022-2023,eng Premier League,238266,9,11.0,1,2,773.0,2.0,0.0,1.281,0.111,0.222
Duje Caleta-Car,2023-2024,fr Ligue 1,238266,7,7.0,3,6,630.0,0.0,0.0,1.0,0.429,0.857
Dwight McNeil,2022-2023,eng Premier League,584769,1,1.0,0,0,90.0,0.0,0.0,1.0,0.0,0.0
Dylan Bronn,2020-2021,fr Ligue 1,450417,38,48.0,8,12,3413.0,4.0,0.0,1.266,0.211,0.316
Dylan Bronn,2021-2022,fr Ligue 1,450417,28,55.0,6,3,2520.0,10.0,0.0,1.964,0.214,0.107
Dylan Bronn,2022-2023,it Serie A,450417,18,32.0,2,3,1515.0,4.0,1.0,1.901,0.111,0.167
Dylan Chambost,2021-2022,fr Ligue 1,508941,1,0.0,1,0,76.0,0.0,0.0,0.0,1.0,0.0
Dídac Vilà,2021-2022,es La Liga,67090,1,1.0,0,0,90.0,0.0,0.0,1.0,0.0,0.0
Eberechi Eze,2021-2022,eng Premier League,479999,1,1.0,0,0,78.0,0.0,0.0,1.154,0.0,0.0
Ebrima Darboe,2020-2021,it Serie A,647484,4,5.0,2,2,317.0,2.0,0.0,1.42,0.5,0.5
Ebrima Darboe,2021-2022,it Serie A,647484,1,0.0,1,1,64.0,0.0,0.0,0.0,1.0,1.0
Edgar González,2021-2022,es La Liga,401624,14,16.0,4,8,1260.0,5.0,0.0,1.143,0.286,0.571
Edgar González,2022-2023,es La Liga,401624,18,19.0,5,10,1588.0,5.0,0.0,1.077,0.278,0.556
Edgar González,2023-2024,es La Liga,401624,8,14.0,1,0,686.0,4.0,0.0,1.837,0.125,0.0
Edimilson Fernandes,2020-2021,de Bundesliga,247555,4,8.0,1,0,328.0,0.0,0.0,2.195,0.25,0.0
Edimilson Fernandes,2022-2023,de Bundesliga,247555,25,41.0,4,8,2099.0,4.0,0.0,1.758,0.16,0.32
Edimilson Fernandes,2023-2024,de Bundesliga,247555,1,1.0,0,0,90.0,0.0,0.0,1.0,0.0,0.0
Edmond Tapsoba,2020-2021,de Bundesliga,564545,29,35.0,6,11,2610.0,5.0,0.0,1.207,0.207,0.379
Edmond Tapsoba,2021-2022,de Bundesliga,564545,19,24.0,5,11,1710.0,1.0,0.0,1.263,0.263,0.579
Edmond Tapsoba,2022-2023,de Bundesliga,564545,32,47.0,8,12,2845.0,5.0,0.0,1.487,0.25,0.375
Edmond Tapsoba,2023-2024,de Bundesliga,564545,3,1.0,2,3,270.0,1.0,0.0,0.333,0.667,1.0
Edo Kayembe,2021-2022,eng Premier League,486477,6,12.0,1,0,531.0,0.0,0.0,2.034,0.167,0.0
Edoardo Bove,2022-2023,it Serie A,562049,2,3.0,0,0,174.0,0.0,0.0,1.552,0.0,0.0
Edoardo Goldaniga,2020-2021,it Serie A,242940,16,30.0,2,4,1380.0,4.0,0.0,1.957,0.125,0.25
Edoardo Goldaniga,2021-2022,it Serie A,242940,11,19.0,0,2,937.0,3.0,0.0,1.825,0.0,0.182
Edson Álvarez,2023-2024,eng Premier League,401356,7,16.0,0,2,585.0,3.0,0.0,2.462,0.0,0.286
Edu Expósito,2020-2021,es La Liga,506248,1,0.0,1,1,90.0,1.0,0.0,0.0,1.0,1.0
Eduard Löwen,2020-2021,de Bundesliga,260655,1,2.0,0,0,45.0,0.0,0.0,4.0,0.0,0.0
Eduard Sobol,2022-2023,fr Ligue 1,206717,2,4.0,0,1,178.0,0.0,0.0,2.022,0.0,0.5
Eduardo Camavinga,2020-2021,fr Ligue 1,640428,2,2.0,0,0,180.0,1.0,0.0,1.0,0.0,0.0
Eduardo Camavinga,2021-2022,es La Liga,640428,7,5.0,3,7,479.0,5.0,0.0,0.939,0.429,1.0
Eduardo Camavinga,2022-2023,es La Liga,640428,13,6.0,8,9,1114.0,3.0,0.0,0.485,0.615,0.692
Eduardo Camavinga,2023-2024,es La Liga,640428,4,4.0,1,3,311.0,3.0,0.0,1.158,0.25,0.75
Eduardo Henrique,2020-2021,it Serie A,216118,1,2.0,0,0,90.0,0.0,0.0,2.0,0.0,0.0
Eduardo Quaresma,2022-2023,de Bundesliga,504073,1,4.0,0,0,45.0,0.0,0.0,6.0,0.0,0.0
El Chadaille Bitshiabu,2022-2023,fr Ligue 1,787912,6,11.0,0,1,444.0,1.0,0.0,2.23,0.0,0.167
Eliaquim Mangala,2020-2021,es La Liga,90681,4,5.0,1,1,0.0,0.0,0.0,6.0,0.25,0.25
Eliaquim Mangala,2021-2022,fr Ligue 1,90681,14,32.0,1,4,1183.0,9.0,0.0,2.434,0.071,0.286
Elio Capradossi,2020-2021,it Serie A,238947,1,2.0,0,0,90.0,0.0,0.0,2.0,0.0,0.0
Eliot Matazo,2021-2022,fr Ligue 1,535834,3,2.0,1,2,224.0,1.0,0.0,0.804,0.333,0.667
Eliot Matazo,2022-2023,fr Ligue 1,535834,4,9.0,1,1,289.0,0.0,0.0,2.803,0.25,0.25
Ellyes Skhiri,2020-2021,de Bundesliga,290587,32,59.0,4,7,2791.0,5.0,0.0,1.903,0.125,0.219
Ellyes Skhiri,2021-2022,de Bundesliga,290587,20,24.0,2,10,1761.0,3.0,0.0,1.227,0.1,0.5
Ellyes Skhiri,2022-2023,de Bundesliga,290587,32,52.0,6,10,2857.0,5.0,0.0,1.638,0.188,0.312
Ellyes Skhiri,2023-2024,de Bundesliga,290587,5,10.0,0,1,446.0,0.0,0.0,2.018,0.0,0.2
Elseid Hysaj,2020-2021,it Serie A,200056,20,19.0,8,13,1684.0,2.0,0.0,1.015,0.4,0.65
Elseid Hysaj,2021-2022,it Serie A,200056,24,42.0,4,9,1962.0,2.0,0.0,1.927,0.167,0.375
Elseid Hysaj,2022-2023,it Serie A,200056,22,18.0,12,13,1819.0,2.0,0.0,0.891,0.545,0.591
Elseid Hysaj,2023-2024,it Serie A,200056,3,3.0,1,2,225.0,0.0,0.0,1.2,0.333,0.667
Elvis Rexhbecaj,2020-2021,de Bundesliga,280575,3,5.0,0,2,255.0,1.0,0.0,1.765,0.0,0.667
Elvis Rexhbecaj,2022-2023,de Bundesliga,280575,2,3.0,1,1,171.0,0.0,0.0,1.579,0.5,0.5
Elvis Rexhbecaj,2023-2024,de Bundesliga,280575,2,4.0,0,1,152.0,1.0,0.0,2.368,0.0,0.5
Emanuel Aiwu,2022-2023,it Serie A,394152,17,26.0,4,1,1482.0,3.0,0.0,1.579,0.235,0.059
Emanuele Valeri,2022-2023,it Serie A,445126,7,12.0,2,2,614.0,1.0,0.0,1.759,0.286,0.286
Emanuele Valeri,2023-2024,it Serie A,445126,4,10.0,0,0,279.0,0.0,0.0,3.226,0.0,0.0
Emerson Palmieri,2021-2022,fr Ligue 1,181778,22,34.0,5,10,1858.0,2.0,1.0,1.647,0.227,0.455
Emerson Palmieri,2022-2023,eng Premier League,181778,10,19.0,3,4,799.0,1.0,0.0,2.14,0.3,0.4
Emerson Palmieri,2023-2024,eng Premier League,181778,8,18.0,0,2,693.0,0.0,0.0,2.338,0.0,0.25
Emerson Royal,2020-2021,es La Liga,476344,34,42.0,12,16,2989.0,9.0,1.0,1.265,0.353,0.471
Emerson Royal,2021-2022,eng Premier League,476344,8,14.0,1,3,720.0,1.0,0.0,1.75,0.125,0.375
Emerson Royal,2021-2022,es La Liga,476344,1,1.0,0,1,63.0,0.0,0.0,1.429,0.0,1.0
Emerson Royal,2022-2023,eng Premier League,476344,4,6.0,1,2,345.0,0.0,0.0,1.565,0.25,0.5
Emerson Royal,2023-2024,eng Premier League,476344,2,3.0,0,1,175.0,0.0,0.0,1.543,0.0,0.5
Emil Bohinen,2021-2022,it Serie A,406806,7,10.0,1,4,578.0,4.0,0.0,1.557,0.143,0.571
Emil Bohinen,2022-2023,it Serie A,406806,7,13.0,0,1,421.0,0.0,0.0,2.779,0.0,0.143
Emil Krafth,2020-2021,eng Premier League,184528,14,24.0,3,5,1197.0,3.0,0.0,1.805,0.214,0.357
Emil Krafth,2021-2022,eng Premier League,184528,18,23.0,5,8,1588.0,5.0,0.0,1.304,0.278,0.444
Emir Karic,2023-2024,de Bundesliga,286596,1,2.0,0,0,90.0,0.0,0.0,2.0,0.0,0.0
Emmanuel Agbadou,2022-2023,fr Ligue 1,683895,27,37.0,8,7,2351.0,4.0,3.0,1.416,0.296,0.259
Emmanuel Agbadou,2023-2024,fr Ligue 1,683895,7,9.0,1,2,630.0,0.0,0.0,1.286,0.143,0.286
Emmanuel Gyasi,2021-2022,it Serie A,241076,1,1.0,0,1,90.0,1.0,0.0,1.0,0.0,1.0
Emre Can,2020-2021,de Bundesliga,119296,23,34.0,8,11,1984.0,5.0,0.0,1.542,0.348,0.478
Emre Can,2021-2022,de Bundesliga,119296,19,25.0,4,12,1596.0,5.0,0.0,1.41,0.211,0.632
Emre Can,2022-2023,de Bundesliga,119296,20,27.0,6,12,1733.0,5.0,0.0,1.402,0.3,0.6
Emre Can,2023-2024,de Bundesliga,119296,6,6.0,2,4,538.0,1.0,0.0,1.004,0.333,0.667
Enda Stevens,2020-2021,eng Premier League,85706,10,16.0,2,2,900.0,1.0,0.0,1.6,0.2,0.2
Enis Bardhi,2021-2022,es La Liga,245014,1,0.0,1,1,62.0,0.0,0.0,0.0,1.0,1.0
Enock Kwateng,2020-2021,fr Ligue 1,288241,12,17.0,4,4,958.0,4.0,0.0,1.597,0.333,0.333
Enock Kwateng,2021-2022,fr Ligue 1,288241,17,35.0,1,2,1472.0,5.0,0.0,2.14,0.059,0.118
Enric Franquesa,2021-2022,es La Liga,282700,4,4.0,2,2,315.0,1.0,0.0,1.143,0.5,0.5
Enzo Barrenechea,2022-2023,it Serie A,671915,1,2.0,0,1,45.0,0.0,0.0,4.0,0.0,1.0
Enzo Barrenechea,2023-2024,it Serie A,671915,6,14.0,0,1,514.0,1.0,0.0,2.451,0.0,0.167
Enzo Ebosse,2020-2021,fr Ligue 1,342877,3,11.0,0,1,181.0,1.0,0.0,5.47,0.0,0.333
Enzo Ebosse,2021-2022,fr Ligue 1,342877,18,27.0,2,4,1600.0,1.0,0.0,1.519,0.111,0.222
Enzo Ebosse,2022-2023,it Serie A,342877,8,13.0,1,1,602.0,3.0,0.0,1.944,0.125,0.125
Enzo Fernández,2022-2023,eng Premier League,648195,14,23.0,1,1,1197.0,3.0,0.0,1.729,0.071,0.071
Enzo Fernández,2023-2024,eng Premier League,648195,2,3.0,0,1,180.0,0.0,0.0,1.5,0.0,0.5
Enzo Le Fée,2022-2023,fr Ligue 1,633992,3,6.0,0,1,256.0,0.0,0.0,2.109,0.0,0.333
Enzo Loiodice,2023-2024,es La Liga,581781,1,1.0,0,0,77.0,0.0,0.0,1.169,0.0,0.0
Enzo Roco,2021-2022,es La Liga,186862,29,40.0,5,8,2523.0,10.0,0.0,1.427,0.172,0.276
Enzo Roco,2022-2023,es La Liga,186862,19,38.0,0,1,1532.0,5.0,0.0,2.232,0.0,0.053
Enzo Tchato,2022-2023,fr Ligue 1,842338,11,23.0,1,3,902.0,1.0,0.0,2.295,0.091,0.273
Enzo Tchato,2023-2024,fr Ligue 1,842338,3,10.0,0,0,248.0,0.0,0.0,3.629,0.0,0.0
Eray Cömert,2021-2022,es La Liga,298583,4,5.0,1,1,330.0,2.0,0.0,1.364,0.25,0.25
Eray Cömert,2022-2023,es La Liga,298583,19,21.0,4,6,1597.0,5.0,1.0,1.183,0.211,0.316
Eray Cömert,2023-2024,fr Ligue 1,298583,4,5.0,2,1,309.0,1.0,0.0,1.456,0.5,0.25
Erhan Masovic,2021-2022,de Bundesliga,343959,17,22.0,4,8,1509.0,7.0,0.0,1.312,0.235,0.471
Erhan Masovic,2022-2023,de Bundesliga,343959,23,41.0,4,7,2040.0,3.0,0.0,1.809,0.174,0.304
Erhan Masovic,2023-2024,de Bundesliga,343959,7,15.0,1,2,593.0,2.0,0.0,2.277,0.143,0.286
Eric Bailly,2020-2021,eng Premier League,286384,10,17.0,3,5,896.0,3.0,0.0,1.708,0.3,0.5
Eric Bailly,2021-2022,eng Premier League,286384,3,4.0,0,1,201.0,1.0,0.0,1.791,0.0,0.333
Eric Bailly,2022-2023,fr Ligue 1,286384,5,7.0,1,2,324.0,1.0,0.0,1.944,0.2,0.4
Eric Bailly,2023-2024,es La Liga,286384,5,8.0,0,4,405.0,1.0,0.0,1.778,0.0,0.8
Eric Dier,2020-2021,eng Premier League,175722,28,34.0,8,12,2520.0,3.0,0.0,1.214,0.286,0.429
Eric Dier,2021-2022,eng Premier League,175722,35,33.0,16,21,3072.0,1.0,0.0,0.967,0.457,0.6
Eric Dier,2022-2023,eng Premier League,175722,31,52.0,9,15,2782.0,4.0,0.0,1.682,0.29,0.484
Eric Dier,2023-2024,de Bundesliga,175722,7,12.0,0,5,615.0,0.0,0.0,1.756,0.0,0.714
Eric García,2020-2021,eng Premier League,466794,3,9.0,0,1,270.0,0.0,0.0,3.0,0.0,0.333
Eric García,2021-2022,es La Liga,466794,23,24.0,5,13,1900.0,4.0,1.0,1.137,0.217,0.565
Eric García,2022-2023,es La Liga,466794,15,10.0,10,9,1195.0,3.0,0.0,0.753,0.667,0.6
Eric García,2023-2024,es La Liga,466794,7,9.0,3,2,630.0,1.0,0.0,1.286,0.429,0.286
Eric Martel,2022-2023,de Bundesliga,597000,22,32.0,4,6,1787.0,6.0,0.0,1.612,0.182,0.273
Eric Martel,2023-2024,de Bundesliga,597000,9,18.0,1,1,787.0,2.0,0.0,2.058,0.111,0.111
Erick Cabaco,2020-2021,es La Liga,302991,15,19.0,3,4,1232.0,6.0,0.0,1.388,0.2,0.267
Erick Cabaco,2021-2022,es La Liga,302991,5,6.0,1,1,353.0,3.0,0.0,1.53,0.2,0.2
Erick Pulgar,2020-2021,it Serie A,215616,20,28.0,6,4,1688.0,7.0,0.0,1.493,0.3,0.2
Erick Pulgar,2021-2022,it Serie A,215616,4,7.0,0,2,323.0,2.0,0.0,1.95,0.0,0.5
Erik Durm,2021-2022,de Bundesliga,93922,6,5.0,1,0,432.0,1.0,0.0,1.042,0.167,0.0
Erik Palmer-Brown,2021-2022,fr Ligue 1,282199,19,27.0,5,4,1671.0,1.0,0.0,1.454,0.263,0.211
Erik Palmer-Brown,2022-2023,fr Ligue 1,282199,35,74.0,1,4,3050.0,5.0,0.0,2.184,0.029,0.114
Erik Pieters,2020-2021,eng Premier League,43763,11,15.0,2,3,930.0,0.0,0.0,1.452,0.182,0.273
Erik Pieters,2021-2022,eng Premier League,43763,8,5.0,4,2,690.0,1.0,0.0,0.652,0.5,0.25
Ermin Bicakcic,2020-2021,de Bundesliga,51676,2,3.0,0,2,129.0,1.0,0.0,2.093,0.0,1.0
Esteban Burgos,2020-2021,es La Liga,337922,12,16.0,4,3,1026.0,4.0,0.0,1.404,0.333,0.25
Esteban Saveljich,2021-2022,es La Liga,240360,21,24.0,5,8,1709.0,4.0,0.0,1.264,0.238,0.381
Ethan Ampadu,2020-2021,eng Premier League,392771,23,39.0,2,4,1987.0,3.0,0.0,1.766,0.087,0.174
Ethan Ampadu,2021-2022,it Serie A,392771,19,32.0,1,2,1575.0,8.0,0.0,1.829,0.053,0.105
Ethan Ampadu,2022-2023,it Serie A,392771,31,50.0,5,5,2648.0,11.0,0.0,1.699,0.161,0.161
Ethan Pinnock,2021-2022,eng Premier League,442248,32,48.0,7,10,2697.0,1.0,0.0,1.602,0.219,0.312
Ethan Pinnock,2022-2023,eng Premier League,442248,30,34.0,10,13,2700.0,0.0,0.0,1.133,0.333,0.433
Ethan Pinnock,2023-2024,eng Premier League,442248,4,8.0,1,2,360.0,0.0,0.0,2.0,0.25,0.5
Evan Ndicka,2020-2021,de Bundesliga,371149,23,35.0,3,13,2045.0,10.0,0.0,1.54,0.13,0.565
Evan Ndicka,2021-2022,de Bundesliga,371149,32,46.0,5,9,2858.0,3.0,0.0,1.449,0.156,0.281
Evan Ndicka,2022-2023,de Bundesliga,371149,30,44.0,6,13,2693.0,4.0,0.0,1.47,0.2,0.433
Evan Ndicka,2023-2024,it Serie A,371149,3,5.0,0,2,270.0,2.0,0.0,1.667,0.0,0.667
Exequiel Palacios,2020-2021,de Bundesliga,401578,3,3.0,1,1,270.0,0.0,0.0,1.0,0.333,0.333
Exequiel Palacios,2021-2022,de Bundesliga,401578,5,6.0,1,1,352.0,2.0,0.0,1.534,0.2,0.2
Exequiel Palacios,2022-2023,de Bundesliga,401578,2,5.0,0,0,153.0,1.0,0.0,2.941,0.0,0.0
Exequiel Palacios,2023-2024,de Bundesliga,401578,1,0.0,1,1,90.0,0.0,0.0,0.0,1.0,1.0
Ezgjan Alioski,2020-2021,eng Premier League,129604,25,37.0,7,12,0.0,0.0,0.0,6.0,0.28,0.48
Ezri Konsa,2020-2021,eng Premier League,413403,35,46.0,12,14,3150.0,3.0,0.0,1.314,0.343,0.4
Ezri Konsa,2021-2022,eng Premier League,413403,29,45.0,8,10,2481.0,6.0,1.0,1.632,0.276,0.345
Ezri Konsa,2022-2023,eng Premier League,413403,37,45.0,12,17,3322.0,6.0,0.0,1.219,0.324,0.459
Ezri Konsa,2023-2024,eng Premier League,413403,5,10.0,1,2,414.0,0.0,0.0,2.174,0.2,0.4
Fabian Delph,2021-2022,eng Premier League,50362,5,7.0,2,1,355.0,1.0,0.0,1.775,0.4,0.2
Fabian Holland,2023-2024,de Bundesliga,54846,8,19.0,1,0,605.0,1.0,0.0,2.826,0.125,0.0
Fabian Kunze,2020-2021,de Bundesliga,334186,11,24.0,3,2,940.0,4.0,0.0,2.298,0.273,0.182
Fabian Kunze,2021-2022,de Bundesliga,334186,12,18.0,1,1,961.0,6.0,0.0,1.686,0.083,0.083
Fabian Schär,2020-2021,eng Premier League,135343,13,18.0,2,4,1123.0,4.0,0.0,1.443,0.154,0.308
Fabian Schär,2021-2022,eng Premier League,135343,25,32.0,7,11,2161.0,4.0,0.0,1.333,0.28,0.44
Fabian Schär,2022-2023,eng Premier League,135343,36,29.0,14,19,3210.0,7.0,0.0,0.813,0.389,0.528
Fabian Schär,2023-2024,eng Premier League,135343,7,16.0,1,3,630.0,1.0,0.0,2.286,0.143,0.429
Fabiano Parisi,2021-2022,it Serie A,547985,16,25.0,4,4,1287.0,4.0,0.0,1.748,0.25,0.25
Fabiano Parisi,2022-2023,it Serie A,547985,33,41.0,9,10,2834.0,10.0,1.0,1.302,0.273,0.303
Fabiano Parisi,2023-2024,it Serie A,547985,1,1.0,0,0,89.0,0.0,0.0,1.011,0.0,0.0
Fabien Centonze,2020-2021,fr Ligue 1,384859,25,35.0,4,7,2232.0,5.0,0.0,1.411,0.16,0.28
Fabien Centonze,2021-2022,fr Ligue 1,384859,9,20.0,0,2,810.0,2.0,0.0,2.222,0.0,0.222
Fabien Centonze,2022-2023,fr Ligue 1,384859,16,18.0,6,4,1323.0,3.0,0.0,1.224,0.375,0.25
Fabien Centonze,2023-2024,it Serie A,384859,2,5.0,0,0,148.0,0.0,0.0,3.041,0.0,0.0
Fabien Lemoine,2020-2021,fr Ligue 1,56794,18,37.0,2,4,1353.0,2.0,0.0,2.461,0.111,0.222
Fabien Lemoine,2021-2022,fr Ligue 1,56794,12,16.0,3,2,955.0,5.0,0.0,1.508,0.25,0.167
Fabinho,2020-2021,eng Premier League,225693,28,28.0,11,15,2520.0,6.0,0.0,1.0,0.393,0.536
Fabinho,2021-2022,eng Premier League,225693,26,18.0,15,18,2238.0,7.0,0.0,0.724,0.577,0.692
Fabinho,2022-2023,eng Premier League,225693,31,38.0,11,17,2566.0,10.0,0.0,1.333,0.355,0.548
Fabio Chiarodia,2022-2023,de Bundesliga,724104,1,2.0,0,0,63.0,0.0,0.0,2.857,0.0,0.0
Fabio Depaoli,2020-2021,it Serie A,324282,9,18.0,1,0,692.0,1.0,0.0,2.341,0.111,0.0
Fabio Depaoli,2022-2023,it Serie A,324282,2,5.0,0,0,131.0,1.0,0.0,3.435,0.0,0.0
Fabio Pisacane,2020-2021,it Serie A,101922,2,3.0,0,0,170.0,0.0,0.0,1.588,0.0,0.0
Fabián Balbuena,2020-2021,eng Premier League,285548,13,17.0,4,6,1161.0,1.0,1.0,1.318,0.308,0.462
Fabián Ruiz,2020-2021,it Serie A,350219,3,3.0,1,2,261.0,1.0,0.0,1.034,0.333,0.667
Fabián Ruiz,2021-2022,it Serie A,350219,13,11.0,6,8,1081.0,0.0,0.0,0.916,0.462,0.615
Fabián Ruiz,2022-2023,fr Ligue 1,350219,3,2.0,2,1,203.0,0.0,0.0,0.887,0.667,0.333
Fabián Ruiz,2023-2024,fr Ligue 1,350219,2,3.0,0,0,180.0,1.0,0.0,1.5,0.0,0.0
Fabrizio Angileri,2022-2023,es La Liga,268506,5,10.0,1,0,354.0,2.0,1.0,2.542,0.2,0.0
Facundo Medina,2020-2021,fr Ligue 1,474800,23,30.0,7,10,2002.0,11.0,0.0,1.349,0.304,0.435
Facundo Medina,2021-2022,fr Ligue 1,474800,30,38.0,7,15,2585.0,11.0,0.0,1.323,0.233,0.5
Facundo Medina,2022-2023,fr Ligue 1,474800,32,26.0,12,21,2785.0,7.0,0.0,0.84,0.375,0.656
Facundo Medina,2023-2024,fr Ligue 1,474800,7,8.0,3,4,628.0,3.0,0.0,1.146,0.429,0.571
Facundo Roncaglia,2020-2021,es La Liga,61546,14,20.0,3,3,1214.0,2.0,0.0,1.483,0.214,0.214
Faitout Maouassa,2020-2021,fr Ligue 1,357072,13,13.0,2,6,952.0,2.0,0.0,1.229,0.154,0.462
Faitout Maouassa,2022-2023,fr Ligue 1,357072,7,15.0,2,2,566.0,0.0,0.0,2.385,0.286,0.286
Faitout Maouassa,2023-2024,es La Liga,357072,1,3.0,0,0,90.0,0.0,0.0,3.0,0.0,0.0
Falaye Sacko,2021-2022,fr Ligue 1,364857,8,9.0,2,3,641.0,0.0,0.0,1.264,0.25,0.375
Falaye Sacko,2022-2023,fr Ligue 1,364857,27,42.0,10,13,2319.0,3.0,0.0,1.63,0.37,0.481
Falaye Sacko,2023-2024,fr Ligue 1,364857,1,4.0,0,0,90.0,0.0,0.0,4.0,0.0,0.0
Fali,2020-2021,es La Liga,252667,28,43.0,8,8,2434.0,8.0,0.0,1.59,0.286,0.286
Fali,2021-2022,es La Liga,252667,23,24.0,8,5,1702.0,6.0,0.0,1.269,0.348,0.217
Fali,2022-2023,es La Liga,252667,22,27.0,8,6,1625.0,5.0,0.0,1.495,0.364,0.273
Fali,2023-2024,es La Liga,252667,4,5.0,1,0,360.0,2.0,0.0,1.25,0.25,0.0
Fali Candé,2021-2022,fr Ligue 1,520530,5,5.0,3,0,443.0,0.0,0.0,1.016,0.6,0.0
Fali Candé,2023-2024,fr Ligue 1,520530,5,5.0,2,2,435.0,1.0,0.0,1.034,0.4,0.4
Faouzi Ghoulam,2020-2021,it Serie A,126656,3,2.0,1,3,171.0,0.0,0.0,1.053,0.333,1.0
Faouzi Ghoulam,2021-2022,it Serie A,126656,3,1.0,2,2,260.0,1.0,0.0,0.346,0.667,0.667
Faouzi Ghoulam,2022-2023,fr Ligue 1,126656,6,9.0,1,1,459.0,0.0,0.0,1.765,0.167,0.167
Farid El Melali,2022-2023,fr Ligue 1,425400,6,9.0,1,1,473.0,0.0,0.0,1.712,0.167,0.167
Fede San Emeterio,2020-2021,es La Liga,307519,6,7.0,1,2,480.0,2.0,0.0,1.312,0.167,0.333
Fede San Emeterio,2021-2022,es La Liga,307519,1,2.0,0,0,73.0,0.0,0.0,2.466,0.0,0.0
Fede San Emeterio,2022-2023,es La Liga,307519,4,7.0,1,1,266.0,2.0,0.0,2.368,0.25,0.25
Federico Barba,2020-2021,it Serie A,165873,31,57.0,6,5,2647.0,8.0,0.0,1.938,0.194,0.161
Federico Baschirotto,2022-2023,it Serie A,351955,37,44.0,6,8,3330.0,6.0,0.0,1.189,0.162,0.216
Federico Baschirotto,2023-2024,it Serie A,351955,9,19.0,1,2,810.0,0.0,0.0,2.111,0.111,0.222
Federico Bernardeschi,2020-2021,it Serie A,197300,2,2.0,0,1,180.0,1.0,0.0,1.0,0.0,0.5
Federico Ceccherini,2020-2021,it Serie A,163639,26,37.0,5,6,1987.0,10.0,0.0,1.676,0.192,0.231
Federico Ceccherini,2021-2022,it Serie A,163639,29,48.0,3,10,2155.0,10.0,0.0,2.005,0.103,0.345
Federico Ceccherini,2022-2023,it Serie A,163639,18,29.0,3,2,1320.0,8.0,1.0,1.977,0.167,0.111
Federico Dimarco,2020-2021,it Serie A,198116,13,17.0,2,3,1090.0,2.0,0.0,1.404,0.154,0.231
Federico Dimarco,2021-2022,it Serie A,198116,10,11.0,3,6,775.0,0.0,0.0,1.277,0.3,0.6
Federico Dimarco,2022-2023,it Serie A,198116,3,2.0,1,3,239.0,0.0,0.0,0.753,0.333,1.0
Federico Fazio,2020-2021,it Serie A,45314,5,8.0,2,1,404.0,2.0,0.0,1.782,0.4,0.2
Federico Fazio,2021-2022,it Serie A,45314,16,26.0,1,4,1435.0,3.0,0.0,1.631,0.062,0.25
Federico Fazio,2022-2023,it Serie A,45314,12,20.0,3,3,1062.0,2.0,1.0,1.695,0.25,0.25
Federico Fazio,2023-2024,it Serie A,45314,1,4.0,0,0,90.0,0.0,0.0,4.0,0.0,0.0
Federico Fernández,2020-2021,eng Premier League,85475,24,38.0,5,9,2082.0,4.0,0.0,1.643,0.208,0.375
Federico Fernández,2021-2022,eng Premier League,85475,5,11.0,0,0,438.0,0.0,0.0,2.26,0.0,0.0
Federico Fernández,2022-2023,es La Liga,85475,1,2.0,0,0,90.0,0.0,0.0,2.0,0.0,0.0
Federico Gatti,2022-2023,it Serie A,509022,16,13.0,8,8,1440.0,4.0,0.0,0.812,0.5,0.5
Federico Gatti,2023-2024,it Serie A,509022,8,9.0,2,2,681.0,1.0,0.0,1.189,0.25,0.25
Federico Peluso,2020-2021,it Serie A,21763,2,2.0,0,1,180.0,1.0,0.0,1.0,0.0,0.5
Federico Valverde,2021-2022,es La Liga,369081,1,0.0,1,0,90.0,0.0,0.0,0.0,1.0,0.0
Felipe,2020-2021,es La Liga,156501,23,20.0,8,14,1978.0,7.0,0.0,0.91,0.348,0.609
Felipe,2021-2022,es La Liga,156501,15,23.0,1,6,1303.0,5.0,1.0,1.589,0.067,0.4
Felipe,2022-2023,eng Premier League,156501,15,30.0,1,3,1336.0,4.0,0.0,2.021,0.067,0.2
Felipe,2022-2023,es La Liga,156501,2,3.0,0,0,180.0,0.0,0.0,1.5,0.0,0.0
Felipe,2023-2024,eng Premier League,156501,2,4.0,1,1,135.0,1.0,0.0,2.667,0.5,0.5
Felix Agu,2023-2024,de Bundesliga,393512,1,0.0,1,1,89.0,0.0,0.0,0.0,1.0,1.0
Felix Klaus,2020-2021,de Bundesliga,89591,1,1.0,0,0,90.0,0.0,0.0,1.0,0.0,0.0
Felix Nmecha,2022-2023,de Bundesliga,406640,1,0.0,1,1,90.0,0.0,0.0,0.0,1.0,1.0
Felix Passlack,2020-2021,de Bundesliga,274461,2,2.0,1,1,157.0,0.0,0.0,1.146,0.5,0.5
Felix Passlack,2021-2022,de Bundesliga,274461,5,5.0,2,3,389.0,0.0,0.0,1.157,0.4,0.6
Felix Uduokhai,2020-2021,de Bundesliga,278343,29,42.0,6,9,2610.0,5.0,0.0,1.448,0.207,0.31
Felix Uduokhai,2021-2022,de Bundesliga,278343,8,21.0,2,1,663.0,1.0,0.0,2.851,0.25,0.125
Felix Uduokhai,2022-2023,de Bundesliga,278343,16,29.0,4,5,1376.0,3.0,1.0,1.897,0.25,0.312
Felix Uduokhai,2023-2024,de Bundesliga,278343,9,10.0,2,5,810.0,0.0,0.0,1.111,0.222,0.556
Ferland Mendy,2020-2021,es La Liga,291417,23,14.0,11,17,2058.0,3.0,0.0,0.612,0.478,0.739
Ferland Mendy,2021-2022,es La Liga,291417,20,11.0,10,15,1691.0,4.0,0.0,0.585,0.5,0.75
Ferland Mendy,2022-2023,es La Liga,291417,17,17.0,3,12,1329.0,2.0,0.0,1.151,0.176,0.706
Ferland Mendy,2023-2024,es La Liga,291417,8,7.0,4,6,639.0,2.0,0.0,0.986,0.5,0.75
Fernand Mayembo,2022-2023,fr Ligue 1,413245,8,18.0,2,1,623.0,1.0,0.0,2.6,0.25,0.125
Fernandinho,2020-2021,eng Premier League,26267,10,5.0,7,8,877.0,5.0,0.0,0.513,0.7,0.8
Fernandinho,2021-2022,eng Premier League,26267,10,11.0,3,7,817.0,1.0,0.0,1.212,0.3,0.7
Fernando,2020-2021,es La Liga,51174,28,27.0,12,18,2461.0,6.0,0.0,0.987,0.429,0.643
Fernando,2021-2022,es La Liga,51174,21,17.0,9,11,1796.0,6.0,0.0,0.852,0.429,0.524
Fernando,2022-2023,es La Liga,51174,19,24.0,5,7,1541.0,3.0,1.0,1.402,0.263,0.368
Fernando Calero,2021-2022,es La Liga,357884,13,20.0,3,3,1058.0,3.0,0.0,1.701,0.231,0.231
Fernando Calero,2022-2023,es La Liga,357884,20,33.0,3,5,1461.0,4.0,0.0,2.033,0.15,0.25
Ferro,2020-2021,es La Liga,294321,2,3.0,0,0,180.0,0.0,0.0,1.5,0.0,0.0
Fikayo Tomori,2020-2021,it Serie A,303254,16,13.0,7,11,1440.0,0.0,0.0,0.812,0.438,0.688
Fikayo Tomori,2021-2022,it Serie A,303254,30,20.0,15,22,2688.0,4.0,0.0,0.67,0.5,0.733
Fikayo Tomori,2022-2023,it Serie A,303254,32,34.0,11,18,2733.0,5.0,0.0,1.12,0.344,0.562
Fikayo Tomori,2023-2024,it Serie A,303254,2,1.0,1,2,147.0,1.0,0.0,0.612,0.5,1.0
Filip Krovinovic,2020-2021,eng Premier League,261988,1,2.0,0,0,70.0,0.0,0.0,2.571,0.0,0.0
Filip Uremovic,2022-2023,de Bundesliga,325887,21,42.0,2,4,1687.0,8.0,0.0,2.241,0.095,0.19
Filippo Bandinelli,2022-2023,it Serie A,240934,2,3.0,0,1,143.0,1.0,0.0,1.888,0.0,0.5
Filippo Delli Carri,2021-2022,it Serie A,393904,3,12.0,0,0,270.0,1.0,0.0,4.0,0.0,0.0
Filippo Missori,2022-2023,it Serie A,650993,1,2.0,0,0,90.0,1.0,0.0,2.0,0.0,0.0
Filippo Ranocchia,2022-2023,it Serie A,489611,1,1.0,0,0,90.0,0.0,0.0,1.0,0.0,0.0
Filippo Terracciano,2022-2023,it Serie A,631007,1,1.0,0,1,81.0,0.0,0.0,1.111,0.0,1.0
Finn Ole Becker,2023-2024,de Bundesliga,334999,1,3.0,0,0,86.0,0.0,0.0,3.14,0.0,0.0
Flavio Paoletti,2022-2023,it Serie A,622801,1,2.0,0,0,87.0,0.0,0.0,2.069,0.0,0.0
Flavius Daniliuc,2020-2021,fr Ligue 1,322655,15,19.0,4,7,1265.0,0.0,0.0,1.352,0.267,0.467
Flavius Daniliuc,2021-2022,fr Ligue 1,322655,14,15.0,5,10,1151.0,4.0,0.0,1.173,0.357,0.714
Flavius Daniliuc,2022-2023,fr Ligue 1,322655,1,1.0,0,0,90.0,0.0,0.0,1.0,0.0,0.0
Flavius Daniliuc,2022-2023,it Serie A,322655,23,34.0,4,5,2015.0,8.0,0.0,1.519,0.174,0.217
Flavius Daniliuc,2023-2024,it Serie A,322655,1,2.0,0,0,90.0,0.0,0.0,2.0,0.0,0.0
Florent Ogier,2021-2022,fr Ligue 1,91473,29,47.0,6,6,2434.0,6.0,0.0,1.738,0.207,0.207
Florent Ogier,2022-2023,fr Ligue 1,91473,18,26.0,4,7,1618.0,4.0,0.0,1.446,0.222,0.389
Florent Ogier,2023-2024,fr Ligue 1,91473,3,6.0,1,0,270.0,0.0,0.0,2.0,0.333,0.0
Florentino,2020-2021,fr Ligue 1,357162,2,5.0,0,0,104.0,0.0,0.0,4.327,0.0,0.0
Florentino,2021-2022,es La Liga,357162,9,12.0,2,1,766.0,2.0,0.0,1.41,0.222,0.111
Florian Flick,2020-2021,de Bundesliga,596881,4,10.0,0,1,360.0,1.0,0.0,2.5,0.0,0.25
Florian Flick,2022-2023,de Bundesliga,596881,5,10.0,0,1,424.0,1.0,0.0,2.123,0.0,0.2
Florian Grillitsch,2020-2021,de Bundesliga,195736,16,20.0,3,6,1401.0,4.0,0.0,1.285,0.188,0.375
Florian Grillitsch,2021-2022,de Bundesliga,195736,15,17.0,6,8,1345.0,7.0,0.0,1.138,0.4,0.533
Florian Grillitsch,2023-2024,de Bundesliga,195736,8,15.0,0,2,716.0,3.0,0.0,1.885,0.0,0.25
Florian Hübner,2020-2021,de Bundesliga,85822,6,4.0,3,3,526.0,3.0,0.0,0.684,0.5,0.5
Florian Lejeune,2020-2021,es La Liga,127108,34,54.0,8,8,3015.0,10.0,0.0,1.612,0.235,0.235
Florian Lejeune,2021-2022,es La Liga,127108,30,54.0,4,6,2700.0,9.0,0.0,1.8,0.133,0.2
Florian Lejeune,2022-2023,es La Liga,127108,31,41.0,9,10,2569.0,6.0,2.0,1.436,0.29,0.323
Florian Lejeune,2023-2024,es La Liga,127108,10,14.0,2,1,900.0,1.0,0.0,1.4,0.2,0.1
Florian Miguel,2020-2021,fr Ligue 1,347594,18,31.0,4,3,1516.0,4.0,1.0,1.84,0.222,0.167
Florian Neuhaus,2020-2021,de Bundesliga,278332,8,15.0,3,5,688.0,2.0,0.0,1.962,0.375,0.625
Florian Neuhaus,2021-2022,de Bundesliga,278332,6,12.0,1,3,480.0,1.0,0.0,2.25,0.167,0.5
Florian Tardieu,2021-2022,fr Ligue 1,212804,10,12.0,3,2,900.0,2.0,0.0,1.2,0.3,0.2
Florian Tardieu,2022-2023,fr Ligue 1,212804,2,7.0,0,0,180.0,0.0,0.0,3.5,0.0,0.0
Flynn Downes,2022-2023,eng Premier League,506189,3,7.0,0,0,266.0,1.0,0.0,2.368,0.0,0.0
Fodé Ballo-Touré,2020-2021,fr Ligue 1,296422,5,10.0,0,3,405.0,1.0,0.0,2.222,0.0,0.6
Fodé Ballo-Touré,2021-2022,it Serie A,296422,5,6.0,1,3,369.0,2.0,0.0,1.463,0.2,0.6
Fodé Ballo-Touré,2022-2023,it Serie A,296422,3,3.0,0,1,270.0,0.0,0.0,1.0,0.0,0.333
Fodé Doucouré,2020-2021,fr Ligue 1,798925,3,8.0,0,1,270.0,0.0,0.0,2.667,0.0,0.333
Fodé Doucouré,2021-2022,fr Ligue 1,798925,1,3.0,0,0,0.0,0.0,0.0,6.0,0.0,0.0
Formose Mendy,2023-2024,fr Ligue 1,649023,1,2.0,0,0,90.0,1.0,0.0,2.0,0.0,0.0
Fouad Chafik,2020-2021,fr Ligue 1,216499,18,38.0,3,2,1538.0,4.0,0.0,2.224,0.167,0.111
Fran Beltrán,2020-2021,es La Liga,423444,4,9.0,0,3,352.0,0.0,0.0,2.301,0.0,0.75
Fran Beltrán,2021-2022,es La Liga,423444,25,26.0,9,10,2028.0,3.0,0.0,1.154,0.36,0.4
Fran Beltrán,2022-2023,es La Liga,423444,11,15.0,1,2,908.0,0.0,0.0,1.487,0.091,0.182
Fran Beltrán,2023-2024,es La Liga,423444,1,1.0,0,1,90.0,0.0,0.0,1.0,0.0,1.0
Fran García,2021-2022,es La Liga,341264,34,40.0,9,11,3026.0,4.0,0.0,1.19,0.265,0.324
Fran García,2022-2023,es La Liga,341264,38,53.0,9,13,3399.0,1.0,0.0,1.403,0.237,0.342
Fran García,2023-2024,es La Liga,341264,2,2.0,0,1,180.0,0.0,0.0,1.0,0.0,0.5
Francesco Acerbi,2020-2021,it Serie A,131075,32,46.0,10,19,2815.0,9.0,0.0,1.471,0.312,0.594
Francesco Acerbi,2021-2022,it Serie A,131075,29,48.0,5,14,2531.0,2.0,1.0,1.707,0.172,0.483
Francesco Acerbi,2022-2023,it Serie A,131075,25,26.0,9,16,2239.0,4.0,0.0,1.045,0.36,0.64
Francesco Acerbi,2023-2024,it Serie A,131075,4,3.0,2,3,333.0,0.0,0.0,0.811,0.5,0.75
Francesco Di Tacchio,2021-2022,it Serie A,84766,13,31.0,0,2,1070.0,3.0,0.0,2.607,0.0,0.154
Francesco Gelli,2023-2024,it Serie A,337811,4,10.0,0,1,348.0,0.0,0.0,2.586,0.0,0.25
Francesco Magnanelli,2020-2021,it Serie A,7093,7,9.0,1,4,422.0,2.0,0.0,1.919,0.143,0.571
Francesco Magnanelli,2021-2022,it Serie A,7093,2,5.0,0,0,131.0,0.0,0.0,3.435,0.0,0.0
Francis Coquelin,2020-2021,es La Liga,74869,5,9.0,0,2,278.0,2.0,0.0,2.914,0.0,0.4
Francis Coquelin,2021-2022,es La Liga,74869,1,0.0,1,0,56.0,0.0,0.0,0.0,1.0,0.0
Francis Coquelin,2022-2023,es La Liga,74869,1,1.0,0,1,87.0,0.0,0.0,1.034,0.0,1.0
Francis Coquelin,2023-2024,es La Liga,74869,1,0.0,1,0,89.0,1.0,0.0,0.0,1.0,0.0
Francisco Sierralta,2021-2022,eng Premier League,371436,5,9.0,0,0,428.0,0.0,0.0,1.893,0.0,0.0
Franck Honorat,2023-2024,de Bundesliga,229006,1,0.0,1,0,70.0,0.0,0.0,0.0,1.0,0.0
Franck Kessié,2020-2021,it Serie A,294808,26,29.0,9,16,2301.0,5.0,0.0,1.134,0.346,0.615
Franck Kessié,2021-2022,it Serie A,294808,15,14.0,5,10,1286.0,2.0,0.0,0.98,0.333,0.667
Franco Cervi,2022-2023,es La Liga,341110,2,3.0,0,0,166.0,0.0,0.0,1.627,0.0,0.0
Franco Russo,2021-2022,es La Liga,378463,17,20.0,5,4,1454.0,7.0,0.0,1.238,0.294,0.235
Franco Russo,2022-2023,es La Liga,378463,2,3.0,0,0,146.0,0.0,0.0,1.849,0.0,0.0
Frank Anguissa,2020-2021,eng Premier League,354361,17,22.0,3,2,1429.0,4.0,0.0,1.386,0.176,0.118
Frank Anguissa,2021-2022,it Serie A,354361,11,10.0,5,8,964.0,3.0,0.0,0.934,0.455,0.727
Frank Onyeka,2021-2022,eng Premier League,421637,1,1.0,0,1,82.0,0.0,0.0,1.098,0.0,1.0
Frank Onyeka,2022-2023,eng Premier League,421637,2,1.0,1,1,134.0,0.0,0.0,0.672,0.5,0.5
Fransérgio,2021-2022,fr Ligue 1,111828,6,16.0,1,0,485.0,3.0,0.0,2.969,0.167,0.0
Fred,2020-2021,eng Premier League,191614,18,14.0,6,9,1535.0,4.0,0.0,0.821,0.333,0.5
Fred,2021-2022,eng Premier League,191614,12,15.0,3,7,968.0,4.0,0.0,1.395,0.25,0.583
Fred,2022-2023,eng Premier League,191614,8,17.0,2,4,551.0,1.0,0.0,2.777,0.25,0.5
Frederik Sörensen,2020-2021,de Bundesliga,91716,1,3.0,0,0,90.0,1.0,0.0,3.0,0.0,0.0
Frederik Winther,2021-2022,de Bundesliga,569349,3,7.0,0,0,270.0,1.0,0.0,2.333,0.0,0.0
Frederik Winther,2022-2023,de Bundesliga,569349,1,3.0,0,0,90.0,0.0,0.0,3.0,0.0,0.0
Fredrik Bjørkan,2021-2022,de Bundesliga,364938,2,9.0,0,0,180.0,1.0,0.0,4.5,0.0,0.0
Fredrik Jensen,2022-2023,de Bundesliga,249157,2,4.0,0,0,176.0,0.0,0.0,2.045,0.0,0.0
Fredrik Jensen,2023-2024,de Bundesliga,249157,1,3.0,0,0,62.0,0.0,0.0,4.355,0.0,0.0
Frenkie de Jong,2020-2021,es La Liga,326330,18,14.0,8,12,0.0,0.0,0.0,6.0,0.444,0.667
Frenkie de Jong,2021-2022,es La Liga,326330,3,3.0,1,2,270.0,1.0,0.0,1.0,0.333,0.667
Frenkie de Jong,2022-2023,es La Liga,326330,7,4.0,4,5,565.0,2.0,0.0,0.637,0.571,0.714
Frenkie de Jong,2023-2024,es La Liga,326330,1,0.0,1,1,90.0,0.0,0.0,0.0,1.0,1.0
Frédéric Guilbert,2020-2021,fr Ligue 1,354352,12,15.0,3,4,1026.0,2.0,1.0,1.316,0.25,0.333
Frédéric Guilbert,2021-2022,fr Ligue 1,354352,18,20.0,7,9,1551.0,2.0,0.0,1.161,0.389,0.5
Frédéric Guilbert,2022-2023,fr Ligue 1,354352,7,14.0,0,1,605.0,1.0,0.0,2.083,0.0,0.143
Frédéric Guilbert,2023-2024,fr Ligue 1,354352,6,13.0,0,1,528.0,1.0,0.0,2.216,0.0,0.167
Frédéric Veseli,2021-2022,it Serie A,111433,8,19.0,0,1,586.0,3.0,0.0,2.918,0.0,0.125
Fábio,2020-2021,fr Ligue 1,61891,18,28.0,2,3,1364.0,5.0,0.0,1.848,0.111,0.167
Fábio,2021-2022,fr Ligue 1,61891,19,22.0,4,8,1373.0,5.0,1.0,1.442,0.211,0.421
Fábio,2022-2023,fr Ligue 1,61891,2,3.0,0,1,121.0,0.0,0.0,2.231,0.0,0.5
Félix Garreta,2022-2023,es La Liga,961945,1,0.0,1,0,90.0,0.0,0.0,0.0,1.0,0.0
Gabri Veiga,2020-2021,es La Liga,699704,1,3.0,0,0,60.0,0.0,0.0,4.5,0.0,0.0
Gabriel Gudmundsson,2021-2022,fr Ligue 1,362108,11,14.0,4,4,816.0,3.0,0.0,1.544,0.364,0.364
Gabriel Gudmundsson,2022-2023,fr Ligue 1,362108,8,8.0,2,4,593.0,3.0,0.0,1.214,0.25,0.5
Gabriel Gudmundsson,2023-2024,fr Ligue 1,362108,2,3.0,1,1,180.0,1.0,0.0,1.5,0.5,0.5
Gabriel Magalhães,2020-2021,eng Premier League,435338,22,23.0,6,11,1952.0,4.0,0.0,1.06,0.273,0.5
Gabriel Magalhães,2021-2022,eng Premier League,435338,35,39.0,13,22,3067.0,8.0,0.0,1.144,0.371,0.629
Gabriel Magalhães,2022-2023,eng Premier League,435338,38,43.0,14,26,3411.0,5.0,0.0,1.135,0.368,0.684
Gabriel Magalhães,2023-2024,eng Premier League,435338,8,4.0,4,8,711.0,2.0,0.0,0.506,0.5,1.0
Gabriel Osho,2023-2024,eng Premier League,364409,6,14.0,1,1,531.0,2.0,0.0,2.373,0.167,0.167
Gabriel Paulista,2020-2021,es La Liga,149498,31,45.0,5,8,2717.0,6.0,0.0,1.491,0.161,0.258
Gabriel Paulista,2021-2022,es La Liga,149498,19,19.0,9,6,1596.0,2.0,0.0,1.071,0.474,0.316
Gabriel Paulista,2022-2023,es La Liga,149498,18,23.0,2,4,1479.0,4.0,1.0,1.4,0.111,0.222
Gabriel Paulista,2023-2024,es La Liga,149498,6,8.0,1,2,529.0,0.0,0.0,1.361,0.167,0.333
Gabriel Silva,2020-2021,fr Ligue 1,114340,4,4.0,0,2,356.0,1.0,0.0,1.011,0.0,0.5
Gabriel Silva,2021-2022,fr Ligue 1,114340,5,11.0,0,1,362.0,0.0,0.0,2.735,0.0,0.2
Gabriel Suazo,2022-2023,fr Ligue 1,385105,14,18.0,4,5,1222.0,1.0,0.0,1.326,0.286,0.357
Gabriel Suazo,2023-2024,fr Ligue 1,385105,3,6.0,0,1,260.0,2.0,0.0,2.077,0.0,0.333
Gabriele Zappa,2020-2021,it Serie A,392569,15,26.0,3,3,1241.0,1.0,0.0,1.886,0.2,0.2
Gabriele Zappa,2021-2022,it Serie A,392569,6,12.0,0,0,526.0,0.0,0.0,2.053,0.0,0.0
Gabriele Zappa,2023-2024,it Serie A,392569,5,10.0,0,1,438.0,0.0,0.0,2.055,0.0,0.2
Gaetano Berardi,2020-2021,eng Premier League,43084,1,1.0,0,1,69.0,0.0,0.0,1.304,0.0,1.0
Gaetano Castrovilli,2020-2021,it Serie A,303116,2,2.0,0,0,159.0,1.0,0.0,1.132,0.0,0.0
Gaetano Castrovilli,2022-2023,it Serie A,303116,1,0.0,1,1,65.0,1.0,0.0,0.0,1.0,1.0
Gaetano Letizia,2020-2021,it Serie A,160560,17,29.0,5,5,1328.0,1.0,0.0,1.965,0.294,0.294
Gary Cahill,2020-2021,eng Premier League,27511,20,39.0,4,6,1800.0,3.0,0.0,1.95,0.2,0.3
Gary Medel,2020-2021,it Serie A,60889,6,13.0,0,0,400.0,1.0,0.0,2.925,0.0,0.0
Gary Medel,2021-2022,it Serie A,60889,32,47.0,12,10,2808.0,10.0,0.0,1.506,0.375,0.312
Gary Medel,2022-2023,it Serie A,60889,17,27.0,2,6,1307.0,5.0,0.0,1.859,0.118,0.353
Gastón Brugman,2020-2021,it Serie A,131109,20,46.0,2,2,1507.0,7.0,0.0,2.747,0.1,0.1
Gastón Silva,2020-2021,es La Liga,189452,6,7.0,1,1,450.0,2.0,0.0,1.4,0.167,0.167
Gastón Álvarez,2022-2023,es La Liga,577486,15,11.0,7,7,1308.0,7.0,0.0,0.757,0.467,0.467
Gastón Álvarez,2023-2024,es La Liga,577486,7,14.0,1,1,552.0,1.0,0.0,2.283,0.143,0.143
Gautier Lloris,2023-2024,fr Ligue 1,249636,8,13.0,1,1,720.0,2.0,0.0,1.625,0.125,0.125
Gaëtan Paquiez,2020-2021,fr Ligue 1,412092,11,19.0,3,2,950.0,1.0,0.0,1.8,0.273,0.182
Geoffrey Kondogbia,2020-2021,es La Liga,127189,5,6.0,1,2,405.0,0.0,0.0,1.333,0.2,0.4
Geoffrey Kondogbia,2021-2022,es La Liga,127189,21,23.0,6,10,1720.0,10.0,0.0,1.203,0.286,0.476
Geoffrey Kondogbia,2022-2023,es La Liga,127189,10,10.0,3,5,823.0,4.0,0.0,1.094,0.3,0.5
Geoffrey Kondogbia,2023-2024,fr Ligue 1,127189,3,5.0,0,1,222.0,0.0,0.0,2.027,0.0,0.333
George Baldock,2020-2021,eng Premier League,146690,7,9.0,3,3,585.0,4.0,0.0,1.385,0.429,0.429
George Baldock,2023-2024,eng Premier League,146690,1,2.0,0,0,90.0,0.0,0.0,2.0,0.0,0.0
George Bello,2021-2022,de Bundesliga,504147,3,8.0,0,0,270.0,0.0,0.0,2.667,0.0,0.0
Georginio Wijnaldum,2020-2021,eng Premier League,49499,14,16.0,3,5,1203.0,1.0,0.0,1.197,0.214,0.357
Georgios Kyriakopoulos,2020-2021,it Serie A,311178,13,24.0,3,8,1046.0,2.0,0.0,2.065,0.231,0.615
Georgios Kyriakopoulos,2021-2022,it Serie A,311178,19,31.0,1,6,1628.0,4.0,1.0,1.714,0.053,0.316
Georgios Kyriakopoulos,2022-2023,it Serie A,311178,7,6.0,2,3,605.0,3.0,0.0,0.893,0.286,0.429
Gerard Gumbau,2021-2022,es La Liga,268670,19,29.0,4,6,1501.0,6.0,1.0,1.739,0.211,0.316
Gerard Gumbau,2022-2023,es La Liga,268670,18,34.0,2,2,1453.0,8.0,0.0,2.106,0.111,0.111
Gerard Gumbau,2023-2024,es La Liga,268670,2,4.0,0,0,180.0,0.0,0.0,2.0,0.0,0.0
Gerard Piqué,2020-2021,es La Liga,18944,18,22.0,5,8,1485.0,3.0,0.0,1.333,0.278,0.444
Gerard Piqué,2021-2022,es La Liga,18944,25,21.0,10,15,2073.0,9.0,0.0,0.912,0.4,0.6
Gerard Piqué,2022-2023,es La Liga,18944,4,0.0,4,4,355.0,1.0,0.0,0.0,1.0,1.0
Gerard Yepes,2022-2023,it Serie A,624436,1,2.0,0,0,68.0,1.0,0.0,2.647,0.0,0.0
Germán Pezzella,2020-2021,it Serie A,113133,32,51.0,6,8,2748.0,5.0,0.0,1.67,0.188,0.25
Germán Pezzella,2021-2022,es La Liga,113133,22,20.0,10,10,1915.0,5.0,1.0,0.94,0.455,0.455
Germán Pezzella,2022-2023,es La Liga,113133,29,28.0,12,13,2422.0,3.0,3.0,1.04,0.414,0.448
Germán Pezzella,2023-2024,es La Liga,113133,8,10.0,3,3,675.0,3.0,0.0,1.333,0.375,0.375
Germán Sánchez,2020-2021,es La Liga,95963,29,47.0,7,10,2572.0,11.0,1.0,1.645,0.241,0.345
Germán Sánchez,2021-2022,es La Liga,95963,25,46.0,4,4,2134.0,11.0,0.0,1.94,0.16,0.16
Gerson,2021-2022,fr Ligue 1,341705,1,2.0,0,0,62.0,0.0,0.0,2.903,0.0,0.0
Gerzino Nyamsi,2020-2021,fr Ligue 1,378953,10,10.0,2,3,835.0,2.0,0.0,1.078,0.2,0.3
Gerzino Nyamsi,2021-2022,fr Ligue 1,378953,33,32.0,14,16,2970.0,4.0,0.0,0.97,0.424,0.485
Gerzino Nyamsi,2022-2023,fr Ligue 1,378953,19,38.0,1,2,1565.0,4.0,1.0,2.185,0.053,0.105
Ghislain Konan,2020-2021,fr Ligue 1,422850,29,35.0,8,7,2583.0,5.0,0.0,1.22,0.276,0.241
Ghislain Konan,2021-2022,fr Ligue 1,422850,14,15.0,4,5,1213.0,0.0,0.0,1.113,0.286,0.357
Giacomo Bonaventura,2020-2021,it Serie A,57280,1,2.0,0,0,90.0,0.0,0.0,2.0,0.0,0.0
Giacomo Quagliata,2022-2023,it Serie A,458777,3,9.0,0,0,217.0,0.0,0.0,3.733,0.0,0.0
Gian Marco Ferrari,2020-2021,it Serie A,277167,33,49.0,8,16,2970.0,6.0,0.0,1.485,0.242,0.485
Gian Marco Ferrari,2021-2022,it Serie A,277167,35,63.0,2,11,3113.0,6.0,0.0,1.821,0.057,0.314
Gian Marco Ferrari,2022-2023,it Serie A,277167,24,40.0,6,5,2104.0,5.0,0.0,1.711,0.25,0.208
Gian Marco Ferrari,2023-2024,it Serie A,277167,6,12.0,1,1,540.0,0.0,0.0,2.0,0.167,0.167
Giangiacomo Magnani,2020-2021,it Serie A,310458,15,20.0,2,4,1218.0,6.0,0.0,1.478,0.133,0.267
Giangiacomo Magnani,2021-2022,it Serie A,310458,8,15.0,0,0,530.0,2.0,1.0,2.547,0.0,0.0
Giangiacomo Magnani,2022-2023,it Serie A,310458,19,29.0,3,4,1386.0,7.0,1.0,1.883,0.158,0.211
Giangiacomo Magnani,2023-2024,it Serie A,310458,6,7.0,2,1,540.0,0.0,0.0,1.167,0.333,0.167
Gianluca Busio,2021-2022,it Serie A,504209,5,10.0,1,1,383.0,2.0,0.0,2.35,0.2,0.2
Gianluca Frabotta,2020-2021,it Serie A,386755,5,5.0,1,3,386.0,2.0,0.0,1.166,0.2,0.6
Gianluca Mancini,2020-2021,it Serie A,256448,33,51.0,9,15,2854.0,10.0,0.0,1.608,0.273,0.455
Gianluca Mancini,2021-2022,it Serie A,256448,33,35.0,14,16,2883.0,16.0,0.0,1.093,0.424,0.485
Gianluca Mancini,2022-2023,it Serie A,256448,33,30.0,12,17,2783.0,7.0,0.0,0.97,0.364,0.515
Gianluca Mancini,2023-2024,it Serie A,256448,8,10.0,3,6,650.0,3.0,0.0,1.385,0.375,0.75
Gideon Jung,2021-2022,de Bundesliga,247661,1,5.0,0,0,90.0,0.0,0.0,5.0,0.0,0.0
Gideon Mensah,2021-2022,fr Ligue 1,397171,10,30.0,0,0,808.0,1.0,0.0,3.342,0.0,0.0
Gideon Mensah,2022-2023,fr Ligue 1,397171,23,42.0,4,3,2058.0,5.0,0.0,1.837,0.174,0.13
Giorgio Altare,2021-2022,it Serie A,354909,17,26.0,2,4,1403.0,5.0,0.0,1.668,0.118,0.235
Giorgio Chiellini,2020-2021,it Serie A,29260,16,18.0,4,9,1381.0,4.0,0.0,1.173,0.25,0.562
Giorgio Chiellini,2021-2022,it Serie A,29260,16,13.0,7,7,1247.0,2.0,0.0,0.938,0.438,0.438
Giorgio Scalvini,2021-2022,it Serie A,571604,9,13.0,3,2,627.0,1.0,0.0,1.866,0.333,0.222
Giorgio Scalvini,2022-2023,it Serie A,571604,29,41.0,5,15,2289.0,6.0,0.0,1.612,0.172,0.517
Giorgio Scalvini,2023-2024,it Serie A,571604,8,11.0,2,4,628.0,0.0,0.0,1.576,0.25,0.5
Giovani Lo Celso,2020-2021,eng Premier League,348795,2,3.0,1,1,150.0,0.0,0.0,1.8,0.5,0.5
Giovanni Di Lorenzo,2020-2021,it Serie A,169880,36,41.0,12,22,3240.0,11.0,0.0,1.139,0.333,0.611
Giovanni Di Lorenzo,2021-2022,it Serie A,169880,32,22.0,15,22,2846.0,3.0,0.0,0.696,0.469,0.688
Giovanni Di Lorenzo,2022-2023,it Serie A,169880,36,24.0,18,28,3229.0,2.0,0.0,0.669,0.5,0.778
Giovanni Di Lorenzo,2023-2024,it Serie A,169880,6,6.0,0,3,540.0,1.0,0.0,1.0,0.0,0.5
Giovanni González,2021-2022,es La Liga,339699,2,2.0,0,0,180.0,1.0,0.0,1.0,0.0,0.0
Giovanni González,2022-2023,es La Liga,339699,8,5.0,4,4,720.0,3.0,0.0,0.625,0.5,0.5
Giovanni González,2023-2024,es La Liga,339699,6,9.0,1,2,507.0,1.0,0.0,1.598,0.167,0.333
Giulian Biancone,2020-2021,fr Ligue 1,536507,1,1.0,0,0,74.0,1.0,0.0,1.216,0.0,0.0
Giulian Biancone,2021-2022,fr Ligue 1,536507,22,28.0,6,7,1888.0,7.0,0.0,1.335,0.273,0.318
Giulio Donati,2022-2023,it Serie A,88684,3,5.0,0,0,238.0,2.0,0.0,1.891,0.0,0.0
Giulio Maggiore,2021-2022,it Serie A,353796,6,12.0,0,0,523.0,0.0,0.0,2.065,0.0,0.0
Giulio Maggiore,2022-2023,it Serie A,353796,4,9.0,1,1,296.0,0.0,0.0,2.736,0.25,0.25
Giulio Maggiore,2023-2024,it Serie A,353796,6,10.0,1,0,517.0,1.0,0.0,1.741,0.167,0.0
Giuseppe Cuomo,2020-2021,it Serie A,365565,8,15.0,2,1,681.0,4.0,0.0,1.982,0.25,0.125
Giuseppe Pezzella,2020-2021,it Serie A,336960,18,37.0,3,2,1484.0,6.0,0.0,2.244,0.167,0.111
Giuseppe Pezzella,2021-2022,it Serie A,336960,2,2.0,1,0,135.0,0.0,0.0,1.333,0.5,0.0
Giuseppe Pezzella,2022-2023,it Serie A,336960,10,16.0,0,1,803.0,1.0,0.0,1.793,0.0,0.1
Giuseppe Pezzella,2023-2024,it Serie A,336960,1,1.0,0,0,45.0,1.0,0.0,2.0,0.0,0.0
Gonzalo Castro,2020-2021,de Bundesliga,28947,1,0.0,1,1,86.0,0.0,0.0,0.0,1.0,1.0
Gonzalo Escalante,2020-2021,it Serie A,266795,4,5.0,1,2,282.0,3.0,0.0,1.596,0.25,0.5
Gonzalo Escalante,2022-2023,es La Liga,266795,2,2.0,1,1,172.0,0.0,0.0,1.047,0.5,0.5
Gonzalo Escalante,2022-2023,it Serie A,266795,3,5.0,1,0,219.0,0.0,1.0,2.055,0.333,0.0
Gonzalo Escalante,2023-2024,es La Liga,266795,2,3.0,0,0,139.0,0.0,0.0,1.942,0.0,0.0
Gonzalo Montiel,2021-2022,es La Liga,402733,14,12.0,5,7,1007.0,5.0,0.0,1.072,0.357,0.5
Gonzalo Montiel,2022-2023,es La Liga,402733,16,27.0,3,3,1224.0,5.0,1.0,1.985,0.188,0.188
Gonzalo Montiel,2023-2024,eng Premier League,402733,2,5.0,0,0,176.0,1.0,0.0,2.557,0.0,0.0
Gonzalo Verdú,2020-2021,es La Liga,184779,33,48.0,6,7,2945.0,11.0,0.0,1.467,0.182,0.212
Gonzalo Verdú,2021-2022,es La Liga,184779,16,14.0,6,7,1315.0,10.0,0.0,0.958,0.375,0.438
Gonzalo Verdú,2022-2023,es La Liga,184779,9,16.0,1,1,591.0,0.0,2.0,2.437,0.111,0.111
Gonzalo Villar,2020-2021,it Serie A,398163,17,22.0,5,8,1344.0,4.0,0.0,1.473,0.294,0.471
Gonzalo Villar,2021-2022,es La Liga,398163,2,3.0,0,0,164.0,0.0,0.0,1.646,0.0,0.0
Gonzalo Villar,2022-2023,it Serie A,398163,7,17.0,0,0,474.0,2.0,0.0,3.228,0.0,0.0
Granit Xhaka,2020-2021,eng Premier League,111455,16,13.0,7,7,1383.0,2.0,0.0,0.846,0.438,0.438
Granit Xhaka,2021-2022,eng Premier League,111455,4,11.0,0,0,305.0,0.0,1.0,3.246,0.0,0.0
Granit Xhaka,2023-2024,de Bundesliga,111455,9,6.0,5,8,801.0,1.0,0.0,0.674,0.556,0.889
Grant Hanley,2021-2022,eng Premier League,121385,33,71.0,6,4,2899.0,2.0,0.0,2.204,0.182,0.121
Grigoris Kastanos,2021-2022,it Serie A,298635,3,13.0,0,0,203.0,1.0,0.0,5.764,0.0,0.0
Grischa Prömel,2020-2021,de Bundesliga,234029,5,6.0,1,1,430.0,4.0,0.0,1.256,0.2,0.2
Grischa Prömel,2021-2022,de Bundesliga,234029,6,14.0,1,2,514.0,0.0,0.0,2.451,0.167,0.333
Grischa Prömel,2022-2023,de Bundesliga,234029,1,2.0,0,0,85.0,1.0,0.0,2.118,0.0,0.0
Grischa Prömel,2023-2024,de Bundesliga,234029,3,4.0,0,0,209.0,0.0,0.0,1.722,0.0,0.0
Guido Rodríguez,2020-2021,es La Liga,342385,32,44.0,10,14,2687.0,9.0,0.0,1.474,0.312,0.438
Guido Rodríguez,2021-2022,es La Liga,342385,27,25.0,10,15,2309.0,8.0,0.0,0.974,0.37,0.556
Guido Rodríguez,2022-2023,es La Liga,342385,32,37.0,10,13,2742.0,8.0,0.0,1.214,0.312,0.406
Guido Rodríguez,2023-2024,es La Liga,342385,2,5.0,0,0,168.0,0.0,0.0,2.679,0.0,0.0
Guilherme Ramos,2021-2022,de Bundesliga,340521,9,15.0,1,1,810.0,0.0,0.0,1.667,0.111,0.111
Guillem Molina,2020-2021,es La Liga,602156,1,3.0,0,0,0.0,0.0,0.0,6.0,0.0,0.0
Guillermo Maripán,2020-2021,fr Ligue 1,249730,22,20.0,11,15,1953.0,7.0,0.0,0.922,0.5,0.682
Guillermo Maripán,2021-2022,fr Ligue 1,249730,21,19.0,8,11,1812.0,5.0,0.0,0.944,0.381,0.524
Guillermo Maripán,2022-2023,fr Ligue 1,249730,25,38.0,5,13,2136.0,6.0,0.0,1.601,0.2,0.52
Guillermo Maripán,2023-2024,fr Ligue 1,249730,7,10.0,2,3,551.0,0.0,1.0,1.633,0.286,0.429
Guéla Doué,2023-2024,fr Ligue 1,711980,6,6.0,2,4,511.0,0.0,0.0,1.057,0.333,0.667
Gvidas Gineitis,2023-2024,it Serie A,798929,1,3.0,0,0,80.0,0.0,0.0,3.375,0.0,0.0
Gédéon Kalulu,2022-2023,fr Ligue 1,395685,23,33.0,5,11,2070.0,4.0,0.0,1.435,0.217,0.478
Habib Diarra,2021-2022,fr Ligue 1,876631,1,1.0,0,0,64.0,1.0,0.0,1.406,0.0,0.0
Habib Diarra,2022-2023,fr Ligue 1,876631,3,4.0,1,0,222.0,0.0,0.0,1.622,0.333,0.0
Habib Keïta,2023-2024,fr Ligue 1,669000,2,6.0,0,1,158.0,1.0,0.0,3.418,0.0,0.5
Habib Maïga,2020-2021,fr Ligue 1,293944,22,27.0,6,6,1888.0,5.0,0.0,1.287,0.273,0.273
Habib Maïga,2021-2022,fr Ligue 1,293944,8,12.0,1,2,582.0,2.0,0.0,1.856,0.125,0.25
Hakan Çalhanoğlu,2022-2023,it Serie A,126414,14,12.0,7,10,1126.0,2.0,0.0,0.959,0.5,0.714
Hakan Çalhanoğlu,2023-2024,it Serie A,126414,5,3.0,3,4,397.0,0.0,0.0,0.68,0.6,0.8
Halid Sabanovic,2022-2023,fr Ligue 1,422986,7,11.0,1,1,460.0,1.0,1.0,2.152,0.143,0.143
Hamari Traoré,2020-2021,fr Ligue 1,297070,33,36.0,9,15,2882.0,3.0,0.0,1.124,0.273,0.455
Hamari Traoré,2021-2022,fr Ligue 1,297070,33,37.0,11,17,2898.0,4.0,0.0,1.149,0.333,0.515
Hamari Traoré,2022-2023,fr Ligue 1,297070,28,29.0,8,15,2485.0,5.0,0.0,1.05,0.286,0.536
Hamari Traoré,2023-2024,es La Liga,297070,4,6.0,1,3,315.0,1.0,0.0,1.714,0.25,0.75
Hamza Choudhury,2020-2021,eng Premier League,341501,3,1.0,2,1,208.0,1.0,0.0,0.433,0.667,0.333
Hamza Choudhury,2021-2022,eng Premier League,341501,3,5.0,1,1,211.0,1.0,0.0,2.133,0.333,0.333
Han-Noah Massengo,2022-2023,fr Ligue 1,536508,10,9.0,4,3,829.0,2.0,0.0,0.977,0.4,0.3
Hannes Delcroix,2023-2024,eng Premier League,338635,2,8.0,0,0,180.0,0.0,0.0,4.0,0.0,0.0
Hans Hateboer,2020-2021,it Serie A,275303,1,0.0,1,1,0.0,0.0,0.0,,1.0,1.0
Hans Hateboer,2021-2022,it Serie A,275303,2,1.0,1,1,173.0,0.0,0.0,0.52,0.5,0.5
Hans Hateboer,2022-2023,it Serie A,275303,2,3.0,1,1,180.0,0.0,0.0,1.5,0.5,0.5
Hans Nicolussi Caviglia,2022-2023,it Serie A,430280,3,6.0,0,0,218.0,0.0,0.0,2.477,0.0,0.0
Haris Belkebla,2020-2021,fr Ligue 1,138055,8,19.0,1,0,678.0,3.0,0.0,2.522,0.125,0.0
Haris Belkebla,2021-2022,fr Ligue 1,138055,8,14.0,2,2,690.0,2.0,0.0,1.826,0.25,0.25
Haris Belkebla,2022-2023,fr Ligue 1,138055,7,15.0,1,2,630.0,0.0,0.0,2.143,0.143,0.286
Harold Moukoudi,2020-2021,fr Ligue 1,272636,26,38.0,7,8,2277.0,6.0,0.0,1.502,0.269,0.308
Harold Moukoudi,2021-2022,fr Ligue 1,272636,17,43.0,1,0,1416.0,3.0,0.0,2.733,0.059,0.0
Harrison Reed,2020-2021,eng Premier League,226973,23,28.0,8,4,1875.0,4.0,0.0,1.344,0.348,0.174
Harrison Reed,2022-2023,eng Premier League,226973,16,25.0,3,5,1257.0,1.0,0.0,1.79,0.188,0.312
Harrison Reed,2023-2024,eng Premier League,226973,3,3.0,1,2,228.0,1.0,0.0,1.184,0.333,0.667
Harry Maguire,2020-2021,eng Premier League,177907,34,36.0,13,20,3048.0,11.0,0.0,1.063,0.382,0.588
Harry Maguire,2021-2022,eng Premier League,177907,28,43.0,6,14,2476.0,9.0,0.0,1.563,0.214,0.5
Harry Maguire,2022-2023,eng Premier League,177907,8,7.0,5,6,720.0,3.0,0.0,0.875,0.625,0.75
Harry Maguire,2023-2024,eng Premier League,177907,4,4.0,1,3,315.0,2.0,0.0,1.143,0.25,0.75
Harry Souttar,2022-2023,eng Premier League,298091,11,19.0,1,2,990.0,2.0,0.0,1.727,0.091,0.182
Harry Toffolo,2022-2023,eng Premier League,198516,6,7.0,1,1,510.0,1.0,0.0,1.235,0.167,0.167
Harry Toffolo,2023-2024,eng Premier League,198516,4,5.0,0,0,360.0,1.0,0.0,1.25,0.0,0.0
Harry Winks,2020-2021,eng Premier League,249126,9,11.0,1,4,715.0,4.0,0.0,1.385,0.111,0.444
Harry Winks,2021-2022,eng Premier League,249126,7,11.0,1,3,613.0,2.0,0.0,1.615,0.143,0.429
Harry Winks,2022-2023,it Serie A,249126,15,24.0,2,1,1331.0,1.0,0.0,1.623,0.133,0.067
Hassane Kamara,2020-2021,fr Ligue 1,290017,23,29.0,6,11,1996.0,2.0,0.0,1.308,0.261,0.478
Hassane Kamara,2021-2022,eng Premier League,290017,18,36.0,3,2,1581.0,5.0,0.0,2.049,0.167,0.111
Hassane Kamara,2021-2022,fr Ligue 1,290017,2,1.0,1,0,169.0,0.0,0.0,0.533,0.5,0.0
Helibelton Palacios,2020-2021,es La Liga,211389,8,11.0,1,1,675.0,0.0,0.0,1.467,0.125,0.125
Helibelton Palacios,2021-2022,es La Liga,211389,19,28.0,3,5,1583.0,4.0,0.0,1.592,0.158,0.263
Helibelton Palacios,2022-2023,es La Liga,211389,21,38.0,2,3,1720.0,7.0,0.0,1.988,0.095,0.143
Henning Matriciani,2022-2023,de Bundesliga,570160,22,46.0,2,7,1867.0,1.0,0.0,2.217,0.091,0.318
Henrique Silva,2021-2022,fr Ligue 1,204072,7,8.0,1,4,620.0,2.0,0.0,1.161,0.143,0.571
Henrique Silva,2022-2023,fr Ligue 1,204072,2,2.0,0,1,180.0,0.0,0.0,1.0,0.0,0.5
Herbert Bockhorn,2021-2022,de Bundesliga,186477,7,15.0,1,1,603.0,1.0,0.0,2.239,0.143,0.143
Hernani,2020-2021,it Serie A,181768,4,6.0,1,0,289.0,2.0,0.0,1.869,0.25,0.0
Hernani,2021-2022,it Serie A,181768,1,1.0,0,0,67.0,0.0,0.0,1.343,0.0,0.0
Hianga'a Mbock,2020-2021,fr Ligue 1,684062,1,2.0,0,0,90.0,0.0,0.0,2.0,0.0,0.0
Hianga'a Mbock,2021-2022,fr Ligue 1,684062,4,10.0,0,0,360.0,1.0,0.0,2.5,0.0,0.0
Hicham Boudaoui,2020-2021,fr Ligue 1,560593,7,10.0,2,3,596.0,2.0,0.0,1.51,0.286,0.429
Hicham Boudaoui,2022-2023,fr Ligue 1,560593,10,8.0,4,7,769.0,3.0,0.0,0.936,0.4,0.7
Hilton,2020-2021,fr Ligue 1,4811,24,37.0,2,8,2068.0,4.0,2.0,1.61,0.083,0.333
Himad Abdelli,2022-2023,fr Ligue 1,592979,5,9.0,0,1,433.0,0.0,0.0,1.871,0.0,0.2
Hiroki Ito,2021-2022,de Bundesliga,353892,25,41.0,3,4,2192.0,2.0,0.0,1.683,0.12,0.16
Hiroki Ito,2022-2023,de Bundesliga,353892,28,43.0,2,5,2475.0,5.0,0.0,1.564,0.071,0.179
Hiroki Ito,2023-2024,de Bundesliga,353892,6,5.0,2,5,540.0,0.0,0.0,0.833,0.333,0.833
Hiroki Sakai,2020-2021,fr Ligue 1,83002,26,33.0,5,12,2258.0,6.0,1.0,1.315,0.192,0.462
Hjalmar Ekdal,2023-2024,eng Premier League,392179,2,5.0,0,0,131.0,1.0,0.0,3.435,0.0,0.0
Houboulang Mendes,2020-2021,fr Ligue 1,442552,14,25.0,1,5,1193.0,3.0,0.0,1.886,0.071,0.357
Houboulang Mendes,2021-2022,fr Ligue 1,442552,36,60.0,11,8,3223.0,5.0,0.0,1.675,0.306,0.222
Houboulang Mendes,2022-2023,es La Liga,442552,10,27.0,0,3,759.0,1.0,0.0,3.202,0.0,0.3
Houssem Aouar,2021-2022,fr Ligue 1,395693,1,1.0,0,1,90.0,0.0,0.0,1.0,0.0,1.0
Hrvoje Smolcic,2022-2023,de Bundesliga,571299,4,5.0,1,1,360.0,0.0,0.0,1.25,0.25,0.25
Hrvoje Smolcic,2023-2024,de Bundesliga,571299,1,2.0,0,0,90.0,0.0,0.0,2.0,0.0,0.0
Hugo Bueno,2022-2023,eng Premier League,698678,16,33.0,2,3,1215.0,1.0,0.0,2.444,0.125,0.188
Hugo Guillamón,2020-2021,es La Liga,495629,21,21.0,6,8,1820.0,8.0,0.0,1.038,0.286,0.381
Hugo Guillamón,2021-2022,es La Liga,495629,28,42.0,8,9,2298.0,9.0,1.0,1.645,0.286,0.321
Hugo Guillamón,2022-2023,es La Liga,495629,19,20.0,4,6,1521.0,4.0,0.0,1.183,0.211,0.316
Hugo Guillamón,2023-2024,es La Liga,495629,3,3.0,1,2,259.0,1.0,0.0,1.042,0.333,0.667
Hugo Larsson,2023-2024,de Bundesliga,931838,1,1.0,0,1,72.0,0.0,0.0,1.25,0.0,1.0
Hugo Magnetti,2021-2022,fr Ligue 1,474662,2,5.0,0,0,145.0,0.0,0.0,3.103,0.0,0.0
Hugo Magnetti,2022-2023,fr Ligue 1,474662,1,0.0,1,0,74.0,0.0,0.0,0.0,1.0,0.0
Hugo Mallo,2020-2021,es La Liga,119905,30,46.0,6,11,2595.0,8.0,0.0,1.595,0.2,0.367
Hugo Mallo,2021-2022,es La Liga,119905,21,27.0,7,7,1829.0,7.0,0.0,1.329,0.333,0.333
Hugo Mallo,2022-2023,es La Liga,119905,25,34.0,7,7,2082.0,7.0,0.0,1.47,0.28,0.28
Hugo Álvarez,2023-2024,es La Liga,892929,1,1.0,0,1,76.0,0.0,0.0,1.184,0.0,1.0
Håvard Nordtveit,2020-2021,de Bundesliga,42234,6,13.0,1,3,540.0,1.0,0.0,2.167,0.167,0.5
Håvard Nordtveit,2021-2022,de Bundesliga,42234,1,3.0,0,0,90.0,0.0,0.0,3.0,0.0,0.0
Héctor Bellerín,2020-2021,eng Premier League,191217,21,20.0,7,9,1801.0,6.0,0.0,0.999,0.333,0.429
Héctor Bellerín,2021-2022,es La Liga,191217,22,23.0,9,12,1957.0,2.0,1.0,1.058,0.409,0.545
Héctor Bellerín,2022-2023,es La Liga,191217,1,0.0,1,1,90.0,0.0,0.0,0.0,1.0,1.0
Héctor Bellerín,2023-2024,es La Liga,191217,6,7.0,3,2,522.0,0.0,0.0,1.207,0.5,0.333
Héctor Fort,2023-2024,es La Liga,937955,2,5.0,1,1,127.0,0.0,0.0,3.543,0.5,0.5
Héctor Herrera,2020-2021,es La Liga,122043,3,3.0,1,2,211.0,0.0,0.0,1.28,0.333,0.667
Héctor Herrera,2021-2022,es La Liga,122043,2,2.0,0,2,174.0,1.0,0.0,1.034,0.0,1.0
Iago,2020-2021,de Bundesliga,520468,14,18.0,4,4,1241.0,1.0,0.0,1.305,0.286,0.286
Iago,2021-2022,de Bundesliga,520468,22,35.0,6,7,1833.0,3.0,0.0,1.718,0.273,0.318
Iago,2022-2023,de Bundesliga,520468,14,23.0,2,3,1109.0,5.0,0.0,1.867,0.143,0.214
Iago,2023-2024,de Bundesliga,520468,9,10.0,2,5,795.0,2.0,0.0,1.132,0.222,0.556
Ian Maatsen,2023-2024,de Bundesliga,485585,9,7.0,4,6,782.0,2.0,0.0,0.806,0.444,0.667
Ibrahim Amadou,2020-2021,fr Ligue 1,205503,18,25.0,4,6,1304.0,5.0,0.0,1.725,0.222,0.333
Ibrahim Amadou,2021-2022,fr Ligue 1,205503,9,9.0,3,0,753.0,4.0,0.0,1.076,0.333,0.0
Ibrahim Amadou,2022-2023,fr Ligue 1,205503,4,9.0,0,0,360.0,1.0,0.0,2.25,0.0,0.0
Ibrahim Diakité,2022-2023,fr Ligue 1,919173,1,1.0,0,0,78.0,0.0,0.0,1.154,0.0,0.0
Ibrahim Sangaré,2023-2024,eng Premier League,375885,1,1.0,0,0,90.0,0.0,0.0,1.0,0.0,0.0
Ibrahim Sulemana,2022-2023,it Serie A,982267,2,4.0,0,0,161.0,0.0,0.0,2.236,0.0,0.0
Ibrahim Sulemana,2023-2024,it Serie A,982267,1,2.0,0,0,11.0,0.0,0.0,6.0,0.0,0.0
Ibrahima Diallo,2020-2021,eng Premier League,413032,2,5.0,0,1,180.0,0.0,0.0,2.5,0.0,0.5
Ibrahima Diallo,2020-2021,fr Ligue 1,413032,5,12.0,1,2,442.0,1.0,0.0,2.443,0.2,0.4
Ibrahima Diallo,2021-2022,eng Premier League,413032,4,8.0,1,1,315.0,1.0,0.0,2.286,0.25,0.25
Ibrahima Diallo,2022-2023,eng Premier League,413032,9,17.0,0,2,604.0,2.0,0.0,2.533,0.0,0.222
Ibrahima Konaté,2020-2021,de Bundesliga,357119,8,7.0,4,4,606.0,2.0,0.0,1.04,0.5,0.5
Ibrahima Konaté,2021-2022,eng Premier League,357119,11,10.0,4,7,990.0,2.0,0.0,0.909,0.364,0.636
Ibrahima Konaté,2022-2023,eng Premier League,357119,17,21.0,7,9,1530.0,5.0,0.0,1.235,0.412,0.529
Ibrahima Konaté,2023-2024,eng Premier League,357119,5,5.0,2,4,448.0,3.0,0.0,1.004,0.4,0.8
Ibrahima Mbaye,2020-2021,it Serie A,207715,5,10.0,1,1,365.0,1.0,0.0,2.466,0.2,0.2
Ibrahima Sissoko,2020-2021,fr Ligue 1,372712,14,24.0,3,3,1185.0,1.0,0.0,1.823,0.214,0.214
Ibrahima Sissoko,2021-2022,fr Ligue 1,372712,17,20.0,6,7,1436.0,3.0,0.0,1.253,0.353,0.412
Ibrahima Sissoko,2022-2023,fr Ligue 1,372712,3,4.0,1,1,241.0,1.0,0.0,1.494,0.333,0.333
Ibrahima Sissoko,2023-2024,fr Ligue 1,372712,6,12.0,0,0,529.0,3.0,0.0,2.042,0.0,0.0
Iddrisu Baba,2021-2022,es La Liga,442805,8,15.0,2,1,668.0,0.0,0.0,2.021,0.25,0.125
Iddrisu Baba,2022-2023,es La Liga,442805,6,8.0,2,2,507.0,0.0,0.0,1.42,0.333,0.333
Iddrisu Baba,2023-2024,es La Liga,442805,2,3.0,0,0,174.0,0.0,0.0,1.552,0.0,0.0
Idrissa Doumbia,2020-2021,es La Liga,430579,4,3.0,1,1,289.0,2.0,0.0,0.934,0.25,0.25
Idrissa Gueye,2020-2021,fr Ligue 1,126665,14,7.0,8,10,1009.0,1.0,0.0,0.624,0.571,0.714
Idrissa Gueye,2021-2022,fr Ligue 1,126665,8,11.0,1,4,673.0,0.0,0.0,1.471,0.125,0.5
Idrissa Gueye,2022-2023,eng Premier League,126665,25,42.0,5,6,2030.0,6.0,0.0,1.862,0.2,0.24
Ignasi Miquel,2023-2024,es La Liga,70245,6,15.0,0,0,540.0,1.0,0.0,2.5,0.0,0.0
Igor,2020-2021,it Serie A,380350,11,13.0,5,3,936.0,3.0,0.0,1.25,0.455,0.273
Igor,2021-2022,it Serie A,380350,23,26.0,7,13,2065.0,2.0,0.0,1.133,0.304,0.565
Igor,2022-2023,it Serie A,380350,23,28.0,4,8,1938.0,10.0,0.0,1.3,0.174,0.348
Igor,2023-2024,eng Premier League,380350,3,6.0,0,1,238.0,1.0,0.0,2.269,0.0,0.333
Igor Silva,2021-2022,fr Ligue 1,391720,12,23.0,1,1,1010.0,1.0,0.0,2.05,0.083,0.083
Igor Silva,2022-2023,fr Ligue 1,391720,4,5.0,1,1,359.0,2.0,1.0,1.253,0.25,0.25
Igor Zubeldia,2020-2021,es La Liga,355628,21,26.0,7,7,1876.0,4.0,0.0,1.247,0.333,0.333
Igor Zubeldia,2021-2022,es La Liga,355628,19,27.0,6,5,1572.0,7.0,0.0,1.546,0.316,0.263
Igor Zubeldia,2022-2023,es La Liga,355628,29,27.0,11,14,2500.0,10.0,0.0,0.972,0.379,0.483
Igor Zubeldia,2023-2024,es La Liga,355628,8,7.0,4,4,666.0,3.0,0.0,0.946,0.5,0.5
Iker Muñoz,2022-2023,es La Liga,710677,1,0.0,1,1,90.0,0.0,0.0,0.0,1.0,1.0
Iker Muñoz,2023-2024,es La Liga,710677,4,6.0,1,2,326.0,0.0,0.0,1.656,0.25,0.5
Ilaix Moriba,2021-2022,es La Liga,617074,2,3.0,1,0,159.0,1.0,0.0,1.698,0.5,0.0
Ilario Monterisi,2023-2024,it Serie A,550116,2,8.0,0,0,135.0,0.0,0.0,5.333,0.0,0.0
Ilia Gruev,2022-2023,de Bundesliga,381753,12,20.0,1,2,958.0,0.0,0.0,1.879,0.083,0.167
Ilya Zabarnyi,2022-2023,eng Premier League,659089,3,4.0,0,0,270.0,0.0,0.0,1.333,0.0,0.0
Ilya Zabarnyi,2023-2024,eng Premier League,659089,9,17.0,1,2,810.0,1.0,0.0,1.889,0.111,0.222
Ilyes Chetti,2022-2023,fr Ligue 1,477834,2,5.0,1,0,111.0,1.0,0.0,4.054,0.5,0.0
Imanol García de Albéniz,2023-2024,es La Liga,626954,1,0.0,1,0,90.0,1.0,0.0,0.0,1.0,0.0
Imrân Louza,2020-2021,fr Ligue 1,635336,3,4.0,1,1,227.0,0.0,1.0,1.586,0.333,0.333
Imrân Louza,2021-2022,eng Premier League,635336,14,34.0,2,3,1104.0,4.0,0.0,2.772,0.143,0.214
Imrân Louza,2023-2024,fr Ligue 1,635336,4,5.0,1,2,323.0,1.0,0.0,1.393,0.25,0.5
Isaac Hayden,2020-2021,eng Premier League,206225,18,33.0,3,4,1579.0,8.0,0.0,1.881,0.167,0.222
Isaac Hayden,2021-2022,eng Premier League,206225,9,22.0,0,0,713.0,5.0,0.0,2.777,0.0,0.0
Isaak Touré,2022-2023,fr Ligue 1,708678,18,21.0,4,4,1578.0,5.0,0.0,1.198,0.222,0.222
Isaak Touré,2023-2024,fr Ligue 1,708678,7,9.0,1,4,630.0,2.0,0.0,1.286,0.143,0.571
Isak Hien,2022-2023,it Serie A,503075,28,39.0,6,7,2447.0,7.0,0.0,1.434,0.214,0.25
Isak Hien,2023-2024,it Serie A,503075,1,2.0,0,0,90.0,0.0,0.0,2.0,0.0,0.0
Isma Ruiz,2021-2022,es La Liga,631221,1,1.0,0,1,79.0,1.0,0.0,1.139,0.0,1.0
Ismail Jakobs,2020-2021,de Bundesliga,375137,1,0.0,1,0,90.0,1.0,0.0,0.0,1.0,0.0
Ismail Jakobs,2021-2022,fr Ligue 1,375137,8,5.0,4,4,678.0,0.0,0.0,0.664,0.5,0.5
Ismail Jakobs,2022-2023,fr Ligue 1,375137,3,5.0,0,2,270.0,0.0,0.0,1.667,0.0,0.667
Ismail Jakobs,2023-2024,fr Ligue 1,375137,2,4.0,0,1,168.0,0.0,0.0,2.143,0.0,0.5
Ismaily,2022-2023,fr Ligue 1,124028,19,25.0,5,8,1515.0,0.0,0.0,1.485,0.263,0.421
Ismaily,2023-2024,fr Ligue 1,124028,6,6.0,3,2,492.0,1.0,0.0,1.098,0.5,0.333
Ismaël Bennacer,2020-2021,it Serie A,351816,16,18.0,5,10,1149.0,4.0,0.0,1.41,0.312,0.625
Ismaël Bennacer,2021-2022,it Serie A,351816,15,14.0,7,11,1143.0,5.0,0.0,1.102,0.467,0.733
Ismaël Bennacer,2022-2023,it Serie A,351816,18,25.0,4,9,1469.0,5.0,0.0,1.532,0.222,0.5
Ismaël Bennacer,2023-2024,it Serie A,351816,3,5.0,1,2,209.0,0.0,0.0,2.153,0.333,0.667
Ismaël Boura,2021-2022,fr Ligue 1,770895,1,1.0,0,0,0.0,0.0,0.0,6.0,0.0,0.0
Ismaël Diallo,2022-2023,fr Ligue 1,375881,25,46.0,5,6,2091.0,8.0,1.0,1.98,0.2,0.24
Ismaël Doukouré,2022-2023,fr Ligue 1,786436,24,33.0,5,7,2098.0,5.0,0.0,1.416,0.208,0.292
Ismaël Doukouré,2023-2024,fr Ligue 1,786436,3,6.0,0,0,225.0,1.0,0.0,2.4,0.0,0.0
Ismaël Traoré,2020-2021,fr Ligue 1,57216,34,53.0,7,11,2994.0,3.0,0.0,1.593,0.206,0.324
Ismaël Traoré,2021-2022,fr Ligue 1,57216,36,54.0,7,9,3214.0,1.0,0.0,1.512,0.194,0.25
Ismaël Traoré,2023-2024,fr Ligue 1,57216,4,7.0,0,0,333.0,0.0,0.0,1.892,0.0,0.0
Issa Diop,2020-2021,eng Premier League,272622,15,22.0,2,6,1350.0,2.0,0.0,1.467,0.133,0.4
Issa Diop,2021-2022,eng Premier League,272622,10,16.0,2,4,897.0,0.0,0.0,1.605,0.2,0.4
Issa Diop,2022-2023,eng Premier League,272622,21,25.0,7,8,1877.0,2.0,0.0,1.199,0.333,0.381
Issa Diop,2023-2024,eng Premier League,272622,3,3.0,1,1,255.0,0.0,0.0,1.059,0.333,0.333
Issa Kaboré,2021-2022,fr Ligue 1,649452,20,29.0,4,5,1634.0,7.0,1.0,1.597,0.2,0.25
Issa Kaboré,2023-2024,eng Premier League,649452,1,1.0,0,0,90.0,1.0,0.0,1.0,0.0,0.0
Issiaga Sylla,2020-2021,fr Ligue 1,220878,1,1.0,0,0,90.0,0.0,0.0,1.0,0.0,0.0
Issiaga Sylla,2022-2023,fr Ligue 1,220878,30,40.0,11,14,2564.0,3.0,0.0,1.404,0.367,0.467
Issiaga Sylla,2023-2024,fr Ligue 1,220878,2,3.0,0,1,180.0,0.0,0.0,1.5,0.0,0.5
Issouf Sissokho,2021-2022,fr Ligue 1,740674,4,8.0,0,0,300.0,1.0,0.0,2.4,0.0,0.0
Ivan Ilic,2020-2021,it Serie A,470794,9,12.0,1,3,772.0,0.0,0.0,1.399,0.111,0.333
Ivan Ilic,2021-2022,it Serie A,470794,10,15.0,2,3,819.0,2.0,0.0,1.648,0.2,0.3
Ivan Ilic,2022-2023,it Serie A,470794,7,10.0,2,2,605.0,1.0,0.0,1.488,0.286,0.286
Ivan Ordets,2022-2023,de Bundesliga,118850,28,59.0,5,10,2444.0,4.0,0.0,2.173,0.179,0.357
Ivan Ordets,2023-2024,de Bundesliga,118850,8,20.0,0,1,720.0,1.0,0.0,2.5,0.0,0.125
Ivan Perisic,2022-2023,eng Premier League,42460,1,6.0,0,0,90.0,0.0,0.0,6.0,0.0,0.0
Ivan Radovanovic,2020-2021,it Serie A,46105,24,36.0,6,6,2032.0,5.0,0.0,1.594,0.25,0.25
Ivan Radovanovic,2021-2022,it Serie A,46105,12,18.0,1,3,989.0,4.0,0.0,1.638,0.083,0.25
Ivan Radovanovic,2022-2023,it Serie A,46105,7,9.0,2,3,576.0,0.0,1.0,1.406,0.286,0.429
Ivan Rakitic,2020-2021,es La Liga,32467,1,4.0,0,0,69.0,0.0,0.0,5.217,0.0,0.0
Ivan Rakitic,2022-2023,es La Liga,32467,1,0.0,1,1,67.0,0.0,0.0,0.0,1.0,1.0
Ivan Sunjic,2022-2023,de Bundesliga,226097,12,22.0,2,2,888.0,4.0,0.0,2.23,0.167,0.167
Iván Balliu,2021-2022,es La Liga,85295,33,43.0,8,9,2968.0,10.0,1.0,1.304,0.242,0.273
Iván Balliu,2022-2023,es La Liga,85295,37,51.0,9,13,3238.0,6.0,0.0,1.418,0.243,0.351
Iván Balliu,2023-2024,es La Liga,85295,9,12.0,2,1,798.0,3.0,0.0,1.353,0.222,0.111
Iván Fresneda,2022-2023,es La Liga,946883,16,27.0,3,4,1423.0,3.0,0.0,1.708,0.188,0.25
Iván Marcone,2020-2021,es La Liga,90451,23,32.0,4,4,1981.0,8.0,0.0,1.454,0.174,0.174
Iván Marcone,2021-2022,es La Liga,90451,10,16.0,1,1,701.0,4.0,0.0,2.054,0.1,0.1
Iza Carcelén,2020-2021,es La Liga,254037,29,46.0,6,8,2373.0,2.0,0.0,1.745,0.207,0.276
Iza Carcelén,2021-2022,es La Liga,254037,15,23.0,5,4,1222.0,1.0,0.0,1.694,0.333,0.267
Iza Carcelén,2022-2023,es La Liga,254037,25,29.0,11,8,2103.0,4.0,3.0,1.241,0.44,0.32
Iza Carcelén,2023-2024,es La Liga,254037,7,7.0,3,1,626.0,1.0,0.0,1.006,0.429,0.143
Iñigo Eguaras,2022-2023,es La Liga,89731,8,11.0,1,2,566.0,4.0,0.0,1.749,0.125,0.25
Iñigo Lekue,2020-2021,es La Liga,255501,5,3.0,3,1,437.0,1.0,0.0,0.618,0.6,0.2
Iñigo Lekue,2021-2022,es La Liga,255501,22,23.0,7,7,1844.0,3.0,0.0,1.123,0.318,0.318
Iñigo Lekue,2022-2023,es La Liga,255501,14,17.0,4,6,1157.0,1.0,0.0,1.322,0.286,0.429
Iñigo Lekue,2023-2024,es La Liga,255501,4,3.0,2,2,262.0,2.0,0.0,1.031,0.5,0.5
Iñigo Martínez,2020-2021,es La Liga,158863,28,34.0,4,7,2520.0,9.0,0.0,1.214,0.143,0.25
Iñigo Martínez,2021-2022,es La Liga,158863,26,16.0,13,12,2299.0,9.0,1.0,0.626,0.5,0.462
Iñigo Martínez,2022-2023,es La Liga,158863,15,17.0,4,8,1339.0,1.0,0.0,1.143,0.267,0.533
Iñigo Martínez,2023-2024,es La Liga,158863,2,3.0,1,1,180.0,1.0,0.0,1.5,0.5,0.5
Iñigo Pérez,2020-2021,es La Liga,71579,5,9.0,2,1,413.0,1.0,0.0,1.961,0.4,0.2
Iñigo Ruiz de Galarreta,2022-2023,es La Liga,126751,10,10.0,4,5,841.0,4.0,0.0,1.07,0.4,0.5
Jacek Goralski,2022-2023,de Bundesliga,199297,2,5.0,0,0,120.0,0.0,0.0,3.75,0.0,0.0
Jack Colback,2022-2023,eng Premier League,61644,2,6.0,0,0,180.0,0.0,0.0,3.0,0.0,0.0
Jack Cork,2020-2021,eng Premier League,40613,8,15.0,1,1,697.0,1.0,0.0,1.937,0.125,0.125
Jack Cork,2021-2022,eng Premier League,40613,13,20.0,3,1,1064.0,1.0,0.0,1.692,0.231,0.077
Jack Hendry,2022-2023,it Serie A,363223,2,4.0,0,0,180.0,1.0,0.0,2.0,0.0,0.0
Jack Hinshelwood,2023-2024,eng Premier League,867688,1,0.0,1,0,90.0,0.0,0.0,0.0,1.0,0.0
Jack O'Connell,2020-2021,eng Premier League,212829,2,3.0,0,0,180.0,0.0,0.0,1.5,0.0,0.0
Jack Robinson,2020-2021,eng Premier League,128909,9,10.0,2,2,777.0,3.0,0.0,1.158,0.222,0.222
Jack Robinson,2023-2024,eng Premier League,128909,7,20.0,0,1,622.0,1.0,0.0,2.894,0.0,0.143
Jack Stacey,2022-2023,eng Premier League,249356,2,4.0,0,0,135.0,0.0,0.0,2.667,0.0,0.0
Jack Stephens,2020-2021,eng Premier League,163744,17,36.0,4,4,1494.0,2.0,0.0,2.169,0.235,0.235
Jack Stephens,2021-2022,eng Premier League,163744,9,19.0,2,0,757.0,3.0,0.0,2.259,0.222,0.0
Jack Stephens,2022-2023,eng Premier League,163744,13,21.0,4,6,1170.0,3.0,0.0,1.615,0.308,0.462
Jackson Porozo,2022-2023,fr Ligue 1,491616,17,37.0,0,2,1491.0,3.0,0.0,2.233,0.0,0.118
Jackson Tchatchoua,2023-2024,it Serie A,848509,7,7.0,3,2,560.0,1.0,0.0,1.125,0.429,0.286
Jacob Barrett Laursen,2020-2021,de Bundesliga,185164,13,26.0,5,3,1069.0,1.0,0.0,2.189,0.385,0.231
Jacob Barrett Laursen,2021-2022,de Bundesliga,185164,17,23.0,4,2,1281.0,1.0,0.0,1.616,0.235,0.118
Jacob Lungi Sörensen,2021-2022,eng Premier League,390664,6,15.0,1,2,471.0,0.0,0.0,2.866,0.167,0.333
Jacob Murphy,2020-2021,eng Premier League,199527,1,5.0,0,0,90.0,0.0,0.0,5.0,0.0,0.0
Jacob Murphy,2021-2022,eng Premier League,199527,2,5.0,0,0,180.0,1.0,0.0,2.5,0.0,0.0
Jacopo Petriccione,2020-2021,it Serie A,218067,11,25.0,1,1,838.0,5.0,1.0,2.685,0.091,0.091
Jacopo Sala,2020-2021,it Serie A,96806,4,11.0,0,0,288.0,1.0,0.0,3.438,0.0,0.0
Jacopo Sala,2021-2022,it Serie A,96806,7,13.0,1,2,423.0,2.0,0.0,2.766,0.143,0.286
Jacopo Segre,2020-2021,it Serie A,373899,1,0.0,1,0,90.0,0.0,0.0,0.0,1.0,0.0
Jae-sung Lee,2022-2023,de Bundesliga,314398,1,3.0,0,0,64.0,0.0,0.0,4.219,0.0,0.0
Jailson,2023-2024,es La Liga,366948,2,3.0,1,1,145.0,0.0,0.0,1.862,0.5,0.5
Jaime Seoane,2020-2021,es La Liga,340867,3,7.0,0,0,269.0,1.0,0.0,2.342,0.0,0.0
Jairo Izquierdo,2020-2021,es La Liga,337946,3,10.0,0,0,267.0,2.0,0.0,3.371,0.0,0.0
Jairo Riedewald,2020-2021,eng Premier League,241481,10,18.0,1,3,828.0,1.0,0.0,1.957,0.1,0.3
Jairo Riedewald,2021-2022,eng Premier League,241481,1,3.0,0,0,77.0,0.0,0.0,3.506,0.0,0.0
Jaka Bijol,2022-2023,it Serie A,371851,32,38.0,10,9,2732.0,9.0,0.0,1.252,0.312,0.281
Jaka Bijol,2023-2024,it Serie A,371851,1,2.0,0,0,90.0,0.0,0.0,2.0,0.0,0.0
Jake Livermore,2020-2021,eng Premier League,61832,12,28.0,1,1,1035.0,2.0,0.0,2.435,0.083,0.083
Jake O'Brien,2023-2024,fr Ligue 1,711544,7,10.0,2,5,630.0,2.0,0.0,1.429,0.286,0.714
Jake Vokins,2020-2021,eng Premier League,421424,1,3.0,0,0,67.0,0.0,0.0,4.03,0.0,0.0
Jakub Jankto,2021-2022,es La Liga,319160,3,8.0,0,0,253.0,1.0,0.0,2.846,0.0,0.0
Jakub Kaminski,2022-2023,de Bundesliga,407098,1,0.0,1,0,90.0,0.0,0.0,0.0,1.0,0.0
Jakub Kiwior,2021-2022,it Serie A,425918,21,34.0,6,7,1890.0,6.0,0.0,1.619,0.286,0.333
Jakub Kiwior,2022-2023,eng Premier League,425918,5,5.0,2,3,413.0,0.0,0.0,1.09,0.4,0.6
Jakub Kiwior,2022-2023,it Serie A,425918,16,24.0,2,3,1366.0,3.0,0.0,1.581,0.125,0.188
Jakub Kiwior,2023-2024,eng Premier League,425918,5,2.0,3,5,439.0,0.0,0.0,0.41,0.6,1.0
Jamaal Lascelles,2020-2021,eng Premier League,183318,19,33.0,3,3,1627.0,4.0,0.0,1.825,0.158,0.158
Jamaal Lascelles,2021-2022,eng Premier League,183318,22,43.0,3,5,1959.0,5.0,0.0,1.975,0.136,0.227
Jamaal Lascelles,2022-2023,eng Premier League,183318,2,4.0,0,0,180.0,2.0,0.0,2.0,0.0,0.0
Jamal Lewis,2020-2021,eng Premier League,346018,16,31.0,3,6,1419.0,3.0,0.0,1.966,0.188,0.375
Jamal Lewis,2021-2022,eng Premier League,346018,4,8.0,1,1,257.0,1.0,0.0,2.802,0.25,0.25
James Abankwah,2022-2023,it Serie A,648032,1,1.0,0,0,59.0,0.0,0.0,1.525,0.0,0.0
James Bree,2022-2023,eng Premier League,324223,4,12.0,0,0,337.0,1.0,0.0,3.205,0.0,0.0
James Garner,2022-2023,eng Premier League,505219,4,6.0,1,1,346.0,1.0,0.0,1.561,0.25,0.25
James Garner,2023-2024,eng Premier League,505219,2,2.0,1,0,180.0,1.0,0.0,1.0,0.5,0.0
James Hill,2023-2024,eng Premier League,611793,1,4.0,0,0,55.0,0.0,0.0,6.0,0.0,0.0
James Justin,2020-2021,eng Premier League,413220,17,19.0,6,9,1530.0,3.0,0.0,1.118,0.353,0.529
James Justin,2021-2022,eng Premier League,413220,11,12.0,2,5,931.0,0.0,0.0,1.16,0.182,0.455
James Justin,2022-2023,eng Premier League,413220,12,19.0,5,4,1074.0,0.0,0.0,1.592,0.417,0.333
James McArthur,2020-2021,eng Premier League,41416,6,7.0,2,3,532.0,0.0,0.0,1.184,0.333,0.5
James McArthur,2021-2022,eng Premier League,41416,4,4.0,1,1,360.0,2.0,0.0,1.0,0.25,0.25
James McCarthy,2020-2021,eng Premier League,45333,2,2.0,1,2,118.0,0.0,0.0,1.525,0.5,1.0
James Milner,2020-2021,eng Premier League,3333,1,0.0,1,1,90.0,0.0,0.0,0.0,1.0,1.0
James Milner,2021-2022,eng Premier League,3333,4,3.0,2,3,348.0,2.0,0.0,0.776,0.5,0.75
James Milner,2022-2023,eng Premier League,3333,3,1.0,2,1,224.0,1.0,0.0,0.402,0.667,0.333
James Tarkowski,2020-2021,eng Premier League,173504,36,50.0,11,10,3240.0,6.0,0.0,1.389,0.306,0.278
James Tarkowski,2021-2022,eng Premier League,173504,35,52.0,7,6,3107.0,11.0,0.0,1.506,0.2,0.171
James Tarkowski,2022-2023,eng Premier League,173504,38,57.0,9,8,3420.0,6.0,0.0,1.5,0.237,0.211
James Tarkowski,2023-2024,eng Premier League,173504,7,11.0,1,0,630.0,1.0,0.0,1.571,0.143,0.0
James Tomkins,2020-2021,eng Premier League,61592,6,10.0,2,1,508.0,1.0,0.0,1.772,0.333,0.167
James Tomkins,2021-2022,eng Premier League,61592,6,10.0,0,1,531.0,2.0,0.0,1.695,0.0,0.167
James Tomkins,2022-2023,eng Premier League,61592,3,8.0,0,0,237.0,3.0,0.0,3.038,0.0,0.0
James Ward-Prowse,2020-2021,eng Premier League,181579,7,9.0,0,2,630.0,1.0,0.0,1.286,0.0,0.286
James Ward-Prowse,2021-2022,eng Premier League,181579,1,0.0,1,1,90.0,0.0,0.0,0.0,1.0,1.0
James Ward-Prowse,2022-2023,eng Premier League,181579,6,16.0,1,1,540.0,1.0,0.0,2.667,0.167,0.167
Jamie Leweling,2021-2022,de Bundesliga,518505,2,3.0,1,0,180.0,0.0,0.0,1.5,0.5,0.0
Jamie Shackleton,2020-2021,eng Premier League,534700,2,5.0,0,0,156.0,0.0,0.0,2.885,0.0,0.0
Jamie Shackleton,2021-2022,eng Premier League,534700,5,11.0,1,1,398.0,1.0,0.0,2.487,0.2,0.2
Jan Bednarek,2020-2021,eng Premier League,243028,36,65.0,9,11,3101.0,5.0,1.0,1.886,0.25,0.306
Jan Bednarek,2021-2022,eng Premier League,243028,30,52.0,7,9,2586.0,10.0,0.0,1.81,0.233,0.3
Jan Bednarek,2022-2023,eng Premier League,243028,21,47.0,3,2,1720.0,5.0,0.0,2.459,0.143,0.095
Jan Paul van Hecke,2022-2023,eng Premier League,576314,3,7.0,0,0,258.0,2.0,0.0,2.442,0.0,0.0
Jan Paul van Hecke,2023-2024,eng Premier League,576314,8,11.0,3,3,720.0,1.0,0.0,1.375,0.375,0.375
Jan Schöppner,2023-2024,de Bundesliga,581357,5,6.0,1,0,423.0,0.0,0.0,1.277,0.2,0.0
Janik Haberer,2023-2024,de Bundesliga,177779,1,1.0,0,0,78.0,0.0,0.0,1.154,0.0,0.0
Jannes Horn,2020-2021,de Bundesliga,231586,17,34.0,1,4,1319.0,5.0,0.0,2.32,0.059,0.235
Jannes Horn,2021-2022,de Bundesliga,231586,3,4.0,0,1,228.0,0.0,0.0,1.579,0.0,0.333
Jannes Horn,2022-2023,de Bundesliga,231586,1,4.0,0,0,45.0,1.0,0.0,6.0,0.0,0.0
Jannik Müller,2023-2024,de Bundesliga,119286,2,11.0,0,0,117.0,1.0,0.0,6.0,0.0,0.0
Jannik Vestergaard,2020-2021,eng Premier League,99331,29,47.0,6,11,2530.0,3.0,1.0,1.672,0.207,0.379
Jannik Vestergaard,2021-2022,eng Premier League,99331,6,16.0,0,0,511.0,2.0,0.0,2.818,0.0,0.0
Jaouen Hadjam,2022-2023,fr Ligue 1,750903,7,9.0,3,2,601.0,1.0,0.0,1.348,0.429,0.286
Japhet Tanganga,2020-2021,eng Premier League,346478,6,9.0,2,2,488.0,2.0,0.0,1.66,0.333,0.333
Japhet Tanganga,2021-2022,eng Premier League,346478,9,11.0,4,6,670.0,4.0,0.0,1.478,0.444,0.667
Japhet Tanganga,2022-2023,eng Premier League,346478,2,6.0,0,0,143.0,0.0,0.0,3.776,0.0,0.0
Jarell Quansah,2023-2024,eng Premier League,632349,3,3.0,0,2,270.0,1.0,0.0,1.0,0.0,0.667
Jarrad Branthwaite,2021-2022,eng Premier League,661053,4,12.0,0,0,288.0,0.0,1.0,3.75,0.0,0.0
Jarrad Branthwaite,2023-2024,eng Premier League,661053,7,11.0,1,0,630.0,1.0,0.0,1.571,0.143,0.0
Jasmin Kurtić,2020-2021,it Serie A,85825,8,20.0,0,0,704.0,2.0,0.0,2.557,0.0,0.0
Jason Denayer,2020-2021,fr Ligue 1,277114,31,35.0,9,18,2619.0,1.0,0.0,1.203,0.29,0.581
Jason Denayer,2021-2022,fr Ligue 1,277114,12,18.0,2,5,963.0,1.0,0.0,1.682,0.167,0.417
Jaume Costa,2020-2021,es La Liga,65318,2,3.0,0,1,138.0,0.0,0.0,1.957,0.0,0.5
Jaume Costa,2021-2022,es La Liga,65318,18,30.0,5,3,1521.0,5.0,0.0,1.775,0.278,0.167
Jaume Costa,2022-2023,es La Liga,65318,22,28.0,7,7,1872.0,8.0,0.0,1.346,0.318,0.318
Jaume Costa,2023-2024,es La Liga,65318,3,7.0,0,1,254.0,0.0,0.0,2.48,0.0,0.333
Javi Galán,2020-2021,es La Liga,448628,19,31.0,3,1,1679.0,2.0,0.0,1.662,0.158,0.053
Javi Galán,2021-2022,es La Liga,448628,37,43.0,13,12,3300.0,9.0,0.0,1.173,0.351,0.324
Javi Galán,2022-2023,es La Liga,448628,35,49.0,10,11,3058.0,6.0,0.0,1.442,0.286,0.314
Javi Galán,2023-2024,es La Liga,448628,7,7.0,3,3,540.0,2.0,0.0,1.167,0.429,0.429
Javi Guerra,2022-2023,es La Liga,834764,1,1.0,0,1,78.0,0.0,0.0,1.154,0.0,1.0
Javi Hernández,2022-2023,es La Liga,422466,13,16.0,3,6,961.0,2.0,0.0,1.498,0.231,0.462
Javi Hernández,2023-2024,es La Liga,422466,4,5.0,1,1,352.0,0.0,0.0,1.278,0.25,0.25
Javi López,2020-2021,es La Liga,568158,1,2.0,0,0,89.0,0.0,0.0,2.022,0.0,0.0
Javi López,2021-2022,es La Liga,568158,4,11.0,0,0,347.0,2.0,0.0,2.853,0.0,0.0
Javi López,2023-2024,es La Liga,568158,8,8.0,3,3,699.0,0.0,0.0,1.03,0.375,0.375
Javi Martínez,2020-2021,de Bundesliga,44017,4,6.0,0,1,284.0,0.0,0.0,1.901,0.0,0.25
Javi Moyano,2020-2021,es La Liga,71204,2,3.0,0,0,103.0,0.0,0.0,2.621,0.0,0.0
Javi Serrano,2021-2022,es La Liga,668177,1,0.0,1,0,0.0,0.0,0.0,,1.0,0.0
Javi Sánchez,2020-2021,es La Liga,340853,11,21.0,0,0,869.0,3.0,0.0,2.175,0.0,0.0
Javi Sánchez,2022-2023,es La Liga,340853,28,40.0,8,8,2284.0,10.0,0.0,1.576,0.286,0.286
Javier Manquillo,2020-2021,eng Premier League,162029,10,15.0,3,4,777.0,1.0,0.0,1.737,0.3,0.4
Javier Manquillo,2021-2022,eng Premier League,162029,13,28.0,2,2,1052.0,5.0,0.0,2.395,0.154,0.154
Javier Manquillo,2023-2024,es La Liga,162029,5,10.0,1,2,370.0,2.0,0.0,2.432,0.2,0.4
Jawad El Yamiq,2020-2021,es La Liga,235412,15,20.0,3,2,1345.0,5.0,0.0,1.338,0.2,0.133
Jawad El Yamiq,2022-2023,es La Liga,235412,19,39.0,3,4,1494.0,2.0,1.0,2.349,0.158,0.211
Jayden Bogle,2023-2024,eng Premier League,465717,5,17.0,0,1,450.0,2.0,0.0,3.4,0.0,0.2
Jean Lucas,2020-2021,fr Ligue 1,578872,3,5.0,0,1,255.0,0.0,0.0,1.765,0.0,0.333
Jean Lucas,2021-2022,fr Ligue 1,578872,4,4.0,1,1,264.0,0.0,0.0,1.364,0.25,0.25
Jean Lucas,2022-2023,fr Ligue 1,578872,1,4.0,0,0,76.0,0.0,0.0,4.737,0.0,0.0
Jean Manuel Mbom,2020-2021,de Bundesliga,335003,1,1.0,0,0,90.0,1.0,0.0,1.0,0.0,0.0
Jean Michaël Seri,2020-2021,fr Ligue 1,178614,4,8.0,1,1,275.0,0.0,0.0,2.618,0.25,0.25
Jean Onana,2021-2022,fr Ligue 1,656441,19,48.0,1,2,1502.0,3.0,0.0,2.876,0.053,0.105
Jean Onana,2022-2023,fr Ligue 1,656441,9,5.0,5,6,657.0,3.0,0.0,0.685,0.556,0.667
Jean Onana,2023-2024,fr Ligue 1,656441,3,3.0,0,0,270.0,1.0,0.0,1.0,0.0,0.0
Jean-Armel Kana-Biyik,2021-2022,fr Ligue 1,57404,8,15.0,2,1,619.0,1.0,0.0,2.181,0.25,0.125
Jean-Charles Castelletto,2020-2021,fr Ligue 1,182875,22,34.0,1,6,1872.0,4.0,0.0,1.635,0.045,0.273
Jean-Charles Castelletto,2021-2022,fr Ligue 1,182875,28,35.0,6,13,2512.0,8.0,0.0,1.254,0.214,0.464
Jean-Charles Castelletto,2022-2023,fr Ligue 1,182875,30,42.0,10,6,2546.0,3.0,0.0,1.485,0.333,0.2
Jean-Charles Castelletto,2023-2024,fr Ligue 1,182875,7,11.0,1,2,608.0,1.0,0.0,1.628,0.143,0.286
Jean-Clair Todibo,2020-2021,fr Ligue 1,605184,15,20.0,3,8,1332.0,5.0,0.0,1.351,0.2,0.533
Jean-Clair Todibo,2021-2022,fr Ligue 1,605184,35,35.0,12,19,3115.0,5.0,0.0,1.011,0.343,0.543
Jean-Clair Todibo,2022-2023,fr Ligue 1,605184,33,30.0,10,13,2842.0,4.0,1.0,0.95,0.303,0.394
Jean-Clair Todibo,2023-2024,fr Ligue 1,605184,8,9.0,3,2,720.0,0.0,0.0,1.125,0.375,0.25
Jean-Claude Billong,2021-2022,fr Ligue 1,391192,10,23.0,1,1,900.0,1.0,0.0,2.3,0.1,0.1
Jean-Eudes Aholou,2020-2021,fr Ligue 1,178313,19,26.0,6,7,1589.0,7.0,0.0,1.473,0.316,0.368
Jean-Eudes Aholou,2021-2022,fr Ligue 1,178313,6,11.0,2,3,389.0,0.0,0.0,2.545,0.333,0.5
Jean-Eudes Aholou,2022-2023,fr Ligue 1,178313,5,8.0,1,3,313.0,2.0,0.0,2.3,0.2,0.6
Jean-Kévin Duverne,2020-2021,fr Ligue 1,344864,22,42.0,4,7,1957.0,4.0,0.0,1.932,0.182,0.318
Jean-Kévin Duverne,2021-2022,fr Ligue 1,344864,33,49.0,6,12,2938.0,1.0,0.0,1.501,0.182,0.364
Jean-Kévin Duverne,2022-2023,fr Ligue 1,344864,26,34.0,8,10,2289.0,1.0,0.0,1.337,0.308,0.385
Jean-Kévin Duverne,2023-2024,fr Ligue 1,344864,3,2.0,1,1,261.0,0.0,0.0,0.69,0.333,0.333
Jean-Philippe Gbamin,2021-2022,eng Premier League,182894,1,2.0,0,0,45.0,0.0,0.0,4.0,0.0,0.0
Jean-Ricner Bellegarde,2020-2021,fr Ligue 1,450050,1,2.0,0,0,90.0,0.0,0.0,2.0,0.0,0.0
Jean-Ricner Bellegarde,2021-2022,fr Ligue 1,450050,17,15.0,7,8,1441.0,2.0,0.0,0.937,0.412,0.471
Jean-Ricner Bellegarde,2022-2023,fr Ligue 1,450050,4,6.0,0,2,274.0,0.0,0.0,1.971,0.0,0.5
Jean-Victor Makengo,2022-2023,fr Ligue 1,322305,5,4.0,2,2,403.0,0.0,0.0,0.893,0.4,0.4
Jeanuël Belocian,2022-2023,fr Ligue 1,919515,6,3.0,4,5,487.0,1.0,0.0,0.554,0.667,0.833
Jeanuël Belocian,2023-2024,fr Ligue 1,919515,3,4.0,0,2,262.0,0.0,0.0,1.374,0.0,0.667
Jeff Chabot,2020-2021,it Serie A,303219,19,38.0,3,3,1573.0,10.0,0.0,2.174,0.158,0.158
Jeff Chabot,2021-2022,de Bundesliga,303219,2,3.0,0,1,179.0,1.0,0.0,1.508,0.0,0.5
Jeff Chabot,2021-2022,it Serie A,303219,4,9.0,0,0,360.0,2.0,0.0,2.25,0.0,0.0
Jeff Chabot,2022-2023,de Bundesliga,303219,21,26.0,6,7,1806.0,3.0,0.0,1.296,0.286,0.333
Jeff Chabot,2023-2024,de Bundesliga,303219,8,17.0,1,1,720.0,3.0,0.0,2.125,0.125,0.125
Jeff Hendrick,2020-2021,eng Premier League,148262,5,8.0,0,2,381.0,2.0,0.0,1.89,0.0,0.4
Jeff Reine-Adélaïde,2020-2021,fr Ligue 1,326300,1,1.0,0,0,90.0,0.0,0.0,1.0,0.0,0.0
Jefferson Lerma,2022-2023,eng Premier League,262980,28,51.0,6,9,2451.0,3.0,0.0,1.873,0.214,0.321
Jefferson Lerma,2023-2024,eng Premier League,262980,4,9.0,1,1,360.0,2.0,0.0,2.25,0.25,0.25
Jeffrey Gouweleeuw,2020-2021,de Bundesliga,106405,32,48.0,7,10,2835.0,9.0,0.0,1.524,0.219,0.312
Jeffrey Gouweleeuw,2021-2022,de Bundesliga,106405,29,47.0,8,10,2578.0,9.0,0.0,1.641,0.276,0.345
Jeffrey Gouweleeuw,2022-2023,de Bundesliga,106405,32,59.0,6,9,2797.0,12.0,0.0,1.898,0.188,0.281
Jeffrey Gouweleeuw,2023-2024,de Bundesliga,106405,8,9.0,2,4,704.0,2.0,0.0,1.151,0.25,0.5
Jeffrey Schlupp,2022-2023,eng Premier League,157506,2,2.0,0,2,180.0,0.0,0.0,1.0,0.0,1.0
Jeison Murillo,2020-2021,es La Liga,131102,31,47.0,6,10,2702.0,11.0,0.0,1.566,0.194,0.323
Jeison Murillo,2021-2022,es La Liga,131102,12,17.0,4,3,995.0,3.0,0.0,1.538,0.333,0.25
Jeison Murillo,2022-2023,it Serie A,131102,12,21.0,1,0,888.0,5.0,0.0,2.128,0.083,0.0
Jemerson,2021-2022,fr Ligue 1,258254,15,28.0,4,1,0.0,0.0,0.0,6.0,0.267,0.067
Jens Cajuste,2021-2022,fr Ligue 1,468066,2,5.0,0,0,109.0,0.0,0.0,4.128,0.0,0.0
Jens Cajuste,2022-2023,fr Ligue 1,468066,11,13.0,4,4,821.0,5.0,0.0,1.425,0.364,0.364
Jens Jönsson,2020-2021,es La Liga,148355,25,38.0,8,8,1949.0,6.0,0.0,1.755,0.32,0.32
Jens Jönsson,2021-2022,es La Liga,148355,13,16.0,4,2,944.0,2.0,0.0,1.525,0.308,0.154
Jens Stage,2022-2023,de Bundesliga,289835,1,2.0,0,0,90.0,0.0,0.0,2.0,0.0,0.0
Jens Stage,2023-2024,de Bundesliga,289835,1,0.0,1,1,90.0,0.0,0.0,0.0,1.0,1.0
Jens Stryger Larsen,2020-2021,it Serie A,69646,1,2.0,0,0,82.0,0.0,0.0,2.195,0.0,0.0
Jerdy Schouten,2020-2021,it Serie A,347900,21,39.0,3,5,1727.0,5.0,1.0,2.032,0.143,0.238
Jerdy Schouten,2021-2022,it Serie A,347900,14,18.0,4,5,1186.0,3.0,0.0,1.366,0.286,0.357
Jerdy Schouten,2022-2023,it Serie A,347900,26,28.0,6,9,2203.0,3.0,0.0,1.144,0.231,0.346
Jere Uronen,2021-2022,fr Ligue 1,131827,8,16.0,1,2,620.0,0.0,0.0,2.323,0.125,0.25
Jere Uronen,2022-2023,de Bundesliga,131827,9,20.0,4,1,650.0,2.0,0.0,2.769,0.444,0.111
Jere Uronen,2022-2023,fr Ligue 1,131827,3,7.0,0,0,260.0,0.0,0.0,2.423,0.0,0.0
Jeremie Frimpong,2020-2021,de Bundesliga,484547,4,7.0,1,1,297.0,1.0,0.0,2.121,0.25,0.25
Jeremie Frimpong,2021-2022,de Bundesliga,484547,24,37.0,5,13,1972.0,6.0,0.0,1.689,0.208,0.542
Jeremie Frimpong,2022-2023,de Bundesliga,484547,9,13.0,3,2,776.0,0.0,0.0,1.508,0.333,0.222
Jeremy Ngakia,2021-2022,eng Premier League,503795,9,18.0,2,1,737.0,0.0,0.0,2.198,0.222,0.111
Jeremy Toljan,2020-2021,it Serie A,129674,15,22.0,3,7,1137.0,2.0,0.0,1.741,0.2,0.467
Jeremy Toljan,2021-2022,it Serie A,129674,15,24.0,1,4,1264.0,2.0,0.0,1.709,0.067,0.267
Jeremy Toljan,2022-2023,it Serie A,129674,29,46.0,7,8,2572.0,2.0,0.0,1.61,0.241,0.276
Jerry St. Juste,2020-2021,de Bundesliga,288253,32,53.0,5,10,2880.0,4.0,0.0,1.656,0.156,0.312
Jerry St. Juste,2021-2022,de Bundesliga,288253,7,5.0,4,3,560.0,0.0,0.0,0.804,0.571,0.429
Jesús Areso,2021-2022,es La Liga,488626,2,4.0,0,1,173.0,1.0,0.0,2.081,0.0,0.5
Jesús Areso,2023-2024,es La Liga,488626,6,10.0,2,2,538.0,1.0,0.0,1.673,0.333,0.333
Jesús Corona,2021-2022,es La Liga,125165,1,1.0,0,0,71.0,1.0,0.0,1.268,0.0,0.0
Jesús Navas,2020-2021,es La Liga,15956,34,33.0,13,20,2833.0,4.0,0.0,1.048,0.382,0.588
Jesús Navas,2021-2022,es La Liga,15956,18,16.0,8,8,1507.0,4.0,0.0,0.956,0.444,0.444
Jesús Navas,2022-2023,es La Liga,15956,12,14.0,4,5,951.0,4.0,0.0,1.325,0.333,0.417
Jesús Navas,2023-2024,es La Liga,15956,4,8.0,1,2,320.0,1.0,0.0,2.25,0.25,0.5
Jesús Vallejo,2020-2021,es La Liga,251896,15,25.0,3,4,1237.0,2.0,0.0,1.819,0.2,0.267
Jesús Vallejo,2021-2022,es La Liga,251896,4,2.0,2,2,334.0,1.0,0.0,0.539,0.5,0.5
Jesús Vázquez,2021-2022,es La Liga,623024,2,2.0,1,1,157.0,0.0,0.0,1.146,0.5,0.5
Jesús Vázquez,2022-2023,es La Liga,623024,3,2.0,1,1,226.0,1.0,0.0,0.796,0.333,0.333
Jetro Willems,2021-2022,de Bundesliga,146258,20,52.0,3,2,1482.0,4.0,0.0,3.158,0.15,0.1
Jhon Lucumí,2022-2023,it Serie A,413565,33,42.0,7,14,2901.0,8.0,0.0,1.303,0.212,0.424
Jhon Lucumí,2023-2024,it Serie A,413565,5,2.0,3,4,450.0,0.0,0.0,0.4,0.6,0.8
Jhon Solís,2023-2024,es La Liga,742521,1,1.0,0,0,78.0,0.0,0.0,1.154,0.0,0.0
Jim Allevinah,2022-2023,fr Ligue 1,646733,3,3.0,1,2,214.0,0.0,0.0,1.262,0.333,0.667
Jimmy Dunne,2020-2021,eng Premier League,396174,3,6.0,0,0,270.0,1.0,0.0,2.0,0.0,0.0
Jimmy Giraudon,2021-2022,fr Ligue 1,213052,18,26.0,3,4,0.0,0.0,0.0,6.0,0.167,0.222
Joachim Andersen,2020-2021,eng Premier League,260827,30,36.0,9,5,2672.0,7.0,1.0,1.213,0.3,0.167
Joachim Andersen,2020-2021,fr Ligue 1,260827,2,2.0,1,0,180.0,1.0,0.0,1.0,0.5,0.0
Joachim Andersen,2021-2022,eng Premier League,260827,32,36.0,12,10,2873.0,4.0,0.0,1.128,0.375,0.312
Joachim Andersen,2022-2023,eng Premier League,260827,32,39.0,8,11,2783.0,7.0,0.0,1.261,0.25,0.344
Joachim Andersen,2023-2024,eng Premier League,260827,8,19.0,1,2,720.0,0.0,0.0,2.375,0.125,0.25
Joakim Maehle,2022-2023,it Serie A,369674,1,3.0,0,0,90.0,0.0,0.0,3.0,0.0,0.0
Joakim Maehle,2023-2024,de Bundesliga,369674,8,14.0,0,0,677.0,2.0,0.0,1.861,0.0,0.0
Joakim Nilsson,2020-2021,de Bundesliga,216804,24,34.0,9,7,2147.0,1.0,0.0,1.425,0.375,0.292
Joakim Nilsson,2021-2022,de Bundesliga,216804,31,46.0,7,5,2739.0,5.0,0.0,1.512,0.226,0.161
Joan Jordán,2020-2021,es La Liga,263727,1,2.0,0,0,0.0,0.0,0.0,6.0,0.0,0.0
Joan Jordán,2021-2022,es La Liga,263727,4,8.0,0,2,306.0,2.0,0.0,2.353,0.0,0.5
Joan Jordán,2022-2023,es La Liga,263727,7,13.0,1,2,596.0,3.0,0.0,1.963,0.143,0.286
Joan Jordán,2023-2024,es La Liga,263727,1,5.0,0,0,90.0,0.0,0.0,5.0,0.0,0.0
Joan Sastre,2021-2022,es La Liga,350364,2,9.0,0,0,180.0,0.0,0.0,4.5,0.0,0.0
Joaquín Fernández,2020-2021,es La Liga,221321,24,38.0,1,4,2048.0,7.0,0.0,1.67,0.042,0.167
Joaquín Fernández,2022-2023,es La Liga,221321,24,40.0,5,10,2001.0,4.0,0.0,1.799,0.208,0.417
Joaquín Sosa,2022-2023,it Serie A,657742,7,7.0,2,3,618.0,1.0,0.0,1.019,0.286,0.429
Joe Bryan,2020-2021,eng Premier League,194460,4,12.0,0,0,360.0,2.0,0.0,3.0,0.0,0.0
Joe Gomez,2020-2021,eng Premier League,256178,6,14.0,0,4,511.0,0.0,0.0,2.466,0.0,0.667
Joe Gomez,2021-2022,eng Premier League,256178,4,2.0,2,4,315.0,2.0,0.0,0.571,0.5,1.0
Joe Gomez,2022-2023,eng Premier League,256178,15,14.0,8,7,1350.0,2.0,0.0,0.933,0.533,0.467
Joe Gomez,2023-2024,eng Premier League,256178,6,6.0,2,4,514.0,2.0,0.0,1.051,0.333,0.667
Joe Rodon,2020-2021,eng Premier League,297212,8,12.0,2,2,720.0,0.0,0.0,1.5,0.25,0.25
Joe Rodon,2022-2023,fr Ligue 1,297212,16,17.0,5,8,1418.0,2.0,1.0,1.079,0.312,0.5
Joe Rothwell,2022-2023,eng Premier League,183293,7,12.0,2,4,497.0,1.0,0.0,2.173,0.286,0.571
Joe Scally,2021-2022,de Bundesliga,504153,9,17.0,1,2,810.0,1.0,0.0,1.889,0.111,0.222
Joe Scally,2022-2023,de Bundesliga,504153,25,36.0,7,8,2171.0,2.0,0.0,1.492,0.28,0.32
Joe Scally,2023-2024,de Bundesliga,504153,6,11.0,1,1,540.0,0.0,0.0,1.833,0.167,0.167
Joe Willock,2021-2022,eng Premier League,340329,2,3.0,1,1,161.0,0.0,0.0,1.677,0.5,0.5
Joe Worrall,2022-2023,eng Premier League,415970,21,36.0,5,5,1865.0,5.0,0.0,1.737,0.238,0.238
Joel Matip,2020-2021,eng Premier League,82105,9,7.0,3,4,690.0,2.0,0.0,0.913,0.333,0.444
Joel Matip,2021-2022,eng Premier League,82105,31,21.0,17,24,2790.0,2.0,0.0,0.677,0.548,0.774
Joel Matip,2022-2023,eng Premier League,82105,12,21.0,3,4,1038.0,3.0,0.0,1.821,0.25,0.333
Joel Obi,2021-2022,it Serie A,45581,2,6.0,0,0,146.0,1.0,0.0,3.699,0.0,0.0
Joel Ward,2020-2021,eng Premier League,92572,25,43.0,7,7,2250.0,5.0,0.0,1.72,0.28,0.28
Joel Ward,2021-2022,eng Premier League,92572,27,35.0,9,8,2430.0,8.0,0.0,1.296,0.333,0.296
Joel Ward,2022-2023,eng Premier League,92572,24,31.0,8,10,2138.0,5.0,0.0,1.305,0.333,0.417
Joel Ward,2023-2024,eng Premier League,92572,4,5.0,1,1,360.0,0.0,0.0,1.25,0.25,0.25
Joelinton,2022-2023,eng Premier League,333241,2,3.0,0,0,161.0,1.0,0.0,1.677,0.0,0.0
Johan Gastien,2021-2022,fr Ligue 1,72121,32,52.0,7,8,2752.0,7.0,2.0,1.701,0.219,0.25
Johan Gastien,2022-2023,fr Ligue 1,72121,29,37.0,7,16,2560.0,7.0,0.0,1.301,0.241,0.552
Johan Gastien,2023-2024,fr Ligue 1,72121,8,16.0,1,1,640.0,3.0,0.0,2.25,0.125,0.125
Johan Mojica,2020-2021,es La Liga,262939,12,20.0,2,2,965.0,2.0,0.0,1.865,0.167,0.167
Johan Mojica,2021-2022,es La Liga,262939,24,31.0,5,8,2134.0,4.0,1.0,1.307,0.208,0.333
Johan Mojica,2022-2023,es La Liga,262939,7,11.0,1,2,626.0,1.0,0.0,1.581,0.143,0.286
Johan Mojica,2023-2024,es La Liga,262939,6,7.0,3,3,500.0,1.0,0.0,1.26,0.5,0.5
Johan Vásquez,2021-2022,it Serie A,532937,27,31.0,10,2,1302.0,3.0,0.0,2.143,0.37,0.074
Johan Vásquez,2022-2023,it Serie A,532937,18,29.0,4,4,1620.0,4.0,0.0,1.611,0.222,0.222
Johan Vásquez,2023-2024,it Serie A,532937,8,9.0,3,3,684.0,2.0,0.0,1.184,0.375,0.375
Johann Lepenant,2022-2023,fr Ligue 1,585973,13,16.0,3,6,1038.0,0.0,0.0,1.387,0.231,0.462
John Anthony Brooks,2020-2021,de Bundesliga,124732,31,35.0,12,15,2757.0,5.0,0.0,1.143,0.387,0.484
John Anthony Brooks,2021-2022,de Bundesliga,124732,29,45.0,10,11,2556.0,2.0,0.0,1.585,0.345,0.379
John Anthony Brooks,2022-2023,de Bundesliga,124732,15,28.0,1,5,1350.0,4.0,0.0,1.867,0.067,0.333
John Anthony Brooks,2023-2024,de Bundesliga,124732,5,9.0,0,2,382.0,3.0,1.0,2.12,0.0,0.4
John Boye,2020-2021,fr Ligue 1,85585,35,44.0,7,11,3047.0,6.0,1.0,1.3,0.2,0.314
John Donald,2020-2021,es La Liga,627290,1,3.0,0,0,45.0,0.0,0.0,6.0,0.0,0.0
John Donald,2021-2022,es La Liga,627290,2,2.0,0,1,0.0,0.0,0.0,6.0,0.0,0.5
John Donald,2022-2023,es La Liga,627290,12,16.0,3,3,1004.0,2.0,1.0,1.434,0.25,0.25
John Egan,2020-2021,eng Premier League,121324,30,49.0,4,5,2617.0,7.0,1.0,1.685,0.133,0.167
John Fleck,2020-2021,eng Premier League,54383,1,4.0,0,0,90.0,0.0,0.0,4.0,0.0,0.0
John McGinn,2020-2021,eng Premier League,193116,1,0.0,1,1,90.0,0.0,0.0,0.0,1.0,1.0
John McGinn,2021-2022,eng Premier League,193116,3,8.0,0,0,270.0,2.0,0.0,2.667,0.0,0.0
John McGinn,2022-2023,eng Premier League,193116,2,1.0,1,1,180.0,1.0,0.0,0.5,0.5,0.5
John McGinn,2023-2024,eng Premier League,193116,1,4.0,0,0,65.0,0.0,1.0,5.538,0.0,0.0
John Stones,2020-2021,eng Premier League,186590,22,12.0,14,18,1934.0,0.0,1.0,0.558,0.636,0.818
John Stones,2021-2022,eng Premier League,186590,12,5.0,9,10,1067.0,0.0,0.0,0.422,0.75,0.833
John Stones,2022-2023,eng Premier League,186590,21,19.0,7,16,1789.0,2.0,0.0,0.956,0.333,0.762
John Stones,2023-2024,eng Premier League,186590,6,3.0,3,5,540.0,1.0,0.0,0.5,0.5,0.833
Johnny Cardoso,2023-2024,es La Liga,689505,5,3.0,3,2,414.0,1.0,0.0,0.652,0.6,0.4
Jon Ander Garrido,2020-2021,es La Liga,158704,5,9.0,0,0,353.0,1.0,0.0,2.295,0.0,0.0
Jon Aramburu,2023-2024,es La Liga,661145,3,4.0,1,0,252.0,0.0,0.0,1.429,0.333,0.0
Jon Guridi,2020-2021,es La Liga,289257,1,0.0,1,1,45.0,0.0,0.0,0.0,1.0,1.0
Jon Moncayola,2020-2021,es La Liga,552425,3,4.0,0,1,270.0,0.0,0.0,1.333,0.0,0.333
Jon Moncayola,2021-2022,es La Liga,552425,8,13.0,1,2,698.0,0.0,0.0,1.676,0.125,0.25
Jon Moncayola,2022-2023,es La Liga,552425,7,9.0,2,1,618.0,1.0,0.0,1.311,0.286,0.143
Jon Moncayola,2023-2024,es La Liga,552425,4,6.0,1,1,309.0,1.0,0.0,1.748,0.25,0.25
Jon Pacheco,2021-2022,es La Liga,580560,4,4.0,3,3,315.0,0.0,0.0,1.143,0.75,0.75
Jon Pacheco,2022-2023,es La Liga,580560,12,12.0,4,9,1080.0,2.0,0.0,1.0,0.333,0.75
Jon Pacheco,2023-2024,es La Liga,580560,6,7.0,3,1,540.0,2.0,0.0,1.167,0.5,0.167
Jonas Föhrenbach,2023-2024,de Bundesliga,192169,9,11.0,1,1,781.0,1.0,0.0,1.268,0.111,0.111
Jonas Hector,2020-2021,de Bundesliga,108537,11,22.0,2,2,868.0,2.0,0.0,2.281,0.182,0.182
Jonas Hector,2021-2022,de Bundesliga,108537,30,41.0,4,14,2555.0,3.0,0.0,1.444,0.133,0.467
Jonas Hector,2022-2023,de Bundesliga,108537,31,50.0,6,10,2735.0,3.0,0.0,1.645,0.194,0.323
Jonas Martin,2020-2021,fr Ligue 1,127142,1,2.0,0,0,58.0,0.0,0.0,3.103,0.0,0.0
Jonas Martin,2021-2022,fr Ligue 1,127142,14,17.0,5,7,1193.0,3.0,0.0,1.282,0.357,0.5
Jonas Martin,2022-2023,fr Ligue 1,127142,1,2.0,0,0,45.0,1.0,0.0,4.0,0.0,0.0
Jonas Martin,2023-2024,fr Ligue 1,127142,1,0.0,1,1,90.0,0.0,0.0,0.0,1.0,1.0
Jonathan Clauss,2021-2022,fr Ligue 1,175639,3,4.0,0,1,265.0,1.0,0.0,1.358,0.0,0.333
Jonathan Clauss,2022-2023,fr Ligue 1,175639,2,1.0,1,2,180.0,0.0,0.0,0.5,0.5,1.0
Jonathan Clauss,2023-2024,fr Ligue 1,175639,5,7.0,0,1,395.0,1.0,0.0,1.595,0.0,0.2
Jonathan Delaplace,2020-2021,fr Ligue 1,149551,9,19.0,2,2,750.0,1.0,1.0,2.28,0.222,0.222
Jonathan Gradit,2020-2021,fr Ligue 1,126557,33,43.0,8,14,2828.0,9.0,0.0,1.368,0.242,0.424
Jonathan Gradit,2021-2022,fr Ligue 1,126557,35,44.0,8,16,3073.0,7.0,0.0,1.289,0.229,0.457
Jonathan Gradit,2022-2023,fr Ligue 1,126557,33,28.0,11,22,2830.0,7.0,0.0,0.89,0.333,0.667
Jonathan Gradit,2023-2024,fr Ligue 1,126557,5,7.0,2,3,357.0,1.0,0.0,1.765,0.4,0.6
Jonathan Panzo,2020-2021,fr Ligue 1,392777,21,43.0,3,2,1769.0,5.0,0.0,2.188,0.143,0.095
Jonathan Schmid,2020-2021,de Bundesliga,70285,7,10.0,0,2,612.0,1.0,0.0,1.471,0.0,0.286
Jonathan Schmid,2021-2022,de Bundesliga,70285,3,2.0,1,2,235.0,0.0,0.0,0.766,0.333,0.667
Jonathan Silva,2021-2022,es La Liga,189453,1,1.0,0,0,74.0,1.0,0.0,1.216,0.0,0.0
Jonathan Tah,2020-2021,de Bundesliga,196357,24,30.0,5,9,2117.0,3.0,0.0,1.275,0.208,0.375
Jonathan Tah,2021-2022,de Bundesliga,196357,33,45.0,8,18,2882.0,4.0,0.0,1.405,0.242,0.545
Jonathan Tah,2022-2023,de Bundesliga,196357,28,44.0,7,11,2423.0,6.0,0.0,1.634,0.25,0.393
Jonathan Tah,2023-2024,de Bundesliga,196357,8,6.0,4,8,720.0,2.0,0.0,0.75,0.5,1.0
Jonjo Shelvey,2020-2021,eng Premier League,71292,14,22.0,3,6,1260.0,3.0,0.0,1.571,0.214,0.429
Jonjo Shelvey,2021-2022,eng Premier League,71292,21,28.0,6,10,1864.0,5.0,0.0,1.352,0.286,0.476
Jonjo Shelvey,2022-2023,eng Premier League,71292,4,8.0,0,0,317.0,2.0,0.0,2.271,0.0,0.0
Jonjoe Kenny,2020-2021,eng Premier League,258883,1,2.0,0,0,77.0,0.0,0.0,2.338,0.0,0.0
Jonjoe Kenny,2021-2022,eng Premier League,258883,10,19.0,1,1,874.0,3.0,0.0,1.957,0.1,0.1
Jonjoe Kenny,2022-2023,de Bundesliga,258883,23,43.0,2,5,2022.0,2.0,0.0,1.914,0.087,0.217
Jonny Evans,2020-2021,eng Premier League,42412,28,32.0,10,15,2476.0,6.0,0.0,1.163,0.357,0.536
Jonny Evans,2021-2022,eng Premier League,42412,16,22.0,2,7,1295.0,3.0,0.0,1.529,0.125,0.438
Jonny Evans,2022-2023,eng Premier League,42412,12,28.0,2,2,1052.0,1.0,0.0,2.395,0.167,0.167
Jonny Evans,2023-2024,eng Premier League,42412,2,3.0,1,1,158.0,0.0,0.0,1.709,0.5,0.5
Jonny Otto,2020-2021,eng Premier League,175446,3,5.0,1,1,205.0,0.0,0.0,2.195,0.333,0.333
Jonny Otto,2021-2022,eng Premier League,175446,5,8.0,1,2,442.0,1.0,0.0,1.629,0.2,0.4
Jonny Otto,2022-2023,eng Premier League,175446,14,22.0,5,3,1180.0,2.0,1.0,1.678,0.357,0.214
Jonás Ramalho,2020-2021,es La Liga,69660,3,6.0,0,0,252.0,0.0,0.0,2.143,0.0,0.0
Jonás Ramalho,2021-2022,es La Liga,69660,3,3.0,1,0,245.0,0.0,0.0,1.102,0.333,0.0
Jordan Amavi,2020-2021,fr Ligue 1,241229,9,7.0,4,7,740.0,3.0,1.0,0.851,0.444,0.778
Jordan Amavi,2021-2022,fr Ligue 1,241229,5,2.0,3,4,369.0,1.0,0.0,0.488,0.6,0.8
Jordan Amavi,2022-2023,es La Liga,241229,1,1.0,0,0,59.0,0.0,0.0,1.525,0.0,0.0
Jordan Beyer,2020-2021,de Bundesliga,403898,2,4.0,0,1,180.0,0.0,0.0,2.0,0.0,0.5
Jordan Beyer,2021-2022,de Bundesliga,403898,15,18.0,3,6,1320.0,4.0,0.0,1.227,0.2,0.4
Jordan Clark,2023-2024,eng Premier League,184129,3,8.0,0,0,267.0,1.0,0.0,2.697,0.0,0.0
Jordan Ferri,2020-2021,fr Ligue 1,118284,26,42.0,4,10,2121.0,4.0,0.0,1.782,0.154,0.385
Jordan Ferri,2021-2022,fr Ligue 1,118284,22,30.0,7,9,1937.0,7.0,0.0,1.394,0.318,0.409
Jordan Ferri,2022-2023,fr Ligue 1,118284,18,30.0,5,7,1490.0,5.0,0.0,1.812,0.278,0.389
Jordan Ferri,2023-2024,fr Ligue 1,118284,3,5.0,0,1,270.0,2.0,0.0,1.667,0.0,0.333
Jordan Henderson,2020-2021,eng Premier League,61651,17,21.0,4,8,1401.0,0.0,0.0,1.349,0.235,0.471
Jordan Henderson,2021-2022,eng Premier League,61651,9,5.0,5,8,789.0,1.0,0.0,0.57,0.556,0.889
Jordan Henderson,2022-2023,eng Premier League,61651,3,3.0,1,1,239.0,1.0,0.0,1.13,0.333,0.333
Jordan Lotomba,2020-2021,fr Ligue 1,313094,15,17.0,5,6,1201.0,4.0,0.0,1.274,0.333,0.4
Jordan Lotomba,2021-2022,fr Ligue 1,313094,19,17.0,8,10,1539.0,4.0,0.0,0.994,0.421,0.526
Jordan Lotomba,2022-2023,fr Ligue 1,313094,23,18.0,10,11,1951.0,3.0,0.0,0.83,0.435,0.478
Jordan Lotomba,2023-2024,fr Ligue 1,313094,5,5.0,2,2,402.0,1.0,0.0,1.119,0.4,0.4
Jordan Marié,2020-2021,fr Ligue 1,231025,6,13.0,2,1,535.0,1.0,0.0,2.187,0.333,0.167
Jordan Torunarigha,2020-2021,de Bundesliga,227110,11,15.0,3,3,900.0,5.0,0.0,1.5,0.273,0.273
Jordan Torunarigha,2021-2022,de Bundesliga,227110,6,9.0,1,2,477.0,1.0,0.0,1.698,0.167,0.333
Jordan Veretout,2020-2021,it Serie A,164771,10,16.0,3,5,850.0,1.0,0.0,1.694,0.3,0.5
Jordan Veretout,2021-2022,it Serie A,164771,5,6.0,3,2,431.0,3.0,0.0,1.253,0.6,0.4
Jordan Veretout,2022-2023,fr Ligue 1,164771,29,30.0,8,16,2507.0,4.0,0.0,1.077,0.276,0.552
Jordan Zemura,2022-2023,eng Premier League,633530,15,26.0,5,4,1233.0,0.0,0.0,1.898,0.333,0.267
Jordi Alba,2020-2021,es La Liga,69751,20,19.0,8,13,0.0,0.0,0.0,6.0,0.4,0.65
Jordi Alba,2021-2022,es La Liga,69751,30,33.0,6,18,2648.0,11.0,0.0,1.122,0.2,0.6
Jordi Alba,2022-2023,es La Liga,69751,14,5.0,10,9,1164.0,4.0,0.0,0.387,0.714,0.643
Jordi Osei-Tutu,2022-2023,de Bundesliga,397099,3,8.0,0,0,188.0,0.0,0.0,3.83,0.0,0.0
Jordy Makengo,2023-2024,de Bundesliga,815078,4,11.0,0,1,314.0,0.0,0.0,3.153,0.0,0.25
Jorge Cuenca,2021-2022,es La Liga,494880,31,34.0,12,6,2678.0,6.0,2.0,1.143,0.387,0.194
Jorge Cuenca,2022-2023,es La Liga,494880,5,5.0,2,3,421.0,1.0,0.0,1.069,0.4,0.6
Jorge Cuenca,2023-2024,es La Liga,494880,5,5.0,2,2,428.0,3.0,0.0,1.051,0.4,0.4
Jorge Herrando,2022-2023,es La Liga,555500,1,1.0,0,0,26.0,0.0,1.0,3.462,0.0,0.0
Jorge Herrando,2023-2024,es La Liga,555500,7,8.0,3,3,619.0,3.0,0.0,1.163,0.429,0.429
Jorge Meré,2020-2021,de Bundesliga,286779,14,27.0,1,2,1215.0,1.0,0.0,2.0,0.071,0.143
Jorge Meré,2021-2022,de Bundesliga,286779,5,11.0,0,2,0.0,0.0,0.0,6.0,0.0,0.4
Jorge Meré,2022-2023,es La Liga,286779,6,9.0,2,2,508.0,0.0,0.0,1.594,0.333,0.333
Jorge Meré,2023-2024,es La Liga,286779,4,5.0,1,0,346.0,0.0,0.0,1.301,0.25,0.0
Jorge Miramón,2020-2021,es La Liga,228917,18,31.0,1,6,1541.0,1.0,0.0,1.811,0.056,0.333
Jorge Miramón,2021-2022,es La Liga,228917,21,39.0,5,6,1788.0,4.0,0.0,1.963,0.238,0.286
Jorge Pulido,2020-2021,es La Liga,67546,32,45.0,9,7,2849.0,6.0,0.0,1.422,0.281,0.219
Jorginho,2020-2021,eng Premier League,102017,23,18.0,13,13,1910.0,2.0,0.0,0.848,0.565,0.565
Jorginho,2021-2022,eng Premier League,102017,26,17.0,12,15,2197.0,5.0,0.0,0.696,0.462,0.577
Jorginho,2022-2023,eng Premier League,102017,23,20.0,10,12,1883.0,4.0,0.0,0.956,0.435,0.522
Jorginho,2023-2024,eng Premier League,102017,3,2.0,1,3,224.0,0.0,0.0,0.804,0.333,1.0
Joris Chotard,2020-2021,fr Ligue 1,624037,10,21.0,0,0,763.0,1.0,0.0,2.477,0.0,0.0
Joris Chotard,2021-2022,fr Ligue 1,624037,26,35.0,8,10,2233.0,5.0,0.0,1.411,0.308,0.385
Joris Chotard,2022-2023,fr Ligue 1,624037,23,40.0,6,10,1999.0,3.0,0.0,1.801,0.261,0.435
Joris Chotard,2023-2024,fr Ligue 1,624037,6,9.0,2,2,473.0,0.0,0.0,1.712,0.333,0.333
Josan,2020-2021,es La Liga,277533,1,2.0,0,0,74.0,1.0,0.0,2.432,0.0,0.0
Josan,2021-2022,es La Liga,277533,4,5.0,1,1,314.0,0.0,0.0,1.433,0.25,0.25
Josan,2022-2023,es La Liga,277533,6,7.0,1,1,480.0,1.0,0.0,1.312,0.167,0.167
Joseba Zaldua,2020-2021,es La Liga,197135,6,4.0,3,3,499.0,1.0,0.0,0.721,0.5,0.5
Joseba Zaldua,2021-2022,es La Liga,197135,13,18.0,5,6,975.0,5.0,0.0,1.662,0.385,0.462
Joseba Zaldua,2022-2023,es La Liga,197135,7,16.0,1,0,589.0,3.0,0.0,2.445,0.143,0.0
Joseba Zaldua,2023-2024,es La Liga,197135,2,3.0,0,0,132.0,1.0,0.0,2.045,0.0,0.0
Josema,2020-2021,es La Liga,255892,21,32.0,3,3,1743.0,2.0,0.0,1.652,0.143,0.143
Josema,2021-2022,es La Liga,255892,1,2.0,0,0,0.0,0.0,0.0,6.0,0.0,0.0
Josep Gayá,2021-2022,es La Liga,632495,1,6.0,0,0,0.0,0.0,0.0,6.0,0.0,0.0
Josep Gayá,2022-2023,es La Liga,632495,1,3.0,0,0,45.0,0.0,0.0,6.0,0.0,0.0
Joseph Aidoo,2020-2021,es La Liga,358250,14,21.0,4,7,1121.0,2.0,0.0,1.686,0.286,0.5
Joseph Aidoo,2021-2022,es La Liga,358250,30,33.0,10,10,2628.0,1.0,0.0,1.13,0.333,0.333
Joseph Aidoo,2022-2023,es La Liga,358250,35,48.0,10,10,3121.0,6.0,0.0,1.384,0.286,0.286
Joseph Nduquidi,2023-2024,fr Ligue 1,919620,1,3.0,0,0,63.0,0.0,0.0,4.286,0.0,0.0
Joseph Okumu,2023-2024,fr Ligue 1,453376,4,6.0,1,0,343.0,1.0,0.0,1.574,0.25,0.0
Josh Benson,2020-2021,eng Premier League,397102,1,5.0,0,0,90.0,0.0,0.0,5.0,0.0,0.0
Josh Brownhill,2020-2021,eng Premier League,293569,5,4.0,3,2,450.0,1.0,0.0,0.8,0.6,0.4
Josh Brownhill,2021-2022,eng Premier League,293569,14,20.0,3,1,1260.0,6.0,0.0,1.429,0.214,0.071
Josh Dasilva,2022-2023,eng Premier League,340321,2,2.0,1,1,136.0,0.0,0.0,1.324,0.5,0.5
Josh Doig,2023-2024,it Serie A,567129,8,19.0,1,1,687.0,3.0,0.0,2.489,0.125,0.125
Josh Onomah,2020-2021,eng Premier League,243589,1,2.0,0,0,90.0,0.0,0.0,2.0,0.0,0.0
Josha Vagnoman,2022-2023,de Bundesliga,448258,2,3.0,0,1,180.0,0.0,0.0,1.5,0.0,0.5
Josha Vagnoman,2023-2024,de Bundesliga,448258,3,2.0,1,1,270.0,1.0,0.0,0.667,0.333,0.333
Joshua Kimmich,2020-2021,de Bundesliga,161056,25,32.0,8,19,2142.0,4.0,0.0,1.345,0.32,0.76
Joshua Kimmich,2021-2022,de Bundesliga,161056,28,32.0,8,19,2478.0,4.0,0.0,1.162,0.286,0.679
Joshua Kimmich,2022-2023,de Bundesliga,161056,32,36.0,10,20,2769.0,6.0,0.0,1.17,0.312,0.625
Joshua Kimmich,2023-2024,de Bundesliga,161056,7,10.0,1,4,558.0,1.0,0.0,1.613,0.143,0.571
Josip Stanisic,2020-2021,de Bundesliga,483046,1,1.0,0,0,90.0,0.0,0.0,1.0,0.0,0.0
Josip Stanisic,2021-2022,de Bundesliga,483046,6,5.0,3,4,473.0,1.0,0.0,0.951,0.5,0.667
Josip Stanisic,2022-2023,de Bundesliga,483046,4,5.0,1,2,348.0,0.0,0.0,1.293,0.25,0.5
Josip Stanisic,2023-2024,de Bundesliga,483046,7,5.0,4,6,630.0,3.0,0.0,0.714,0.571,0.857
Josko Gvardiol,2021-2022,de Bundesliga,475959,28,29.0,8,15,2381.0,7.0,0.0,1.096,0.286,0.536
Josko Gvardiol,2022-2023,de Bundesliga,475959,24,32.0,6,13,1995.0,2.0,0.0,1.444,0.25,0.542
Josko Gvardiol,2023-2024,eng Premier League,475959,2,2.0,0,2,180.0,0.0,0.0,1.0,0.0,1.0
Josuha Guilavogui,2020-2021,de Bundesliga,93704,7,5.0,3,3,571.0,1.0,0.0,0.788,0.429,0.429
Josuha Guilavogui,2021-2022,de Bundesliga,93704,10,17.0,3,3,825.0,3.0,0.0,1.855,0.3,0.3
Josuha Guilavogui,2021-2022,fr Ligue 1,93704,14,35.0,1,2,1242.0,3.0,0.0,2.536,0.071,0.143
Josuha Guilavogui,2022-2023,de Bundesliga,93704,11,20.0,3,2,900.0,1.0,0.0,2.0,0.273,0.182
Josuha Guilavogui,2023-2024,de Bundesliga,93704,3,12.0,0,0,209.0,1.0,0.0,5.167,0.0,0.0
José Campaña,2021-2022,es La Liga,120095,3,4.0,1,1,185.0,1.0,1.0,1.946,0.333,0.333
José Campaña,2023-2024,es La Liga,120095,1,2.0,0,0,56.0,0.0,0.0,3.214,0.0,0.0
José Copete,2022-2023,es La Liga,520840,27,28.0,10,10,2202.0,7.0,1.0,1.144,0.37,0.37
José Copete,2023-2024,es La Liga,520840,5,6.0,2,2,346.0,0.0,0.0,1.561,0.4,0.4
José Fonte,2020-2021,fr Ligue 1,33829,36,22.0,20,22,3187.0,7.0,0.0,0.621,0.556,0.611
José Fonte,2021-2022,fr Ligue 1,33829,38,48.0,10,14,3420.0,4.0,0.0,1.263,0.263,0.368
José Fonte,2022-2023,fr Ligue 1,33829,30,34.0,8,13,2579.0,7.0,0.0,1.187,0.267,0.433
José Fontán,2020-2021,es La Liga,609361,7,15.0,1,2,519.0,3.0,0.0,2.601,0.143,0.286
José Fontán,2021-2022,es La Liga,609361,3,4.0,1,0,225.0,2.0,0.0,1.6,0.333,0.0
José Gayà,2020-2021,es La Liga,221322,28,43.0,4,8,0.0,0.0,0.0,6.0,0.143,0.286
José Gayà,2021-2022,es La Liga,221322,21,32.0,6,7,1745.0,8.0,1.0,1.65,0.286,0.333
José Gayà,2022-2023,es La Liga,221322,30,37.0,5,8,2625.0,4.0,0.0,1.269,0.167,0.267
José Gayà,2023-2024,es La Liga,221322,8,8.0,3,3,670.0,1.0,0.0,1.075,0.375,0.375
José Gragera,2022-2023,es La Liga,557147,1,0.0,1,1,90.0,0.0,0.0,0.0,1.0,1.0
José Luis Palomino,2020-2021,it Serie A,125020,25,31.0,8,15,2200.0,3.0,0.0,1.268,0.32,0.6
José Luis Palomino,2021-2022,it Serie A,125020,30,40.0,8,12,2570.0,9.0,0.0,1.401,0.267,0.4
José Luis Palomino,2022-2023,it Serie A,125020,8,15.0,0,4,632.0,2.0,0.0,2.136,0.0,0.5
José Machín,2022-2023,it Serie A,355104,5,6.0,1,1,367.0,0.0,0.0,1.471,0.2,0.2
José Mari,2020-2021,es La Liga,225462,14,13.0,7,7,1117.0,3.0,0.0,1.047,0.5,0.5
José Mari,2021-2022,es La Liga,225462,4,4.0,2,2,258.0,1.0,0.0,1.395,0.5,0.5
José Mari,2022-2023,es La Liga,225462,1,4.0,0,0,45.0,0.0,0.0,6.0,0.0,0.0
José María Giménez,2020-2021,es La Liga,250845,20,14.0,9,14,1756.0,4.0,0.0,0.718,0.45,0.7
José María Giménez,2021-2022,es La Liga,250845,24,23.0,10,16,2046.0,7.0,0.0,1.012,0.417,0.667
José María Giménez,2022-2023,es La Liga,250845,26,19.0,10,19,2340.0,8.0,0.0,0.731,0.385,0.731
José María Giménez,2023-2024,es La Liga,250845,2,0.0,2,2,122.0,0.0,0.0,0.0,1.0,1.0
José Ángel Carmona,2022-2023,es La Liga,711625,8,13.0,0,1,533.0,3.0,0.0,2.195,0.0,0.125
José Ángel Carmona,2023-2024,es La Liga,711625,1,3.0,0,0,45.0,1.0,0.0,6.0,0.0,0.0
João Cancelo,2020-2021,eng Premier League,182712,24,19.0,12,16,2013.0,4.0,1.0,0.849,0.5,0.667
João Cancelo,2021-2022,eng Premier League,182712,36,26.0,19,27,3228.0,7.0,0.0,0.725,0.528,0.75
João Cancelo,2022-2023,de Bundesliga,182712,7,7.0,3,5,603.0,2.0,0.0,1.045,0.429,0.714
João Cancelo,2022-2023,eng Premier League,182712,14,15.0,6,10,1121.0,3.0,1.0,1.204,0.429,0.714
João Cancelo,2023-2024,es La Liga,182712,7,5.0,4,5,564.0,0.0,0.0,0.798,0.571,0.714
João Ferreira,2023-2024,it Serie A,481623,5,9.0,0,1,392.0,1.0,0.0,2.066,0.0,0.2
João Gomes,2022-2023,eng Premier League,735570,2,2.0,1,1,180.0,1.0,0.0,1.0,0.5,0.5
João Gomes,2023-2024,eng Premier League,735570,3,2.0,1,3,270.0,1.0,0.0,0.667,0.333,1.0
João Moutinho,2020-2021,eng Premier League,29364,6,3.0,3,3,518.0,1.0,0.0,0.521,0.5,0.5
João Moutinho,2021-2022,eng Premier League,29364,11,12.0,3,5,950.0,2.0,0.0,1.137,0.273,0.455
João Moutinho,2022-2023,eng Premier League,29364,2,5.0,0,0,180.0,1.0,0.0,2.5,0.0,0.0
João Palhinha,2022-2023,eng Premier League,257455,35,43.0,9,15,3113.0,14.0,0.0,1.243,0.257,0.429
João Palhinha,2023-2024,eng Premier League,257455,5,5.0,2,2,449.0,3.0,0.0,1.002,0.4,0.4
João Victor,2022-2023,fr Ligue 1,671145,9,15.0,2,2,720.0,5.0,0.0,1.875,0.222,0.222
Joël Veltman,2020-2021,eng Premier League,111195,16,17.0,5,3,1433.0,1.0,0.0,1.068,0.312,0.188
Joël Veltman,2021-2022,eng Premier League,111195,30,39.0,6,8,2597.0,3.0,0.0,1.352,0.2,0.267
Joël Veltman,2022-2023,eng Premier League,111195,25,29.0,8,12,1988.0,5.0,0.0,1.313,0.32,0.48
Joël Veltman,2023-2024,eng Premier League,111195,2,3.0,1,1,180.0,1.0,0.0,1.5,0.5,0.5
Juan Bernat,2020-2021,fr Ligue 1,126719,2,2.0,0,0,168.0,2.0,0.0,1.071,0.0,0.0
Juan Bernat,2021-2022,fr Ligue 1,126719,10,10.0,3,7,771.0,1.0,0.0,1.167,0.3,0.7
Juan Bernat,2022-2023,fr Ligue 1,126719,7,12.0,2,3,556.0,0.0,0.0,1.942,0.286,0.429
Juan Cabal,2022-2023,it Serie A,686965,3,7.0,0,0,219.0,2.0,0.0,2.877,0.0,0.0
Juan Cabal,2023-2024,it Serie A,686965,9,12.0,3,2,794.0,3.0,0.0,1.36,0.333,0.222
Juan Cala,2020-2021,es La Liga,67089,26,37.0,9,9,2217.0,8.0,0.0,1.502,0.346,0.346
Juan Cala,2021-2022,es La Liga,67089,10,19.0,2,1,848.0,8.0,0.0,2.017,0.2,0.1
Juan Cala,2022-2023,es La Liga,67089,1,2.0,0,0,73.0,0.0,0.0,2.466,0.0,0.0
Juan Cruz,2020-2021,es La Liga,169497,23,27.0,7,5,1852.0,4.0,0.0,1.312,0.304,0.217
Juan Cruz,2021-2022,es La Liga,169497,22,28.0,7,6,1924.0,4.0,0.0,1.31,0.318,0.273
Juan Cruz,2022-2023,es La Liga,169497,21,23.0,6,7,1878.0,7.0,0.0,1.102,0.286,0.333
Juan Cruz,2023-2024,es La Liga,169497,3,6.0,0,1,270.0,1.0,0.0,2.0,0.0,0.333
Juan Cuadrado,2020-2021,it Serie A,91970,15,17.0,3,8,1161.0,7.0,1.0,1.318,0.2,0.533
Juan Cuadrado,2021-2022,it Serie A,91970,13,13.0,5,7,1132.0,5.0,0.0,1.034,0.385,0.538
Juan Cuadrado,2022-2023,it Serie A,91970,3,3.0,1,1,243.0,1.0,1.0,1.111,0.333,0.333
Juan Foyth,2020-2021,es La Liga,480763,13,20.0,0,4,1054.0,5.0,0.0,1.708,0.0,0.308
Juan Foyth,2021-2022,es La Liga,480763,22,23.0,8,6,1847.0,6.0,0.0,1.121,0.364,0.273
Juan Foyth,2022-2023,es La Liga,480763,22,25.0,6,12,1891.0,5.0,0.0,1.19,0.273,0.545
Juan Iglesias,2020-2021,es La Liga,390688,4,3.0,1,0,330.0,0.0,0.0,0.818,0.25,0.0
Juan Iglesias,2021-2022,es La Liga,390688,5,11.0,0,0,352.0,0.0,0.0,2.812,0.0,0.0
Juan Iglesias,2022-2023,es La Liga,390688,16,21.0,6,2,1379.0,4.0,0.0,1.371,0.375,0.125
Juan Iglesias,2023-2024,es La Liga,390688,6,8.0,2,3,456.0,1.0,0.0,1.579,0.333,0.5
Juan Jesus,2021-2022,it Serie A,121985,14,13.0,5,7,1237.0,1.0,0.0,0.946,0.357,0.5
Juan Jesus,2022-2023,it Serie A,121985,10,7.0,6,8,870.0,2.0,0.0,0.724,0.6,0.8
Juan Jesus,2023-2024,it Serie A,121985,7,6.0,1,2,630.0,2.0,0.0,0.857,0.143,0.286
Juan Larios,2022-2023,eng Premier League,646738,2,6.0,0,0,94.0,0.0,0.0,5.745,0.0,0.0
Juan Miranda,2020-2021,es La Liga,341227,18,18.0,7,10,1563.0,3.0,0.0,1.036,0.389,0.556
Juan Miranda,2021-2022,es La Liga,341227,9,7.0,4,3,749.0,2.0,0.0,0.841,0.444,0.333
Juan Miranda,2022-2023,es La Liga,341227,16,19.0,6,6,1366.0,1.0,0.0,1.252,0.375,0.375
Juan Miranda,2023-2024,es La Liga,341227,4,5.0,2,1,358.0,1.0,0.0,1.257,0.5,0.25
Juan Ramos,2020-2021,it Serie A,288480,2,4.0,1,1,180.0,1.0,0.0,2.0,0.5,0.5
Juan Sánchez Miño,2020-2021,es La Liga,169249,3,4.0,0,0,211.0,0.0,0.0,1.706,0.0,0.0
Juanma Herzog,2023-2024,es La Liga,1146029,1,0.0,1,1,90.0,0.0,0.0,0.0,1.0,1.0
Juanpe,2022-2023,es La Liga,115333,17,27.0,2,7,1417.0,2.0,0.0,1.715,0.118,0.412
Juanpe,2023-2024,es La Liga,115333,5,10.0,0,1,390.0,1.0,0.0,2.308,0.0,0.2
Jubal,2022-2023,fr Ligue 1,149928,35,57.0,7,8,3150.0,7.0,0.0,1.629,0.2,0.229
Jude Bellingham,2020-2021,de Bundesliga,581678,6,9.0,3,3,409.0,3.0,0.0,1.98,0.5,0.5
Jude Bellingham,2021-2022,de Bundesliga,581678,5,7.0,1,4,450.0,0.0,0.0,1.4,0.2,0.8
Jules Koundé,2020-2021,es La Liga,411975,33,28.0,16,22,2966.0,4.0,0.0,0.85,0.485,0.667
Jules Koundé,2021-2022,es La Liga,411975,31,25.0,14,15,2705.0,2.0,2.0,0.832,0.452,0.484
Jules Koundé,2022-2023,es La Liga,411975,28,13.0,21,22,2420.0,2.0,0.0,0.483,0.75,0.786
Jules Koundé,2023-2024,es La Liga,411975,10,12.0,5,7,900.0,2.0,0.0,1.2,0.5,0.7
Julian Baumgartlinger,2020-2021,de Bundesliga,34787,12,14.0,3,7,1005.0,0.0,0.0,1.254,0.25,0.583
Julian Baumgartlinger,2021-2022,de Bundesliga,34787,1,1.0,0,1,60.0,1.0,0.0,1.5,0.0,1.0
Julian Baumgartlinger,2022-2023,de Bundesliga,34787,3,9.0,0,0,270.0,0.0,0.0,3.0,0.0,0.0
Julian Eitschberger,2021-2022,de Bundesliga,706617,1,4.0,0,0,0.0,0.0,0.0,6.0,0.0,0.0
Julian Jeanvier,2022-2023,fr Ligue 1,134277,20,37.0,2,4,1681.0,5.0,0.0,1.981,0.1,0.2
Julian Ryerson,2020-2021,de Bundesliga,370789,4,5.0,1,2,344.0,1.0,0.0,1.308,0.25,0.5
Julian Ryerson,2021-2022,de Bundesliga,370789,4,8.0,0,3,352.0,1.0,0.0,2.045,0.0,0.75
Julian Ryerson,2022-2023,de Bundesliga,370789,21,29.0,6,14,1757.0,2.0,0.0,1.485,0.286,0.667
Julian Ryerson,2023-2024,de Bundesliga,370789,5,5.0,2,3,428.0,2.0,0.0,1.051,0.4,0.6
Julian Weigl,2022-2023,de Bundesliga,196792,21,35.0,5,7,1860.0,6.0,0.0,1.694,0.238,0.333
Julian Weigl,2023-2024,de Bundesliga,196792,8,12.0,2,1,720.0,4.0,0.0,1.5,0.25,0.125
Julien Faussurier,2020-2021,fr Ligue 1,78917,9,15.0,2,3,798.0,1.0,0.0,1.692,0.222,0.333
Julien Faussurier,2021-2022,fr Ligue 1,78917,1,1.0,0,0,90.0,0.0,0.0,1.0,0.0,0.0
Julien Laporte,2020-2021,fr Ligue 1,386057,30,47.0,4,9,2660.0,8.0,0.0,1.59,0.133,0.3
Julien Laporte,2021-2022,fr Ligue 1,386057,33,51.0,11,8,2892.0,7.0,0.0,1.587,0.333,0.242
Julien Laporte,2022-2023,fr Ligue 1,386057,19,30.0,3,9,1633.0,1.0,0.0,1.653,0.158,0.474
Julien Laporte,2023-2024,fr Ligue 1,386057,5,9.0,0,1,441.0,0.0,0.0,1.837,0.0,0.2
Julien Le Cardinal,2023-2024,fr Ligue 1,794349,1,1.0,0,0,90.0,1.0,0.0,1.0,0.0,0.0
Julien Ponceau,2022-2023,fr Ligue 1,569390,2,1.0,1,0,169.0,0.0,0.0,0.533,0.5,0.0
Julián Araujo,2023-2024,es La Liga,513970,3,6.0,0,0,256.0,0.0,0.0,2.109,0.0,0.0
Julián Malatini,2023-2024,de Bundesliga,830108,5,7.0,1,1,421.0,1.0,0.0,1.496,0.2,0.2
Junior Firpo,2020-2021,es La Liga,374139,1,1.0,0,1,90.0,0.0,0.0,1.0,0.0,1.0
Junior Firpo,2021-2022,eng Premier League,374139,19,45.0,2,4,1483.0,9.0,0.0,2.731,0.105,0.211
Junior Firpo,2022-2023,eng Premier League,374139,14,31.0,1,3,1213.0,5.0,1.0,2.3,0.071,0.214
Junior Mwanga,2021-2022,fr Ligue 1,1011200,1,2.0,0,1,0.0,0.0,0.0,6.0,0.0,1.0
Junior Mwanga,2023-2024,fr Ligue 1,1011200,5,13.0,0,0,404.0,2.0,0.0,2.896,0.0,0.0
Junior Sambia,2020-2021,fr Ligue 1,335147,21,34.0,4,8,1846.0,2.0,0.0,1.658,0.19,0.381
Junior Sambia,2021-2022,fr Ligue 1,335147,11,18.0,3,4,890.0,3.0,0.0,1.82,0.273,0.364
Junior Sambia,2022-2023,it Serie A,335147,2,4.0,0,1,172.0,1.0,0.0,2.093,0.0,0.5
Juraj Kucka,2021-2022,eng Premier League,74943,2,2.0,0,1,154.0,0.0,0.0,1.169,0.0,0.5
Justin Hoogma,2021-2022,de Bundesliga,411287,3,9.0,0,0,270.0,1.0,0.0,3.0,0.0,0.0
Justin-Noël Kalumba,2022-2023,fr Ligue 1,1101641,7,14.0,1,1,550.0,0.0,0.0,2.291,0.143,0.143
Jérémy Morel,2020-2021,fr Ligue 1,23960,28,53.0,4,9,2494.0,1.0,0.0,1.913,0.143,0.321
Jérémy Morel,2021-2022,fr Ligue 1,23960,6,7.0,2,1,540.0,0.0,0.0,1.167,0.333,0.167
Jérémy Pied,2020-2021,fr Ligue 1,60583,4,4.0,2,2,302.0,1.0,0.0,1.192,0.5,0.5
Jérôme Boateng,2020-2021,de Bundesliga,26485,29,37.0,7,21,2378.0,6.0,0.0,1.4,0.241,0.724
Jérôme Boateng,2021-2022,fr Ligue 1,26485,19,26.0,5,7,1501.0,4.0,0.0,1.559,0.263,0.368
Jérôme Boateng,2022-2023,fr Ligue 1,26485,6,8.0,2,3,408.0,0.0,0.0,1.765,0.333,0.5
Jérôme Boateng,2023-2024,it Serie A,26485,3,7.0,1,0,144.0,0.0,0.0,4.375,0.333,0.0
Jérôme Hergault,2020-2021,fr Ligue 1,314912,13,22.0,2,4,1092.0,0.0,0.0,1.813,0.154,0.308
Jérôme Hergault,2021-2022,fr Ligue 1,314912,3,5.0,1,1,239.0,0.0,0.0,1.883,0.333,0.333
Jérôme Onguéné,2020-2021,it Serie A,272638,1,4.0,0,0,90.0,0.0,0.0,4.0,0.0,0.0
Jérôme Roussillon,2020-2021,de Bundesliga,127076,14,17.0,4,7,1161.0,0.0,0.0,1.318,0.286,0.5
Jérôme Roussillon,2021-2022,de Bundesliga,127076,10,13.0,4,5,850.0,4.0,0.0,1.376,0.4,0.5
Kaan Ayhan,2020-2021,it Serie A,119031,7,7.0,3,2,576.0,1.0,0.0,1.094,0.429,0.286
Kaan Ayhan,2021-2022,it Serie A,119031,14,22.0,1,6,1215.0,2.0,0.0,1.63,0.071,0.429
Kaan Ayhan,2022-2023,it Serie A,119031,5,8.0,1,2,450.0,1.0,0.0,1.6,0.2,0.4
Kaiky,2022-2023,es La Liga,743589,7,14.0,0,1,554.0,4.0,0.0,2.274,0.0,0.143
Kaiky,2023-2024,es La Liga,743589,1,3.0,0,0,90.0,0.0,0.0,3.0,0.0,0.0
Kalidou Koulibaly,2020-2021,it Serie A,93128,25,21.0,12,17,2199.0,10.0,0.0,0.859,0.48,0.68
Kalidou Koulibaly,2021-2022,it Serie A,93128,27,20.0,12,19,2407.0,5.0,1.0,0.748,0.444,0.704
Kalidou Koulibaly,2022-2023,eng Premier League,93128,20,22.0,6,6,1734.0,6.0,0.0,1.142,0.3,0.3
Kalvin Phillips,2020-2021,eng Premier League,351749,28,36.0,10,15,2428.0,10.0,0.0,1.334,0.357,0.536
Kalvin Phillips,2021-2022,eng Premier League,351749,18,26.0,4,4,1540.0,4.0,0.0,1.519,0.222,0.222
Kalvin Phillips,2022-2023,eng Premier League,351749,2,1.0,1,1,180.0,0.0,0.0,0.5,0.5,0.5
Kalvin Phillips,2023-2024,eng Premier League,351749,3,5.0,0,0,184.0,2.0,0.0,2.446,0.0,0.0
Kamil Glik,2020-2021,it Serie A,46552,36,73.0,6,6,3207.0,9.0,0.0,2.049,0.167,0.167
Kamil Piatkowski,2023-2024,es La Liga,345449,4,8.0,0,0,264.0,1.0,1.0,2.727,0.0,0.0
Karim Azamoum,2021-2022,fr Ligue 1,275361,4,6.0,1,1,301.0,2.0,0.0,1.794,0.25,0.25
Karim Rekik,2020-2021,es La Liga,182579,6,3.0,4,4,491.0,1.0,0.0,0.55,0.667,0.667
Karim Rekik,2021-2022,es La Liga,182579,11,8.0,4,5,944.0,1.0,0.0,0.763,0.364,0.455
Karim Rekik,2022-2023,es La Liga,182579,15,18.0,5,5,1161.0,2.0,0.0,1.395,0.333,0.333
Karol Fila,2021-2022,fr Ligue 1,385817,5,8.0,1,2,346.0,3.0,0.0,2.081,0.2,0.4
Karol Linetty,2022-2023,it Serie A,225873,9,11.0,3,4,647.0,3.0,0.0,1.53,0.333,0.444
Karol Linetty,2023-2024,it Serie A,225873,5,4.0,2,1,430.0,2.0,0.0,0.837,0.4,0.2
Kasim Adams,2020-2021,de Bundesliga,263801,11,14.0,4,5,958.0,0.0,0.0,1.315,0.364,0.455
Kassoum Ouattara,2023-2024,fr Ligue 1,947360,4,4.0,2,2,257.0,1.0,0.0,1.401,0.5,0.5
Kastriot Dermaku,2020-2021,it Serie A,163647,1,0.0,1,1,90.0,0.0,0.0,0.0,1.0,1.0
Kayne Ramsay,2020-2021,eng Premier League,530879,1,9.0,0,0,90.0,1.0,0.0,6.0,0.0,0.0
Kean Bryan,2020-2021,eng Premier League,214928,11,18.0,2,2,931.0,1.0,0.0,1.74,0.182,0.182
Keidi Bare,2021-2022,es La Liga,295622,11,14.0,3,4,814.0,4.0,0.0,1.548,0.273,0.364
Kelvin Amian,2021-2022,it Serie A,344072,28,54.0,7,9,2379.0,9.0,1.0,2.043,0.25,0.321
Kelvin Amian,2022-2023,it Serie A,344072,19,29.0,3,2,1686.0,2.0,0.0,1.548,0.158,0.105
Kelvin Amian,2023-2024,fr Ligue 1,344072,4,6.0,1,0,237.0,1.0,0.0,2.278,0.25,0.0
Kelyan Guessoum,2020-2021,fr Ligue 1,545520,11,17.0,2,3,973.0,2.0,0.0,1.572,0.182,0.273
Kenedy,2020-2021,es La Liga,281404,1,2.0,0,0,45.0,0.0,0.0,4.0,0.0,0.0
Kenji-Van Boto,2022-2023,fr Ligue 1,229012,1,1.0,0,1,90.0,0.0,0.0,1.0,0.0,1.0
Kenneth Schmidt,2022-2023,de Bundesliga,527276,3,3.0,1,1,210.0,1.0,0.0,1.286,0.333,0.333
Kenny Lala,2020-2021,fr Ligue 1,174196,17,21.0,7,7,1519.0,1.0,0.0,1.244,0.412,0.412
Kenny Lala,2022-2023,fr Ligue 1,174196,16,16.0,6,7,1399.0,4.0,0.0,1.029,0.375,0.438
Kenny Lala,2023-2024,fr Ligue 1,174196,8,5.0,4,3,720.0,2.0,0.0,0.625,0.5,0.375
Kenny McLean,2021-2022,eng Premier League,126600,6,13.0,1,1,523.0,0.0,0.0,2.237,0.167,0.167
Kenny Tete,2020-2021,eng Premier League,206746,15,25.0,4,2,1228.0,3.0,0.0,1.832,0.267,0.133
Kenny Tete,2022-2023,eng Premier League,206746,29,38.0,7,13,2539.0,8.0,0.0,1.347,0.241,0.448
Kerem Demirbay,2020-2021,de Bundesliga,125858,2,2.0,0,0,180.0,0.0,0.0,1.0,0.0,0.0
Kerem Demirbay,2021-2022,de Bundesliga,125858,7,11.0,0,3,571.0,4.0,0.0,1.734,0.0,0.429
Keven Schlotterbeck,2020-2021,de Bundesliga,413843,18,22.0,4,8,1553.0,3.0,0.0,1.275,0.222,0.444
Keven Schlotterbeck,2021-2022,de Bundesliga,413843,3,4.0,1,1,250.0,1.0,0.0,1.44,0.333,0.333
Keven Schlotterbeck,2022-2023,de Bundesliga,413843,8,18.0,0,1,645.0,3.0,0.0,2.512,0.0,0.125
Keven Schlotterbeck,2023-2024,de Bundesliga,413843,6,16.0,0,1,540.0,2.0,0.0,2.667,0.0,0.167
Kevin Akpoguma,2020-2021,de Bundesliga,160241,13,21.0,1,2,1071.0,1.0,0.0,1.765,0.077,0.154
Kevin Akpoguma,2021-2022,de Bundesliga,160241,16,33.0,4,7,1138.0,3.0,0.0,2.61,0.25,0.438
Kevin Akpoguma,2022-2023,de Bundesliga,160241,20,27.0,4,7,1618.0,7.0,0.0,1.502,0.2,0.35
Kevin Akpoguma,2023-2024,de Bundesliga,160241,2,4.0,0,0,135.0,1.0,0.0,2.667,0.0,0.0
Kevin Bonifazi,2020-2021,it Serie A,247377,28,45.0,6,7,2456.0,4.0,0.0,1.649,0.214,0.25
Kevin Bonifazi,2021-2022,it Serie A,247377,14,22.0,5,5,1120.0,4.0,0.0,1.768,0.357,0.357
Kevin Bonifazi,2022-2023,it Serie A,247377,9,13.0,2,3,777.0,2.0,0.0,1.506,0.222,0.333
Kevin Danso,2021-2022,fr Ligue 1,263236,32,38.0,8,16,2789.0,9.0,1.0,1.226,0.25,0.5
Kevin Danso,2022-2023,fr Ligue 1,263236,37,28.0,15,24,3234.0,7.0,1.0,0.779,0.405,0.649
Kevin Danso,2023-2024,fr Ligue 1,263236,8,8.0,4,5,720.0,2.0,0.0,1.0,0.5,0.625
Kevin Kampl,2020-2021,de Bundesliga,53418,13,9.0,6,8,1011.0,3.0,0.0,0.801,0.462,0.615
Kevin Kampl,2021-2022,de Bundesliga,53418,13,11.0,5,7,980.0,3.0,0.0,1.01,0.385,0.538
Kevin Kampl,2022-2023,de Bundesliga,53418,2,0.0,2,2,180.0,0.0,0.0,0.0,1.0,1.0
Kevin Long,2020-2021,eng Premier League,111114,7,13.0,1,0,630.0,2.0,0.0,1.857,0.143,0.0
Kevin Long,2021-2022,eng Premier League,111114,4,6.0,0,0,360.0,1.0,0.0,1.5,0.0,0.0
Kevin Mbabu,2020-2021,de Bundesliga,183321,19,22.0,9,10,1575.0,7.0,0.0,1.257,0.474,0.526
Kevin Mbabu,2021-2022,de Bundesliga,183321,11,16.0,3,4,937.0,3.0,0.0,1.537,0.273,0.364
Kevin Mbabu,2022-2023,eng Premier League,183321,1,4.0,0,0,45.0,0.0,0.0,6.0,0.0,0.0
Kevin Mbabu,2023-2024,de Bundesliga,183321,9,10.0,2,5,794.0,3.0,0.0,1.134,0.222,0.556
Kevin Möhwald,2020-2021,de Bundesliga,94137,11,16.0,3,3,866.0,1.0,0.0,1.663,0.273,0.273
Kevin Paredes,2023-2024,de Bundesliga,711517,1,3.0,0,0,86.0,0.0,0.0,3.14,0.0,0.0
Kevin Sessa,2023-2024,de Bundesliga,448028,1,2.0,0,0,54.0,0.0,0.0,3.333,0.0,0.0
Kevin Strootman,2021-2022,it Serie A,68864,4,10.0,0,0,309.0,2.0,0.0,2.913,0.0,0.0
Kevin Strootman,2023-2024,it Serie A,68864,1,1.0,0,1,87.0,0.0,0.0,1.034,0.0,1.0
Kevin Van Den Kerkhof,2023-2024,fr Ligue 1,400680,2,4.0,0,0,158.0,0.0,0.0,2.278,0.0,0.0
Kevin Vogt,2020-2021,de Bundesliga,84435,20,35.0,2,6,1725.0,6.0,0.0,1.826,0.1,0.3
Kevin Vogt,2021-2022,de Bundesliga,84435,29,52.0,6,10,2558.0,7.0,0.0,1.83,0.207,0.345
Kevin Vogt,2022-2023,de Bundesliga,84435,22,30.0,5,8,1779.0,8.0,0.0,1.518,0.227,0.364
Kevin Vogt,2023-2024,de Bundesliga,84435,9,11.0,2,3,784.0,4.0,0.0,1.263,0.222,0.333
Kevin Vázquez,2020-2021,es La Liga,221315,5,4.0,3,3,446.0,2.0,0.0,0.807,0.6,0.6
Kevin Vázquez,2021-2022,es La Liga,221315,16,16.0,6,4,1294.0,3.0,0.0,1.113,0.375,0.25
Kevin Vázquez,2022-2023,es La Liga,221315,5,7.0,2,1,375.0,2.0,0.0,1.68,0.4,0.2
Kevin-Prince Boateng,2021-2022,de Bundesliga,16922,3,6.0,0,1,177.0,2.0,0.0,3.051,0.0,0.333
Khalil Fayad,2022-2023,fr Ligue 1,782630,2,3.0,0,0,112.0,0.0,1.0,2.411,0.0,0.0
Khéphren Thuram,2020-2021,fr Ligue 1,463618,9,16.0,0,4,688.0,2.0,0.0,2.093,0.0,0.444
Khéphren Thuram,2021-2022,fr Ligue 1,463618,15,11.0,6,9,1248.0,4.0,0.0,0.793,0.4,0.6
Khéphren Thuram,2022-2023,fr Ligue 1,463618,10,10.0,2,2,731.0,0.0,0.0,1.231,0.2,0.2
Khéphren Thuram,2023-2024,fr Ligue 1,463618,1,0.0,1,0,90.0,1.0,0.0,0.0,1.0,0.0
Ki-Jana Hoever,2020-2021,eng Premier League,485583,5,9.0,0,1,423.0,0.0,0.0,1.915,0.0,0.2
Ki-Jana Hoever,2021-2022,eng Premier League,485583,3,4.0,0,0,205.0,1.0,0.0,1.756,0.0,0.0
Kieran Gibbs,2020-2021,eng Premier League,44792,8,22.0,0,1,675.0,0.0,1.0,2.933,0.0,0.125
Kieran Tierney,2020-2021,eng Premier League,300716,24,28.0,7,11,2103.0,4.0,0.0,1.198,0.292,0.458
Kieran Tierney,2021-2022,eng Premier League,300716,22,23.0,10,13,1919.0,0.0,0.0,1.079,0.455,0.591
Kieran Tierney,2022-2023,eng Premier League,300716,6,8.0,1,4,489.0,0.0,0.0,1.472,0.167,0.667
Kieran Tierney,2023-2024,es La Liga,300716,1,3.0,0,0,84.0,0.0,0.0,3.214,0.0,0.0
Kieran Trippier,2020-2021,es La Liga,95810,15,9.0,7,10,1319.0,0.0,0.0,0.614,0.467,0.667
Kieran Trippier,2021-2022,eng Premier League,95810,5,3.0,2,4,408.0,0.0,0.0,0.662,0.4,0.8
Kieran Trippier,2021-2022,es La Liga,95810,3,3.0,1,2,242.0,0.0,0.0,1.116,0.333,0.667
Kieran Trippier,2022-2023,eng Premier League,95810,38,33.0,14,19,3348.0,5.0,0.0,0.887,0.368,0.5
Kieran Trippier,2023-2024,eng Premier League,95810,6,13.0,1,3,502.0,0.0,0.0,2.331,0.167,0.5
Kiernan Dewsbury-Hall,2021-2022,eng Premier League,475188,1,1.0,0,0,90.0,0.0,0.0,1.0,0.0,0.0
Kiernan Dewsbury-Hall,2022-2023,eng Premier League,475188,7,11.0,0,3,557.0,2.0,0.0,1.777,0.0,0.429
Kike Hermoso,2021-2022,es La Liga,531824,1,1.0,0,1,0.0,0.0,0.0,6.0,0.0,1.0
Kike Pérez,2022-2023,es La Liga,527698,2,6.0,0,0,120.0,2.0,0.0,4.5,0.0,0.0
Kike Salas,2022-2023,es La Liga,766583,4,6.0,0,1,292.0,0.0,0.0,1.849,0.0,0.25
Kike Salas,2023-2024,es La Liga,766583,5,7.0,1,1,450.0,0.0,0.0,1.4,0.2,0.2
Kiki Kouyaté,2020-2021,fr Ligue 1,211637,21,25.0,7,7,1890.0,10.0,0.0,1.19,0.333,0.333
Kiki Kouyaté,2021-2022,fr Ligue 1,211637,30,51.0,7,5,2666.0,8.0,1.0,1.722,0.233,0.167
Kiki Kouyaté,2022-2023,fr Ligue 1,211637,15,14.0,7,8,1259.0,5.0,0.0,1.001,0.467,0.533
Kiki Kouyaté,2023-2024,fr Ligue 1,211637,6,15.0,1,2,540.0,2.0,0.0,2.5,0.167,0.333
Kiko Femenía,2021-2022,eng Premier League,76467,26,55.0,2,4,2126.0,2.0,0.0,2.328,0.077,0.154
Kiko Femenía,2022-2023,es La Liga,76467,13,14.0,4,4,1017.0,0.0,0.0,1.239,0.308,0.308
Kiko Femenía,2023-2024,es La Liga,76467,8,9.0,2,4,708.0,2.0,0.0,1.144,0.25,0.5
Kiko Olivas,2020-2021,es La Liga,51667,1,2.0,0,0,90.0,0.0,0.0,2.0,0.0,0.0
Kilian Fischer,2022-2023,de Bundesliga,435796,5,4.0,2,3,433.0,1.0,0.0,0.831,0.4,0.6
Kilian Ludewig,2020-2021,de Bundesliga,361516,2,5.0,0,0,180.0,1.0,0.0,2.5,0.0,0.0
Kiliann Sildillia,2022-2023,de Bundesliga,548348,15,24.0,6,5,1271.0,1.0,0.0,1.699,0.4,0.333
Kiliann Sildillia,2023-2024,de Bundesliga,548348,6,14.0,0,2,540.0,0.0,0.0,2.333,0.0,0.333
Kingsley Ehizibue,2020-2021,de Bundesliga,272812,10,20.0,0,1,694.0,4.0,0.0,2.594,0.0,0.1
Kingsley Ehizibue,2021-2022,de Bundesliga,272812,6,14.0,0,2,444.0,1.0,0.0,2.838,0.0,0.333
Kingsley Ehizibue,2022-2023,de Bundesliga,272812,1,2.0,0,0,62.0,0.0,0.0,2.903,0.0,0.0
Kingsley Ehizibue,2022-2023,it Serie A,272812,1,3.0,0,0,90.0,0.0,0.0,3.0,0.0,0.0
Kingsley Michael,2021-2022,it Serie A,401920,1,0.0,1,0,60.0,0.0,0.0,0.0,1.0,0.0
Kingsley Schindler,2021-2022,de Bundesliga,153678,1,1.0,0,0,70.0,1.0,0.0,1.286,0.0,0.0
Kingsley Schindler,2022-2023,de Bundesliga,153678,3,6.0,0,2,250.0,0.0,0.0,2.16,0.0,0.667
Klaus Gjasula,2023-2024,de Bundesliga,57598,5,10.0,1,0,363.0,2.0,0.0,2.479,0.2,0.0
Ko Itakura,2022-2023,de Bundesliga,355816,22,31.0,6,6,1935.0,1.0,2.0,1.442,0.273,0.273
Ko Itakura,2023-2024,de Bundesliga,355816,3,3.0,1,0,249.0,1.0,0.0,1.084,0.333,0.0
Kobbie Mainoo,2023-2024,eng Premier League,820374,3,6.0,0,1,252.0,1.0,0.0,2.143,0.0,0.333
Koffi,2021-2022,es La Liga,809639,1,1.0,0,1,0.0,0.0,0.0,6.0,0.0,1.0
Koffi Djidji,2020-2021,it Serie A,183031,15,35.0,1,3,1350.0,3.0,0.0,2.333,0.067,0.2
Koffi Djidji,2021-2022,it Serie A,183031,21,21.0,5,7,1666.0,5.0,0.0,1.134,0.238,0.333
Koffi Djidji,2022-2023,it Serie A,183031,26,29.0,7,8,2260.0,2.0,0.0,1.155,0.269,0.308
Koffi Djidji,2023-2024,it Serie A,183031,6,7.0,2,1,511.0,1.0,0.0,1.233,0.333,0.167
Koke,2020-2021,es La Liga,74229,18,9.0,9,14,1580.0,4.0,0.0,0.513,0.5,0.778
Koke,2021-2022,es La Liga,74229,8,8.0,4,4,720.0,2.0,0.0,1.0,0.5,0.5
Koke,2022-2023,es La Liga,74229,15,10.0,7,11,1267.0,1.0,0.0,0.71,0.467,0.733
Koke,2023-2024,es La Liga,74229,7,7.0,2,3,466.0,0.0,0.0,1.352,0.286,0.429
Koni De Winter,2022-2023,it Serie A,490384,12,18.0,3,2,996.0,3.0,0.0,1.627,0.25,0.167
Koni De Winter,2023-2024,it Serie A,490384,7,7.0,3,2,630.0,3.0,0.0,1.0,0.429,0.286
Konrad Laimer,2021-2022,de Bundesliga,223967,9,15.0,2,3,588.0,0.0,0.0,2.296,0.222,0.333
Konrad Laimer,2022-2023,de Bundesliga,223967,4,2.0,2,3,344.0,1.0,0.0,0.523,0.5,0.75
Konrad Laimer,2023-2024,de Bundesliga,223967,2,1.0,1,1,176.0,0.0,0.0,0.511,0.5,0.5
Konstantinos Manolas,2020-2021,it Serie A,104752,27,26.0,9,18,2257.0,5.0,0.0,1.037,0.333,0.667
Konstantinos Manolas,2021-2022,it Serie A,104752,3,2.0,1,3,270.0,0.0,0.0,0.667,0.333,1.0
Konstantinos Manolas,2023-2024,it Serie A,104752,4,8.0,0,0,269.0,0.0,0.0,2.677,0.0,0.0
Konstantinos Mavropanos,2020-2021,de Bundesliga,415912,19,29.0,4,9,1412.0,5.0,0.0,1.848,0.211,0.474
Konstantinos Mavropanos,2021-2022,de Bundesliga,415912,31,54.0,3,7,2710.0,3.0,0.0,1.793,0.097,0.226
Konstantinos Mavropanos,2022-2023,de Bundesliga,415912,26,45.0,2,5,2268.0,9.0,0.0,1.786,0.077,0.192
Konstantinos Mavropanos,2023-2024,eng Premier League,415912,6,9.0,0,2,540.0,1.0,0.0,1.5,0.0,0.333
Konstantinos Stafylidis,2021-2022,de Bundesliga,148967,14,24.0,2,4,1115.0,3.0,0.0,1.937,0.143,0.286
Konstantinos Stafylidis,2022-2023,de Bundesliga,148967,8,12.0,2,3,586.0,3.0,0.0,1.843,0.25,0.375
Konstantinos Tsimikas,2021-2022,eng Premier League,338070,9,6.0,4,7,810.0,1.0,0.0,0.667,0.444,0.778
Konstantinos Tsimikas,2022-2023,eng Premier League,338070,9,13.0,5,3,613.0,2.0,0.0,1.909,0.556,0.333
Koray Günter,2020-2021,it Serie A,115763,21,30.0,3,5,1650.0,4.0,0.0,1.636,0.143,0.238
Koray Günter,2021-2022,it Serie A,115763,29,43.0,4,11,2388.0,10.0,0.0,1.621,0.138,0.379
Koray Günter,2022-2023,it Serie A,115763,19,45.0,0,1,1620.0,5.0,0.0,2.5,0.0,0.053
Kortney Hause,2020-2021,eng Premier League,233124,7,6.0,3,4,630.0,2.0,0.0,0.857,0.429,0.571
Kortney Hause,2021-2022,eng Premier League,233124,4,8.0,1,1,350.0,0.0,0.0,2.057,0.25,0.25
Kristian Pedersen,2022-2023,de Bundesliga,331779,3,4.0,0,0,242.0,1.0,0.0,1.488,0.0,0.0
Kristijan Jakic,2021-2022,de Bundesliga,374954,20,28.0,3,8,1623.0,6.0,0.0,1.553,0.15,0.4
Kristijan Jakic,2022-2023,de Bundesliga,374954,16,21.0,3,8,1247.0,3.0,0.0,1.516,0.188,0.5
Kristijan Jakic,2023-2024,de Bundesliga,374954,8,9.0,2,4,681.0,2.0,0.0,1.189,0.25,0.5
Kristjan Asllani,2021-2022,it Serie A,543771,13,18.0,4,2,1133.0,2.0,0.0,1.43,0.308,0.154
Kristjan Asllani,2022-2023,it Serie A,543771,5,8.0,0,1,350.0,2.0,0.0,2.057,0.0,0.2
Kristjan Asllani,2023-2024,it Serie A,543771,4,1.0,3,4,325.0,1.0,0.0,0.277,0.75,1.0
Kristoffer Ajer,2021-2022,eng Premier League,328658,23,32.0,7,9,1942.0,5.0,0.0,1.483,0.304,0.391
Kristoffer Ajer,2022-2023,eng Premier League,328658,9,14.0,4,2,766.0,0.0,0.0,1.645,0.444,0.222
Kristoffer Ajer,2023-2024,eng Premier League,328658,6,15.0,0,0,540.0,1.0,0.0,2.5,0.0,0.0
Kristoffer Askildsen,2021-2022,it Serie A,574495,1,2.0,0,0,78.0,0.0,0.0,2.308,0.0,0.0
Kurt Zouma,2020-2021,eng Premier League,157509,22,25.0,9,10,1980.0,3.0,0.0,1.136,0.409,0.455
Kurt Zouma,2021-2022,eng Premier League,157509,24,31.0,5,11,2080.0,1.0,0.0,1.341,0.208,0.458
Kurt Zouma,2022-2023,eng Premier League,157509,24,31.0,7,9,1969.0,0.0,0.0,1.417,0.292,0.375
Kurt Zouma,2023-2024,eng Premier League,157509,8,18.0,0,2,675.0,1.0,0.0,2.4,0.0,0.25
Kyle Bartley,2020-2021,eng Premier League,67421,28,52.0,5,5,2515.0,4.0,0.0,1.861,0.179,0.179
Kyle Walker,2020-2021,eng Premier League,95424,22,20.0,10,16,1906.0,1.0,0.0,0.944,0.455,0.727
Kyle Walker,2021-2022,eng Premier League,95424,20,14.0,11,13,1755.0,1.0,0.0,0.718,0.55,0.65
Kyle Walker,2022-2023,eng Premier League,95424,21,19.0,8,14,1778.0,3.0,0.0,0.962,0.381,0.667
Kyle Walker,2023-2024,eng Premier League,95424,5,4.0,1,3,450.0,1.0,0.0,0.8,0.2,0.6
Kyle Walker-Peters,2020-2021,eng Premier League,341051,30,42.0,9,12,2649.0,4.0,0.0,1.427,0.3,0.4
Kyle Walker-Peters,2021-2022,eng Premier League,341051,25,44.0,5,6,2234.0,4.0,0.0,1.773,0.2,0.24
Kyle Walker-Peters,2022-2023,eng Premier League,341051,25,48.0,3,4,2184.0,4.0,0.0,1.978,0.12,0.16
Kévin Keben,2022-2023,fr Ligue 1,855014,4,6.0,0,0,275.0,0.0,0.0,1.964,0.0,0.0
Kévin Keben,2023-2024,fr Ligue 1,855014,2,2.0,0,2,151.0,0.0,0.0,1.192,0.0,1.0
Kévin Malcuit,2021-2022,it Serie A,126711,1,0.0,1,1,90.0,1.0,0.0,0.0,1.0,1.0
Kévin N'Doram,2020-2021,fr Ligue 1,342209,4,7.0,0,1,260.0,0.0,0.0,2.423,0.0,0.25
Kévin N'Doram,2021-2022,fr Ligue 1,342209,13,24.0,3,1,1008.0,4.0,0.0,2.143,0.231,0.077
Kévin N'Doram,2023-2024,fr Ligue 1,342209,3,4.0,0,0,218.0,1.0,0.0,1.651,0.0,0.0
Kévin Rodrigues,2020-2021,es La Liga,206947,4,6.0,1,0,360.0,0.0,0.0,1.5,0.25,0.0
Kévin Rodrigues,2021-2022,es La Liga,206947,4,10.0,0,0,316.0,0.0,0.0,2.848,0.0,0.0
Lamine Camara,2023-2024,fr Ligue 1,918969,1,0.0,1,1,90.0,0.0,0.0,0.0,1.0,1.0
Lamine Fomba,2020-2021,fr Ligue 1,391376,2,1.0,1,1,180.0,0.0,0.0,0.5,0.5,0.5
Lamine Koné,2020-2021,fr Ligue 1,57420,12,23.0,2,3,1015.0,3.0,0.0,2.039,0.167,0.25
Lars Bender,2020-2021,de Bundesliga,30059,12,11.0,4,8,909.0,2.0,0.0,1.089,0.333,0.667
Lassana Coulibaly,2020-2021,fr Ligue 1,386552,10,14.0,2,3,777.0,1.0,1.0,1.622,0.2,0.3
Lassana Coulibaly,2021-2022,it Serie A,386552,8,19.0,1,1,617.0,1.0,0.0,2.771,0.125,0.125
Lassana Coulibaly,2022-2023,it Serie A,386552,9,14.0,2,1,768.0,5.0,0.0,1.641,0.222,0.111
Lassana Coulibaly,2023-2024,it Serie A,386552,2,6.0,0,0,155.0,0.0,0.0,3.484,0.0,0.0
Lasse Günther,2021-2022,de Bundesliga,522245,1,4.0,0,0,90.0,1.0,0.0,4.0,0.0,0.0
Laurent Abergel,2020-2021,fr Ligue 1,238626,20,40.0,3,5,1722.0,2.0,0.0,2.091,0.15,0.25
Laurent Abergel,2021-2022,fr Ligue 1,238626,14,25.0,3,2,1243.0,5.0,0.0,1.81,0.214,0.143
Laurent Abergel,2022-2023,fr Ligue 1,238626,21,33.0,3,9,1814.0,6.0,0.0,1.637,0.143,0.429
Laurent Abergel,2023-2024,fr Ligue 1,238626,8,11.0,1,4,688.0,2.0,0.0,1.439,0.125,0.5
Laurent Koscielny,2020-2021,fr Ligue 1,76277,25,38.0,8,7,2184.0,3.0,0.0,1.566,0.32,0.28
Laurent Koscielny,2021-2022,fr Ligue 1,76277,11,23.0,0,2,0.0,0.0,0.0,6.0,0.0,0.182
Lautaro Blanco,2022-2023,es La Liga,831161,4,7.0,1,1,301.0,0.0,0.0,2.093,0.25,0.25
Lautaro Giannetti,2023-2024,it Serie A,225963,7,7.0,2,2,630.0,4.0,0.0,1.0,0.286,0.286
Lautaro Valenti,2020-2021,it Serie A,625202,6,14.0,0,0,415.0,0.0,0.0,3.036,0.0,0.0
Layvin Kurzawa,2020-2021,fr Ligue 1,126710,14,13.0,6,9,1146.0,4.0,0.0,1.021,0.429,0.643
Layvin Kurzawa,2022-2023,eng Premier League,126710,2,5.0,0,0,135.0,1.0,0.0,3.333,0.0,0.0
Leander Dendoncker,2020-2021,eng Premier League,168157,24,24.0,10,10,2075.0,3.0,0.0,1.041,0.417,0.417
Leander Dendoncker,2021-2022,eng Premier League,168157,8,7.0,1,2,720.0,1.0,0.0,0.875,0.125,0.25
Leander Dendoncker,2022-2023,eng Premier League,168157,7,7.0,3,4,532.0,0.0,0.0,1.184,0.429,0.571
Leandro Barreiro,2020-2021,de Bundesliga,357233,8,15.0,2,3,591.0,1.0,0.0,2.284,0.25,0.375
Leandro Barreiro,2021-2022,de Bundesliga,357233,8,11.0,3,3,647.0,1.0,0.0,1.53,0.375,0.375
Leandro Barreiro,2022-2023,de Bundesliga,357233,11,16.0,2,4,895.0,2.0,0.0,1.609,0.182,0.364
Leandro Barreiro,2023-2024,de Bundesliga,357233,1,1.0,0,0,90.0,1.0,0.0,1.0,0.0,0.0
Leandro Cabrera,2021-2022,es La Liga,102423,36,48.0,10,10,3240.0,7.0,0.0,1.333,0.278,0.278
Leandro Cabrera,2022-2023,es La Liga,102423,31,56.0,5,6,2671.0,10.0,1.0,1.887,0.161,0.194
Leandro Paredes,2020-2021,fr Ligue 1,166237,14,12.0,6,10,1047.0,4.0,0.0,1.032,0.429,0.714
Leandro Paredes,2021-2022,fr Ligue 1,166237,8,7.0,3,6,618.0,1.0,0.0,1.019,0.375,0.75
Leandro Paredes,2022-2023,it Serie A,166237,8,8.0,2,3,613.0,2.0,0.0,1.175,0.25,0.375
Leandro Paredes,2023-2024,it Serie A,166237,8,10.0,3,6,685.0,3.0,0.0,1.314,0.375,0.75
Leart Paçarada,2023-2024,de Bundesliga,107219,1,5.0,0,0,90.0,0.0,0.0,5.0,0.0,0.0
Lee Peltier,2020-2021,eng Premier League,38094,3,8.0,0,0,225.0,0.0,0.0,3.2,0.0,0.0
Lennard Maloney,2023-2024,de Bundesliga,392710,6,7.0,1,1,515.0,1.0,0.0,1.223,0.167,0.167
Lennart Czyborra,2020-2021,it Serie A,309393,1,2.0,0,0,58.0,0.0,0.0,3.103,0.0,0.0
Lennart Czyborra,2021-2022,de Bundesliga,309393,1,4.0,0,0,77.0,1.0,0.0,4.675,0.0,0.0
Lenny Lacroix,2021-2022,fr Ligue 1,620315,2,4.0,0,1,156.0,0.0,0.0,2.308,0.0,0.5
Leny Yoro,2022-2023,fr Ligue 1,923831,8,8.0,2,5,679.0,0.0,0.0,1.06,0.25,0.625
Leny Yoro,2023-2024,fr Ligue 1,923831,8,9.0,4,3,720.0,1.0,0.0,1.125,0.5,0.375
Leo Greiml,2022-2023,de Bundesliga,434110,3,10.0,0,0,270.0,1.0,0.0,3.333,0.0,0.0
Leo Stulac,2021-2022,it Serie A,171159,8,19.0,1,2,543.0,1.0,0.0,3.149,0.125,0.25
Leo Østigård,2021-2022,it Serie A,367284,13,19.0,5,3,1104.0,4.0,0.0,1.549,0.385,0.231
Leo Østigård,2022-2023,it Serie A,367284,4,1.0,3,3,360.0,1.0,0.0,0.25,0.75,0.75
Leo Østigård,2023-2024,it Serie A,367284,5,4.0,1,1,360.0,2.0,0.0,1.0,0.2,0.2
Leon Goretzka,2020-2021,de Bundesliga,153084,2,2.0,0,1,141.0,0.0,0.0,1.277,0.0,0.5
Leon Goretzka,2021-2022,de Bundesliga,153084,6,8.0,1,5,469.0,0.0,0.0,1.535,0.167,0.833
Leon Goretzka,2022-2023,de Bundesliga,153084,6,3.0,4,4,447.0,2.0,0.0,0.604,0.667,0.667
Leon Goretzka,2023-2024,de Bundesliga,153084,3,8.0,0,1,251.0,3.0,0.0,2.869,0.0,0.333
Leonardo Balerdi,2020-2021,fr Ligue 1,575998,19,25.0,5,8,1630.0,6.0,1.0,1.38,0.263,0.421
Leonardo Balerdi,2021-2022,fr Ligue 1,575998,10,12.0,4,6,878.0,4.0,1.0,1.23,0.4,0.6
Leonardo Balerdi,2022-2023,fr Ligue 1,575998,29,31.0,9,17,2376.0,9.0,1.0,1.174,0.31,0.586
Leonardo Balerdi,2023-2024,fr Ligue 1,575998,7,7.0,1,3,630.0,1.0,0.0,1.0,0.143,0.429
Leonardo Bonucci,2020-2021,it Serie A,39983,23,22.0,5,14,1956.0,3.0,0.0,1.012,0.217,0.609
Leonardo Bonucci,2021-2022,it Serie A,39983,22,28.0,4,9,1969.0,1.0,0.0,1.28,0.182,0.409
Leonardo Bonucci,2022-2023,it Serie A,39983,9,7.0,5,7,765.0,1.0,0.0,0.824,0.556,0.778
Leonardo Capezzi,2021-2022,it Serie A,84442,1,3.0,0,0,82.0,0.0,0.0,3.293,0.0,0.0
Leonardo Sernicola,2022-2023,it Serie A,340707,7,16.0,1,1,572.0,3.0,0.0,2.517,0.143,0.143
Leonardo Spinazzola,2020-2021,it Serie A,118689,3,4.0,1,1,270.0,0.0,0.0,1.333,0.333,0.333
Leonardo Spinazzola,2022-2023,it Serie A,118689,2,1.0,1,1,180.0,1.0,0.0,0.5,0.5,0.5
Leonardo Spinazzola,2023-2024,it Serie A,118689,2,1.0,1,2,65.0,0.0,0.0,1.385,0.5,1.0
Leonidas Stergiou,2023-2024,de Bundesliga,507345,1,1.0,0,1,90.0,0.0,0.0,1.0,0.0,1.0
Lesley Ugochukwu,2021-2022,fr Ligue 1,711999,3,4.0,0,0,254.0,1.0,0.0,1.417,0.0,0.0
Lesley Ugochukwu,2022-2023,fr Ligue 1,711999,7,11.0,1,1,558.0,2.0,0.0,1.774,0.143,0.143
Levi Colwill,2022-2023,eng Premier League,614258,13,20.0,3,6,1148.0,0.0,0.0,1.568,0.231,0.462
Levi Colwill,2023-2024,eng Premier League,614258,2,3.0,0,0,169.0,0.0,0.0,1.598,0.0,0.0
Lewis Cook,2022-2023,eng Premier League,249089,3,7.0,0,0,243.0,1.0,0.0,2.593,0.0,0.0
Lewis Cook,2023-2024,eng Premier League,249089,6,10.0,1,2,540.0,1.0,0.0,1.667,0.167,0.333
Lewis Dunk,2020-2021,eng Premier League,148153,33,40.0,11,8,2933.0,5.0,2.0,1.227,0.333,0.242
Lewis Dunk,2021-2022,eng Premier League,148153,29,33.0,10,10,2574.0,3.0,1.0,1.154,0.345,0.345
Lewis Dunk,2022-2023,eng Premier League,148153,36,50.0,12,18,3240.0,4.0,0.0,1.389,0.333,0.5
Lewis Dunk,2023-2024,eng Premier League,148153,8,11.0,3,3,689.0,1.0,0.0,1.437,0.375,0.375
Lewis Hall,2022-2023,eng Premier League,670858,4,7.0,1,1,348.0,0.0,0.0,1.81,0.25,0.25
Lewis O'Brien,2022-2023,eng Premier League,560694,2,2.0,1,1,165.0,1.0,0.0,1.091,0.5,0.5
Liam Cooper,2020-2021,eng Premier League,75067,25,41.0,6,12,2187.0,4.0,1.0,1.687,0.24,0.48
Liam Cooper,2021-2022,eng Premier League,75067,21,28.0,5,5,1815.0,5.0,0.0,1.388,0.238,0.238
Liam Cooper,2022-2023,eng Premier League,75067,16,33.0,2,2,1366.0,5.0,0.0,2.174,0.125,0.125
Liam Henderson,2022-2023,it Serie A,193867,3,2.0,2,2,208.0,3.0,0.0,0.865,0.667,0.667
Liberato Cacace,2021-2022,it Serie A,469211,5,9.0,1,1,386.0,0.0,0.0,2.098,0.2,0.2
Liberato Cacace,2022-2023,it Serie A,469211,5,8.0,0,0,433.0,1.0,0.0,1.663,0.0,0.0
Liberato Cacace,2023-2024,it Serie A,469211,2,3.0,0,1,160.0,0.0,0.0,1.688,0.0,0.5
Lilian Brassier,2020-2021,fr Ligue 1,485960,11,17.0,1,3,963.0,3.0,0.0,1.589,0.091,0.273
Lilian Brassier,2021-2022,fr Ligue 1,485960,23,40.0,3,7,2070.0,4.0,0.0,1.739,0.13,0.304
Lilian Brassier,2022-2023,fr Ligue 1,485960,34,50.0,8,11,3001.0,5.0,0.0,1.5,0.235,0.324
Lilian Brassier,2023-2024,fr Ligue 1,485960,7,4.0,4,3,630.0,1.0,0.0,0.571,0.571,0.429
Lino Tempelmann,2020-2021,de Bundesliga,378883,1,3.0,0,0,45.0,0.0,0.0,6.0,0.0,0.0
Linus Gechter,2021-2022,de Bundesliga,692734,6,21.0,0,0,520.0,0.0,0.0,3.635,0.0,0.0
Lionel Carole,2020-2021,fr Ligue 1,11530,13,24.0,2,2,1059.0,2.0,0.0,2.04,0.154,0.154
Lisandro Magallán,2020-2021,it Serie A,66736,25,59.0,1,5,2085.0,10.0,0.0,2.547,0.04,0.2
Lisandro Magallán,2022-2023,es La Liga,66736,11,15.0,2,3,864.0,0.0,1.0,1.562,0.182,0.273
Lisandro Martínez,2022-2023,eng Premier League,480762,24,36.0,9,12,2085.0,6.0,0.0,1.554,0.375,0.5
Lisandro Martínez,2023-2024,eng Premier League,480762,2,3.0,1,2,157.0,1.0,0.0,1.72,0.5,1.0
Lloyd Kelly,2022-2023,eng Premier League,480116,23,39.0,5,8,2041.0,3.0,0.0,1.72,0.217,0.348
Lloyd Kelly,2023-2024,eng Premier League,480116,4,7.0,0,0,296.0,0.0,0.0,2.128,0.0,0.0
Logan Costa,2022-2023,fr Ligue 1,484988,4,4.0,1,1,360.0,0.0,0.0,1.0,0.25,0.25
Logan Costa,2023-2024,fr Ligue 1,484988,5,7.0,0,3,450.0,1.0,0.0,1.4,0.0,0.6
Lorenz Assignon,2021-2022,fr Ligue 1,711969,5,3.0,3,3,450.0,0.0,0.0,0.6,0.6,0.6
Lorenz Assignon,2022-2023,fr Ligue 1,711969,2,3.0,0,2,162.0,2.0,0.0,1.667,0.0,1.0
Lorenz Assignon,2023-2024,eng Premier League,711969,7,18.0,0,1,619.0,2.0,0.0,2.617,0.0,0.143
Lorenzo De Silvestri,2020-2021,it Serie A,33571,23,39.0,4,7,1853.0,3.0,0.0,1.894,0.174,0.304
Lorenzo De Silvestri,2021-2022,it Serie A,33571,7,17.0,2,2,614.0,1.0,0.0,2.492,0.286,0.286
Lorenzo De Silvestri,2022-2023,it Serie A,33571,4,5.0,1,0,277.0,0.0,0.0,1.625,0.25,0.0
Lorenzo De Silvestri,2023-2024,it Serie A,33571,1,2.0,0,0,82.0,0.0,0.0,2.195,0.0,0.0
Lorenzo Pellegrini,2020-2021,it Serie A,286297,7,15.0,2,2,552.0,4.0,0.0,2.446,0.286,0.286
Lorenzo Pirola,2022-2023,it Serie A,487834,23,39.0,4,5,1887.0,4.0,0.0,1.86,0.174,0.217
Lorenzo Pirola,2023-2024,it Serie A,487834,1,1.0,0,0,90.0,1.0,0.0,1.0,0.0,0.0
Lorenzo Tonelli,2020-2021,it Serie A,111347,21,30.0,4,9,1735.0,10.0,0.0,1.556,0.19,0.429
Lorenzo Tonelli,2021-2022,it Serie A,111347,8,12.0,0,3,658.0,4.0,0.0,1.641,0.0,0.375
Lorenzo Venuti,2020-2021,it Serie A,240219,1,3.0,0,0,90.0,0.0,0.0,3.0,0.0,0.0
Lorenzo Venuti,2021-2022,it Serie A,240219,20,25.0,6,11,1538.0,4.0,0.0,1.463,0.3,0.55
Lorenzo Venuti,2022-2023,it Serie A,240219,9,7.0,2,4,640.0,2.0,0.0,0.984,0.222,0.444
Lorenzo Venuti,2023-2024,it Serie A,240219,1,4.0,0,0,90.0,0.0,0.0,4.0,0.0,0.0
Loris Benito,2020-2021,fr Ligue 1,119085,30,44.0,12,11,2608.0,7.0,1.0,1.518,0.4,0.367
Loris Benito,2021-2022,fr Ligue 1,119085,1,2.0,0,0,0.0,0.0,0.0,6.0,0.0,0.0
Loïc Badé,2020-2021,fr Ligue 1,730581,29,45.0,6,10,2593.0,11.0,0.0,1.562,0.207,0.345
Loïc Badé,2021-2022,fr Ligue 1,730581,11,11.0,4,4,941.0,3.0,0.0,1.052,0.364,0.364
Loïc Badé,2022-2023,es La Liga,730581,16,16.0,7,9,1416.0,4.0,0.0,1.017,0.438,0.562
Loïc Badé,2022-2023,fr Ligue 1,730581,1,1.0,0,1,90.0,1.0,0.0,1.0,0.0,1.0
Loïc Badé,2023-2024,es La Liga,730581,8,12.0,2,3,671.0,2.0,0.0,1.61,0.25,0.375
Loïc Bessilé,2020-2021,fr Ligue 1,371150,1,1.0,0,1,90.0,0.0,0.0,1.0,0.0,1.0
Loïck Landre,2020-2021,fr Ligue 1,164912,20,39.0,5,4,1629.0,2.0,1.0,2.155,0.25,0.2
Luan Peres,2021-2022,fr Ligue 1,347913,29,25.0,14,16,2593.0,5.0,0.0,0.868,0.483,0.552
Luca Caldirola,2020-2021,it Serie A,88680,17,40.0,3,4,1390.0,5.0,0.0,2.59,0.176,0.235
Luca Caldirola,2022-2023,it Serie A,88680,27,35.0,8,12,2239.0,5.0,0.0,1.407,0.296,0.444
Luca Caldirola,2023-2024,it Serie A,88680,4,7.0,2,1,307.0,1.0,0.0,2.052,0.5,0.25
Luca Ceppitelli,2020-2021,it Serie A,102745,16,23.0,4,4,1377.0,3.0,0.0,1.503,0.25,0.25
Luca Ceppitelli,2021-2022,it Serie A,102745,16,31.0,2,0,1326.0,2.0,0.0,2.104,0.125,0.0
Luca Cigarini,2020-2021,it Serie A,33218,13,28.0,2,2,923.0,5.0,0.0,2.73,0.154,0.154
Luca Fiordilino,2021-2022,it Serie A,287875,2,4.0,0,0,118.0,1.0,0.0,3.051,0.0,0.0
Luca Itter,2021-2022,de Bundesliga,296378,16,31.0,3,1,1310.0,3.0,0.0,2.13,0.188,0.062
Luca Kilian,2020-2021,de Bundesliga,384553,4,9.0,0,0,360.0,1.0,0.0,2.25,0.0,0.0
Luca Kilian,2021-2022,de Bundesliga,384553,25,33.0,3,9,2175.0,3.0,0.0,1.366,0.12,0.36
Luca Kilian,2022-2023,de Bundesliga,384553,13,27.0,1,4,1099.0,5.0,0.0,2.211,0.077,0.308
Luca Kilian,2023-2024,de Bundesliga,384553,4,8.0,0,0,360.0,0.0,0.0,2.0,0.0,0.0
Luca Lipani,2023-2024,it Serie A,724106,3,8.0,0,0,192.0,0.0,0.0,3.75,0.0,0.0
Luca Marrone,2020-2021,it Serie A,124769,18,37.0,3,2,1530.0,7.0,0.0,2.176,0.167,0.111
Luca Marrone,2022-2023,it Serie A,124769,2,5.0,0,0,135.0,0.0,0.0,3.333,0.0,0.0
Luca Mazzitelli,2023-2024,it Serie A,226025,3,7.0,0,0,267.0,0.0,0.0,2.36,0.0,0.0
Luca Netz,2020-2021,de Bundesliga,524285,2,7.0,0,0,135.0,0.0,0.0,4.667,0.0,0.0
Luca Netz,2021-2022,de Bundesliga,524285,2,4.0,0,1,180.0,0.0,0.0,2.0,0.0,0.5
Luca Netz,2022-2023,de Bundesliga,524285,5,12.0,0,0,444.0,0.0,0.0,2.432,0.0,0.0
Luca Netz,2023-2024,de Bundesliga,524285,4,8.0,1,0,285.0,1.0,0.0,2.526,0.25,0.0
Luca Pellegrini,2020-2021,it Serie A,346567,3,7.0,0,0,202.0,1.0,0.0,3.119,0.0,0.0
Luca Pellegrini,2021-2022,it Serie A,346567,13,10.0,5,9,880.0,5.0,0.0,1.023,0.385,0.692
Luca Pellegrini,2022-2023,de Bundesliga,346567,4,8.0,0,1,313.0,0.0,0.0,2.3,0.0,0.25
Luca Pellegrini,2022-2023,it Serie A,346567,1,0.0,1,1,90.0,0.0,0.0,0.0,1.0,1.0
Luca Pellegrini,2023-2024,it Serie A,346567,2,3.0,0,1,102.0,3.0,0.0,2.647,0.0,0.5
Luca Ranieri,2021-2022,it Serie A,346561,20,41.0,1,3,1632.0,4.0,0.0,2.261,0.05,0.15
Luca Ranieri,2022-2023,it Serie A,346561,5,3.0,2,3,446.0,1.0,0.0,0.605,0.4,0.6
Luca Ranieri,2023-2024,it Serie A,346561,6,9.0,1,1,504.0,2.0,0.0,1.607,0.167,0.167
Luca Vignali,2020-2021,it Serie A,287367,19,33.0,3,4,1530.0,4.0,1.0,1.941,0.158,0.211
Lucas Beraldo,2023-2024,fr Ligue 1,872171,7,9.0,1,3,609.0,2.0,0.0,1.33,0.143,0.429
Lucas Deaux,2020-2021,fr Ligue 1,57372,11,22.0,1,2,941.0,2.0,0.0,2.104,0.091,0.182
Lucas Digne,2020-2021,eng Premier League,126664,21,32.0,6,9,1872.0,0.0,1.0,1.538,0.286,0.429
Lucas Digne,2021-2022,eng Premier League,126664,28,44.0,7,8,2353.0,6.0,0.0,1.683,0.25,0.286
Lucas Digne,2022-2023,eng Premier League,126664,18,26.0,3,8,1358.0,4.0,0.0,1.723,0.167,0.444
Lucas Digne,2023-2024,eng Premier League,126664,1,4.0,0,0,58.0,0.0,0.0,6.0,0.0,0.0
Lucas Gourna-Douath,2020-2021,fr Ligue 1,620313,8,16.0,2,2,622.0,2.0,0.0,2.315,0.25,0.25
Lucas Gourna-Douath,2021-2022,fr Ligue 1,620313,14,27.0,2,4,1061.0,2.0,0.0,2.29,0.143,0.286
Lucas Hernández,2020-2021,de Bundesliga,281963,18,20.0,6,15,1464.0,4.0,0.0,1.23,0.333,0.833
Lucas Hernández,2021-2022,de Bundesliga,281963,25,29.0,7,19,2039.0,7.0,0.0,1.28,0.28,0.76
Lucas Hernández,2022-2023,de Bundesliga,281963,6,3.0,3,5,452.0,1.0,0.0,0.597,0.5,0.833
Lucas Hernández,2023-2024,fr Ligue 1,281963,8,9.0,2,4,589.0,3.0,0.0,1.375,0.25,0.5
Lucas Leiva,2020-2021,it Serie A,41414,30,43.0,10,17,2069.0,9.0,0.0,1.87,0.333,0.567
Lucas Leiva,2021-2022,it Serie A,41414,19,26.0,5,10,1412.0,7.0,0.0,1.657,0.263,0.526
Lucas Martínez Quarta,2020-2021,it Serie A,373373,15,24.0,2,3,1307.0,4.0,1.0,1.653,0.133,0.2
Lucas Martínez Quarta,2021-2022,it Serie A,373373,16,23.0,4,8,1356.0,7.0,0.0,1.527,0.25,0.5
Lucas Martínez Quarta,2022-2023,it Serie A,373373,25,30.0,7,10,2091.0,6.0,0.0,1.291,0.28,0.4
Lucas Martínez Quarta,2023-2024,it Serie A,373373,4,6.0,0,1,298.0,2.0,0.0,1.812,0.0,0.25
Lucas Mincarelli,2023-2024,fr Ligue 1,982393,3,8.0,1,0,224.0,1.0,0.0,3.214,0.333,0.0
Lucas Olaza,2020-2021,es La Liga,216240,32,45.0,5,7,2877.0,8.0,0.0,1.408,0.156,0.219
Lucas Olaza,2021-2022,es La Liga,216240,2,3.0,0,0,180.0,0.0,0.0,1.5,0.0,0.0
Lucas Olaza,2022-2023,es La Liga,216240,15,18.0,5,4,1218.0,1.0,0.0,1.33,0.333,0.267
Lucas Perrin,2020-2021,fr Ligue 1,352392,3,5.0,0,2,210.0,0.0,0.0,2.143,0.0,0.667
Lucas Perrin,2021-2022,fr Ligue 1,352392,29,37.0,9,12,2500.0,5.0,0.0,1.332,0.31,0.414
Lucas Perrin,2022-2023,fr Ligue 1,352392,18,25.0,3,6,1582.0,2.0,0.0,1.422,0.167,0.333
Lucas Perrin,2023-2024,fr Ligue 1,352392,8,16.0,0,1,720.0,0.0,0.0,2.0,0.0,0.125
Lucas Pires,2023-2024,es La Liga,927768,5,5.0,2,0,447.0,2.0,0.0,1.007,0.4,0.0
Lucas Robertone,2022-2023,es La Liga,457221,5,11.0,0,0,342.0,2.0,0.0,2.895,0.0,0.0
Lucas Robertone,2023-2024,es La Liga,457221,1,1.0,0,0,90.0,1.0,0.0,1.0,0.0,0.0
Lucas Rosa,2022-2023,es La Liga,468309,7,10.0,1,3,561.0,1.0,0.0,1.604,0.143,0.429
Lucas Torreira,2020-2021,es La Liga,318077,3,2.0,2,3,180.0,1.0,0.0,1.0,0.667,1.0
Lucas Torreira,2021-2022,it Serie A,318077,26,35.0,9,13,2110.0,10.0,0.0,1.493,0.346,0.5
Lucas Torró,2020-2021,es La Liga,213670,13,12.0,5,6,1081.0,3.0,0.0,0.999,0.385,0.462
Lucas Torró,2021-2022,es La Liga,213670,30,39.0,11,10,2536.0,8.0,0.0,1.384,0.367,0.333
Lucas Torró,2022-2023,es La Liga,213670,30,30.0,10,11,2411.0,9.0,0.0,1.12,0.333,0.367
Lucas Torró,2023-2024,es La Liga,213670,4,5.0,2,2,353.0,2.0,0.0,1.275,0.5,0.5
Lucas Tousart,2020-2021,de Bundesliga,353948,19,30.0,4,4,1604.0,4.0,0.0,1.683,0.211,0.211
Lucas Tousart,2021-2022,de Bundesliga,353948,15,38.0,2,3,1260.0,2.0,0.0,2.714,0.133,0.2
Lucas Tousart,2022-2023,de Bundesliga,353948,16,37.0,1,4,1425.0,0.0,0.0,2.337,0.062,0.25
Lucas Tousart,2023-2024,de Bundesliga,353948,3,3.0,1,2,233.0,2.0,0.0,1.159,0.333,0.667
Lucas Vázquez,2020-2021,es La Liga,221316,11,12.0,3,6,905.0,1.0,0.0,1.193,0.273,0.545
Lucas Vázquez,2021-2022,es La Liga,221316,20,19.0,6,13,1664.0,2.0,0.0,1.028,0.3,0.65
Lucas Vázquez,2022-2023,es La Liga,221316,12,11.0,4,9,991.0,1.0,0.0,0.999,0.333,0.75
Lucas Vázquez,2023-2024,es La Liga,221316,6,2.0,4,4,525.0,0.0,0.0,0.343,0.667,0.667
Lucien Agoumé,2020-2021,it Serie A,569384,9,14.0,1,2,763.0,2.0,0.0,1.651,0.111,0.222
Lucien Agoumé,2021-2022,fr Ligue 1,569384,13,20.0,3,4,1095.0,2.0,0.0,1.644,0.231,0.308
Lucien Agoumé,2022-2023,fr Ligue 1,569384,10,19.0,0,0,755.0,2.0,0.0,2.265,0.0,0.0
Lucien Agoumé,2023-2024,es La Liga,569384,1,1.0,0,0,59.0,1.0,0.0,1.525,0.0,0.0
Ludovic Baal,2020-2021,fr Ligue 1,39913,3,8.0,0,0,245.0,0.0,0.0,2.939,0.0,0.0
Ludwig Augustinsson,2020-2021,de Bundesliga,170646,10,19.0,1,1,885.0,1.0,0.0,1.932,0.1,0.1
Ludwig Augustinsson,2021-2022,es La Liga,170646,9,9.0,4,5,655.0,2.0,0.0,1.237,0.444,0.556
Ludwig Augustinsson,2022-2023,eng Premier League,170646,1,0.0,1,0,45.0,1.0,0.0,0.0,1.0,0.0
Ludwig Augustinsson,2022-2023,es La Liga,170646,1,2.0,0,0,72.0,0.0,0.0,2.5,0.0,0.0
Luis Abram,2021-2022,es La Liga,330684,6,5.0,1,2,0.0,0.0,0.0,6.0,0.167,0.333
Luis Binks,2021-2022,it Serie A,471004,7,10.0,1,2,511.0,3.0,0.0,1.761,0.143,0.286
Luis Hernández,2021-2022,es La Liga,62945,15,13.0,8,5,1350.0,5.0,0.0,0.867,0.533,0.333
Luis Hernández,2022-2023,es La Liga,62945,35,46.0,12,10,3150.0,8.0,0.0,1.314,0.343,0.286
Luis Milla,2020-2021,es La Liga,281989,4,11.0,1,1,340.0,1.0,0.0,2.912,0.25,0.25
Luis Milla,2021-2022,es La Liga,281989,5,9.0,0,2,450.0,0.0,0.0,1.8,0.0,0.4
Luis Milla,2022-2023,es La Liga,281989,7,3.0,4,0,603.0,1.0,0.0,0.448,0.571,0.0
Luis Milla,2023-2024,es La Liga,281989,2,7.0,0,0,180.0,0.0,0.0,3.5,0.0,0.0
Luis Pérez,2020-2021,es La Liga,358115,15,24.0,1,1,1151.0,1.0,0.0,1.877,0.067,0.067
Luis Pérez,2022-2023,es La Liga,358115,11,18.0,4,2,870.0,2.0,0.0,1.862,0.364,0.182
Luisinho,2020-2021,es La Liga,56777,2,6.0,0,0,160.0,0.0,0.0,3.375,0.0,0.0
Luismi Sánchez,2020-2021,es La Liga,207922,2,1.0,1,0,102.0,0.0,0.0,0.882,0.5,0.0
Luiz Felipe,2020-2021,it Serie A,457931,10,10.0,4,6,775.0,4.0,0.0,1.161,0.4,0.6
Luiz Felipe,2021-2022,it Serie A,457931,28,39.0,8,13,2432.0,10.0,1.0,1.443,0.286,0.464
Luiz Felipe,2022-2023,es La Liga,457931,22,29.0,6,8,1753.0,3.0,3.0,1.489,0.273,0.364
Luka Bogdan,2021-2022,it Serie A,226058,4,15.0,0,0,0.0,0.0,0.0,6.0,0.0,0.0
Luka Lochoshvili,2022-2023,it Serie A,345189,22,36.0,4,3,1758.0,4.0,0.0,1.843,0.182,0.136
Luka Milivojevic,2020-2021,eng Premier League,74300,19,34.0,4,6,1618.0,5.0,1.0,1.891,0.211,0.316
Luka Milivojevic,2021-2022,eng Premier League,74300,9,16.0,0,0,647.0,1.0,0.0,2.226,0.0,0.0
Luka Milivojevic,2022-2023,eng Premier League,74300,5,10.0,1,1,343.0,2.0,0.0,2.624,0.2,0.2
Luka Modric,2020-2021,es La Liga,27992,3,4.0,2,1,0.0,0.0,0.0,6.0,0.667,0.333
Lukas Klostermann,2020-2021,de Bundesliga,215599,15,13.0,7,9,1261.0,2.0,0.0,0.928,0.467,0.6
Lukas Klostermann,2021-2022,de Bundesliga,215599,15,15.0,6,7,1294.0,1.0,0.0,1.043,0.4,0.467
Lukas Klostermann,2022-2023,de Bundesliga,215599,10,10.0,4,6,863.0,0.0,0.0,1.043,0.4,0.6
Lukas Klostermann,2023-2024,de Bundesliga,215599,5,10.0,2,2,383.0,0.0,0.0,2.35,0.4,0.4
Lukas Klünter,2020-2021,de Bundesliga,282577,11,15.0,3,2,990.0,0.0,0.0,1.364,0.273,0.182
Lukas Klünter,2021-2022,de Bundesliga,282577,1,0.0,1,0,90.0,1.0,0.0,0.0,1.0,0.0
Lukas Kübler,2020-2021,de Bundesliga,93604,9,19.0,1,3,638.0,1.0,0.0,2.68,0.111,0.333
Lukas Kübler,2021-2022,de Bundesliga,93604,18,28.0,4,8,1511.0,2.0,0.0,1.668,0.222,0.444
Lukas Kübler,2022-2023,de Bundesliga,93604,16,16.0,6,10,1396.0,0.0,0.0,1.032,0.375,0.625
Lukas Kübler,2023-2024,de Bundesliga,93604,5,14.0,0,0,378.0,1.0,0.0,3.333,0.0,0.0
Lukas Lerager,2020-2021,it Serie A,167105,1,2.0,0,0,90.0,0.0,0.0,2.0,0.0,0.0
Lukas Rupp,2021-2022,eng Premier League,82863,2,2.0,0,0,170.0,0.0,0.0,1.059,0.0,0.0
Lukasz Piszczek,2020-2021,de Bundesliga,25727,5,3.0,3,5,365.0,0.0,0.0,0.74,0.6,1.0
Luke Ayling,2020-2021,eng Premier League,67420,38,54.0,12,18,3400.0,7.0,0.0,1.429,0.316,0.474
Luke Ayling,2021-2022,eng Premier League,67420,26,66.0,2,5,2275.0,4.0,1.0,2.611,0.077,0.192
Luke Ayling,2022-2023,eng Premier League,67420,21,40.0,3,3,1870.0,3.0,0.0,1.925,0.143,0.143
Luke Shaw,2020-2021,eng Premier League,183288,30,34.0,11,15,2602.0,8.0,0.0,1.176,0.367,0.5
Luke Shaw,2021-2022,eng Premier League,183288,17,26.0,2,7,1425.0,7.0,0.0,1.642,0.118,0.412
Luke Shaw,2022-2023,eng Premier League,183288,30,34.0,13,16,2511.0,8.0,0.0,1.219,0.433,0.533
Luke Shaw,2023-2024,eng Premier League,183288,4,5.0,1,4,268.0,2.0,0.0,1.679,0.25,1.0
Luke Thomas,2020-2021,eng Premier League,505194,3,5.0,0,1,225.0,1.0,0.0,2.0,0.0,0.333
Luke Thomas,2021-2022,eng Premier League,505194,18,29.0,5,8,1620.0,1.0,0.0,1.611,0.278,0.444
Luke Thomas,2022-2023,eng Premier League,505194,11,19.0,2,2,948.0,2.0,0.0,1.804,0.182,0.182
Lyanco,2020-2021,it Serie A,379807,21,48.0,2,3,1875.0,7.0,0.0,2.304,0.095,0.143
Lyanco,2021-2022,eng Premier League,379807,9,19.0,1,2,810.0,2.0,0.0,2.111,0.111,0.222
Lyanco,2022-2023,eng Premier League,379807,11,22.0,0,1,965.0,4.0,0.0,2.052,0.0,0.091
László Bénes,2020-2021,de Bundesliga,243188,1,3.0,0,0,45.0,0.0,0.0,6.0,0.0,0.0
László Bénes,2021-2022,de Bundesliga,243188,2,5.0,0,0,125.0,0.0,0.0,3.6,0.0,0.0
Léo Dubois,2020-2021,fr Ligue 1,236400,31,31.0,10,19,2562.0,3.0,0.0,1.089,0.323,0.613
Léo Dubois,2021-2022,fr Ligue 1,236400,17,27.0,3,5,1426.0,4.0,0.0,1.704,0.176,0.294
Léo Leroy,2021-2022,fr Ligue 1,650350,2,4.0,0,0,146.0,2.0,0.0,2.466,0.0,0.0
Léo Leroy,2022-2023,fr Ligue 1,650350,4,3.0,1,2,319.0,3.0,0.0,0.846,0.25,0.5
Léo Pétrot,2021-2022,fr Ligue 1,412829,21,35.0,6,4,1818.0,0.0,0.0,1.733,0.286,0.19
Léo Sena,2020-2021,it Serie A,435213,3,7.0,0,0,250.0,0.0,0.0,2.52,0.0,0.0
Mads Bech Sörensen,2021-2022,eng Premier League,372240,9,14.0,2,3,745.0,3.0,0.0,1.691,0.222,0.333
Mads Pedersen,2020-2021,de Bundesliga,288429,6,12.0,1,1,495.0,1.0,0.0,2.182,0.167,0.167
Mads Pedersen,2021-2022,de Bundesliga,288429,3,7.0,0,1,220.0,2.0,0.0,2.864,0.0,0.333
Mads Pedersen,2022-2023,de Bundesliga,288429,12,25.0,2,3,956.0,4.0,0.0,2.354,0.167,0.25
Mads Roerslev,2021-2022,eng Premier League,391005,4,6.0,1,1,350.0,0.0,0.0,1.543,0.25,0.25
Mads Roerslev,2022-2023,eng Premier League,391005,4,3.0,2,2,345.0,0.0,0.0,0.783,0.5,0.5
Mady Camara,2022-2023,it Serie A,481173,1,1.0,0,0,73.0,0.0,0.0,1.233,0.0,0.0
Mahdi Camara,2020-2021,fr Ligue 1,324795,14,24.0,4,5,1260.0,1.0,0.0,1.714,0.286,0.357
Mahdi Camara,2021-2022,fr Ligue 1,324795,21,40.0,3,3,1869.0,5.0,0.0,1.926,0.143,0.143
Mahdi Camara,2022-2023,fr Ligue 1,324795,2,1.0,1,0,144.0,0.0,0.0,0.625,0.5,0.0
Mahmoud Dahoud,2020-2021,de Bundesliga,191422,6,5.0,2,4,449.0,1.0,0.0,1.002,0.333,0.667
Mahmoud Dahoud,2021-2022,de Bundesliga,191422,10,17.0,2,7,837.0,4.0,0.0,1.828,0.2,0.7
Mahmoud Dahoud,2022-2023,de Bundesliga,191422,1,1.0,0,1,79.0,1.0,0.0,1.139,0.0,1.0
Makoto Hasebe,2020-2021,de Bundesliga,39259,26,38.0,3,13,2222.0,5.0,0.0,1.539,0.115,0.5
Makoto Hasebe,2021-2022,de Bundesliga,39259,12,19.0,3,4,1056.0,0.0,0.0,1.619,0.25,0.333
Makoto Hasebe,2022-2023,de Bundesliga,39259,15,24.0,2,4,1273.0,1.0,0.0,1.697,0.133,0.267
Makoto Hasebe,2023-2024,de Bundesliga,39259,1,3.0,0,0,90.0,0.0,0.0,3.0,0.0,0.0
Malang Sarr,2021-2022,eng Premier League,344596,6,5.0,4,4,512.0,2.0,0.0,0.879,0.667,0.667
Malang Sarr,2022-2023,fr Ligue 1,344596,8,13.0,2,4,630.0,2.0,0.0,1.857,0.25,0.5
Malick Thiaw,2020-2021,de Bundesliga,521964,15,37.0,3,1,1331.0,4.0,0.0,2.502,0.2,0.067
Malick Thiaw,2022-2023,de Bundesliga,521964,3,8.0,1,0,270.0,2.0,0.0,2.667,0.333,0.0
Malick Thiaw,2022-2023,it Serie A,521964,15,11.0,7,8,1246.0,4.0,0.0,0.795,0.467,0.533
Malick Thiaw,2023-2024,it Serie A,521964,3,5.0,1,1,270.0,0.0,0.0,1.667,0.333,0.333
Malo Gusto,2021-2022,fr Ligue 1,620322,16,21.0,3,10,1325.0,1.0,0.0,1.426,0.188,0.625
Malo Gusto,2022-2023,fr Ligue 1,620322,14,20.0,2,5,1187.0,1.0,0.0,1.516,0.143,0.357
Malo Gusto,2023-2024,eng Premier League,620322,4,8.0,0,2,345.0,1.0,0.0,2.087,0.0,0.5
Mamadou Coulibaly,2021-2022,it Serie A,472161,1,1.0,0,1,76.0,0.0,0.0,1.184,0.0,1.0
Mamadou Fofana,2020-2021,fr Ligue 1,402004,9,12.0,1,2,730.0,1.0,0.0,1.479,0.111,0.222
Mamadou Loum,2021-2022,es La Liga,364237,23,37.0,4,8,1936.0,9.0,0.0,1.72,0.174,0.348
Mamadou Sakho,2020-2021,eng Premier League,47713,3,7.0,0,1,270.0,0.0,0.0,2.333,0.0,0.333
Mamadou Sakho,2021-2022,fr Ligue 1,47713,29,42.0,8,11,2578.0,3.0,0.0,1.466,0.276,0.379
Mamadou Sakho,2022-2023,fr Ligue 1,47713,7,19.0,0,1,536.0,1.0,0.0,3.19,0.0,0.143
Manu García,2020-2021,es La Liga,76273,6,7.0,2,1,523.0,5.0,0.0,1.205,0.333,0.167
Manu Koné,2021-2022,de Bundesliga,624690,14,26.0,2,5,1154.0,6.0,0.0,2.028,0.143,0.357
Manu Koné,2022-2023,de Bundesliga,624690,6,9.0,2,2,538.0,3.0,0.0,1.506,0.333,0.333
Manu Koné,2023-2024,de Bundesliga,624690,1,0.0,1,0,79.0,0.0,0.0,0.0,1.0,0.0
Manu Morlanes,2021-2022,es La Liga,335225,5,10.0,0,0,302.0,3.0,0.0,2.98,0.0,0.0
Manu Morlanes,2022-2023,es La Liga,335225,2,3.0,1,1,141.0,0.0,0.0,1.915,0.5,0.5
Manu Morlanes,2023-2024,es La Liga,335225,2,2.0,0,0,151.0,0.0,0.0,1.192,0.0,0.0
Manu Sánchez,2020-2021,es La Liga,618809,11,12.0,3,6,887.0,2.0,0.0,1.218,0.273,0.545
Manu Sánchez,2021-2022,es La Liga,618809,22,26.0,9,8,1878.0,4.0,0.0,1.246,0.409,0.364
Manu Sánchez,2022-2023,es La Liga,618809,22,24.0,7,9,1977.0,3.0,0.0,1.093,0.318,0.409
Manu Sánchez,2023-2024,es La Liga,618809,4,7.0,1,1,319.0,1.0,0.0,1.975,0.25,0.25
Manu Trigueros,2022-2023,es La Liga,188854,1,0.0,1,1,90.0,0.0,0.0,0.0,1.0,1.0
Manuel Akanji,2020-2021,de Bundesliga,284730,26,38.0,7,16,2304.0,4.0,0.0,1.484,0.269,0.615
Manuel Akanji,2021-2022,de Bundesliga,284730,25,44.0,3,16,2218.0,3.0,0.0,1.785,0.12,0.64
Manuel Akanji,2022-2023,eng Premier League,284730,24,21.0,8,19,2109.0,2.0,0.0,0.896,0.333,0.792
Manuel Akanji,2023-2024,eng Premier League,284730,5,2.0,3,3,417.0,0.0,0.0,0.432,0.6,0.6
Manuel Gulde,2020-2021,de Bundesliga,45683,22,33.0,5,8,1877.0,3.0,0.0,1.582,0.227,0.364
Manuel Gulde,2021-2022,de Bundesliga,45683,14,21.0,5,5,1084.0,1.0,0.0,1.744,0.357,0.357
Manuel Gulde,2022-2023,de Bundesliga,45683,8,17.0,0,2,588.0,2.0,0.0,2.602,0.0,0.25
Manuel Gulde,2023-2024,de Bundesliga,45683,8,19.0,0,2,645.0,3.0,0.0,2.651,0.0,0.25
Manuel Lanzini,2020-2021,eng Premier League,135853,1,1.0,0,0,43.0,0.0,0.0,2.093,0.0,0.0
Manuel Lazzari,2021-2022,it Serie A,331401,16,23.0,4,9,1303.0,1.0,0.0,1.589,0.25,0.562
Manuel Lazzari,2022-2023,it Serie A,331401,22,16.0,13,13,1763.0,7.0,0.0,0.817,0.591,0.591
Manuel Lazzari,2023-2024,it Serie A,331401,5,9.0,1,0,373.0,0.0,0.0,2.172,0.2,0.0
Manuel Locatelli,2020-2021,it Serie A,265088,29,43.0,7,15,2571.0,9.0,0.0,1.505,0.241,0.517
Manuel Locatelli,2021-2022,it Serie A,265088,16,17.0,5,6,1311.0,5.0,0.0,1.167,0.312,0.375
Manuel Locatelli,2022-2023,it Serie A,265088,26,21.0,16,15,2109.0,5.0,0.0,0.896,0.615,0.577
Manuel Locatelli,2023-2024,it Serie A,265088,9,11.0,2,2,797.0,1.0,0.0,1.242,0.222,0.222
Manuel Perez,2020-2021,fr Ligue 1,166630,1,0.0,1,1,90.0,0.0,0.0,0.0,1.0,1.0
Manuel Prietl,2020-2021,de Bundesliga,152317,28,43.0,8,7,2518.0,2.0,0.0,1.537,0.286,0.25
Manuel Prietl,2021-2022,de Bundesliga,152317,23,37.0,4,2,2046.0,3.0,0.0,1.628,0.174,0.087
Manuel Ugarte,2023-2024,fr Ligue 1,476701,6,6.0,2,4,504.0,2.0,0.0,1.071,0.333,0.667
Marash Kumbulla,2020-2021,it Serie A,371371,14,23.0,3,6,1143.0,7.0,0.0,1.811,0.214,0.429
Marash Kumbulla,2021-2022,it Serie A,371371,13,12.0,7,7,1024.0,5.0,0.0,1.055,0.538,0.538
Marash Kumbulla,2022-2023,it Serie A,371371,5,7.0,2,2,246.0,1.0,1.0,2.561,0.4,0.4
Marc Albrighton,2021-2022,eng Premier League,61560,1,6.0,0,0,90.0,0.0,0.0,6.0,0.0,0.0
Marc Bartra,2020-2021,es La Liga,99922,19,27.0,6,8,1695.0,3.0,0.0,1.434,0.316,0.421
Marc Bartra,2021-2022,es La Liga,99922,23,25.0,8,12,1994.0,5.0,0.0,1.128,0.348,0.522
Marc Baró,2020-2021,es La Liga,388512,1,3.0,0,0,90.0,0.0,0.0,3.0,0.0,0.0
Marc Cucurella,2020-2021,es La Liga,284857,1,5.0,0,0,45.0,0.0,0.0,6.0,0.0,0.0
Marc Cucurella,2021-2022,eng Premier League,284857,27,33.0,6,7,2430.0,4.0,0.0,1.222,0.222,0.259
Marc Cucurella,2022-2023,eng Premier League,284857,18,19.0,6,5,1412.0,2.0,0.0,1.211,0.333,0.278
Marc Cucurella,2023-2024,eng Premier League,284857,1,2.0,0,1,90.0,0.0,0.0,2.0,0.0,1.0
Marc Guéhi,2021-2022,eng Premier League,392757,36,43.0,11,10,3223.0,4.0,0.0,1.201,0.306,0.278
Marc Guéhi,2022-2023,eng Premier League,392757,37,46.0,9,11,3330.0,8.0,0.0,1.243,0.243,0.297
Marc Guéhi,2023-2024,eng Premier League,392757,3,11.0,0,1,205.0,1.0,0.0,4.829,0.0,0.333
Marc Oliver Kempf,2020-2021,de Bundesliga,160938,32,52.0,5,12,2734.0,5.0,0.0,1.712,0.156,0.375
Marc Oliver Kempf,2021-2022,de Bundesliga,160938,22,48.0,3,5,1872.0,3.0,1.0,2.308,0.136,0.227
Marc Oliver Kempf,2022-2023,de Bundesliga,160938,31,63.0,3,7,0.0,0.0,0.0,6.0,0.097,0.226
Marc Pubill,2021-2022,es La Liga,844637,4,13.0,0,0,343.0,1.0,0.0,3.411,0.0,0.0
Marc Pubill,2023-2024,es La Liga,844637,9,14.0,2,1,791.0,1.0,0.0,1.593,0.222,0.111
Marc Roca,2020-2021,de Bundesliga,336869,2,3.0,0,1,115.0,1.0,0.0,2.348,0.0,0.5
Marc Roca,2021-2022,de Bundesliga,336869,4,2.0,3,3,308.0,0.0,0.0,0.584,0.75,0.75
Marc Roca,2022-2023,eng Premier League,336869,18,46.0,2,4,1437.0,4.0,0.0,2.881,0.111,0.222
Marc Roca,2023-2024,es La Liga,336869,4,6.0,2,1,291.0,1.0,0.0,1.856,0.5,0.25
Marcel Halstenberg,2020-2021,de Bundesliga,70243,19,19.0,8,12,1584.0,2.0,0.0,1.08,0.421,0.632
Marcel Halstenberg,2021-2022,de Bundesliga,70243,3,3.0,1,1,270.0,0.0,0.0,1.0,0.333,0.333
Marcel Halstenberg,2022-2023,de Bundesliga,70243,15,18.0,2,8,1158.0,1.0,0.0,1.399,0.133,0.533
Marcel Sabitzer,2020-2021,de Bundesliga,106987,1,3.0,0,0,90.0,0.0,0.0,3.0,0.0,0.0
Marcel Sabitzer,2021-2022,de Bundesliga,106987,2,2.0,1,1,165.0,0.0,0.0,1.091,0.5,0.5
Marcel Sabitzer,2023-2024,de Bundesliga,106987,1,3.0,0,0,90.0,1.0,0.0,3.0,0.0,0.0
Marcelo,2020-2021,es La Liga,44501,9,11.0,3,3,739.0,2.0,0.0,1.34,0.333,0.333
Marcelo,2020-2021,fr Ligue 1,52920,34,37.0,11,18,2913.0,7.0,1.0,1.143,0.324,0.529
Marcelo,2021-2022,es La Liga,44501,5,1.0,4,4,412.0,0.0,0.0,0.218,0.8,0.8
Marcelo,2021-2022,fr Ligue 1,52920,13,28.0,1,1,1082.0,5.0,0.0,2.329,0.077,0.077
Marcelo Brozovic,2020-2021,it Serie A,156617,29,25.0,12,21,2477.0,9.0,0.0,0.908,0.414,0.724
Marcelo Brozovic,2021-2022,it Serie A,156617,35,28.0,15,25,2949.0,7.0,0.0,0.855,0.429,0.714
Marcelo Brozovic,2022-2023,it Serie A,156617,19,22.0,6,12,1585.0,7.0,0.0,1.249,0.316,0.632
Marcelo Saracchi,2021-2022,es La Liga,373916,2,3.0,0,2,139.0,2.0,0.0,1.942,0.0,1.0
Marcin Kaminski,2020-2021,de Bundesliga,129358,2,5.0,0,0,150.0,0.0,0.0,3.0,0.0,0.0
Marcin Kaminski,2022-2023,de Bundesliga,129358,7,22.0,0,3,630.0,0.0,0.0,3.143,0.0,0.429
Marco Benassi,2021-2022,it Serie A,201040,1,3.0,0,0,65.0,0.0,0.0,4.154,0.0,0.0
Marco Benassi,2022-2023,it Serie A,201040,1,2.0,0,1,71.0,0.0,0.0,2.535,0.0,1.0
Marco Brescianini,2023-2024,it Serie A,459128,2,4.0,0,0,175.0,0.0,0.0,2.057,0.0,0.0
Marco Friedl,2020-2021,de Bundesliga,156990,31,52.0,5,7,2752.0,6.0,0.0,1.701,0.161,0.226
Marco Friedl,2022-2023,de Bundesliga,156990,29,56.0,3,8,2529.0,8.0,1.0,1.993,0.103,0.276
Marco Friedl,2023-2024,de Bundesliga,156990,5,3.0,3,4,450.0,1.0,0.0,0.6,0.6,0.8
Marco Höger,2020-2021,de Bundesliga,55510,1,3.0,0,0,45.0,0.0,0.0,6.0,0.0,0.0
Marco Meyerhöfer,2021-2022,de Bundesliga,196084,25,56.0,5,3,2250.0,0.0,0.0,2.24,0.2,0.12
Marco Modolo,2021-2022,it Serie A,198873,4,6.0,0,0,360.0,2.0,0.0,1.5,0.0,0.0
Marco Parolo,2020-2021,it Serie A,84545,3,7.0,0,1,225.0,1.0,0.0,2.8,0.0,0.333
Marco Pellegrino,2023-2024,it Serie A,776303,4,10.0,0,0,360.0,1.0,0.0,2.5,0.0,0.0
Marco Verratti,2020-2021,fr Ligue 1,102558,5,1.0,4,3,450.0,3.0,0.0,0.2,0.8,0.6
Marco Verratti,2021-2022,fr Ligue 1,102558,8,7.0,3,5,687.0,4.0,0.0,0.917,0.375,0.625
Marco Verratti,2022-2023,fr Ligue 1,102558,12,12.0,5,8,974.0,6.0,0.0,1.109,0.417,0.667
Marcos Acuña,2020-2021,es La Liga,60410,26,26.0,10,17,2150.0,5.0,0.0,1.088,0.385,0.654
Marcos Acuña,2021-2022,es La Liga,60410,23,17.0,11,10,1885.0,9.0,0.0,0.812,0.478,0.435
Marcos Acuña,2022-2023,es La Liga,60410,18,30.0,3,4,1407.0,6.0,3.0,1.919,0.167,0.222
Marcos Acuña,2023-2024,es La Liga,60410,3,3.0,1,2,233.0,2.0,0.0,1.159,0.333,0.667
Marcos Alonso,2020-2021,eng Premier League,112515,4,6.0,1,1,292.0,1.0,0.0,1.849,0.25,0.25
Marcos Alonso,2021-2022,eng Premier League,112515,3,6.0,0,0,226.0,2.0,0.0,2.389,0.0,0.0
Marcos Alonso,2022-2023,es La Liga,112515,11,9.0,6,7,883.0,1.0,0.0,0.917,0.545,0.636
Marcos Antônio,2022-2023,it Serie A,468301,6,4.0,4,4,423.0,0.0,0.0,0.851,0.667,0.667
Marcos Llorente,2021-2022,es La Liga,282411,7,13.0,0,2,630.0,0.0,0.0,1.857,0.0,0.286
Marcos Llorente,2022-2023,es La Liga,282411,1,1.0,0,1,90.0,1.0,0.0,1.0,0.0,1.0
Marcos Mauro,2020-2021,es La Liga,247366,22,36.0,4,4,1766.0,2.0,1.0,1.835,0.182,0.182
Marcos Mauro,2021-2022,es La Liga,247366,1,2.0,0,0,0.0,0.0,0.0,6.0,0.0,0.0
Marcos Senesi,2022-2023,eng Premier League,469781,29,56.0,5,7,2474.0,7.0,0.0,2.037,0.172,0.241
Marcos Senesi,2023-2024,eng Premier League,469781,6,8.0,1,1,452.0,3.0,0.0,1.593,0.167,0.167
Marcus Coco,2020-2021,fr Ligue 1,353365,1,1.0,0,0,89.0,0.0,0.0,1.011,0.0,0.0
Marcus Coco,2023-2024,fr Ligue 1,353365,2,4.0,0,0,144.0,0.0,0.0,2.5,0.0,0.0
Marcus Pedersen,2023-2024,it Serie A,583404,9,20.0,1,1,810.0,1.0,0.0,2.222,0.111,0.111
Marcão,2022-2023,es La Liga,439022,4,5.0,1,1,360.0,2.0,0.0,1.25,0.25,0.25
Marcão,2023-2024,es La Liga,439022,2,2.0,0,1,161.0,0.0,0.0,1.118,0.0,0.5
Marek Suchy,2020-2021,de Bundesliga,34542,3,7.0,0,0,259.0,1.0,0.0,2.432,0.0,0.0
Marin Pongracic,2020-2021,de Bundesliga,282144,7,7.0,3,4,544.0,2.0,0.0,1.158,0.429,0.571
Marin Pongracic,2021-2022,de Bundesliga,282144,9,11.0,3,5,682.0,3.0,0.0,1.452,0.333,0.556
Marin Pongracic,2022-2023,it Serie A,282144,9,9.0,1,3,791.0,2.0,0.0,1.024,0.111,0.333
Marin Pongracic,2023-2024,it Serie A,282144,8,15.0,1,2,700.0,4.0,0.0,1.929,0.125,0.25
Mario Gaspar,2020-2021,es La Liga,73250,21,21.0,6,10,1813.0,3.0,0.0,1.042,0.286,0.476
Mario Gaspar,2021-2022,es La Liga,73250,7,6.0,3,4,566.0,1.0,0.0,0.954,0.429,0.571
Mario Gila,2023-2024,it Serie A,618341,7,9.0,2,2,574.0,3.0,0.0,1.411,0.286,0.286
Mario Hermoso,2020-2021,es La Liga,281769,30,17.0,15,21,2567.0,4.0,0.0,0.596,0.5,0.7
Mario Hermoso,2021-2022,es La Liga,281769,21,29.0,6,8,1722.0,5.0,1.0,1.516,0.286,0.381
Mario Hermoso,2022-2023,es La Liga,281769,24,19.0,9,17,2083.0,5.0,0.0,0.821,0.375,0.708
Mario Hermoso,2023-2024,es La Liga,281769,6,6.0,1,3,540.0,1.0,0.0,1.0,0.167,0.5
Mario Hernández,2021-2022,es La Liga,608531,5,7.0,1,2,360.0,1.0,0.0,1.75,0.2,0.4
Mario Hernández,2022-2023,es La Liga,608531,1,2.0,0,0,65.0,1.0,0.0,2.769,0.0,0.0
Mario Lemina,2020-2021,eng Premier League,170934,17,23.0,3,3,1377.0,5.0,0.0,1.503,0.176,0.176
Mario Lemina,2021-2022,fr Ligue 1,170934,22,24.0,7,10,1705.0,3.0,0.0,1.267,0.318,0.455
Mario Lemina,2022-2023,eng Premier League,170934,12,18.0,4,5,859.0,3.0,0.0,1.886,0.333,0.417
Mario Lemina,2022-2023,fr Ligue 1,170934,6,7.0,0,1,458.0,1.0,1.0,1.376,0.0,0.167
Mario Lemina,2023-2024,eng Premier League,170934,6,7.0,2,4,531.0,0.0,0.0,1.186,0.333,0.667
Mario Pasalic,2020-2021,it Serie A,205938,2,2.0,0,1,149.0,0.0,0.0,1.208,0.0,0.5
Mario Pasalic,2021-2022,it Serie A,205938,2,3.0,0,1,167.0,0.0,0.0,1.617,0.0,0.5
Mario Pasalic,2023-2024,it Serie A,205938,1,1.0,0,1,90.0,0.0,0.0,1.0,0.0,1.0
Mario Suárez,2021-2022,es La Liga,37337,8,14.0,1,0,691.0,2.0,0.0,1.823,0.125,0.0
Marios Ikonomou,2022-2023,it Serie A,174488,3,9.0,0,0,172.0,1.0,0.0,4.709,0.0,0.0
Marius Wolf,2020-2021,de Bundesliga,193900,6,8.0,1,0,515.0,2.0,0.0,1.398,0.167,0.0
Marius Wolf,2021-2022,de Bundesliga,193900,3,9.0,0,1,227.0,0.0,0.0,3.568,0.0,0.333
Marius Wolf,2022-2023,de Bundesliga,193900,16,17.0,7,12,1348.0,2.0,0.0,1.135,0.438,0.75
Marius Wolf,2023-2024,de Bundesliga,193900,1,1.0,0,1,90.0,0.0,0.0,1.0,0.0,1.0
Mark Noble,2020-2021,eng Premier League,31835,3,6.0,0,1,234.0,0.0,0.0,2.308,0.0,0.333
Mark Noble,2021-2022,eng Premier League,31835,2,2.0,0,1,152.0,0.0,0.0,1.184,0.0,0.5
Marko Rog,2020-2021,it Serie A,317482,3,6.0,0,0,270.0,0.0,0.0,2.0,0.0,0.0
Marlon,2020-2021,it Serie A,273236,19,26.0,5,5,1650.0,5.0,0.0,1.418,0.263,0.263
Marlon,2022-2023,it Serie A,273236,18,23.0,5,5,1361.0,6.0,0.0,1.521,0.278,0.278
Marnon Busch,2023-2024,de Bundesliga,117478,1,2.0,0,0,54.0,0.0,0.0,3.333,0.0,0.0
Marquinhos,2020-2021,fr Ligue 1,181767,24,12.0,15,18,2105.0,2.0,0.0,0.513,0.625,0.75
Marquinhos,2021-2022,fr Ligue 1,181767,32,28.0,13,20,2862.0,5.0,0.0,0.881,0.406,0.625
Marquinhos,2022-2023,fr Ligue 1,181767,30,27.0,11,22,2675.0,4.0,0.0,0.908,0.367,0.733
Marquinhos,2023-2024,fr Ligue 1,181767,2,1.0,1,2,152.0,0.0,0.0,0.592,0.5,1.0
Marshall Munetsi,2020-2021,fr Ligue 1,414908,15,21.0,4,2,1272.0,3.0,1.0,1.486,0.267,0.133
Marshall Munetsi,2021-2022,fr Ligue 1,414908,14,14.0,4,4,1196.0,3.0,0.0,1.054,0.286,0.286
Marshall Munetsi,2022-2023,fr Ligue 1,414908,18,25.0,4,4,1547.0,5.0,0.0,1.454,0.222,0.222
Marten de Roon,2020-2021,it Serie A,133179,30,36.0,10,17,2700.0,7.0,1.0,1.2,0.333,0.567
Marten de Roon,2021-2022,it Serie A,133179,27,37.0,4,13,2385.0,6.0,0.0,1.396,0.148,0.481
Marten de Roon,2022-2023,it Serie A,133179,34,41.0,8,18,2955.0,7.0,0.0,1.249,0.235,0.529
Marten de Roon,2023-2024,it Serie A,133179,5,5.0,1,3,450.0,2.0,0.0,1.0,0.2,0.6
Martin Erlic,2020-2021,it Serie A,357003,19,37.0,2,4,1685.0,5.0,0.0,1.976,0.105,0.211
Martin Erlic,2021-2022,it Serie A,357003,30,53.0,7,9,2578.0,5.0,0.0,1.85,0.233,0.3
Martin Erlic,2022-2023,it Serie A,357003,26,35.0,8,10,2304.0,2.0,0.0,1.367,0.308,0.385
Martin Erlić,2023-2024,it Serie A,357003,5,7.0,1,1,442.0,1.0,0.0,1.425,0.2,0.2
Martin Hinteregger,2020-2021,de Bundesliga,85789,29,42.0,4,13,2527.0,4.0,0.0,1.496,0.138,0.448
Martin Hinteregger,2021-2022,de Bundesliga,85789,25,37.0,3,7,2205.0,6.0,0.0,1.51,0.12,0.28
Martin Hongla,2021-2022,it Serie A,398808,5,11.0,0,1,373.0,2.0,0.0,2.654,0.0,0.2
Martin Hongla,2022-2023,es La Liga,398808,14,22.0,4,4,1222.0,7.0,1.0,1.62,0.286,0.286
Martin Hongla,2022-2023,it Serie A,398808,4,8.0,0,0,282.0,2.0,0.0,2.553,0.0,0.0
Martin Hongla,2023-2024,es La Liga,398808,4,10.0,0,0,308.0,0.0,0.0,2.922,0.0,0.0
Martin Palumbo,2020-2021,it Serie A,617170,1,2.0,0,0,56.0,0.0,0.0,3.214,0.0,0.0
Martin Valjent,2021-2022,es La Liga,277384,36,60.0,9,10,3182.0,4.0,0.0,1.697,0.25,0.278
Martin Valjent,2022-2023,es La Liga,277384,30,33.0,11,12,2659.0,8.0,0.0,1.117,0.367,0.4
Martin Valjent,2023-2024,es La Liga,277384,6,9.0,1,1,473.0,1.0,0.0,1.712,0.167,0.167
Martín Aguirregabiria,2020-2021,es La Liga,483573,13,24.0,2,3,1080.0,1.0,0.0,2.0,0.154,0.231
Martín Aguirregabiria,2021-2022,es La Liga,483573,16,30.0,2,2,1360.0,3.0,0.0,1.985,0.125,0.125
Martín Cáceres,2020-2021,it Serie A,54935,18,29.0,4,4,1567.0,3.0,0.0,1.666,0.222,0.222
Martín Cáceres,2021-2022,es La Liga,54935,9,18.0,3,3,624.0,2.0,0.0,2.596,0.333,0.333
Martín Cáceres,2021-2022,it Serie A,54935,9,15.0,1,1,690.0,3.0,0.0,1.957,0.111,0.111
Martín Merquelanz,2020-2021,es La Liga,289272,1,6.0,0,0,90.0,0.0,0.0,6.0,0.0,0.0
Martín Montoya,2020-2021,es La Liga,68645,2,2.0,1,1,164.0,0.0,1.0,1.098,0.5,0.5
Martín Montoya,2021-2022,es La Liga,68645,6,8.0,0,2,518.0,2.0,0.0,1.39,0.0,0.333
Martín Montoya,2022-2023,es La Liga,68645,6,10.0,1,2,456.0,1.0,0.0,1.974,0.167,0.333
Martín Zubimendi,2020-2021,es La Liga,423440,17,23.0,5,7,1489.0,5.0,0.0,1.39,0.294,0.412
Martín Zubimendi,2021-2022,es La Liga,423440,26,28.0,12,10,2340.0,4.0,0.0,1.077,0.462,0.385
Martín Zubimendi,2022-2023,es La Liga,423440,35,35.0,12,18,3077.0,12.0,0.0,1.024,0.343,0.514
Martín Zubimendi,2023-2024,es La Liga,423440,8,10.0,3,3,688.0,1.0,0.0,1.308,0.375,0.375
Marvelous Nakamba,2020-2021,eng Premier League,324882,9,7.0,4,5,736.0,2.0,0.0,0.856,0.444,0.556
Marvelous Nakamba,2021-2022,eng Premier League,324882,10,16.0,1,3,775.0,4.0,0.0,1.858,0.1,0.3
Marvin Friedrich,2020-2021,de Bundesliga,196231,34,43.0,7,12,3060.0,1.0,0.0,1.265,0.206,0.353
Marvin Friedrich,2021-2022,de Bundesliga,196231,20,30.0,5,8,1745.0,5.0,0.0,1.547,0.25,0.4
Marvin Friedrich,2022-2023,de Bundesliga,196231,13,26.0,3,5,1170.0,2.0,0.0,2.0,0.231,0.385
Marvin Friedrich,2023-2024,de Bundesliga,196231,4,7.0,1,1,360.0,0.0,0.0,1.75,0.25,0.25
Marvin Park,2020-2021,es La Liga,603940,1,1.0,0,1,45.0,0.0,0.0,2.0,0.0,1.0
Marvin Park,2023-2024,es La Liga,603940,2,3.0,0,0,159.0,1.0,0.0,1.698,0.0,0.0
Marvin Plattenhardt,2020-2021,de Bundesliga,89592,11,13.0,4,4,883.0,0.0,0.0,1.325,0.364,0.364
Marvin Plattenhardt,2021-2022,de Bundesliga,89592,15,19.0,5,6,1286.0,2.0,0.0,1.33,0.333,0.4
Marvin Plattenhardt,2022-2023,de Bundesliga,89592,21,41.0,2,5,1638.0,3.0,0.0,2.253,0.095,0.238
Marvin Senaya,2023-2024,fr Ligue 1,830890,5,12.0,0,0,416.0,1.0,0.0,2.596,0.0,0.0
Marvin Zeegelaar,2020-2021,it Serie A,92899,2,6.0,0,0,135.0,0.0,0.0,4.0,0.0,0.0
Marvin Zeegelaar,2021-2022,it Serie A,92899,5,9.0,1,2,450.0,2.0,0.0,1.8,0.2,0.4
Marvin Zeegelaar,2022-2023,it Serie A,92899,1,3.0,0,0,90.0,0.0,0.0,3.0,0.0,0.0
Marçal,2020-2021,eng Premier League,137745,5,8.0,0,2,435.0,1.0,0.0,1.655,0.0,0.4
Marçal,2020-2021,fr Ligue 1,137745,1,1.0,0,1,79.0,0.0,0.0,1.139,0.0,1.0
Marçal,2021-2022,eng Premier League,137745,13,10.0,4,6,1125.0,3.0,0.0,0.8,0.308,0.462
Mason Holgate,2020-2021,eng Premier League,348623,26,32.0,9,10,2260.0,9.0,0.0,1.274,0.346,0.385
Mason Holgate,2021-2022,eng Premier League,348623,23,41.0,5,7,2067.0,7.0,0.0,1.785,0.217,0.304
Mason Holgate,2022-2023,eng Premier League,348623,5,7.0,1,0,384.0,2.0,0.0,1.641,0.2,0.0
Mason Holgate,2023-2024,eng Premier League,348623,3,11.0,0,1,193.0,1.0,1.0,5.13,0.0,0.333
Massadio Haidara,2020-2021,fr Ligue 1,170929,9,10.0,2,3,810.0,2.0,0.0,1.111,0.222,0.333
Massadio Haidara,2021-2022,fr Ligue 1,170929,5,8.0,0,1,412.0,3.0,0.0,1.748,0.0,0.2
Massadio Haidara,2022-2023,fr Ligue 1,170929,11,4.0,7,7,922.0,5.0,0.0,0.39,0.636,0.636
Matej Maglica,2023-2024,de Bundesliga,433388,5,11.0,1,0,382.0,3.0,0.0,2.592,0.2,0.0
Mateo Kovacic,2020-2021,eng Premier League,51471,11,14.0,5,6,888.0,3.0,0.0,1.419,0.455,0.545
Mateo Kovacic,2021-2022,eng Premier League,51471,11,7.0,6,7,895.0,2.0,0.0,0.704,0.545,0.636
Mateo Kovacic,2022-2023,eng Premier League,51471,7,10.0,1,2,587.0,3.0,0.0,1.533,0.143,0.286
Mateo Musacchio,2020-2021,it Serie A,45653,2,0.0,2,2,172.0,0.0,0.0,0.0,1.0,1.0
Mateo Pavlovic,2020-2021,fr Ligue 1,69436,12,24.0,3,4,1072.0,3.0,0.0,2.015,0.25,0.333
Mateu Morey,2020-2021,de Bundesliga,388513,8,9.0,3,7,614.0,0.0,0.0,1.319,0.375,0.875
Mateusz Klich,2020-2021,eng Premier League,92738,3,4.0,2,2,215.0,0.0,0.0,1.674,0.667,0.667
Mateusz Klich,2021-2022,eng Premier League,92738,5,6.0,0,2,348.0,0.0,0.0,1.552,0.0,0.4
Mateusz Wieteska,2022-2023,fr Ligue 1,208172,35,47.0,9,15,3120.0,7.0,1.0,1.356,0.257,0.429
Mateusz Wieteska,2023-2024,it Serie A,208172,3,6.0,0,0,252.0,1.0,0.0,2.143,0.0,0.0
Matheus Henrique,2021-2022,it Serie A,552549,3,4.0,0,2,270.0,0.0,0.0,1.333,0.0,0.667
Matheus Henrique,2022-2023,it Serie A,552549,2,5.0,0,0,180.0,1.0,0.0,2.5,0.0,0.0
Matheus Nunes,2022-2023,eng Premier League,601883,3,4.0,0,0,224.0,0.0,0.0,1.607,0.0,0.0
Mathias Jensen,2021-2022,eng Premier League,319859,2,3.0,0,0,135.0,0.0,0.0,2.0,0.0,0.0
Mathias Jensen,2022-2023,eng Premier League,319859,2,6.0,0,0,152.0,0.0,0.0,3.553,0.0,0.0
Mathias Jensen,2023-2024,eng Premier League,319859,1,2.0,0,0,80.0,0.0,0.0,2.25,0.0,0.0
Mathias Normann,2021-2022,eng Premier League,257805,16,29.0,5,3,1270.0,5.0,0.0,2.055,0.312,0.188
Mathias Pereira Lage,2020-2021,fr Ligue 1,424072,1,0.0,1,1,90.0,1.0,0.0,0.0,1.0,1.0
Mathias Pereira Lage,2021-2022,fr Ligue 1,424072,3,2.0,1,2,267.0,0.0,0.0,0.674,0.333,0.667
Mathias Pereira Lage,2022-2023,fr Ligue 1,424072,1,1.0,0,0,69.0,0.0,0.0,1.304,0.0,0.0
Mathieu Coutadeur,2022-2023,fr Ligue 1,39914,4,5.0,1,2,343.0,0.0,0.0,1.312,0.25,0.5
Mathieu Debuchy,2020-2021,fr Ligue 1,27306,24,24.0,10,10,1973.0,5.0,0.0,1.095,0.417,0.417
Mathías Olivera,2020-2021,es La Liga,376514,30,26.0,11,8,2617.0,6.0,0.0,0.894,0.367,0.267
Mathías Olivera,2021-2022,es La Liga,376514,26,26.0,10,6,2267.0,9.0,0.0,1.032,0.385,0.231
Mathías Olivera,2022-2023,it Serie A,376514,17,13.0,7,9,1477.0,2.0,0.0,0.792,0.412,0.529
Mathías Olivera,2023-2024,it Serie A,376514,3,3.0,0,1,254.0,1.0,0.0,1.063,0.0,0.333
Matija Nastasic,2020-2021,de Bundesliga,143559,14,33.0,1,1,1221.0,2.0,0.0,2.432,0.071,0.071
Matija Nastasic,2021-2022,it Serie A,143559,2,6.0,0,0,180.0,0.0,0.0,3.0,0.0,0.0
Matija Nastasic,2022-2023,es La Liga,143559,10,14.0,3,3,842.0,2.0,0.0,1.496,0.3,0.3
Matija Nastasic,2023-2024,es La Liga,143559,7,7.0,1,2,630.0,3.0,0.0,1.0,0.143,0.286
Mato Jajalo,2021-2022,it Serie A,47513,4,4.0,1,1,295.0,2.0,0.0,1.22,0.25,0.25
Mats Hummels,2020-2021,de Bundesliga,39728,32,45.0,10,18,2789.0,6.0,0.0,1.452,0.312,0.562
Mats Hummels,2021-2022,de Bundesliga,39728,20,24.0,5,14,1705.0,4.0,0.0,1.267,0.25,0.7
Mats Hummels,2022-2023,de Bundesliga,39728,24,30.0,9,15,1948.0,4.0,0.0,1.386,0.375,0.625
Mats Hummels,2023-2024,de Bundesliga,39728,1,1.0,0,1,90.0,0.0,0.0,1.0,0.0,1.0
Matt Doherty,2020-2021,eng Premier League,171679,12,13.0,4,8,1066.0,4.0,0.0,1.098,0.333,0.667
Matt Miazga,2021-2022,es La Liga,245893,9,14.0,3,2,810.0,2.0,0.0,1.556,0.333,0.222
Matt Ritchie,2020-2021,eng Premier League,92469,4,5.0,1,0,311.0,1.0,0.0,1.447,0.25,0.0
Matt Ritchie,2021-2022,eng Premier League,92469,9,21.0,0,0,787.0,4.0,0.0,2.402,0.0,0.0
Matt Targett,2020-2021,eng Premier League,250478,38,46.0,15,16,3405.0,7.0,0.0,1.216,0.395,0.421
Matt Targett,2021-2022,eng Premier League,250478,27,39.0,7,13,2362.0,2.0,0.0,1.486,0.259,0.481
Matt Targett,2022-2023,eng Premier League,250478,6,5.0,2,2,492.0,1.0,0.0,0.915,0.333,0.333
Matteo Bianchetti,2022-2023,it Serie A,160986,22,44.0,2,2,1957.0,4.0,0.0,2.024,0.091,0.091
Matteo Darmian,2020-2021,it Serie A,54906,3,7.0,0,1,270.0,1.0,0.0,2.333,0.0,0.333
Matteo Darmian,2022-2023,it Serie A,54906,10,7.0,3,5,835.0,1.0,0.0,0.754,0.3,0.5
Matteo Gabbia,2020-2021,it Serie A,323167,7,6.0,3,4,545.0,2.0,0.0,0.991,0.429,0.571
Matteo Gabbia,2021-2022,it Serie A,323167,6,7.0,3,4,493.0,2.0,0.0,1.278,0.5,0.667
Matteo Gabbia,2022-2023,it Serie A,323167,6,10.0,1,3,521.0,2.0,0.0,1.727,0.167,0.5
Matteo Gabbia,2023-2024,it Serie A,323167,7,11.0,2,4,621.0,2.0,0.0,1.594,0.286,0.571
Matteo Lovato,2020-2021,it Serie A,459655,14,13.0,4,7,1054.0,5.0,0.0,1.11,0.286,0.5
Matteo Lovato,2021-2022,it Serie A,459655,17,26.0,1,6,1412.0,5.0,0.0,1.657,0.059,0.353
Matteo Lovato,2022-2023,it Serie A,459655,8,22.0,2,2,592.0,2.0,0.0,3.345,0.25,0.25
Matteo Lovato,2023-2024,it Serie A,459655,5,8.0,1,1,352.0,2.0,0.0,2.045,0.2,0.2
Matteo Pessina,2020-2021,it Serie A,332179,3,2.0,1,2,225.0,0.0,0.0,0.8,0.333,0.667
Matteo Pessina,2021-2022,it Serie A,332179,3,3.0,1,2,242.0,0.0,0.0,1.116,0.333,0.667
Matteo Pessina,2022-2023,it Serie A,332179,11,18.0,1,3,990.0,2.0,0.0,1.636,0.091,0.273
Matteo Pessina,2023-2024,it Serie A,332179,5,3.0,4,3,448.0,0.0,0.0,0.603,0.8,0.6
Matteo Prati,2023-2024,it Serie A,876298,2,7.0,0,0,139.0,0.0,0.0,4.532,0.0,0.0
Matteo Ricci,2020-2021,it Serie A,198087,26,51.0,4,7,2159.0,5.0,0.0,2.126,0.154,0.269
Matteo Ruggeri,2021-2022,it Serie A,616631,6,16.0,0,0,430.0,1.0,0.0,3.349,0.0,0.0
Matteo Ruggeri,2022-2023,it Serie A,616631,1,2.0,0,0,90.0,1.0,0.0,2.0,0.0,0.0
Matteo Scozzarella,2020-2021,it Serie A,85208,3,1.0,2,1,154.0,1.0,0.0,0.584,0.667,0.333
Matthew Lowton,2020-2021,eng Premier League,102258,34,47.0,10,10,3060.0,5.0,0.0,1.382,0.294,0.294
Matthew Lowton,2021-2022,eng Premier League,102258,20,31.0,3,1,1745.0,2.0,0.0,1.599,0.15,0.05
Matthias Bader,2023-2024,de Bundesliga,237162,2,3.0,0,0,180.0,0.0,0.0,1.5,0.0,0.0
Matthias Ginter,2020-2021,de Bundesliga,124502,34,56.0,7,13,3060.0,2.0,0.0,1.647,0.206,0.382
Matthias Ginter,2021-2022,de Bundesliga,124502,27,50.0,5,10,2327.0,2.0,0.0,1.934,0.185,0.37
Matthias Ginter,2022-2023,de Bundesliga,124502,34,44.0,13,17,3060.0,3.0,0.0,1.294,0.382,0.5
Matthias Ginter,2023-2024,de Bundesliga,124502,6,14.0,0,2,490.0,1.0,0.0,2.571,0.0,0.333
Matthieu Udol,2020-2021,fr Ligue 1,344886,15,20.0,2,6,1265.0,1.0,1.0,1.423,0.133,0.4
Matthieu Udol,2021-2022,fr Ligue 1,344886,10,24.0,0,1,900.0,0.0,0.0,2.4,0.0,0.1
Matthieu Udol,2023-2024,fr Ligue 1,344886,8,11.0,2,2,720.0,0.0,0.0,1.375,0.25,0.25
Matthijs de Ligt,2020-2021,it Serie A,326031,25,28.0,3,15,2203.0,4.0,0.0,1.144,0.12,0.6
Matthijs de Ligt,2021-2022,it Serie A,326031,29,26.0,11,18,2570.0,4.0,0.0,0.911,0.379,0.621
Matthijs de Ligt,2022-2023,de Bundesliga,326031,27,30.0,9,16,2332.0,4.0,0.0,1.158,0.333,0.593
Matthijs de Ligt,2023-2024,de Bundesliga,326031,8,11.0,1,6,720.0,3.0,0.0,1.375,0.125,0.75
Mattia Bani,2020-2021,it Serie A,176139,24,50.0,3,2,2012.0,10.0,0.0,2.237,0.125,0.083
Mattia Bani,2021-2022,it Serie A,176139,13,14.0,4,2,1053.0,0.0,0.0,1.197,0.308,0.154
Mattia Bani,2023-2024,it Serie A,176139,9,12.0,3,3,805.0,2.0,0.0,1.342,0.333,0.333
Mattia Caldara,2020-2021,it Serie A,197470,1,2.0,0,1,45.0,1.0,0.0,4.0,0.0,1.0
Mattia Caldara,2021-2022,it Serie A,197470,30,52.0,3,5,2700.0,9.0,0.0,1.733,0.1,0.167
Mattia Caldara,2022-2023,it Serie A,197470,13,22.0,2,4,1133.0,6.0,0.0,1.748,0.154,0.308
Mattia De Sciglio,2020-2021,fr Ligue 1,88682,14,22.0,2,8,1131.0,2.0,1.0,1.751,0.143,0.571
Mattia De Sciglio,2021-2022,it Serie A,88682,13,15.0,4,6,1042.0,2.0,0.0,1.296,0.308,0.462
Mattia De Sciglio,2022-2023,it Serie A,88682,4,4.0,1,1,328.0,0.0,0.0,1.098,0.25,0.25
Mattia Viti,2021-2022,it Serie A,493702,16,26.0,4,6,1386.0,3.0,0.0,1.688,0.25,0.375
Mattia Viti,2022-2023,fr Ligue 1,493702,7,11.0,0,2,602.0,0.0,0.0,1.645,0.0,0.286
Mattia Viti,2023-2024,it Serie A,493702,4,9.0,0,0,356.0,0.0,0.0,2.275,0.0,0.0
Mattias Svanberg,2020-2021,it Serie A,342405,4,9.0,1,2,266.0,3.0,0.0,3.045,0.25,0.5
Mattias Svanberg,2021-2022,it Serie A,342405,3,8.0,0,0,270.0,0.0,0.0,2.667,0.0,0.0
Mattias Svanberg,2022-2023,de Bundesliga,342405,1,0.0,1,0,90.0,0.0,0.0,0.0,1.0,0.0
Mattias Svanberg,2023-2024,de Bundesliga,342405,3,5.0,0,0,222.0,2.0,0.0,2.027,0.0,0.0
Matty Cash,2020-2021,eng Premier League,425334,28,35.0,12,13,2378.0,8.0,0.0,1.325,0.429,0.464
Matty Cash,2021-2022,eng Premier League,425334,33,46.0,9,11,2945.0,7.0,0.0,1.406,0.273,0.333
Matty Cash,2022-2023,eng Premier League,425334,19,26.0,4,8,1607.0,4.0,0.0,1.456,0.211,0.421
Matty Cash,2023-2024,eng Premier League,425334,6,14.0,0,3,540.0,1.0,0.0,2.333,0.0,0.5
Matty Longstaff,2020-2021,eng Premier League,484387,2,3.0,1,0,168.0,0.0,0.0,1.607,0.5,0.0
Mattéo Ahlinvi,2020-2021,fr Ligue 1,509234,3,9.0,0,0,241.0,0.0,0.0,3.361,0.0,0.0
Mattéo Guendouzi,2020-2021,de Bundesliga,465830,2,2.0,1,1,180.0,0.0,0.0,1.0,0.5,0.5
Mattéo Guendouzi,2021-2022,fr Ligue 1,465830,1,1.0,0,1,90.0,0.0,0.0,1.0,0.0,1.0
Mattéo Guendouzi,2022-2023,fr Ligue 1,465830,7,9.0,1,3,561.0,0.0,0.0,1.444,0.143,0.429
Matías Vecino,2021-2022,it Serie A,143812,1,1.0,0,0,67.0,0.0,0.0,1.343,0.0,0.0
Matías Vecino,2022-2023,it Serie A,143812,6,3.0,4,4,485.0,2.0,0.0,0.557,0.667,0.667
Matías Vecino,2023-2024,it Serie A,143812,1,1.0,0,0,78.0,0.0,0.0,1.154,0.0,0.0
Matías Viña,2021-2022,it Serie A,439072,11,13.0,4,6,913.0,1.0,0.0,1.281,0.364,0.545
Matías Viña,2022-2023,eng Premier League,439072,3,6.0,0,1,212.0,0.0,0.0,2.547,0.0,0.333
Mauro Arambarri,2020-2021,es La Liga,290249,1,0.0,1,0,90.0,0.0,0.0,0.0,1.0,0.0
Mauro Arambarri,2021-2022,es La Liga,290249,15,15.0,7,5,1330.0,6.0,0.0,1.015,0.467,0.333
Mauro Arambarri,2022-2023,es La Liga,290249,6,7.0,3,1,452.0,1.0,0.0,1.394,0.5,0.167
Max Aarons,2021-2022,eng Premier League,471690,25,57.0,2,4,2211.0,6.0,0.0,2.32,0.08,0.16
Max Aarons,2023-2024,eng Premier League,471690,1,4.0,0,0,87.0,0.0,0.0,4.138,0.0,0.0
Max Christiansen,2021-2022,de Bundesliga,192300,22,54.0,5,3,1892.0,4.0,0.0,2.569,0.227,0.136
Max Finkgräfe,2023-2024,de Bundesliga,810649,8,13.0,1,1,719.0,2.0,0.0,1.627,0.125,0.125
Max Kilman,2020-2021,eng Premier League,525247,14,10.0,5,5,1260.0,4.0,0.0,0.714,0.357,0.357
Max Kilman,2021-2022,eng Premier League,525247,30,25.0,10,14,2689.0,3.0,0.0,0.837,0.333,0.467
Max Kilman,2022-2023,eng Premier League,525247,37,57.0,11,11,3308.0,3.0,0.0,1.551,0.297,0.297
Max Kilman,2023-2024,eng Premier League,525247,8,13.0,2,4,720.0,1.0,0.0,1.625,0.25,0.5
Maxence Caqueret,2020-2021,fr Ligue 1,395237,6,9.0,1,3,476.0,2.0,0.0,1.702,0.167,0.5
Maxence Caqueret,2021-2022,fr Ligue 1,395237,11,13.0,2,6,945.0,1.0,0.0,1.238,0.182,0.545
Maxence Caqueret,2022-2023,fr Ligue 1,395237,9,13.0,1,2,779.0,0.0,0.0,1.502,0.111,0.222
Maxence Lacroix,2020-2021,de Bundesliga,434224,29,31.0,13,15,2579.0,5.0,0.0,1.082,0.448,0.517
Maxence Lacroix,2021-2022,de Bundesliga,434224,29,50.0,8,9,2498.0,5.0,2.0,1.801,0.276,0.31
Maxence Lacroix,2022-2023,de Bundesliga,434224,18,24.0,6,7,1494.0,1.0,0.0,1.446,0.333,0.389
Maxence Lacroix,2023-2024,de Bundesliga,434224,7,13.0,0,0,630.0,1.0,0.0,1.857,0.0,0.0
Maxim Leitsch,2021-2022,de Bundesliga,334207,17,22.0,2,6,1530.0,2.0,0.0,1.294,0.118,0.353
Maxim Leitsch,2022-2023,de Bundesliga,334207,7,10.0,2,3,621.0,0.0,0.0,1.449,0.286,0.429
Maxime Busi,2020-2021,it Serie A,570817,8,18.0,1,1,656.0,3.0,0.0,2.47,0.125,0.125
Maxime Busi,2021-2022,fr Ligue 1,570817,9,9.0,3,4,786.0,1.0,0.0,1.031,0.333,0.444
Maxime Busi,2022-2023,fr Ligue 1,570817,5,9.0,1,0,373.0,1.0,0.0,2.172,0.2,0.0
Maxime Colin,2023-2024,fr Ligue 1,156618,6,7.0,2,2,479.0,2.0,0.0,1.315,0.333,0.333
Maxime Estève,2021-2022,fr Ligue 1,842341,20,31.0,6,4,1777.0,2.0,0.0,1.57,0.3,0.2
Maxime Estève,2022-2023,fr Ligue 1,842341,18,29.0,4,6,1543.0,3.0,0.0,1.692,0.222,0.333
Maxime Estève,2023-2024,eng Premier League,842341,6,16.0,0,1,502.0,2.0,0.0,2.869,0.0,0.167
Maxime Estève,2023-2024,fr Ligue 1,842341,1,0.0,1,0,90.0,0.0,0.0,0.0,1.0,0.0
Maxime Gonalons,2020-2021,es La Liga,60542,17,29.0,3,6,1196.0,5.0,1.0,2.182,0.176,0.353
Maxime Gonalons,2021-2022,es La Liga,60542,20,31.0,4,4,1441.0,5.0,0.0,1.936,0.2,0.2
Maxime Gonalons,2022-2023,fr Ligue 1,60542,19,27.0,6,12,1383.0,3.0,0.0,1.757,0.316,0.632
Maxime Gonalons,2023-2024,fr Ligue 1,60542,3,4.0,1,0,190.0,1.0,0.0,1.895,0.333,0.0
Maxime Le Marchand,2020-2021,eng Premier League,60558,1,1.0,0,0,90.0,1.0,0.0,1.0,0.0,0.0
Maxime Le Marchand,2021-2022,fr Ligue 1,60558,9,8.0,4,5,810.0,4.0,0.0,0.889,0.444,0.556
Maxime Le Marchand,2022-2023,fr Ligue 1,60558,23,33.0,5,6,1935.0,6.0,0.0,1.535,0.217,0.261
Maxime López,2020-2021,it Serie A,290862,7,15.0,1,3,521.0,1.0,0.0,2.591,0.143,0.429
Maxime López,2021-2022,it Serie A,290862,33,57.0,3,11,2905.0,13.0,0.0,1.766,0.091,0.333
Maxime López,2022-2023,it Serie A,290862,25,39.0,7,8,2131.0,10.0,0.0,1.647,0.28,0.32
Maxime López,2023-2024,it Serie A,290862,2,5.0,0,0,180.0,0.0,0.0,2.5,0.0,0.0
Maxime Poundjé,2020-2021,fr Ligue 1,126528,3,3.0,1,1,250.0,0.0,0.0,1.08,0.333,0.333
Maximilian Arnold,2020-2021,de Bundesliga,117674,12,12.0,6,6,1039.0,1.0,1.0,1.039,0.5,0.5
Maximilian Arnold,2021-2022,de Bundesliga,117674,19,28.0,7,8,1710.0,3.0,0.0,1.474,0.368,0.421
Maximilian Arnold,2022-2023,de Bundesliga,117674,24,35.0,8,11,2096.0,3.0,0.0,1.503,0.333,0.458
Maximilian Arnold,2023-2024,de Bundesliga,117674,5,10.0,0,0,450.0,2.0,0.0,2.0,0.0,0.0
Maximilian Bauer,2021-2022,de Bundesliga,388363,18,47.0,5,1,1560.0,4.0,0.0,2.712,0.278,0.056
Maximilian Bauer,2022-2023,de Bundesliga,388363,20,39.0,3,4,1675.0,7.0,0.0,2.096,0.15,0.2
Maximilian Bauer,2023-2024,de Bundesliga,388363,1,1.0,0,1,90.0,1.0,0.0,1.0,0.0,1.0
Maximilian Eggestein,2020-2021,de Bundesliga,190284,18,34.0,2,5,1593.0,3.0,0.0,1.921,0.111,0.278
Maximilian Eggestein,2021-2022,de Bundesliga,190284,3,5.0,0,0,232.0,0.0,0.0,1.94,0.0,0.0
Maximilian Eggestein,2023-2024,de Bundesliga,190284,3,7.0,0,1,270.0,0.0,0.0,2.333,0.0,0.333
Maximilian Mittelstädt,2020-2021,de Bundesliga,282660,16,27.0,3,2,1262.0,2.0,0.0,1.926,0.188,0.125
Maximilian Mittelstädt,2021-2022,de Bundesliga,282660,8,19.0,1,1,693.0,2.0,0.0,2.468,0.125,0.125
Maximilian Mittelstädt,2022-2023,de Bundesliga,282660,5,11.0,0,0,401.0,2.0,0.0,2.469,0.0,0.0
Maximilian Mittelstädt,2023-2024,de Bundesliga,282660,4,3.0,1,3,351.0,0.0,0.0,0.769,0.25,0.75
Maximilian Ullmann,2021-2022,it Serie A,239934,1,3.0,0,0,90.0,0.0,0.0,3.0,0.0,0.0
Maximilian Wittek,2023-2024,de Bundesliga,196793,1,3.0,0,0,90.0,1.0,0.0,3.0,0.0,0.0
Maximilian Wöber,2022-2023,eng Premier League,263361,14,24.0,2,2,1185.0,3.0,0.0,1.823,0.143,0.143
Maximilian Wöber,2023-2024,de Bundesliga,263361,6,9.0,1,1,473.0,1.0,0.0,1.712,0.167,0.167
Maximiliano Caufriez,2022-2023,fr Ligue 1,369267,25,28.0,7,12,2198.0,10.0,0.0,1.146,0.28,0.48
Maximiliano Caufriez,2023-2024,fr Ligue 1,369267,4,9.0,0,0,302.0,1.0,1.0,2.682,0.0,0.0
Maximiliano Olivera,2020-2021,it Serie A,179757,1,0.0,1,0,90.0,0.0,0.0,0.0,1.0,0.0
Maxwel Cornet,2020-2021,fr Ligue 1,234781,22,25.0,6,14,1755.0,4.0,0.0,1.282,0.273,0.636
Maxwel Cornet,2021-2022,fr Ligue 1,234781,1,3.0,0,0,65.0,2.0,0.0,4.154,0.0,0.0
Maya Yoshida,2020-2021,it Serie A,81789,25,34.0,4,10,2135.0,4.0,0.0,1.433,0.16,0.4
Maya Yoshida,2021-2022,it Serie A,81789,19,38.0,2,3,1641.0,2.0,0.0,2.084,0.105,0.158
Maya Yoshida,2022-2023,de Bundesliga,81789,28,51.0,7,5,2509.0,4.0,0.0,1.829,0.25,0.179
Mehdi Abeid,2020-2021,fr Ligue 1,111036,9,15.0,1,2,802.0,4.0,0.0,1.683,0.111,0.222
Mehdi Bourabia,2020-2021,it Serie A,131731,3,6.0,0,2,204.0,0.0,0.0,2.647,0.0,0.667
Mehdi Bourabia,2021-2022,it Serie A,131731,1,2.0,0,0,90.0,0.0,0.0,2.0,0.0,0.0
Mehdi Bourabia,2022-2023,it Serie A,131731,16,29.0,1,3,1289.0,1.0,0.0,2.025,0.062,0.188
Mehdi Zeffane,2022-2023,fr Ligue 1,118303,2,1.0,1,2,149.0,0.0,0.0,0.604,0.5,1.0
Mehdi Zeffane,2023-2024,fr Ligue 1,118303,1,1.0,0,1,75.0,0.0,0.0,1.2,0.0,1.0
Mehmet Aydın,2022-2023,de Bundesliga,472242,1,1.0,0,1,90.0,0.0,0.0,1.0,0.0,1.0
Melayro Bogarde,2020-2021,de Bundesliga,476915,2,6.0,0,0,177.0,1.0,0.0,3.051,0.0,0.0
Melvin Bard,2020-2021,fr Ligue 1,532775,4,4.0,2,1,329.0,0.0,0.0,1.094,0.5,0.25
Melvin Bard,2021-2022,fr Ligue 1,532775,30,32.0,10,14,2545.0,3.0,0.0,1.132,0.333,0.467
Melvin Bard,2022-2023,fr Ligue 1,532775,20,23.0,5,8,1670.0,3.0,0.0,1.24,0.25,0.4
Melvin Bard,2023-2024,fr Ligue 1,532775,4,4.0,2,1,360.0,1.0,0.0,1.0,0.5,0.25
Merih Demiral,2020-2021,it Serie A,340879,10,7.0,3,6,900.0,1.0,0.0,0.7,0.3,0.6
Merih Demiral,2021-2022,it Serie A,340879,22,22.0,7,10,1791.0,8.0,0.0,1.106,0.318,0.455
Merih Demiral,2022-2023,it Serie A,340879,14,15.0,5,6,1223.0,5.0,0.0,1.104,0.357,0.429
Mert Müldür,2020-2021,it Serie A,353922,17,29.0,1,9,1312.0,2.0,0.0,1.989,0.059,0.529
Mert Müldür,2021-2022,it Serie A,353922,23,42.0,2,9,1938.0,5.0,0.0,1.95,0.087,0.391
Mert Müldür,2022-2023,it Serie A,353922,1,3.0,0,0,7.0,0.0,0.0,6.0,0.0,0.0
Mert Çetin,2020-2021,it Serie A,391498,4,2.0,2,3,356.0,0.0,0.0,0.506,0.5,0.75
Mert Çetin,2022-2023,it Serie A,391498,1,2.0,0,0,21.0,0.0,0.0,6.0,0.0,0.0
Mexer,2020-2021,fr Ligue 1,127610,8,16.0,1,2,648.0,3.0,0.0,2.222,0.125,0.25
Mexer,2021-2022,fr Ligue 1,127610,14,37.0,0,2,1215.0,2.0,0.0,2.741,0.0,0.143
Michael Folorunsho,2023-2024,it Serie A,377042,1,2.0,0,0,90.0,1.0,0.0,2.0,0.0,0.0
Michael Hector,2020-2021,eng Premier League,157490,3,10.0,0,0,238.0,1.0,0.0,3.782,0.0,0.0
Michael Kayode,2023-2024,it Serie A,823486,5,6.0,1,2,450.0,0.0,0.0,1.2,0.2,0.4
Michael Keane,2020-2021,eng Premier League,118534,33,42.0,11,15,2946.0,3.0,0.0,1.283,0.333,0.455
Michael Keane,2021-2022,eng Premier League,118534,31,56.0,7,9,2720.0,4.0,0.0,1.853,0.226,0.29
Michael Keane,2022-2023,eng Premier League,118534,10,20.0,2,1,900.0,0.0,0.0,2.0,0.2,0.1
Michael Svoboda,2021-2022,it Serie A,438961,13,25.0,2,3,1111.0,2.0,1.0,2.025,0.154,0.231
Michaël Barreto,2022-2023,fr Ligue 1,149518,1,2.0,0,0,74.0,0.0,0.0,2.432,0.0,0.0
Michaël Cuisance,2021-2022,it Serie A,344600,1,3.0,0,0,90.0,0.0,0.0,3.0,0.0,0.0
Michel Adopo,2022-2023,it Serie A,564305,3,2.0,1,2,208.0,1.0,0.0,0.865,0.333,0.667
Michele Castagnetti,2022-2023,it Serie A,195335,9,12.0,2,2,679.0,0.0,0.0,1.591,0.222,0.222
Mickaël Alphonse,2022-2023,fr Ligue 1,172153,14,29.0,3,2,1134.0,2.0,1.0,2.302,0.214,0.143
Mickaël Malsa,2020-2021,es La Liga,205569,18,29.0,1,4,1406.0,3.0,0.0,1.856,0.056,0.222
Mickaël Malsa,2021-2022,es La Liga,205569,10,23.0,1,1,767.0,4.0,0.0,2.699,0.1,0.1
Mickaël Nade,2021-2022,fr Ligue 1,494586,29,60.0,4,6,2523.0,4.0,0.0,2.14,0.138,0.207
Micky van de Ven,2021-2022,de Bundesliga,557459,2,2.0,1,1,140.0,0.0,0.0,1.286,0.5,0.5
Micky van de Ven,2022-2023,de Bundesliga,557459,33,48.0,11,12,2970.0,5.0,0.0,1.455,0.333,0.364
Micky van de Ven,2023-2024,eng Premier League,557459,6,8.0,1,4,499.0,0.0,0.0,1.443,0.167,0.667
Miguel Cifuentes,2020-2021,es La Liga,175836,2,5.0,0,0,180.0,0.0,0.0,2.5,0.0,0.0
Miguel Crespo,2023-2024,es La Liga,498529,1,3.0,0,0,79.0,1.0,0.0,3.418,0.0,0.0
Miguel Gutiérrez,2020-2021,es La Liga,525299,3,2.0,1,3,248.0,0.0,0.0,0.726,0.333,1.0
Miguel Gutiérrez,2021-2022,es La Liga,525299,3,3.0,1,3,261.0,1.0,0.0,1.034,0.333,1.0
Miguel Gutiérrez,2022-2023,es La Liga,525299,26,40.0,2,8,2116.0,4.0,0.0,1.701,0.077,0.308
Miguel Gutiérrez,2023-2024,es La Liga,525299,8,9.0,4,4,720.0,0.0,0.0,1.125,0.5,0.5
Miguel Llambrich,2021-2022,es La Liga,399775,1,3.0,0,0,58.0,0.0,0.0,4.655,0.0,0.0
Miguel Rubio,2020-2021,es La Liga,583510,1,1.0,0,0,90.0,0.0,0.0,1.0,0.0,0.0
Miguel Rubio,2023-2024,es La Liga,583510,2,4.0,0,0,180.0,0.0,0.0,2.0,0.0,0.0
Miguel Trauco,2020-2021,fr Ligue 1,177690,20,26.0,7,5,1778.0,0.0,0.0,1.316,0.35,0.25
Miguel Trauco,2021-2022,fr Ligue 1,177690,6,9.0,1,1,521.0,2.0,0.0,1.555,0.167,0.167
Miguel Veloso,2020-2021,it Serie A,43848,12,13.0,3,4,887.0,0.0,0.0,1.319,0.25,0.333
Miguel Veloso,2021-2022,it Serie A,43848,16,24.0,1,7,1193.0,6.0,0.0,1.811,0.062,0.438
Miguel Veloso,2022-2023,it Serie A,43848,12,23.0,0,1,827.0,3.0,0.0,2.503,0.0,0.083
Miha Blazic,2022-2023,fr Ligue 1,179806,22,40.0,3,2,1908.0,3.0,0.0,1.887,0.136,0.091
Mihailo Ristic,2020-2021,fr Ligue 1,271455,19,36.0,2,6,1585.0,4.0,0.0,2.044,0.105,0.316
Mihailo Ristic,2021-2022,fr Ligue 1,271455,18,24.0,6,8,1551.0,1.0,1.0,1.393,0.333,0.444
Mihailo Ristic,2023-2024,es La Liga,271455,2,5.0,0,0,149.0,1.0,0.0,3.02,0.0,0.0
Mika Mármol,2023-2024,es La Liga,617060,9,15.0,2,2,810.0,1.0,0.0,1.667,0.222,0.222
Mike van der Hoorn,2020-2021,de Bundesliga,187105,15,25.0,2,3,1339.0,3.0,0.0,1.68,0.133,0.2
Mikel Balenziaga,2020-2021,es La Liga,85258,17,16.0,5,5,1460.0,0.0,0.0,0.986,0.294,0.294
Mikel Balenziaga,2021-2022,es La Liga,85258,23,24.0,8,9,1993.0,2.0,0.0,1.084,0.348,0.391
Mikel Balenziaga,2022-2023,es La Liga,85258,1,1.0,0,0,70.0,0.0,0.0,1.286,0.0,0.0
Mikel Merino,2020-2021,es La Liga,338424,3,2.0,2,1,270.0,0.0,0.0,0.667,0.667,0.333
Mikel Merino,2021-2022,es La Liga,338424,4,6.0,2,0,334.0,2.0,0.0,1.617,0.5,0.0
Mikel Rico,2020-2021,es La Liga,51474,6,12.0,0,0,466.0,1.0,0.0,2.318,0.0,0.0
Mikel Vesga,2020-2021,es La Liga,300168,17,17.0,6,4,1271.0,6.0,0.0,1.204,0.353,0.235
Mikel Vesga,2021-2022,es La Liga,300168,17,23.0,3,6,1154.0,4.0,0.0,1.794,0.176,0.353
Mikel Vesga,2022-2023,es La Liga,300168,27,30.0,8,9,2314.0,4.0,0.0,1.167,0.296,0.333
Mikel Vesga,2023-2024,es La Liga,300168,3,0.0,3,0,180.0,1.0,0.0,0.0,1.0,0.0
Mikkel Damsgaard,2022-2023,eng Premier League,540941,1,0.0,1,1,70.0,1.0,0.0,0.0,1.0,1.0
Mikkel Desler,2022-2023,fr Ligue 1,221873,26,37.0,7,10,2234.0,5.0,0.0,1.491,0.269,0.385
Mikkel Desler,2023-2024,fr Ligue 1,221873,2,4.0,0,1,163.0,0.0,0.0,2.209,0.0,0.5
Milan Badelj,2020-2021,it Serie A,40633,29,40.0,7,9,2405.0,7.0,0.0,1.497,0.241,0.31
Milan Badelj,2021-2022,it Serie A,40633,34,52.0,10,3,2853.0,4.0,0.0,1.64,0.294,0.088
Milan Badelj,2023-2024,it Serie A,40633,8,11.0,3,2,682.0,1.0,0.0,1.452,0.375,0.25
Milan Skriniar,2020-2021,it Serie A,204069,31,24.0,13,23,2754.0,1.0,0.0,0.784,0.419,0.742
Milan Skriniar,2021-2022,it Serie A,204069,35,32.0,12,23,3150.0,3.0,0.0,0.914,0.343,0.657
Milan Skriniar,2022-2023,it Serie A,204069,20,24.0,8,12,1739.0,5.0,0.0,1.242,0.4,0.6
Milos Kerkez,2023-2024,eng Premier League,730861,3,3.0,1,1,222.0,1.0,0.0,1.216,0.333,0.333
Milos Veljkovic,2020-2021,de Bundesliga,202228,19,21.0,5,6,1618.0,1.0,0.0,1.168,0.263,0.316
Milos Veljkovic,2022-2023,de Bundesliga,202228,25,49.0,3,8,2195.0,2.0,0.0,2.009,0.12,0.32
Milos Veljkovic,2023-2024,de Bundesliga,202228,1,2.0,0,0,90.0,0.0,0.0,2.0,0.0,0.0
Milos Vulic,2020-2021,it Serie A,270901,2,4.0,0,0,80.0,0.0,0.0,4.5,0.0,0.0
Min-jae Kim,2022-2023,it Serie A,503482,35,26.0,16,26,3054.0,5.0,0.0,0.766,0.457,0.743
Min-jae Kim,2023-2024,de Bundesliga,503482,3,8.0,0,0,270.0,1.0,0.0,2.667,0.0,0.0
Miralem Pjanic,2020-2021,es La Liga,44162,3,1.0,2,2,201.0,0.0,0.0,0.448,0.667,0.667
Mitchel Bakker,2020-2021,fr Ligue 1,361065,17,9.0,10,14,1450.0,1.0,0.0,0.559,0.588,0.824
Mitchel Bakker,2021-2022,de Bundesliga,361065,18,24.0,4,12,1556.0,6.0,0.0,1.388,0.222,0.667
Mitchel Bakker,2022-2023,de Bundesliga,361065,4,9.0,1,1,288.0,1.0,0.0,2.812,0.25,0.25
Mitchell Dijks,2020-2021,it Serie A,187245,18,23.0,3,5,1433.0,7.0,0.0,1.445,0.167,0.278
Mitchell Weiser,2020-2021,de Bundesliga,119211,2,2.0,1,1,158.0,0.0,0.0,1.139,0.5,0.5
Mitchell Weiser,2022-2023,de Bundesliga,119211,1,2.0,0,0,90.0,0.0,0.0,2.0,0.0,0.0
Mitchell Weiser,2023-2024,de Bundesliga,119211,1,0.0,1,1,90.0,0.0,0.0,0.0,1.0,1.0
Modibo Sagnan,2020-2021,es La Liga,524925,7,10.0,1,1,488.0,2.0,0.0,1.844,0.143,0.143
Modibo Sagnan,2023-2024,fr Ligue 1,524925,5,10.0,1,1,446.0,3.0,0.0,2.018,0.2,0.2
Mohamed Camara,2022-2023,fr Ligue 1,543382,15,25.0,3,7,1271.0,3.0,0.0,1.77,0.2,0.467
Mohamed Elneny,2020-2021,eng Premier League,160438,16,16.0,5,9,1364.0,3.0,0.0,1.056,0.312,0.562
Mohamed Elneny,2021-2022,eng Premier League,160438,7,11.0,0,5,630.0,1.0,0.0,1.571,0.0,0.714
Mohamed Elneny,2022-2023,eng Premier League,160438,1,1.0,0,1,90.0,0.0,0.0,1.0,0.0,1.0
Mohamed Salim Fares,2021-2022,it Serie A,287700,1,3.0,0,0,90.0,1.0,0.0,3.0,0.0,0.0
Mohamed Simakan,2020-2021,fr Ligue 1,666234,19,32.0,6,6,1618.0,2.0,0.0,1.78,0.316,0.316
Mohamed Simakan,2021-2022,de Bundesliga,666234,23,22.0,7,12,1864.0,5.0,0.0,1.062,0.304,0.522
Mohamed Simakan,2022-2023,de Bundesliga,666234,17,19.0,6,11,1295.0,1.0,0.0,1.32,0.353,0.647
Mohamed Simakan,2023-2024,de Bundesliga,666234,4,10.0,1,1,336.0,2.0,0.0,2.679,0.25,0.25
Mohamed Youssouf,2022-2023,fr Ligue 1,57482,26,52.0,3,5,2311.0,5.0,0.0,2.025,0.115,0.192
Mohammed Salisu,2020-2021,eng Premier League,563963,8,18.0,0,1,693.0,1.0,0.0,2.338,0.0,0.125
Mohammed Salisu,2021-2022,eng Premier League,563963,33,58.0,6,8,2919.0,10.0,0.0,1.788,0.182,0.242
Mohammed Salisu,2022-2023,eng Premier League,563963,21,38.0,1,4,1890.0,5.0,0.0,1.81,0.048,0.19
Mohammed Salisu,2023-2024,fr Ligue 1,563963,5,9.0,0,2,450.0,0.0,0.0,1.8,0.0,0.4
Moisés Caicedo,2021-2022,eng Premier League,687626,3,4.0,1,1,237.0,1.0,0.0,1.519,0.333,0.333
Moisés Caicedo,2022-2023,eng Premier League,687626,30,41.0,9,15,2689.0,7.0,0.0,1.372,0.3,0.5
Moisés Caicedo,2023-2024,eng Premier League,687626,6,14.0,0,2,489.0,4.0,0.0,2.577,0.0,0.333
Momo Mbaye,2022-2023,es La Liga,490421,7,16.0,2,2,570.0,0.0,0.0,2.526,0.286,0.286
Monchu,2022-2023,es La Liga,282727,7,14.0,1,1,511.0,2.0,0.0,2.466,0.143,0.143
Montassar Talbi,2022-2023,fr Ligue 1,496706,38,53.0,8,15,3420.0,0.0,0.0,1.395,0.211,0.395
Montassar Talbi,2023-2024,fr Ligue 1,496706,4,5.0,1,3,315.0,0.0,0.0,1.429,0.25,0.75
Moreto Cassamá,2020-2021,fr Ligue 1,290746,24,34.0,5,6,1827.0,8.0,3.0,1.675,0.208,0.25
Moreto Cassamá,2021-2022,fr Ligue 1,290746,6,6.0,3,2,366.0,0.0,0.0,1.475,0.5,0.333
Morgan Sanson,2020-2021,eng Premier League,174094,1,1.0,0,1,67.0,0.0,0.0,1.343,0.0,1.0
Morgan Sanson,2022-2023,fr Ligue 1,174094,2,0.0,2,2,171.0,0.0,0.0,0.0,1.0,1.0
Morgan Schneiderlin,2020-2021,fr Ligue 1,56818,21,27.0,5,7,1861.0,7.0,0.0,1.306,0.238,0.333
Morgan Schneiderlin,2021-2022,fr Ligue 1,56818,5,4.0,3,1,380.0,0.0,1.0,0.947,0.6,0.2
Moritz Jenz,2021-2022,fr Ligue 1,460245,16,30.0,4,3,1383.0,5.0,0.0,1.952,0.25,0.188
Moritz Jenz,2022-2023,de Bundesliga,460245,11,12.0,5,3,945.0,5.0,0.0,1.143,0.455,0.273
Moritz Jenz,2023-2024,de Bundesliga,460245,8,13.0,0,0,613.0,4.0,0.0,1.909,0.0,0.0
Morten Frendrup,2021-2022,it Serie A,503871,5,2.0,3,2,450.0,1.0,0.0,0.4,0.6,0.4
Morten Frendrup,2023-2024,it Serie A,503871,3,1.0,2,1,249.0,0.0,0.0,0.361,0.667,0.333
Morten Hjulmand,2022-2023,it Serie A,461496,34,45.0,3,7,2938.0,8.0,1.0,1.378,0.088,0.206
Morten Thorsby,2020-2021,it Serie A,226524,1,1.0,0,0,90.0,0.0,0.0,1.0,0.0,0.0
Mouctar Diakhaby,2020-2021,es La Liga,346289,24,36.0,4,5,1983.0,4.0,1.0,1.634,0.167,0.208
Mouctar Diakhaby,2021-2022,es La Liga,346289,21,33.0,7,5,1790.0,8.0,0.0,1.659,0.333,0.238
Mouctar Diakhaby,2022-2023,es La Liga,346289,28,33.0,5,9,2414.0,7.0,0.0,1.23,0.179,0.321
Mouctar Diakhaby,2023-2024,es La Liga,346289,2,2.0,1,0,179.0,1.0,0.0,1.006,0.5,0.0
Mouhamadou Drammeh,2020-2021,fr Ligue 1,399551,1,0.0,1,1,90.0,0.0,0.0,0.0,1.0,1.0
Moussa Diarra,2022-2023,fr Ligue 1,694509,11,16.0,2,4,938.0,0.0,0.0,1.535,0.182,0.364
Moussa Diarra,2023-2024,fr Ligue 1,694509,1,1.0,0,1,90.0,0.0,0.0,1.0,0.0,1.0
Moussa Djenepo,2022-2023,eng Premier League,485424,2,2.0,0,1,179.0,0.0,0.0,1.006,0.0,0.5
Moussa Niakhaté,2020-2021,de Bundesliga,291200,32,47.0,5,10,2867.0,10.0,0.0,1.475,0.156,0.312
Moussa Niakhaté,2021-2022,de Bundesliga,291200,29,37.0,9,12,2553.0,1.0,0.0,1.304,0.31,0.414
Moussa Niakhaté,2022-2023,eng Premier League,291200,14,23.0,2,4,1166.0,1.0,0.0,1.775,0.143,0.286
Moussa Niakhaté,2023-2024,eng Premier League,291200,2,7.0,0,0,180.0,0.0,0.0,3.5,0.0,0.0
Moussa Sissoko,2020-2021,eng Premier League,46001,6,6.0,3,2,540.0,2.0,0.0,1.0,0.5,0.333
Moussa Sissoko,2021-2022,eng Premier League,46001,9,15.0,0,2,810.0,1.0,0.0,1.667,0.0,0.222
Moussa Sissoko,2022-2023,fr Ligue 1,46001,6,12.0,1,0,496.0,1.0,0.0,2.177,0.167,0.0
Moustapha Mbow,2021-2022,fr Ligue 1,649026,1,1.0,0,0,0.0,0.0,0.0,6.0,0.0,0.0
Murillo,2023-2024,eng Premier League,1005649,9,16.0,1,1,765.0,1.0,0.0,1.882,0.111,0.111
Mário Rui,2020-2021,it Serie A,87884,17,20.0,7,10,1470.0,2.0,0.0,1.224,0.412,0.588
Mário Rui,2021-2022,it Serie A,87884,32,26.0,13,21,2822.0,7.0,0.0,0.829,0.406,0.656
Mário Rui,2022-2023,it Serie A,87884,21,15.0,11,19,1717.0,1.0,1.0,0.786,0.524,0.905
Mário Rui,2023-2024,it Serie A,87884,3,3.0,0,2,221.0,1.0,0.0,1.222,0.0,0.667
Márton Dárdai,2020-2021,de Bundesliga,432281,9,11.0,3,2,779.0,0.0,0.0,1.271,0.333,0.222
Márton Dárdai,2021-2022,de Bundesliga,432281,9,21.0,1,2,711.0,1.0,0.0,2.658,0.111,0.222
Márton Dárdai,2022-2023,de Bundesliga,432281,11,25.0,0,2,0.0,0.0,0.0,6.0,0.0,0.182
Máximo Perrone,2023-2024,es La Liga,668547,7,12.0,2,2,485.0,3.0,0.0,2.227,0.286,0.286
Mërgim Vojvoda,2020-2021,it Serie A,336125,5,14.0,1,0,368.0,1.0,0.0,3.424,0.2,0.0
Mërgim Vojvoda,2023-2024,it Serie A,336125,1,0.0,1,1,65.0,0.0,0.0,0.0,1.0,1.0
Míchel Herrero,2020-2021,es La Liga,65331,1,3.0,0,0,57.0,0.0,0.0,4.737,0.0,0.0
N'Golo Kanté,2020-2021,eng Premier League,225083,18,20.0,7,9,1491.0,4.0,0.0,1.207,0.389,0.5
N'Golo Kanté,2021-2022,eng Premier League,225083,14,13.0,5,7,1115.0,2.0,0.0,1.049,0.357,0.5
N'Golo Kanté,2022-2023,eng Premier League,225083,1,0.0,1,1,90.0,0.0,0.0,0.0,1.0,1.0
Nabil Bentaleb,2020-2021,de Bundesliga,245537,2,11.0,0,0,180.0,1.0,0.0,5.5,0.0,0.0
Nabil Bentaleb,2021-2022,fr Ligue 1,245537,6,10.0,0,1,522.0,2.0,0.0,1.724,0.0,0.167
Nabil Bentaleb,2022-2023,fr Ligue 1,245537,22,55.0,1,2,1872.0,5.0,0.0,2.644,0.045,0.091
Nabil Bentaleb,2023-2024,fr Ligue 1,245537,5,6.0,3,3,425.0,1.0,0.0,1.271,0.6,0.6
Nacho Fernández,2020-2021,es La Liga,58884,22,14.0,10,15,1933.0,8.0,0.0,0.652,0.455,0.682
Nacho Fernández,2021-2022,es La Liga,58884,17,19.0,5,10,1485.0,6.0,0.0,1.152,0.294,0.588
Nacho Fernández,2022-2023,es La Liga,58884,18,17.0,8,10,1527.0,6.0,0.0,1.002,0.444,0.556
Nacho Fernández,2023-2024,es La Liga,58884,7,5.0,3,5,570.0,0.0,0.0,0.789,0.429,0.714
Nacho Martínez,2020-2021,es La Liga,127554,20,33.0,1,4,1714.0,3.0,1.0,1.733,0.05,0.2
Nacho Monreal,2020-2021,es La Liga,43003,23,19.0,10,13,0.0,0.0,0.0,6.0,0.435,0.565
Nacho Vidal,2020-2021,es La Liga,216870,24,29.0,8,8,2128.0,8.0,0.0,1.227,0.333,0.333
Nacho Vidal,2021-2022,es La Liga,216870,32,43.0,11,11,2799.0,9.0,0.0,1.383,0.344,0.344
Nacho Vidal,2022-2023,es La Liga,216870,15,18.0,4,5,1137.0,4.0,0.0,1.425,0.267,0.333
Nacho Vidal,2023-2024,es La Liga,216870,2,2.0,0,1,105.0,1.0,0.0,1.714,0.0,0.5
Nadiem Amiri,2023-2024,de Bundesliga,232454,2,1.0,1,0,158.0,1.0,0.0,0.57,0.5,0.0
Nadir Zortea,2021-2022,it Serie A,392966,6,10.0,0,2,447.0,1.0,0.0,2.013,0.0,0.333
Nadir Zortea,2022-2023,it Serie A,392966,7,10.0,2,3,613.0,4.0,0.0,1.468,0.286,0.429
Nadir Zortea,2023-2024,it Serie A,392966,4,6.0,0,1,360.0,1.0,0.0,1.5,0.0,0.25
Nahitan Nández,2020-2021,it Serie A,315063,1,1.0,0,0,90.0,1.0,0.0,1.0,0.0,0.0
Nahitan Nández,2023-2024,it Serie A,315063,2,1.0,1,1,180.0,1.0,0.0,0.5,0.5,0.5
Nahuel Molina,2022-2023,es La Liga,424042,25,21.0,9,15,2156.0,6.0,0.0,0.877,0.36,0.6
Nahuel Tenaglia,2021-2022,es La Liga,533568,12,21.0,2,3,1026.0,2.0,0.0,1.842,0.167,0.25
Nahuel Tenaglia,2023-2024,es La Liga,533568,1,3.0,0,0,77.0,0.0,0.0,3.506,0.0,0.0
Nampalys Mendy,2020-2021,eng Premier League,111051,15,22.0,3,7,1255.0,4.0,0.0,1.578,0.2,0.467
Nampalys Mendy,2021-2022,eng Premier League,111051,11,15.0,1,4,892.0,3.0,0.0,1.513,0.091,0.364
Nampalys Mendy,2022-2023,eng Premier League,111051,4,7.0,0,1,264.0,1.0,0.0,2.386,0.0,0.25
Nampalys Mendy,2023-2024,fr Ligue 1,111051,5,7.0,2,2,377.0,1.0,0.0,1.671,0.4,0.4
Naomichi Ueda,2020-2021,fr Ligue 1,188915,8,14.0,1,2,701.0,0.0,0.0,1.797,0.125,0.25
Naouirou Ahamada,2020-2021,de Bundesliga,538971,3,9.0,0,0,130.0,1.0,1.0,6.0,0.0,0.0
Naouirou Ahamada,2022-2023,de Bundesliga,538971,6,10.0,0,1,519.0,1.0,0.0,1.734,0.0,0.167
Nathan Aké,2020-2021,eng Premier League,177476,9,14.0,3,5,778.0,4.0,0.0,1.62,0.333,0.556
Nathan Aké,2021-2022,eng Premier League,177476,10,3.0,7,8,825.0,0.0,0.0,0.327,0.7,0.8
Nathan Aké,2022-2023,eng Premier League,177476,22,21.0,7,16,1816.0,2.0,0.0,1.041,0.318,0.727
Nathan Aké,2023-2024,eng Premier League,177476,7,5.0,2,5,630.0,0.0,0.0,0.714,0.286,0.714
Nathan Collins,2021-2022,eng Premier League,469050,18,24.0,5,5,1620.0,2.0,1.0,1.333,0.278,0.278
Nathan Collins,2022-2023,eng Premier League,469050,19,31.0,4,3,1653.0,2.0,1.0,1.688,0.211,0.158
Nathan Collins,2023-2024,eng Premier League,469050,8,18.0,1,2,708.0,1.0,0.0,2.288,0.125,0.25
Nathan Patterson,2022-2023,eng Premier League,424015,14,21.0,2,2,1152.0,3.0,0.0,1.641,0.143,0.143
Nathan Zeze,2022-2023,fr Ligue 1,923832,1,0.0,1,1,60.0,0.0,0.0,0.0,1.0,1.0
Nathan Zeze,2023-2024,fr Ligue 1,923832,8,11.0,2,2,702.0,1.0,0.0,1.41,0.25,0.25
Nathan de Medina,2020-2021,de Bundesliga,285951,7,14.0,1,1,482.0,4.0,0.0,2.614,0.143,0.143
Nathan de Medina,2021-2022,de Bundesliga,285951,7,16.0,0,0,566.0,1.0,0.0,2.544,0.0,0.0
Nathaniel Adjei,2023-2024,fr Ligue 1,646829,7,8.0,1,4,630.0,0.0,0.0,1.143,0.143,0.571
Nathaniel Chalobah,2022-2023,eng Premier League,128900,1,4.0,0,0,8.0,0.0,1.0,6.0,0.0,0.0
Nathaniel Clyne,2020-2021,eng Premier League,85177,13,23.0,1,5,1147.0,2.0,0.0,1.805,0.077,0.385
Nathaniel Clyne,2021-2022,eng Premier League,85177,14,11.0,6,6,1260.0,1.0,0.0,0.786,0.429,0.429
Nathaniel Clyne,2022-2023,eng Premier League,85177,19,28.0,2,2,1594.0,3.0,0.0,1.581,0.105,0.105
Nathaniel Phillips,2020-2021,eng Premier League,371814,15,9.0,7,11,1350.0,1.0,0.0,0.6,0.467,0.733
Nathaniel Phillips,2022-2023,eng Premier League,371814,1,1.0,0,0,63.0,0.0,0.0,1.429,0.0,0.0
Nayef Aguerd,2020-2021,fr Ligue 1,361914,35,36.0,10,15,3148.0,6.0,0.0,1.029,0.286,0.429
Nayef Aguerd,2021-2022,fr Ligue 1,361914,31,30.0,12,18,2738.0,3.0,1.0,0.986,0.387,0.581
Nayef Aguerd,2022-2023,eng Premier League,361914,17,27.0,5,5,1520.0,4.0,0.0,1.599,0.294,0.294
Nayef Aguerd,2023-2024,eng Premier League,361914,4,13.0,0,0,352.0,0.0,0.0,3.324,0.0,0.0
Neco Williams,2020-2021,eng Premier League,503680,3,2.0,1,1,189.0,1.0,0.0,0.952,0.333,0.333
Neco Williams,2022-2023,eng Premier League,503680,12,19.0,4,3,1016.0,4.0,0.0,1.683,0.333,0.25
Neco Williams,2023-2024,eng Premier League,503680,7,11.0,1,1,618.0,2.0,0.0,1.602,0.143,0.143
Nehuén Paz,2020-2021,it Serie A,284724,3,6.0,0,0,261.0,0.0,0.0,2.069,0.0,0.0
Nehuén Pérez,2020-2021,es La Liga,491693,8,16.0,0,2,582.0,4.0,0.0,2.474,0.0,0.25
Nehuén Pérez,2021-2022,it Serie A,491693,18,27.0,2,5,1570.0,6.0,0.0,1.548,0.111,0.278
Nehuén Pérez,2022-2023,it Serie A,491693,32,41.0,7,8,2769.0,7.0,0.0,1.333,0.219,0.25
Nehuén Pérez,2023-2024,it Serie A,491693,8,10.0,2,2,720.0,2.0,0.0,1.25,0.25,0.25
Nemanja Gudelj,2020-2021,es La Liga,74294,10,6.0,5,6,801.0,3.0,0.0,0.674,0.5,0.6
Nemanja Gudelj,2021-2022,es La Liga,74294,9,3.0,6,2,741.0,3.0,0.0,0.364,0.667,0.222
Nemanja Gudelj,2022-2023,es La Liga,74294,31,48.0,7,10,2691.0,8.0,0.0,1.605,0.226,0.323
Nemanja Gudelj,2023-2024,es La Liga,74294,1,2.0,0,0,75.0,0.0,0.0,2.4,0.0,0.0
Nemanja Maksimovic,2020-2021,es La Liga,273152,4,6.0,2,2,327.0,2.0,0.0,1.651,0.5,0.5
Nemanja Maksimovic,2021-2022,es La Liga,273152,26,26.0,11,6,2274.0,5.0,0.0,1.029,0.423,0.231
Nemanja Maksimovic,2022-2023,es La Liga,273152,14,13.0,7,5,1006.0,1.0,0.0,1.163,0.5,0.357
Nemanja Maksimovic,2023-2024,es La Liga,273152,1,4.0,0,0,67.0,0.0,0.0,5.373,0.0,0.0
Nemanja Matic,2020-2021,eng Premier League,74683,12,18.0,4,8,1035.0,1.0,0.0,1.565,0.333,0.667
Nemanja Matic,2021-2022,eng Premier League,74683,16,30.0,2,4,1286.0,3.0,0.0,2.1,0.125,0.25
Nemanja Matic,2022-2023,it Serie A,74683,16,19.0,5,7,1369.0,3.0,0.0,1.249,0.312,0.438
Nemanja Matic,2023-2024,fr Ligue 1,74683,6,7.0,2,5,540.0,0.0,0.0,1.167,0.333,0.833
Nemanja Radoja,2020-2021,es La Liga,168959,12,18.0,1,4,927.0,0.0,0.0,1.748,0.083,0.333
Nemanja Radoja,2021-2022,es La Liga,168959,17,39.0,3,4,1197.0,3.0,0.0,2.932,0.176,0.235
Neto Borges,2022-2023,fr Ligue 1,557939,10,15.0,3,6,813.0,2.0,1.0,1.661,0.3,0.6
Neto Borges,2023-2024,fr Ligue 1,557939,5,8.0,1,1,450.0,2.0,0.0,1.6,0.2,0.2
Ngonda Muzinga,2020-2021,fr Ligue 1,426790,24,44.0,3,2,2066.0,4.0,0.0,1.917,0.125,0.083
Niccolò Pierozzi,2023-2024,it Serie A,534084,4,7.0,1,0,300.0,2.0,0.0,2.1,0.25,0.0
Niccolò Zanellato,2020-2021,it Serie A,343945,6,14.0,0,2,512.0,0.0,0.0,2.461,0.0,0.333
Nick Viergever,2021-2022,de Bundesliga,93081,24,51.0,4,2,2134.0,2.0,0.0,2.151,0.167,0.083
Nico Elvedi,2020-2021,de Bundesliga,192635,29,48.0,7,11,2537.0,1.0,0.0,1.703,0.241,0.379
Nico Elvedi,2021-2022,de Bundesliga,192635,28,55.0,3,9,2432.0,3.0,1.0,2.035,0.107,0.321
Nico Elvedi,2022-2023,de Bundesliga,192635,32,54.0,8,10,2827.0,2.0,0.0,1.719,0.25,0.312
Nico Elvedi,2023-2024,de Bundesliga,192635,8,12.0,2,0,720.0,1.0,0.0,1.5,0.25,0.0
Nico González,2022-2023,es La Liga,466805,7,9.0,2,2,466.0,1.0,0.0,1.738,0.286,0.286
Nico Melamed,2022-2023,es La Liga,570421,1,3.0,0,0,82.0,0.0,0.0,3.293,0.0,0.0
Nico Schlotterbeck,2020-2021,de Bundesliga,388198,15,20.0,2,6,1271.0,4.0,0.0,1.416,0.133,0.4
Nico Schlotterbeck,2021-2022,de Bundesliga,388198,32,39.0,10,15,2788.0,5.0,0.0,1.259,0.312,0.469
Nico Schlotterbeck,2022-2023,de Bundesliga,388198,27,35.0,10,18,2255.0,3.0,0.0,1.397,0.37,0.667
Nico Schlotterbeck,2023-2024,de Bundesliga,388198,9,7.0,4,6,810.0,1.0,0.0,0.778,0.444,0.667
Nico Schulz,2020-2021,de Bundesliga,85867,4,5.0,1,2,350.0,1.0,0.0,1.286,0.25,0.5
Nico Schulz,2021-2022,de Bundesliga,85867,9,10.0,3,6,735.0,2.0,0.0,1.224,0.333,0.667
Nicola Murru,2020-2021,it Serie A,171399,2,5.0,0,1,144.0,0.0,0.0,3.125,0.0,0.5
Nicola Murru,2021-2022,it Serie A,171399,12,19.0,3,3,802.0,2.0,0.0,2.132,0.25,0.25
Nicola Murru,2022-2023,it Serie A,171399,5,8.0,1,1,405.0,2.0,0.0,1.778,0.2,0.2
Nicola Zalewski,2022-2023,it Serie A,550108,4,5.0,1,2,346.0,1.0,0.0,1.301,0.25,0.5
Nicolas Cozza,2020-2021,fr Ligue 1,485965,15,27.0,1,4,1270.0,2.0,0.0,1.913,0.067,0.267
Nicolas Cozza,2021-2022,fr Ligue 1,485965,32,53.0,8,10,2697.0,2.0,1.0,1.769,0.25,0.312
Nicolas Cozza,2022-2023,fr Ligue 1,485965,14,27.0,2,3,1225.0,3.0,0.0,1.984,0.143,0.214
Nicolas Cozza,2023-2024,fr Ligue 1,485965,4,6.0,1,1,331.0,1.0,0.0,1.631,0.25,0.25
Nicolas Haas,2022-2023,it Serie A,192638,1,2.0,0,0,59.0,0.0,0.0,3.051,0.0,0.0
Nicolas Höfler,2020-2021,de Bundesliga,55099,30,44.0,6,12,2685.0,11.0,0.0,1.475,0.2,0.4
Nicolas Höfler,2021-2022,de Bundesliga,55099,30,44.0,8,15,2602.0,5.0,0.0,1.522,0.267,0.5
Nicolas Höfler,2022-2023,de Bundesliga,55099,32,41.0,13,16,2822.0,9.0,1.0,1.308,0.406,0.5
Nicolas Höfler,2023-2024,de Bundesliga,55099,7,17.0,0,1,613.0,3.0,0.0,2.496,0.0,0.143
Nicolas N'Koulou,2020-2021,it Serie A,60577,16,29.0,4,3,1323.0,4.0,0.0,1.973,0.25,0.188
Nicolas N'Koulou,2021-2022,eng Premier League,60577,2,2.0,0,1,154.0,0.0,0.0,1.169,0.0,0.5
Nicolas Pallois,2020-2021,fr Ligue 1,139279,31,44.0,5,8,2773.0,8.0,0.0,1.428,0.161,0.258
Nicolas Pallois,2021-2022,fr Ligue 1,139279,29,33.0,6,11,2447.0,8.0,0.0,1.214,0.207,0.379
Nicolas Pallois,2022-2023,fr Ligue 1,139279,26,43.0,5,3,2217.0,4.0,0.0,1.746,0.192,0.115
Nicolas Pallois,2023-2024,fr Ligue 1,139279,4,5.0,1,2,360.0,1.0,0.0,1.25,0.25,0.5
Nicolas Viola,2020-2021,it Serie A,85393,7,13.0,1,1,564.0,0.0,0.0,2.074,0.143,0.143
Nicolas Viola,2021-2022,it Serie A,85393,1,2.0,0,0,52.0,0.0,0.0,3.462,0.0,0.0
Nicolás Domínguez,2020-2021,it Serie A,497291,8,9.0,2,2,528.0,3.0,0.0,1.534,0.25,0.25
Nicolás Domínguez,2021-2022,it Serie A,497291,20,35.0,6,8,1637.0,6.0,0.0,1.924,0.3,0.4
Nicolás Domínguez,2022-2023,it Serie A,497291,1,0.0,1,1,90.0,1.0,0.0,0.0,1.0,1.0
Nicolás Domínguez,2023-2024,eng Premier League,497291,4,6.0,1,1,310.0,1.0,0.0,1.742,0.25,0.25
Nicolás Fernández Mercau,2022-2023,es La Liga,739315,1,4.0,0,0,90.0,0.0,0.0,4.0,0.0,0.0
Nicolás Tagliafico,2022-2023,fr Ligue 1,131225,26,33.0,6,10,2274.0,4.0,0.0,1.306,0.231,0.385
Nicolás Tagliafico,2023-2024,fr Ligue 1,131225,5,6.0,2,4,450.0,1.0,0.0,1.2,0.4,0.8
Nicolò Barella,2020-2021,it Serie A,255942,2,3.0,1,2,159.0,1.0,0.0,1.698,0.5,1.0
Nicolò Barella,2021-2022,it Serie A,255942,1,2.0,0,0,90.0,0.0,0.0,2.0,0.0,0.0
Nicolò Casale,2021-2022,it Serie A,389837,27,40.0,3,11,2190.0,8.0,0.0,1.644,0.111,0.407
Nicolò Casale,2022-2023,it Serie A,389837,27,24.0,15,15,2396.0,6.0,0.0,0.902,0.556,0.556
Nicolò Casale,2023-2024,it Serie A,389837,2,4.0,0,1,180.0,0.0,0.0,2.0,0.0,0.5
Nicolò Fagioli,2022-2023,it Serie A,432090,1,2.0,0,1,90.0,0.0,0.0,2.0,0.0,1.0
Nicolò Rovella,2020-2021,it Serie A,525704,6,11.0,2,1,532.0,2.0,0.0,1.861,0.333,0.167
Nicolò Rovella,2021-2022,it Serie A,525704,4,11.0,0,1,347.0,1.0,0.0,2.853,0.0,0.25
Nicolò Rovella,2022-2023,it Serie A,525704,20,19.0,10,11,1552.0,6.0,1.0,1.102,0.5,0.55
Nicolò Rovella,2023-2024,it Serie A,525704,1,3.0,0,0,90.0,1.0,0.0,3.0,0.0,0.0
Niels Nkounkou,2020-2021,eng Premier League,591193,1,2.0,0,0,69.0,1.0,0.0,2.609,0.0,0.0
Niklas Dorsch,2021-2022,de Bundesliga,251302,26,39.0,8,8,2161.0,8.0,0.0,1.624,0.308,0.308
Niklas Dorsch,2022-2023,de Bundesliga,251302,4,8.0,0,1,288.0,0.0,0.0,2.5,0.0,0.25
Niklas Moisander,2020-2021,de Bundesliga,5017,12,28.0,1,0,1080.0,3.0,0.0,2.333,0.083,0.0
Niklas Stark,2020-2021,de Bundesliga,162434,31,51.0,7,6,2755.0,2.0,0.0,1.666,0.226,0.194
Niklas Stark,2021-2022,de Bundesliga,162434,22,43.0,3,6,1954.0,3.0,0.0,1.981,0.136,0.273
Niklas Stark,2022-2023,de Bundesliga,162434,23,42.0,2,7,1978.0,8.0,0.0,1.911,0.087,0.304
Niklas Stark,2023-2024,de Bundesliga,162434,5,5.0,2,3,395.0,2.0,0.0,1.139,0.4,0.6
Niklas Süle,2020-2021,de Bundesliga,166601,16,20.0,5,11,1422.0,1.0,0.0,1.266,0.312,0.688
Niklas Süle,2021-2022,de Bundesliga,166601,19,24.0,5,12,1662.0,2.0,0.0,1.3,0.263,0.632
Niklas Süle,2022-2023,de Bundesliga,166601,23,31.0,7,14,2009.0,2.0,0.0,1.389,0.304,0.609
Niklas Süle,2023-2024,de Bundesliga,166601,7,3.0,4,5,585.0,0.0,0.0,0.462,0.571,0.714
Niklas Tauer,2021-2022,de Bundesliga,470815,6,11.0,2,1,411.0,1.0,1.0,2.409,0.333,0.167
Niko Gießelmann,2020-2021,de Bundesliga,72792,1,2.0,0,0,90.0,0.0,0.0,2.0,0.0,0.0
Niko Gießelmann,2021-2022,de Bundesliga,72792,3,10.0,0,1,270.0,1.0,0.0,3.333,0.0,0.333
Nikola Maksimovic,2020-2021,it Serie A,124715,12,21.0,3,5,1060.0,1.0,0.0,1.783,0.25,0.417
Nikola Maksimovic,2021-2022,it Serie A,124715,13,17.0,4,2,1097.0,2.0,0.0,1.395,0.308,0.154
Nikola Maras,2021-2022,es La Liga,258475,11,16.0,3,3,957.0,3.0,0.0,1.505,0.273,0.273
Nikola Milenkovic,2020-2021,it Serie A,413507,34,54.0,8,8,3036.0,7.0,1.0,1.601,0.235,0.235
Nikola Milenkovic,2021-2022,it Serie A,413507,34,44.0,11,16,2929.0,10.0,0.0,1.352,0.324,0.471
Nikola Milenkovic,2022-2023,it Serie A,413507,23,25.0,7,9,1983.0,4.0,0.0,1.135,0.304,0.391
Nikola Milenković,2023-2024,it Serie A,413507,6,7.0,1,2,540.0,2.0,0.0,1.167,0.167,0.333
Nikola Moro,2022-2023,it Serie A,316934,4,8.0,0,1,279.0,0.0,0.0,2.581,0.0,0.25
Nikola Soldo,2022-2023,de Bundesliga,674921,6,10.0,0,0,540.0,0.0,0.0,1.667,0.0,0.0
Nikola Vukcevic,2020-2021,es La Liga,151470,10,10.0,2,3,734.0,3.0,0.0,1.226,0.2,0.3
Nikolas Nartey,2022-2023,de Bundesliga,400546,3,5.0,0,0,237.0,1.0,0.0,1.899,0.0,0.0
Nils Seufert,2021-2022,de Bundesliga,279064,1,5.0,0,0,0.0,0.0,0.0,6.0,0.0,0.0
Njegos Petrovic,2021-2022,es La Liga,376588,10,19.0,2,2,820.0,5.0,0.0,2.085,0.2,0.2
Noah Fadiga,2022-2023,fr Ligue 1,379168,16,24.0,3,3,1241.0,1.0,0.0,1.741,0.188,0.188
Noah Katterbach,2020-2021,de Bundesliga,469949,9,12.0,2,1,722.0,1.0,0.0,1.496,0.222,0.111
Noah Loosli,2023-2024,de Bundesliga,265209,2,4.0,1,1,180.0,1.0,0.0,2.0,0.5,0.5
Norbert Gyomber,2021-2022,it Serie A,205054,30,56.0,2,7,2559.0,9.0,0.0,1.97,0.067,0.233
Norbert Gyomber,2022-2023,it Serie A,205054,23,26.0,6,6,1684.0,5.0,0.0,1.39,0.261,0.261
Norbert Gyömbér,2023-2024,it Serie A,205054,3,5.0,0,0,230.0,0.0,0.0,1.957,0.0,0.0
Nordi Mukiele,2020-2021,de Bundesliga,348026,12,11.0,5,7,948.0,4.0,0.0,1.044,0.417,0.583
Nordi Mukiele,2021-2022,de Bundesliga,348026,8,15.0,0,2,687.0,0.0,0.0,1.965,0.0,0.25
Nordi Mukiele,2022-2023,fr Ligue 1,348026,7,8.0,3,6,630.0,0.0,0.0,1.143,0.429,0.857
Nordi Mukiele,2023-2024,fr Ligue 1,348026,2,1.0,1,1,180.0,1.0,0.0,0.5,0.5,0.5
Norman Theuerkauf,2023-2024,de Bundesliga,31599,1,1.0,0,0,90.0,0.0,0.0,1.0,0.0,0.0
Noussair Mazraoui,2022-2023,de Bundesliga,340456,11,13.0,3,8,897.0,0.0,0.0,1.304,0.273,0.727
Noussair Mazraoui,2023-2024,de Bundesliga,340456,2,4.0,0,1,95.0,0.0,0.0,3.789,0.0,0.5
Nuke Mfulu,2020-2021,es La Liga,203516,7,10.0,2,2,469.0,3.0,0.0,1.919,0.286,0.286
Nuno Mendes,2021-2022,fr Ligue 1,616341,17,16.0,5,10,1443.0,3.0,0.0,0.998,0.294,0.588
Nuno Mendes,2022-2023,fr Ligue 1,616341,8,9.0,2,6,620.0,1.0,0.0,1.306,0.25,0.75
Nuno Tavares,2021-2022,eng Premier League,535955,13,19.0,3,8,1077.0,1.0,0.0,1.588,0.231,0.615
Nuno Tavares,2022-2023,fr Ligue 1,535955,1,0.0,1,1,90.0,0.0,0.0,0.0,1.0,1.0
Nuno Tavares,2023-2024,eng Premier League,535955,4,7.0,1,1,360.0,0.0,0.0,1.75,0.25,0.25
Nunoo Sarpei,2021-2022,de Bundesliga,451340,7,20.0,0,0,0.0,0.0,0.0,6.0,0.0,0.0
Nélson Semedo,2020-2021,eng Premier League,231572,23,33.0,5,8,2036.0,5.0,0.0,1.459,0.217,0.348
Nélson Semedo,2021-2022,eng Premier League,231572,16,12.0,6,7,1386.0,0.0,0.0,0.779,0.375,0.438
Nélson Semedo,2022-2023,eng Premier League,231572,30,46.0,8,9,2494.0,10.0,1.0,1.66,0.267,0.3
Nélson Semedo,2023-2024,eng Premier League,231572,1,1.0,0,1,90.0,1.0,0.0,1.0,0.0,1.0
Néstor Araújo,2020-2021,es La Liga,64134,26,36.0,7,8,2229.0,4.0,0.0,1.454,0.269,0.308
Néstor Araújo,2021-2022,es La Liga,64134,29,32.0,11,9,2527.0,4.0,0.0,1.14,0.379,0.31
Odilon Kossounou,2021-2022,de Bundesliga,644771,20,25.0,6,11,1714.0,3.0,0.0,1.313,0.3,0.55
Odilon Kossounou,2022-2023,de Bundesliga,644771,17,22.0,5,8,1422.0,3.0,0.0,1.392,0.294,0.471
Odilon Kossounou,2023-2024,de Bundesliga,644771,1,1.0,0,1,90.0,0.0,0.0,1.0,0.0,1.0
Oier Sanjurjo,2020-2021,es La Liga,63040,18,25.0,6,5,1477.0,6.0,0.0,1.523,0.333,0.278
Oier Sanjurjo,2021-2022,es La Liga,63040,4,5.0,0,1,268.0,1.0,0.0,1.679,0.0,0.25
Oier Zarraga,2020-2021,es La Liga,524010,1,1.0,0,1,54.0,0.0,0.0,1.667,0.0,1.0
Oier Zarraga,2022-2023,es La Liga,524010,1,0.0,1,0,86.0,0.0,0.0,0.0,1.0,0.0
Oier Zarraga,2023-2024,it Serie A,524010,1,1.0,0,1,90.0,0.0,0.0,1.0,0.0,1.0
Okay Yokuşlu,2020-2021,eng Premier League,137616,14,20.0,4,3,1232.0,4.0,0.0,1.461,0.286,0.214
Okay Yokuşlu,2020-2021,es La Liga,137616,3,6.0,1,0,270.0,1.0,0.0,2.0,0.333,0.0
Okay Yokuşlu,2021-2022,es La Liga,137616,6,1.0,5,2,492.0,1.0,0.0,0.183,0.833,0.333
Ola Aina,2020-2021,eng Premier League,236490,31,38.0,8,5,2670.0,3.0,0.0,1.281,0.258,0.161
Oleksandr Zinchenko,2020-2021,eng Premier League,203853,14,11.0,7,12,1251.0,0.0,0.0,0.791,0.5,0.857
Oleksandr Zinchenko,2021-2022,eng Premier League,203853,10,8.0,5,9,900.0,0.0,0.0,0.8,0.5,0.9
Oleksandr Zinchenko,2022-2023,eng Premier League,203853,26,31.0,10,18,2119.0,3.0,0.0,1.317,0.385,0.692
Oleksandr Zinchenko,2023-2024,eng Premier League,203853,3,2.0,1,3,225.0,0.0,0.0,0.8,0.333,1.0
Oliver Abildgaard,2022-2023,it Serie A,325993,6,9.0,2,2,480.0,2.0,0.0,1.688,0.333,0.333
Oliver Arblaster,2023-2024,eng Premier League,874066,1,2.0,0,0,80.0,0.0,0.0,2.25,0.0,0.0
Oliver Norwood,2020-2021,eng Premier League,73547,13,21.0,2,4,973.0,1.0,0.0,1.942,0.154,0.308
Oliver Norwood,2023-2024,eng Premier League,73547,1,6.0,0,0,17.0,0.0,0.0,6.0,0.0,0.0
Oliver Skipp,2021-2022,eng Premier League,406638,13,10.0,8,9,1126.0,5.0,0.0,0.799,0.615,0.692
Oliver Skipp,2022-2023,eng Premier League,406638,13,23.0,3,6,1124.0,5.0,0.0,1.842,0.231,0.462
Oliver Skipp,2023-2024,eng Premier League,406638,1,2.0,0,1,45.0,0.0,0.0,4.0,0.0,1.0
Oliver Zandén,2022-2023,fr Ligue 1,611195,1,3.0,0,0,63.0,0.0,0.0,4.286,0.0,0.0
Omar Alderete,2020-2021,de Bundesliga,353032,14,18.0,6,4,1245.0,2.0,0.0,1.301,0.429,0.286
Omar Alderete,2021-2022,es La Liga,353032,27,36.0,10,7,2275.0,14.0,0.0,1.424,0.37,0.259
Omar Alderete,2022-2023,es La Liga,353032,23,26.0,6,5,2004.0,9.0,0.0,1.168,0.261,0.217
Omar Alderete,2023-2024,es La Liga,353032,9,14.0,2,3,791.0,2.0,0.0,1.593,0.222,0.333
Omar Colley,2020-2021,it Serie A,174733,28,38.0,6,12,2520.0,6.0,0.0,1.357,0.214,0.429
Omar Colley,2021-2022,it Serie A,174733,31,48.0,7,10,2740.0,6.0,1.0,1.577,0.226,0.323
Omar Colley,2022-2023,it Serie A,174733,15,25.0,2,1,1340.0,5.0,0.0,1.679,0.133,0.067
Omar El Hilali,2022-2023,es La Liga,822331,1,2.0,0,0,54.0,0.0,0.0,3.333,0.0,0.0
Omar Mascarell,2020-2021,de Bundesliga,142031,21,50.0,1,1,1691.0,5.0,0.0,2.661,0.048,0.048
Omar Mascarell,2021-2022,es La Liga,142031,29,41.0,5,9,2385.0,6.0,0.0,1.547,0.172,0.31
Omar Mascarell,2022-2023,es La Liga,142031,24,49.0,1,1,2090.0,4.0,0.0,2.11,0.042,0.042
Omar Mascarell,2023-2024,es La Liga,142031,3,5.0,1,2,259.0,0.0,0.0,1.737,0.333,0.667
Omar Richards,2021-2022,de Bundesliga,424881,3,2.0,1,2,163.0,0.0,0.0,1.104,0.333,0.667
Omar Traoré,2023-2024,de Bundesliga,388294,8,9.0,1,1,625.0,2.0,0.0,1.296,0.125,0.125
Ondrej Duda,2023-2024,it Serie A,232418,1,3.0,0,0,90.0,0.0,0.0,3.0,0.0,0.0
Orel Mangala,2020-2021,de Bundesliga,289592,21,31.0,4,8,1840.0,3.0,0.0,1.516,0.19,0.381
Orel Mangala,2021-2022,de Bundesliga,289592,6,8.0,2,0,486.0,0.0,0.0,1.481,0.333,0.0
Orel Mangala,2022-2023,eng Premier League,289592,10,15.0,2,4,798.0,0.0,0.0,1.692,0.2,0.4
Orel Mangala,2023-2024,eng Premier League,289592,2,5.0,0,0,161.0,1.0,0.0,2.795,0.0,0.0
Oriol Romeu,2020-2021,eng Premier League,66100,12,17.0,3,5,1073.0,4.0,0.0,1.426,0.25,0.417
Oriol Romeu,2021-2022,eng Premier League,66100,25,33.0,8,8,2175.0,6.0,0.0,1.366,0.32,0.32
Oriol Romeu,2022-2023,eng Premier League,66100,1,4.0,0,0,75.0,0.0,0.0,4.8,0.0,0.0
Oriol Romeu,2022-2023,es La Liga,66100,33,48.0,4,12,2952.0,10.0,0.0,1.463,0.121,0.364
Oriol Romeu,2023-2024,es La Liga,66100,1,5.0,0,0,45.0,1.0,0.0,6.0,0.0,0.0
Oscar Wendt,2020-2021,de Bundesliga,19305,11,15.0,2,4,886.0,2.0,0.0,1.524,0.182,0.364
Otávio,2020-2021,fr Ligue 1,312314,17,18.0,9,6,1471.0,6.0,0.0,1.101,0.529,0.353
Otávio,2021-2022,fr Ligue 1,312314,12,25.0,0,1,0.0,0.0,0.0,6.0,0.0,0.083
Oualid El Hajjam,2021-2022,fr Ligue 1,283127,12,17.0,2,2,890.0,2.0,0.0,1.719,0.167,0.167
Oumar Gonzalez,2022-2023,fr Ligue 1,388795,29,58.0,5,5,2569.0,9.0,0.0,2.032,0.172,0.172
Ousmane Camara,2022-2023,fr Ligue 1,804711,6,20.0,0,0,440.0,1.0,0.0,4.091,0.0,0.0
Oussama El Azzouzi,2023-2024,it Serie A,531065,1,1.0,0,1,73.0,1.0,0.0,1.233,0.0,1.0
Oussama Targhalline,2023-2024,fr Ligue 1,667965,1,2.0,0,0,66.0,2.0,0.0,2.727,0.0,0.0
Ozan Kabak,2020-2021,de Bundesliga,361260,14,38.0,1,1,1245.0,6.0,0.0,2.747,0.071,0.071
Ozan Kabak,2020-2021,eng Premier League,361260,9,9.0,3,4,803.0,3.0,0.0,1.009,0.333,0.444
Ozan Kabak,2021-2022,eng Premier League,361260,11,27.0,2,0,924.0,2.0,0.0,2.63,0.182,0.0
Ozan Kabak,2022-2023,de Bundesliga,361260,28,47.0,4,7,2333.0,11.0,0.0,1.813,0.143,0.25
Ozan Kabak,2023-2024,de Bundesliga,361260,7,13.0,0,2,618.0,4.0,0.0,1.893,0.0,0.286
Pablo,2020-2021,fr Ligue 1,149577,12,16.0,6,4,1046.0,5.0,0.0,1.377,0.5,0.333
Pablo Galdames,2021-2022,it Serie A,313830,2,4.0,0,0,119.0,2.0,0.0,3.025,0.0,0.0
Pablo Galdames,2022-2023,it Serie A,313830,3,5.0,0,0,231.0,0.0,0.0,1.948,0.0,0.0
Pablo Hervías,2020-2021,es La Liga,142027,8,10.0,1,2,637.0,1.0,0.0,1.413,0.125,0.25
Pablo Ibáñez,2022-2023,es La Liga,785353,2,3.0,0,1,153.0,0.0,0.0,1.765,0.0,0.5
Pablo Ibáñez,2023-2024,es La Liga,785353,1,3.0,0,0,62.0,0.0,0.0,4.355,0.0,0.0
Pablo Insua,2020-2021,es La Liga,171362,17,25.0,2,3,1482.0,8.0,0.0,1.518,0.118,0.176
Pablo Maffeo,2020-2021,es La Liga,251876,12,28.0,1,1,969.0,2.0,0.0,2.601,0.083,0.083
Pablo Maffeo,2021-2022,es La Liga,251876,33,51.0,8,9,2772.0,9.0,0.0,1.656,0.242,0.273
Pablo Maffeo,2022-2023,es La Liga,251876,23,33.0,5,5,1981.0,4.0,1.0,1.499,0.217,0.217
Pablo Martínez,2020-2021,fr Ligue 1,282900,6,10.0,2,2,506.0,1.0,0.0,1.779,0.333,0.333
Pablo Marí,2020-2021,eng Premier League,210178,10,8.0,4,6,900.0,2.0,0.0,0.8,0.4,0.6
Pablo Marí,2021-2022,eng Premier League,210178,2,4.0,0,0,180.0,1.0,0.0,2.0,0.0,0.0
Pablo Marí,2021-2022,it Serie A,210178,15,21.0,2,5,1342.0,2.0,1.0,1.408,0.133,0.333
Pablo Marí,2022-2023,it Serie A,210178,28,38.0,7,11,2421.0,4.0,0.0,1.413,0.25,0.393
Pablo Marí,2023-2024,it Serie A,210178,9,11.0,5,5,787.0,2.0,0.0,1.258,0.556,0.556
Pablo Rosario,2021-2022,fr Ligue 1,370791,29,26.0,11,17,2434.0,7.0,0.0,0.961,0.379,0.586
Pablo Rosario,2022-2023,fr Ligue 1,370791,15,18.0,2,4,1272.0,2.0,0.0,1.274,0.133,0.267
Pablo Rosario,2023-2024,fr Ligue 1,370791,4,6.0,0,1,320.0,2.0,0.0,1.688,0.0,0.25
Panagiotis Retsos,2020-2021,fr Ligue 1,324351,4,9.0,0,0,273.0,2.0,0.0,2.967,0.0,0.0
Panagiotis Retsos,2021-2022,it Serie A,324351,1,1.0,0,1,6.0,0.0,0.0,6.0,0.0,1.0
Panagiotis Retsos,2022-2023,it Serie A,324351,1,1.0,0,0,90.0,0.0,0.0,1.0,0.0,0.0
Pantelis Hatzidiakos,2023-2024,it Serie A,144244,1,2.0,0,0,45.0,0.0,0.0,4.0,0.0,0.0
Paolo Faragò,2020-2021,it Serie A,167796,4,7.0,0,0,327.0,2.0,0.0,1.927,0.0,0.0
Paolo Ghiglione,2020-2021,it Serie A,313477,1,2.0,0,0,90.0,0.0,0.0,2.0,0.0,0.0
Paolo Ghiglione,2021-2022,it Serie A,313477,1,3.0,0,0,45.0,0.0,0.0,6.0,0.0,0.0
Papa Ndiaga Yade,2022-2023,fr Ligue 1,568702,3,6.0,0,2,219.0,1.0,0.0,2.466,0.0,0.667
Pape Abou Cissé,2020-2021,fr Ligue 1,364234,14,18.0,5,7,1260.0,1.0,0.0,1.286,0.357,0.5
Pape Cheikh,2020-2021,fr Ligue 1,336828,4,6.0,1,1,344.0,1.0,0.0,1.57,0.25,0.25
Pape Diop,2020-2021,es La Liga,39907,21,30.0,3,4,1653.0,4.0,1.0,1.633,0.143,0.19
Pape Gueye,2020-2021,fr Ligue 1,485963,15,21.0,2,5,1289.0,4.0,0.0,1.466,0.133,0.333
Pape Gueye,2021-2022,fr Ligue 1,485963,8,7.0,3,6,692.0,1.0,0.0,0.91,0.375,0.75
Pape Gueye,2022-2023,es La Liga,485963,13,16.0,4,5,979.0,4.0,1.0,1.471,0.308,0.385
Pape Gueye,2022-2023,fr Ligue 1,485963,4,4.0,1,3,300.0,1.0,0.0,1.2,0.25,0.75
Pape Gueye,2023-2024,fr Ligue 1,485963,3,3.0,1,2,204.0,0.0,0.0,1.324,0.333,0.667
Pape Matar Sarr,2020-2021,fr Ligue 1,568693,10,17.0,1,2,791.0,2.0,0.0,1.934,0.1,0.2
Pape Matar Sarr,2021-2022,fr Ligue 1,568693,3,3.0,2,1,270.0,2.0,0.0,1.0,0.667,0.333
Pape Matar Sarr,2022-2023,eng Premier League,568693,1,2.0,0,0,76.0,1.0,0.0,2.368,0.0,0.0
Pape Matar Sarr,2023-2024,eng Premier League,568693,3,5.0,1,1,207.0,1.0,0.0,2.174,0.333,0.333
Pascal Groß,2020-2021,eng Premier League,82873,5,3.0,3,1,441.0,0.0,0.0,0.612,0.6,0.2
Pascal Groß,2021-2022,eng Premier League,82873,1,2.0,0,0,78.0,0.0,0.0,2.308,0.0,0.0
Pascal Groß,2022-2023,eng Premier League,82873,23,33.0,7,11,2049.0,5.0,0.0,1.449,0.304,0.478
Pascal Groß,2023-2024,eng Premier League,82873,3,2.0,1,2,270.0,1.0,0.0,0.667,0.333,0.667
Pascal Klemens,2022-2023,de Bundesliga,820261,1,1.0,0,1,90.0,0.0,0.0,1.0,0.0,1.0
Pascal Stenzel,2020-2021,de Bundesliga,195246,13,20.0,1,3,1037.0,3.0,0.0,1.736,0.077,0.231
Pascal Stenzel,2021-2022,de Bundesliga,195246,9,14.0,2,1,721.0,1.0,0.0,1.748,0.222,0.111
Pascal Stenzel,2022-2023,de Bundesliga,195246,3,8.0,0,0,235.0,0.0,0.0,3.064,0.0,0.0
Pascal Stenzel,2023-2024,de Bundesliga,195246,3,2.0,1,3,166.0,2.0,0.0,1.084,0.333,1.0
Pascal Struijk,2020-2021,eng Premier League,410708,22,27.0,8,9,1840.0,2.0,0.0,1.321,0.364,0.409
Pascal Struijk,2021-2022,eng Premier League,410708,22,51.0,1,5,1890.0,6.0,0.0,2.429,0.045,0.227
Pascal Struijk,2022-2023,eng Premier League,410708,26,57.0,4,5,2183.0,5.0,0.0,2.35,0.154,0.192
Pasquale Mazzocchi,2021-2022,it Serie A,250153,21,42.0,2,3,1706.0,4.0,0.0,2.216,0.095,0.143
Pasquale Mazzocchi,2023-2024,it Serie A,250153,2,2.0,0,0,150.0,0.0,0.0,1.2,0.0,0.0
Pasquale Schiattarella,2020-2021,it Serie A,56762,26,53.0,4,5,2175.0,13.0,1.0,2.193,0.154,0.192
Pathé Ciss,2021-2022,es La Liga,525578,4,5.0,1,1,294.0,2.0,0.0,1.531,0.25,0.25
Pathé Ciss,2022-2023,es La Liga,525578,7,11.0,2,1,583.0,1.0,0.0,1.698,0.286,0.143
Patric,2020-2021,it Serie A,126729,17,25.0,5,9,1343.0,7.0,0.0,1.675,0.294,0.529
Patric,2021-2022,it Serie A,126729,19,27.0,6,10,1540.0,6.0,0.0,1.578,0.316,0.526
Patric,2022-2023,it Serie A,126729,16,6.0,11,12,1362.0,1.0,0.0,0.396,0.688,0.75
Patric,2023-2024,it Serie A,126729,1,2.0,0,0,11.0,0.0,0.0,6.0,0.0,0.0
Patrick Berg,2021-2022,fr Ligue 1,308439,2,3.0,0,1,153.0,0.0,0.0,1.765,0.0,0.5
Patrick Burner,2020-2021,fr Ligue 1,444725,14,31.0,3,3,1204.0,0.0,0.0,2.317,0.214,0.214
Patrick Dorgu,2023-2024,it Serie A,926952,1,2.0,0,0,79.0,1.0,0.0,2.278,0.0,0.0
Patrick Mainka,2023-2024,de Bundesliga,133731,9,11.0,1,1,810.0,0.0,0.0,1.222,0.111,0.111
Patrick Osterhage,2022-2023,de Bundesliga,443331,3,3.0,1,1,253.0,1.0,0.0,1.067,0.333,0.333
Patrick Osterhage,2023-2024,de Bundesliga,443331,2,3.0,0,0,165.0,2.0,0.0,1.636,0.0,0.0
Patrick van Aanholt,2020-2021,eng Premier League,52119,19,34.0,4,5,1710.0,2.0,0.0,1.789,0.211,0.263
Pau Cubarsí,2023-2024,es La Liga,962110,9,7.0,5,7,780.0,0.0,0.0,0.808,0.556,0.778
Pau Torres,2020-2021,es La Liga,399776,33,34.0,10,13,2970.0,2.0,0.0,1.03,0.303,0.394
Pau Torres,2021-2022,es La Liga,399776,33,34.0,11,15,2856.0,5.0,0.0,1.071,0.333,0.455
Pau Torres,2022-2023,es La Liga,399776,34,35.0,11,17,3055.0,10.0,0.0,1.031,0.324,0.5
Pau Torres,2023-2024,eng Premier League,399776,4,8.0,0,2,315.0,0.0,0.0,2.286,0.0,0.5
Paul Akouokou,2021-2022,es La Liga,429901,5,4.0,3,2,416.0,1.0,1.0,0.865,0.6,0.4
Paul Akouokou,2022-2023,es La Liga,429901,3,1.0,2,2,269.0,1.0,0.0,0.335,0.667,0.667
Paul Baysse,2020-2021,fr Ligue 1,43256,29,43.0,11,10,2578.0,4.0,1.0,1.501,0.379,0.345
Paul Dummett,2020-2021,eng Premier League,170321,14,20.0,3,5,1233.0,2.0,0.0,1.46,0.214,0.357
Paul Dummett,2021-2022,eng Premier League,170321,2,1.0,1,1,153.0,2.0,0.0,0.588,0.5,0.5
Paul Jaeckel,2021-2022,de Bundesliga,284248,22,29.0,5,11,1980.0,5.0,0.0,1.318,0.227,0.5
Paul Jaeckel,2022-2023,de Bundesliga,284248,13,16.0,3,5,1119.0,4.0,0.0,1.287,0.231,0.385
Paul Joly,2022-2023,fr Ligue 1,806168,10,22.0,1,2,868.0,2.0,0.0,2.281,0.1,0.2
Paul Lasne,2020-2021,fr Ligue 1,93726,14,23.0,3,5,1175.0,2.0,1.0,1.762,0.214,0.357
Paul Lasne,2021-2022,fr Ligue 1,93726,2,1.0,1,2,180.0,0.0,0.0,0.5,0.5,1.0
Paul Pogba,2020-2021,eng Premier League,122153,2,4.0,0,1,157.0,1.0,0.0,2.293,0.0,0.5
Paul Pogba,2021-2022,eng Premier League,122153,2,6.0,0,1,84.0,0.0,0.0,6.0,0.0,0.5
Paul Seguin,2021-2022,de Bundesliga,183780,1,5.0,0,0,90.0,1.0,0.0,5.0,0.0,0.0
Paulo Oliveira,2020-2021,es La Liga,139336,29,38.0,7,5,2596.0,3.0,0.0,1.317,0.241,0.172
Paulo Otávio,2020-2021,de Bundesliga,221611,19,19.0,10,8,1690.0,6.0,1.0,1.012,0.526,0.421
Paulo Otávio,2021-2022,de Bundesliga,221611,2,4.0,0,0,108.0,0.0,0.0,3.333,0.0,0.0
Paulo Otávio,2022-2023,de Bundesliga,221611,23,24.0,10,9,1909.0,6.0,0.0,1.131,0.435,0.391
Pavel Kaderabek,2020-2021,de Bundesliga,143798,7,8.0,1,4,630.0,1.0,0.0,1.143,0.143,0.571
Pavel Kaderabek,2021-2022,de Bundesliga,143798,6,13.0,1,1,503.0,2.0,0.0,2.326,0.167,0.167
Pavel Kaderabek,2022-2023,de Bundesliga,143798,1,2.0,0,0,90.0,0.0,0.0,2.0,0.0,0.0
Pavel Kaderabek,2023-2024,de Bundesliga,143798,3,4.0,0,0,243.0,1.0,0.0,1.481,0.0,0.0
Pawel Dawidowicz,2020-2021,it Serie A,248732,22,32.0,2,4,1662.0,8.0,0.0,1.733,0.091,0.182
Pawel Dawidowicz,2021-2022,it Serie A,248732,13,21.0,2,6,1125.0,2.0,0.0,1.68,0.154,0.462
Pawel Dawidowicz,2022-2023,it Serie A,248732,20,27.0,4,5,1558.0,6.0,1.0,1.56,0.2,0.25
Pawel Jaroszynski,2021-2022,it Serie A,287600,4,12.0,0,1,346.0,1.0,0.0,3.121,0.0,0.25
Paweł Dawidowicz,2023-2024,it Serie A,248732,8,12.0,2,1,676.0,2.0,0.0,1.598,0.25,0.125
Pedro Alcalá,2020-2021,es La Liga,51663,8,18.0,0,1,698.0,2.0,0.0,2.321,0.0,0.125
Pedro Bigas,2020-2021,es La Liga,203043,19,23.0,5,2,1499.0,1.0,0.0,1.381,0.263,0.105
Pedro Bigas,2021-2022,es La Liga,203043,19,27.0,4,5,1556.0,6.0,0.0,1.562,0.211,0.263
Pedro Bigas,2022-2023,es La Liga,203043,25,46.0,3,3,1942.0,3.0,2.0,2.132,0.12,0.12
Pedro Chirivella,2020-2021,fr Ligue 1,242273,21,32.0,1,6,1747.0,3.0,0.0,1.649,0.048,0.286
Pedro Chirivella,2021-2022,fr Ligue 1,242273,19,20.0,6,8,1613.0,4.0,0.0,1.116,0.316,0.421
Pedro Chirivella,2022-2023,fr Ligue 1,242273,11,15.0,3,2,911.0,0.0,0.0,1.482,0.273,0.182
Pedro Chirivella,2023-2024,fr Ligue 1,242273,7,10.0,2,2,544.0,0.0,0.0,1.654,0.286,0.286
Pedro López,2020-2021,es La Liga,25412,7,8.0,1,0,554.0,2.0,0.0,1.3,0.143,0.0
Pedro Mendes,2020-2021,fr Ligue 1,72857,19,31.0,3,8,1583.0,4.0,0.0,1.762,0.158,0.421
Pedro Mosquera,2020-2021,es La Liga,44069,13,18.0,2,1,1112.0,1.0,0.0,1.457,0.154,0.077
Pedro Obiang,2020-2021,it Serie A,101213,9,19.0,0,2,675.0,1.0,1.0,2.533,0.0,0.222
Pedro Obiang,2022-2023,it Serie A,101213,11,17.0,2,4,804.0,2.0,0.0,1.903,0.182,0.364
Pedro Obiang,2023-2024,it Serie A,101213,1,1.0,0,0,72.0,0.0,0.0,1.25,0.0,0.0
Pedro Pereira,2020-2021,it Serie A,314965,2,7.0,0,0,175.0,0.0,0.0,3.6,0.0,0.0
Pedro Porro,2022-2023,eng Premier League,553875,1,6.0,0,0,90.0,0.0,0.0,6.0,0.0,0.0
Pedro Porro,2023-2024,eng Premier League,553875,5,8.0,1,3,450.0,0.0,0.0,1.6,0.2,0.6
Pelly Ruddock Mpanzu,2023-2024,eng Premier League,244338,1,1.0,0,0,60.0,0.0,0.0,1.5,0.0,0.0
Pep Chavarría,2023-2024,es La Liga,596122,1,0.0,1,1,68.0,0.0,0.0,0.0,1.0,1.0
Pepe Sánchez,2020-2021,es La Liga,500191,3,2.0,2,1,254.0,0.0,0.0,0.709,0.667,0.333
Pepelu,2021-2022,es La Liga,328480,18,35.0,3,5,1484.0,8.0,0.0,2.123,0.167,0.278
Pepelu,2023-2024,es La Liga,328480,3,4.0,1,1,270.0,0.0,0.0,1.333,0.333,0.333
Pere Pons,2020-2021,es La Liga,242497,5,7.0,1,1,405.0,0.0,0.0,1.556,0.2,0.2
Pere Pons,2021-2022,es La Liga,242497,5,13.0,0,0,315.0,1.0,0.0,3.714,0.0,0.0
Perparim Hetemaj,2020-2021,it Serie A,37295,1,4.0,0,0,56.0,0.0,0.0,6.0,0.0,0.0
Perr Schuurs,2022-2023,it Serie A,418543,28,30.0,8,11,2303.0,5.0,0.0,1.172,0.286,0.393
Pervis Estupiñán,2020-2021,es La Liga,349599,12,16.0,3,5,883.0,1.0,0.0,1.631,0.25,0.417
Pervis Estupiñán,2021-2022,es La Liga,349599,17,18.0,5,8,1342.0,3.0,0.0,1.207,0.294,0.471
Pervis Estupiñán,2022-2023,eng Premier League,349599,29,41.0,9,15,2444.0,2.0,0.0,1.51,0.31,0.517
Pervis Estupiñán,2023-2024,eng Premier League,349599,3,2.0,2,1,238.0,1.0,0.0,0.756,0.667,0.333
Petar Stojanović,2021-2022,it Serie A,183841,32,56.0,7,10,2714.0,11.0,0.0,1.857,0.219,0.312
Petar Stojanović,2022-2023,it Serie A,183841,16,24.0,3,2,1364.0,2.0,0.0,1.584,0.188,0.125
Peter Etebo,2021-2022,eng Premier League,409106,4,7.0,0,1,0.0,0.0,0.0,6.0,0.0,0.25
Peter Pekarik,2020-2021,de Bundesliga,51100,22,37.0,5,6,1682.0,4.0,0.0,1.98,0.227,0.273
Peter Pekarik,2021-2022,de Bundesliga,51100,23,45.0,4,6,1954.0,1.0,0.0,2.073,0.174,0.261
Peter Pekarik,2022-2023,de Bundesliga,51100,2,6.0,0,0,167.0,0.0,0.0,3.234,0.0,0.0
Petko Hristov,2021-2022,it Serie A,372809,13,32.0,0,1,1125.0,2.0,0.0,2.56,0.0,0.077
Petko Hristov,2022-2023,it Serie A,372809,4,8.0,0,0,270.0,0.0,0.0,2.667,0.0,0.0
Phil Bardsley,2020-2021,eng Premier League,15773,3,8.0,0,0,270.0,2.0,0.0,2.667,0.0,0.0
Phil Jagielka,2020-2021,eng Premier League,13520,6,9.0,1,2,463.0,0.0,1.0,1.749,0.167,0.333
Phil Jones,2021-2022,eng Premier League,117996,2,5.0,0,0,135.0,0.0,0.0,3.333,0.0,0.0
Philip Billing,2022-2023,eng Premier League,320411,6,9.0,2,2,460.0,2.0,0.0,1.761,0.333,0.333
Philipp Klement,2021-2022,de Bundesliga,60394,1,4.0,0,0,0.0,0.0,0.0,6.0,0.0,0.0
Philipp Lienhart,2020-2021,de Bundesliga,225657,34,52.0,6,12,2993.0,4.0,0.0,1.564,0.176,0.353
Philipp Lienhart,2021-2022,de Bundesliga,225657,32,44.0,9,14,2871.0,2.0,0.0,1.379,0.281,0.438
Philipp Lienhart,2022-2023,de Bundesliga,225657,27,29.0,13,16,2411.0,3.0,0.0,1.083,0.481,0.593
Philipp Max,2023-2024,de Bundesliga,111275,3,4.0,0,1,196.0,0.0,0.0,1.837,0.0,0.333
Philippe Sandler,2021-2022,fr Ligue 1,340460,1,3.0,0,0,58.0,0.0,0.0,4.655,0.0,0.0
Phillipp Mwene,2020-2021,de Bundesliga,127573,4,10.0,1,2,340.0,1.0,0.0,2.647,0.25,0.5
Phillipp Mwene,2023-2024,de Bundesliga,127573,1,1.0,0,0,84.0,0.0,0.0,1.071,0.0,0.0
Piero Hincapié,2021-2022,de Bundesliga,659813,20,30.0,3,9,1617.0,4.0,0.0,1.67,0.15,0.45
Piero Hincapié,2022-2023,de Bundesliga,659813,23,28.0,8,10,2008.0,11.0,1.0,1.255,0.348,0.435
Piero Hincapié,2023-2024,de Bundesliga,659813,8,5.0,5,7,678.0,0.0,0.0,0.664,0.625,0.875
Pierre Kalulu,2020-2021,it Serie A,585949,7,11.0,0,4,530.0,0.0,0.0,1.868,0.0,0.571
Pierre Kalulu,2021-2022,it Serie A,585949,21,11.0,14,16,1793.0,4.0,0.0,0.552,0.667,0.762
Pierre Kalulu,2022-2023,it Serie A,585949,26,36.0,6,13,2295.0,4.0,0.0,1.412,0.231,0.5
Pierre Kalulu,2023-2024,it Serie A,585949,1,1.0,0,1,45.0,0.0,0.0,2.0,0.0,1.0
Pierre Kunde,2020-2021,de Bundesliga,339829,5,11.0,1,0,367.0,1.0,0.0,2.698,0.2,0.0
Pierre Kunde,2022-2023,de Bundesliga,339829,2,6.0,0,0,172.0,0.0,0.0,3.14,0.0,0.0
Pierre Lees-Melou,2020-2021,fr Ligue 1,377393,1,1.0,0,0,74.0,1.0,0.0,1.216,0.0,0.0
Pierre Lees-Melou,2021-2022,eng Premier League,377393,6,12.0,1,1,498.0,0.0,0.0,2.169,0.167,0.167
Pierre Lees-Melou,2022-2023,fr Ligue 1,377393,22,24.0,6,7,1980.0,6.0,0.0,1.091,0.273,0.318
Pierre Lees-Melou,2023-2024,fr Ligue 1,377393,8,5.0,4,3,714.0,4.0,0.0,0.63,0.5,0.375
Pierre-Emile Højbjerg,2020-2021,eng Premier League,167799,34,39.0,11,17,3060.0,8.0,0.0,1.147,0.324,0.5
Pierre-Emile Højbjerg,2021-2022,eng Premier League,167799,21,23.0,7,10,1879.0,1.0,0.0,1.102,0.333,0.476
Pierre-Emile Højbjerg,2022-2023,eng Premier League,167799,26,39.0,8,14,2325.0,5.0,0.0,1.51,0.308,0.538
Pierre-Emile Højbjerg,2023-2024,eng Premier League,167799,1,2.0,0,0,89.0,0.0,0.0,2.022,0.0,0.0
Pierrick Capelle,2020-2021,fr Ligue 1,214532,8,17.0,1,2,711.0,0.0,0.0,2.152,0.125,0.25
Pierrick Capelle,2021-2022,fr Ligue 1,214532,2,0.0,2,1,153.0,0.0,0.0,0.0,1.0,0.5
Pierrick Capelle,2022-2023,fr Ligue 1,214532,10,15.0,2,1,791.0,4.0,0.0,1.707,0.2,0.1
Pietro Ceccaroni,2021-2022,it Serie A,239099,35,66.0,4,5,3123.0,7.0,1.0,1.902,0.114,0.143
Piotr Zielinski,2021-2022,it Serie A,181136,1,3.0,0,0,90.0,0.0,0.0,3.0,0.0,0.0
Pol Lirola,2020-2021,fr Ligue 1,298975,8,13.0,1,1,711.0,2.0,0.0,1.646,0.125,0.125
Pol Lirola,2021-2022,fr Ligue 1,298975,14,14.0,6,8,1123.0,0.0,0.0,1.122,0.429,0.571
Pol Lirola,2022-2023,es La Liga,298975,7,13.0,0,0,517.0,1.0,0.0,2.263,0.0,0.0
Pol Lirola,2023-2024,it Serie A,298975,3,9.0,0,0,237.0,0.0,0.0,3.418,0.0,0.0
Pontus Jansson,2021-2022,eng Premier League,125314,37,56.0,8,12,3322.0,7.0,0.0,1.517,0.216,0.324
Pontus Jansson,2022-2023,eng Premier League,125314,9,16.0,2,2,710.0,0.0,0.0,2.028,0.222,0.222
Portu,2022-2023,es La Liga,99353,2,2.0,0,0,180.0,1.0,0.0,1.0,0.0,0.0
Presnel Kimpembe,2020-2021,fr Ligue 1,282041,26,26.0,9,15,2282.0,6.0,1.0,1.025,0.346,0.577
Presnel Kimpembe,2021-2022,fr Ligue 1,282041,29,31.0,8,18,2564.0,6.0,0.0,1.088,0.276,0.621
Presnel Kimpembe,2022-2023,fr Ligue 1,282041,9,10.0,4,8,705.0,3.0,0.0,1.277,0.444,0.889
Przemyslaw Frankowski,2021-2022,fr Ligue 1,239743,2,3.0,0,1,152.0,0.0,0.0,1.776,0.0,0.5
Przemyslaw Frankowski,2022-2023,fr Ligue 1,239743,3,1.0,2,2,258.0,0.0,0.0,0.349,0.667,0.667
Przemyslaw Wisniewski,2022-2023,it Serie A,386967,11,20.0,2,1,990.0,3.0,0.0,1.818,0.182,0.091
Quentin Bernard,2022-2023,fr Ligue 1,98262,7,12.0,1,1,630.0,0.0,0.0,1.714,0.143,0.143
Quentin Merlin,2021-2022,fr Ligue 1,557613,13,14.0,4,6,1158.0,0.0,0.0,1.088,0.308,0.462
Quentin Merlin,2022-2023,fr Ligue 1,557613,14,23.0,2,2,1142.0,0.0,0.0,1.813,0.143,0.143
Quentin Merlin,2023-2024,fr Ligue 1,557613,5,6.0,0,2,393.0,0.0,0.0,1.374,0.0,0.4
Quini,2020-2021,es La Liga,223053,11,22.0,1,3,945.0,5.0,0.0,2.095,0.091,0.273
Quini,2021-2022,es La Liga,223053,26,39.0,6,7,2124.0,8.0,0.0,1.653,0.231,0.269
Rade Krunic,2021-2022,it Serie A,259953,1,1.0,0,1,64.0,1.0,0.0,1.406,0.0,1.0
Rade Krunic,2022-2023,it Serie A,259953,11,10.0,5,8,913.0,5.0,0.0,0.986,0.455,0.727
Radja Nainggolan,2020-2021,it Serie A,41982,5,5.0,2,2,450.0,2.0,0.0,1.0,0.4,0.4
Radu Drăgușin,2021-2022,it Serie A,568559,9,20.0,0,0,801.0,2.0,0.0,2.247,0.0,0.0
Radu Drăgușin,2023-2024,eng Premier League,568559,1,3.0,0,0,90.0,0.0,0.0,3.0,0.0,0.0
Rafa Marín,2023-2024,es La Liga,662261,9,8.0,4,3,735.0,1.0,0.0,0.98,0.444,0.333
Rafa Soares,2020-2021,es La Liga,198006,12,18.0,1,2,976.0,2.0,0.0,1.66,0.083,0.167
Rafael Czichos,2020-2021,de Bundesliga,84150,26,43.0,3,7,2173.0,7.0,0.0,1.781,0.115,0.269
Rafael Czichos,2021-2022,de Bundesliga,84150,16,25.0,1,6,0.0,0.0,0.0,6.0,0.062,0.375
Rafael Tolói,2020-2021,it Serie A,72441,29,36.0,9,17,2480.0,10.0,0.0,1.306,0.31,0.586
Rafael Tolói,2021-2022,it Serie A,72441,16,21.0,4,9,1341.0,4.0,0.0,1.409,0.25,0.562
Rafael Tolói,2022-2023,it Serie A,72441,32,36.0,9,18,2791.0,8.0,0.0,1.161,0.281,0.562
Ragnar Klavan,2020-2021,it Serie A,26669,9,12.0,2,1,707.0,1.0,0.0,1.528,0.222,0.111
Ramiro Funes Mori,2020-2021,es La Liga,11111,8,10.0,3,4,714.0,1.0,0.0,1.261,0.375,0.5
Ramy Bensebaini,2020-2021,de Bundesliga,284732,20,34.0,5,8,1731.0,7.0,0.0,1.768,0.25,0.4
Ramy Bensebaini,2021-2022,de Bundesliga,284732,17,35.0,2,5,1509.0,5.0,0.0,2.087,0.118,0.294
Ramy Bensebaini,2022-2023,de Bundesliga,284732,28,41.0,9,11,2487.0,7.0,0.0,1.484,0.321,0.393
Ramzi Aya,2021-2022,it Serie A,57633,2,8.0,0,0,0.0,0.0,0.0,6.0,0.0,0.0
Ramón Terrats,2022-2023,es La Liga,783396,2,3.0,0,0,145.0,0.0,0.0,1.862,0.0,0.0
Rani Khedira,2020-2021,de Bundesliga,124410,23,29.0,6,7,1789.0,5.0,0.0,1.459,0.261,0.304
Rani Khedira,2021-2022,de Bundesliga,124410,32,40.0,8,16,2765.0,6.0,0.0,1.302,0.25,0.5
Rani Khedira,2022-2023,de Bundesliga,124410,33,34.0,13,18,2888.0,8.0,0.0,1.06,0.394,0.545
Rani Khedira,2023-2024,de Bundesliga,124410,7,8.0,2,3,501.0,1.0,0.0,1.437,0.286,0.429
Raoul Bellanova,2021-2022,it Serie A,357992,2,4.0,0,1,177.0,0.0,0.0,2.034,0.0,0.5
Raphael Framberger,2020-2021,de Bundesliga,146163,18,25.0,4,6,1430.0,3.0,0.0,1.573,0.222,0.333
Raphael Framberger,2021-2022,de Bundesliga,146163,5,9.0,1,1,391.0,0.0,0.0,2.072,0.2,0.2
Raphael Framberger,2022-2023,de Bundesliga,146163,1,3.0,0,0,84.0,0.0,0.0,3.214,0.0,0.0
Raphaël Guerreiro,2020-2021,de Bundesliga,170986,20,25.0,6,13,1788.0,0.0,0.0,1.258,0.3,0.65
Raphaël Guerreiro,2021-2022,de Bundesliga,170986,15,30.0,2,10,1246.0,0.0,0.0,2.167,0.133,0.667
Raphaël Guerreiro,2022-2023,de Bundesliga,170986,20,28.0,7,12,1735.0,3.0,0.0,1.452,0.35,0.6
Raphaël Guerreiro,2023-2024,de Bundesliga,170986,6,10.0,1,4,491.0,0.0,0.0,1.833,0.167,0.667
Raphaël Varane,2020-2021,es La Liga,164770,31,23.0,14,20,2716.0,2.0,0.0,0.762,0.452,0.645
Raphaël Varane,2021-2022,eng Premier League,164770,20,22.0,5,8,1800.0,0.0,0.0,1.1,0.25,0.4
Raphaël Varane,2022-2023,eng Premier League,164770,22,27.0,10,13,1871.0,1.0,0.0,1.299,0.455,0.591
Raphaël Varane,2023-2024,eng Premier League,164770,6,10.0,1,4,540.0,1.0,0.0,1.667,0.167,0.667
Rasmus Carstensen,2023-2024,de Bundesliga,542697,5,15.0,0,0,447.0,0.0,0.0,3.02,0.0,0.0
Rasmus Kristensen,2022-2023,eng Premier League,369684,20,44.0,2,4,1746.0,4.0,0.0,2.268,0.1,0.2
Rasmus Kristensen,2023-2024,it Serie A,369684,3,2.0,1,3,184.0,1.0,0.0,0.978,0.333,1.0
Rasmus Nicolaisen,2022-2023,fr Ligue 1,283227,34,50.0,9,12,2996.0,7.0,0.0,1.502,0.265,0.353
Rasmus Nicolaisen,2023-2024,fr Ligue 1,283227,8,13.0,0,4,684.0,2.0,0.0,1.711,0.0,0.5
Rassoul Ndiaye,2023-2024,fr Ligue 1,662242,1,1.0,0,0,70.0,0.0,0.0,1.286,0.0,0.0
Rayan Aït-Nouri,2020-2021,eng Premier League,578391,11,15.0,2,3,975.0,1.0,0.0,1.385,0.182,0.273
Rayan Aït-Nouri,2020-2021,fr Ligue 1,578391,2,8.0,0,1,160.0,0.0,0.0,4.5,0.0,0.5
Rayan Aït-Nouri,2021-2022,eng Premier League,578391,8,7.0,3,3,713.0,2.0,0.0,0.884,0.375,0.375
Rayan Aït-Nouri,2022-2023,eng Premier League,578391,8,7.0,4,4,641.0,2.0,0.0,0.983,0.5,0.5
Rayan Aït-Nouri,2023-2024,eng Premier League,578391,1,1.0,0,1,90.0,0.0,0.0,1.0,0.0,1.0
Rayan Raveloson,2022-2023,fr Ligue 1,344576,22,30.0,6,5,1962.0,0.0,0.0,1.376,0.273,0.227
Raúl Albiol,2020-2021,es La Liga,15452,35,42.0,9,12,3119.0,7.0,0.0,1.212,0.257,0.343
Raúl Albiol,2021-2022,es La Liga,15452,28,25.0,12,11,2466.0,8.0,0.0,0.912,0.429,0.393
Raúl Albiol,2022-2023,es La Liga,15452,24,23.0,9,11,2105.0,6.0,0.0,0.983,0.375,0.458
Raúl Albiol,2023-2024,es La Liga,15452,4,3.0,1,1,360.0,1.0,0.0,0.75,0.25,0.25
Raúl Carnero,2020-2021,es La Liga,139434,4,4.0,1,0,360.0,1.0,0.0,1.0,0.25,0.0
Raúl Guti,2020-2021,es La Liga,330352,8,9.0,2,4,704.0,3.0,0.0,1.151,0.25,0.5
Raúl Guti,2022-2023,es La Liga,330352,2,4.0,0,0,120.0,0.0,0.0,3.0,0.0,0.0
Raúl Navas,2020-2021,es La Liga,142419,2,7.0,0,0,169.0,0.0,0.0,3.728,0.0,0.0
Raúl Parra,2021-2022,es La Liga,784719,1,0.0,1,1,0.0,0.0,0.0,,1.0,1.0
Raúl Parra,2022-2023,es La Liga,784719,4,6.0,0,1,281.0,1.0,0.0,1.922,0.0,0.25
Raúl Torrente,2021-2022,es La Liga,631222,15,24.0,2,3,1202.0,4.0,0.0,1.797,0.133,0.2
Reda Belahyane,2022-2023,fr Ligue 1,982855,1,1.0,0,0,90.0,0.0,0.0,1.0,0.0,0.0
Reda Khadra,2023-2024,fr Ligue 1,405686,1,1.0,0,0,71.0,0.0,0.0,1.268,0.0,0.0
Reece Burke,2023-2024,eng Premier League,264220,6,12.0,1,1,518.0,2.0,0.0,2.085,0.167,0.167
Reece James,2020-2021,eng Premier League,472423,15,19.0,4,6,1350.0,3.0,0.0,1.267,0.267,0.4
Reece James,2021-2022,eng Premier League,472423,1,4.0,0,0,90.0,0.0,0.0,4.0,0.0,0.0
Reece James,2022-2023,eng Premier League,472423,10,13.0,2,3,833.0,1.0,0.0,1.405,0.2,0.3
Reece Oxford,2020-2021,de Bundesliga,314295,13,25.0,3,4,1167.0,2.0,0.0,1.928,0.231,0.308
Reece Oxford,2021-2022,de Bundesliga,314295,30,45.0,9,10,2694.0,9.0,0.0,1.503,0.3,0.333
Reece Oxford,2022-2023,de Bundesliga,314295,1,1.0,0,0,76.0,0.0,0.0,1.184,0.0,0.0
Reinildo Mandava,2020-2021,fr Ligue 1,240692,24,14.0,13,14,2020.0,1.0,1.0,0.624,0.542,0.583
Reinildo Mandava,2021-2022,es La Liga,240692,15,12.0,6,10,1231.0,5.0,0.0,0.877,0.4,0.667
Reinildo Mandava,2021-2022,fr Ligue 1,240692,18,26.0,1,7,1530.0,7.0,0.0,1.529,0.056,0.389
Reinildo Mandava,2022-2023,es La Liga,240692,22,18.0,8,11,1861.0,4.0,0.0,0.87,0.364,0.5
Reinildo Mandava,2023-2024,es La Liga,240692,5,6.0,2,3,450.0,1.0,0.0,1.2,0.4,0.6
Remo Freuler,2020-2021,it Serie A,148252,12,12.0,2,7,1005.0,2.0,0.0,1.075,0.167,0.583
Remo Freuler,2021-2022,it Serie A,148252,13,18.0,3,6,1086.0,5.0,0.0,1.492,0.231,0.462
Remo Freuler,2022-2023,eng Premier League,148252,19,32.0,6,5,1588.0,4.0,0.0,1.814,0.316,0.263
Remo Freuler,2023-2024,it Serie A,148252,8,6.0,4,6,689.0,4.0,0.0,0.784,0.5,0.75
Renan Lodi,2020-2021,es La Liga,476352,7,4.0,4,4,611.0,1.0,0.0,0.589,0.571,0.571
Renan Lodi,2021-2022,es La Liga,476352,8,12.0,1,4,557.0,3.0,0.0,1.939,0.125,0.5
Renan Lodi,2022-2023,eng Premier League,476352,17,34.0,4,5,1433.0,5.0,0.0,2.135,0.235,0.294
Renato Sanches,2021-2022,fr Ligue 1,258027,1,2.0,0,0,90.0,0.0,0.0,2.0,0.0,0.0
Renato Sanches,2022-2023,fr Ligue 1,258027,2,2.0,0,1,77.0,0.0,0.0,2.338,0.0,0.5
Renato Steffen,2020-2021,de Bundesliga,194638,1,0.0,1,0,90.0,0.0,0.0,0.0,1.0,0.0
Renato Tapia,2020-2021,es La Liga,277137,28,41.0,6,10,2359.0,12.0,0.0,1.564,0.214,0.357
Renato Tapia,2021-2022,es La Liga,277137,13,16.0,5,3,1014.0,5.0,0.0,1.42,0.385,0.231
Renato Tapia,2022-2023,es La Liga,277137,16,27.0,5,4,1210.0,5.0,0.0,2.008,0.312,0.25
Renato Tapia,2023-2024,es La Liga,277137,5,8.0,1,1,407.0,2.0,0.0,1.769,0.2,0.2
Renato Veiga,2022-2023,de Bundesliga,805714,7,12.0,1,2,497.0,3.0,0.0,2.173,0.143,0.286
Renaud Ripart,2020-2021,fr Ligue 1,234802,3,6.0,1,1,270.0,1.0,0.0,2.0,0.333,0.333
Rhys Norrington-Davies,2023-2024,eng Premier League,543164,2,6.0,0,1,55.0,0.0,0.0,6.0,0.0,0.5
Rhys Williams,2020-2021,eng Premier League,503679,7,5.0,3,6,624.0,0.0,0.0,0.721,0.429,0.857
Ricard Sánchez,2023-2024,es La Liga,388545,7,16.0,0,0,625.0,1.0,0.0,2.304,0.0,0.0
Ricardo Mangas,2021-2022,fr Ligue 1,314944,21,53.0,0,5,1825.0,2.0,0.0,2.614,0.0,0.238
Ricardo Pereira,2020-2021,eng Premier League,215876,3,1.0,2,2,270.0,0.0,0.0,0.333,0.667,0.667
Ricardo Pereira,2021-2022,eng Premier League,215876,11,17.0,2,3,792.0,3.0,0.0,1.932,0.182,0.273
Ricardo Pereira,2022-2023,eng Premier League,215876,3,5.0,0,0,247.0,1.0,0.0,1.822,0.0,0.0
Ricardo Rodríguez,2020-2021,it Serie A,86784,10,24.0,1,0,847.0,1.0,0.0,2.55,0.1,0.0
Ricardo Rodríguez,2021-2022,it Serie A,86784,28,31.0,7,9,2358.0,3.0,0.0,1.183,0.25,0.321
Ricardo Rodríguez,2022-2023,it Serie A,86784,21,23.0,7,8,1839.0,0.0,0.0,1.126,0.333,0.381
Ricardo Rodríguez,2023-2024,it Serie A,86784,3,2.0,1,1,153.0,1.0,0.0,1.176,0.333,0.333
Riccardo Calafiori,2020-2021,it Serie A,502821,1,1.0,0,0,45.0,1.0,0.0,2.0,0.0,0.0
Riccardo Calafiori,2021-2022,it Serie A,502821,3,9.0,1,1,191.0,2.0,0.0,4.241,0.333,0.333
Riccardo Calafiori,2023-2024,it Serie A,502821,5,5.0,2,4,440.0,2.0,0.0,1.023,0.4,0.8
Riccardo Fiamozzi,2021-2022,it Serie A,197745,7,15.0,0,0,579.0,1.0,0.0,2.332,0.0,0.0
Riccardo Gagliolo,2020-2021,it Serie A,240786,20,47.0,1,1,1638.0,4.0,0.0,2.582,0.05,0.05
Riccardo Gagliolo,2021-2022,it Serie A,240786,12,25.0,1,2,1058.0,2.0,0.0,2.127,0.083,0.167
Riccardo Improta,2020-2021,it Serie A,163489,4,11.0,0,1,345.0,2.0,0.0,2.87,0.0,0.25
Riccardo Marchizza,2020-2021,it Serie A,297645,17,33.0,1,5,1379.0,4.0,0.0,2.154,0.059,0.294
Riccardo Marchizza,2021-2022,it Serie A,297645,16,35.0,2,5,1231.0,3.0,0.0,2.559,0.125,0.312
Riccardo Marchizza,2022-2023,it Serie A,297645,3,5.0,0,2,188.0,0.0,0.0,2.394,0.0,0.667
Rick Karsdorp,2020-2021,it Serie A,205006,6,8.0,2,2,538.0,1.0,0.0,1.338,0.333,0.333
Rick Karsdorp,2021-2022,it Serie A,205006,12,14.0,4,6,1048.0,4.0,0.0,1.202,0.333,0.5
Rick Karsdorp,2023-2024,it Serie A,205006,5,6.0,2,4,430.0,0.0,0.0,1.256,0.4,0.8
Rico Henry,2021-2022,eng Premier League,339556,11,13.0,3,7,945.0,1.0,0.0,1.238,0.273,0.636
Rico Henry,2022-2023,eng Premier League,339556,27,29.0,8,11,2346.0,4.0,0.0,1.113,0.296,0.407
Rico Lewis,2022-2023,eng Premier League,701057,9,9.0,1,5,733.0,1.0,0.0,1.105,0.111,0.556
Rico Lewis,2023-2024,eng Premier League,701057,1,1.0,0,1,90.0,0.0,0.0,1.0,0.0,1.0
Ridgeciano Haps,2021-2022,it Serie A,228444,18,31.0,3,4,1591.0,6.0,0.0,1.754,0.167,0.222
Ridle Baku,2020-2021,de Bundesliga,327251,14,21.0,3,7,1242.0,0.0,0.0,1.522,0.214,0.5
Ridle Baku,2021-2022,de Bundesliga,327251,8,13.0,3,3,666.0,1.0,0.0,1.757,0.375,0.375
Ridle Baku,2022-2023,de Bundesliga,327251,21,27.0,7,8,1837.0,5.0,0.0,1.323,0.333,0.381
Ridle Baku,2023-2024,de Bundesliga,327251,3,6.0,0,0,270.0,1.0,0.0,2.0,0.0,0.0
Rob Holding,2020-2021,eng Premier League,253341,28,26.0,11,13,2512.0,1.0,0.0,0.932,0.393,0.464
Rob Holding,2021-2022,eng Premier League,253341,9,15.0,2,5,753.0,3.0,0.0,1.793,0.222,0.556
Rob Holding,2022-2023,eng Premier League,253341,6,13.0,0,2,540.0,0.0,0.0,2.167,0.0,0.333
Rober Correa,2020-2021,es La Liga,223890,13,12.0,6,4,1065.0,2.0,0.0,1.014,0.462,0.308
Robert Andrich,2020-2021,de Bundesliga,159088,9,11.0,2,3,810.0,2.0,0.0,1.222,0.222,0.333
Robert Andrich,2021-2022,de Bundesliga,159088,8,14.0,1,5,656.0,4.0,0.0,1.921,0.125,0.625
Robert Andrich,2022-2023,de Bundesliga,159088,20,24.0,6,10,1688.0,5.0,0.0,1.28,0.3,0.5
Robert Andrich,2023-2024,de Bundesliga,159088,6,2.0,4,5,540.0,2.0,0.0,0.333,0.667,0.833
Robert Gumny,2020-2021,de Bundesliga,353826,12,21.0,1,3,951.0,2.0,0.0,1.987,0.083,0.25
Robert Gumny,2021-2022,de Bundesliga,353826,27,43.0,7,8,2265.0,3.0,0.0,1.709,0.259,0.296
Robert Gumny,2022-2023,de Bundesliga,353826,21,37.0,5,8,1758.0,4.0,1.0,1.894,0.238,0.381
Robert Skov,2020-2021,de Bundesliga,270393,1,1.0,0,0,79.0,0.0,0.0,1.139,0.0,0.0
Robert Tesche,2021-2022,de Bundesliga,41458,2,2.0,0,0,49.0,0.0,1.0,3.673,0.0,0.0
Roberto Gagliardini,2020-2021,it Serie A,197471,2,3.0,0,2,155.0,0.0,0.0,1.742,0.0,1.0
Robin Gosens,2020-2021,it Serie A,273132,3,4.0,1,3,194.0,0.0,0.0,1.856,0.333,1.0
Robin Gosens,2023-2024,de Bundesliga,273132,1,1.0,0,0,64.0,0.0,0.0,1.406,0.0,0.0
Robin Knoche,2020-2021,de Bundesliga,94201,34,43.0,7,12,3043.0,4.0,0.0,1.272,0.206,0.353
Robin Knoche,2021-2022,de Bundesliga,94201,33,43.0,8,16,2970.0,6.0,0.0,1.303,0.242,0.485
Robin Knoche,2022-2023,de Bundesliga,94201,32,32.0,13,18,2874.0,4.0,0.0,1.002,0.406,0.562
Robin Knoche,2023-2024,de Bundesliga,94201,6,6.0,2,2,540.0,0.0,0.0,1.0,0.333,0.333
Robin Koch,2020-2021,eng Premier League,328784,13,23.0,4,5,1089.0,1.0,0.0,1.901,0.308,0.385
Robin Koch,2021-2022,eng Premier League,328784,17,42.0,1,4,1449.0,3.0,0.0,2.609,0.059,0.235
Robin Koch,2022-2023,eng Premier League,328784,36,75.0,5,7,3177.0,7.0,0.0,2.125,0.139,0.194
Robin Koch,2023-2024,de Bundesliga,328784,8,12.0,1,3,696.0,3.0,0.0,1.552,0.125,0.375
Robin Le Normand,2020-2021,es La Liga,351809,30,29.0,11,14,2673.0,5.0,1.0,0.976,0.367,0.467
Robin Le Normand,2021-2022,es La Liga,351809,37,37.0,19,16,3330.0,6.0,0.0,1.0,0.514,0.432
Robin Le Normand,2022-2023,es La Liga,351809,31,27.0,13,15,2771.0,6.0,0.0,0.877,0.419,0.484
Robin Le Normand,2023-2024,es La Liga,351809,6,6.0,3,4,533.0,3.0,0.0,1.013,0.5,0.667
Robson Bambu,2020-2021,fr Ligue 1,458715,12,16.0,3,5,1014.0,3.0,1.0,1.42,0.25,0.417
Rodri,2020-2021,eng Premier League,357565,31,27.0,15,21,2712.0,6.0,0.0,0.896,0.484,0.677
Rodri,2021-2022,eng Premier League,357565,33,22.0,18,26,2888.0,5.0,0.0,0.686,0.545,0.788
Rodri,2022-2023,eng Premier League,357565,33,27.0,12,25,2818.0,5.0,0.0,0.862,0.364,0.758
Rodri,2023-2024,eng Premier League,357565,8,5.0,3,6,717.0,1.0,0.0,0.628,0.375,0.75
Rodrigo Battaglia,2020-2021,es La Liga,89297,10,16.0,2,0,841.0,3.0,1.0,1.712,0.2,0.0
Rodrigo Battaglia,2021-2022,es La Liga,89297,8,16.0,1,1,674.0,0.0,0.0,2.136,0.125,0.125
Rodrigo Battaglia,2022-2023,es La Liga,89297,8,11.0,2,2,590.0,4.0,0.0,1.678,0.25,0.25
Rodrigo Becão,2020-2021,it Serie A,410158,32,48.0,6,6,2732.0,4.0,0.0,1.581,0.188,0.188
Rodrigo Becão,2021-2022,it Serie A,410158,35,50.0,8,11,3132.0,10.0,0.0,1.437,0.229,0.314
Rodrigo Becão,2022-2023,it Serie A,410158,28,31.0,9,11,2487.0,11.0,1.0,1.122,0.321,0.393
Rodrigo Bentancur,2020-2021,it Serie A,354362,16,14.0,2,10,1341.0,4.0,0.0,0.94,0.125,0.625
Rodrigo Bentancur,2021-2022,eng Premier League,354362,16,13.0,7,10,1335.0,5.0,0.0,0.876,0.438,0.625
Rodrigo Bentancur,2021-2022,it Serie A,354362,3,4.0,1,1,225.0,0.0,0.0,1.6,0.333,0.333
Rodrigo Bentancur,2022-2023,eng Premier League,354362,12,19.0,5,8,1025.0,6.0,0.0,1.668,0.417,0.667
Rodrigo Bentancur,2023-2024,eng Premier League,354362,1,1.0,0,1,63.0,1.0,0.0,1.429,0.0,1.0
Rodrigo Ely,2020-2021,es La Liga,176140,6,9.0,0,0,436.0,1.0,0.0,1.858,0.0,0.0
Rodrigo Ely,2022-2023,es La Liga,176140,36,63.0,4,10,3158.0,10.0,0.0,1.795,0.111,0.278
Rodrigo de Paul,2022-2023,es La Liga,255901,4,7.0,0,2,335.0,0.0,0.0,1.881,0.0,0.5
Roger Ibañez,2020-2021,it Serie A,524481,28,41.0,9,15,2347.0,7.0,0.0,1.572,0.321,0.536
Roger Ibañez,2021-2022,it Serie A,524481,31,36.0,11,14,2790.0,7.0,0.0,1.161,0.355,0.452
Roger Ibañez,2022-2023,it Serie A,524481,32,35.0,10,13,2777.0,11.0,0.0,1.134,0.312,0.406
Rogério,2020-2021,it Serie A,401527,20,28.0,3,6,1658.0,3.0,0.0,1.52,0.15,0.3
Rogério,2021-2022,it Serie A,401527,19,35.0,2,7,1635.0,4.0,0.0,1.927,0.105,0.368
Rogério,2022-2023,it Serie A,401527,34,56.0,9,10,2983.0,5.0,1.0,1.69,0.265,0.294
Rogério,2023-2024,de Bundesliga,401527,4,5.0,0,0,350.0,0.0,0.0,1.286,0.0,0.0
Rolando Mandragora,2020-2021,it Serie A,308279,18,32.0,4,4,1583.0,4.0,0.0,1.819,0.222,0.222
Rolando Mandragora,2021-2022,it Serie A,308279,8,9.0,2,1,653.0,5.0,0.0,1.24,0.25,0.125
Rolando Mandragora,2022-2023,it Serie A,308279,11,10.0,3,3,888.0,4.0,0.0,1.014,0.273,0.273
Rolando Mandragora,2023-2024,it Serie A,308279,2,2.0,0,1,180.0,0.0,0.0,1.0,0.0,0.5
Romain Perraud,2020-2021,fr Ligue 1,318523,34,57.0,7,11,3044.0,4.0,0.0,1.685,0.206,0.324
Romain Perraud,2021-2022,eng Premier League,318523,13,25.0,2,2,1118.0,2.0,0.0,2.013,0.154,0.154
Romain Perraud,2022-2023,eng Premier League,318523,21,36.0,3,3,1668.0,3.0,0.0,1.942,0.143,0.143
Romain Perraud,2023-2024,fr Ligue 1,318523,1,1.0,0,1,90.0,1.0,0.0,1.0,0.0,1.0
Romain Saïss,2020-2021,eng Premier League,204198,26,40.0,7,8,2340.0,2.0,0.0,1.538,0.269,0.308
Romain Saïss,2021-2022,eng Premier League,204198,31,30.0,11,12,2709.0,6.0,0.0,0.997,0.355,0.387
Romain Thomas,2020-2021,fr Ligue 1,57467,34,45.0,9,10,3026.0,5.0,0.0,1.338,0.265,0.294
Romain Thomas,2021-2022,fr Ligue 1,57467,29,36.0,7,8,2540.0,10.0,0.0,1.276,0.241,0.276
Romaine Sawyers,2020-2021,eng Premier League,113036,8,23.0,0,0,698.0,2.0,0.0,2.966,0.0,0.0
Rominigue Kouamé,2021-2022,fr Ligue 1,277635,8,13.0,1,1,687.0,1.0,0.0,1.703,0.125,0.125
Rominigue Kouamé,2022-2023,fr Ligue 1,277635,8,15.0,0,0,685.0,3.0,0.0,1.971,0.0,0.0
Roméo Lavia,2022-2023,eng Premier League,628451,20,41.0,2,3,1645.0,6.0,0.0,2.243,0.1,0.15
Ronald Araujo,2020-2021,es La Liga,480267,16,19.0,5,10,1279.0,2.0,0.0,1.337,0.312,0.625
Ronald Araujo,2021-2022,es La Liga,480267,25,25.0,7,16,2148.0,6.0,0.0,1.047,0.28,0.64
Ronald Araujo,2022-2023,es La Liga,480267,21,7.0,16,17,1781.0,6.0,1.0,0.354,0.762,0.81
Ronald Araujo,2023-2024,es La Liga,480267,8,9.0,4,6,675.0,2.0,0.0,1.2,0.5,0.75
Ronaldo Vieira,2020-2021,it Serie A,434676,1,1.0,0,0,90.0,1.0,0.0,1.0,0.0,0.0
Ronaldo Vieira,2021-2022,it Serie A,434676,4,7.0,0,1,313.0,3.0,0.0,2.013,0.0,0.25
Ronaldo Vieira,2022-2023,it Serie A,434676,5,5.0,1,0,365.0,1.0,0.0,1.233,0.2,0.0
Ronaël Pierre-Gabriel,2020-2021,fr Ligue 1,410185,27,49.0,5,8,2226.0,4.0,0.0,1.981,0.185,0.296
Ronaël Pierre-Gabriel,2021-2022,fr Ligue 1,410185,29,44.0,5,10,2527.0,6.0,0.0,1.567,0.172,0.345
Ronaël Pierre-Gabriel,2022-2023,es La Liga,410185,2,4.0,0,0,109.0,2.0,0.0,3.303,0.0,0.0
Ronaël Pierre-Gabriel,2022-2023,fr Ligue 1,410185,3,3.0,0,0,252.0,1.0,0.0,1.071,0.0,0.0
Roque Mesa,2020-2021,es La Liga,202984,5,6.0,0,0,408.0,2.0,0.0,1.324,0.0,0.0
Roque Mesa,2022-2023,es La Liga,202984,14,12.0,5,6,1069.0,3.0,0.0,1.01,0.357,0.429
Ross Barkley,2023-2024,eng Premier League,131978,5,13.0,0,0,448.0,1.0,0.0,2.612,0.0,0.0
Ruan Tressoldi,2022-2023,it Serie A,555015,21,39.0,3,7,1706.0,12.0,1.0,2.057,0.143,0.333
Ruan Tressoldi,2023-2024,it Serie A,555015,4,13.0,0,0,347.0,1.0,0.0,3.372,0.0,0.0
Ruben Aguilar,2020-2021,fr Ligue 1,203746,18,26.0,4,8,1538.0,5.0,0.0,1.521,0.222,0.444
Ruben Aguilar,2021-2022,fr Ligue 1,203746,22,24.0,7,13,1943.0,2.0,0.0,1.112,0.318,0.591
Ruben Aguilar,2022-2023,fr Ligue 1,203746,13,19.0,3,7,1002.0,2.0,0.0,1.707,0.231,0.538
Ruben Aguilar,2023-2024,fr Ligue 1,203746,2,0.0,2,2,179.0,1.0,0.0,0.0,1.0,1.0
Ruben Loftus-Cheek,2021-2022,eng Premier League,202886,11,20.0,1,4,958.0,1.0,0.0,1.879,0.091,0.364
Ruben Loftus-Cheek,2022-2023,eng Premier League,202886,9,12.0,1,2,702.0,1.0,0.0,1.538,0.111,0.222
Rubén Alcaraz,2020-2021,es La Liga,247250,8,16.0,0,1,643.0,1.0,0.0,2.24,0.0,0.125
Rubén Alcaraz,2021-2022,es La Liga,247250,1,2.0,0,0,90.0,0.0,0.0,2.0,0.0,0.0
Rubén Alcaraz,2022-2023,es La Liga,247250,1,0.0,1,1,66.0,0.0,0.0,0.0,1.0,1.0
Rubén Alcaraz,2023-2024,es La Liga,247250,2,3.0,0,0,180.0,0.0,0.0,1.5,0.0,0.0
Rubén Duarte,2020-2021,es La Liga,177046,28,41.0,7,7,2374.0,3.0,0.0,1.554,0.25,0.25
Rubén Duarte,2021-2022,es La Liga,177046,31,49.0,5,7,2592.0,11.0,0.0,1.701,0.161,0.226
Rubén Duarte,2023-2024,es La Liga,177046,4,3.0,3,2,360.0,0.0,0.0,0.75,0.75,0.5
Rubén García,2020-2021,es La Liga,213260,1,2.0,0,0,90.0,0.0,0.0,2.0,0.0,0.0
Rubén García,2021-2022,es La Liga,213260,1,0.0,1,0,90.0,0.0,0.0,0.0,1.0,0.0
Rubén Iranzo,2021-2022,es La Liga,668212,1,2.0,0,0,0.0,0.0,0.0,6.0,0.0,0.0
Rubén Peña,2020-2021,es La Liga,238868,8,11.0,2,3,707.0,1.0,0.0,1.4,0.25,0.375
Rubén Peña,2022-2023,es La Liga,238868,12,15.0,3,8,971.0,1.0,0.0,1.39,0.25,0.667
Rubén Peña,2023-2024,es La Liga,238868,2,3.0,1,1,135.0,0.0,0.0,2.0,0.5,0.5
Rubén Sánchez,2022-2023,es La Liga,705813,3,7.0,0,0,214.0,0.0,0.0,2.944,0.0,0.0
Ruslan Malinovskyi,2023-2024,it Serie A,207877,1,1.0,0,1,90.0,0.0,0.0,1.0,0.0,1.0
Ryad Boudebouz,2021-2022,fr Ligue 1,77826,2,2.0,0,1,176.0,1.0,0.0,1.023,0.0,0.5
Ryan Bertrand,2020-2021,eng Premier League,40611,29,53.0,8,9,2599.0,5.0,0.0,1.835,0.276,0.31
Ryan Bertrand,2021-2022,eng Premier League,40611,4,7.0,0,0,338.0,1.0,0.0,1.864,0.0,0.0
Ryan Christie,2023-2024,eng Premier League,188077,4,6.0,1,2,297.0,0.0,0.0,1.818,0.25,0.5
Ryan Fredericks,2020-2021,eng Premier League,140191,4,4.0,2,1,319.0,2.0,0.0,1.129,0.5,0.25
Ryan Fredericks,2021-2022,eng Premier League,140191,3,4.0,0,1,225.0,1.0,0.0,1.6,0.0,0.333
Ryan Fredericks,2022-2023,eng Premier League,140191,5,10.0,0,1,375.0,1.0,0.0,2.4,0.0,0.2
Ryan Sessegnon,2020-2021,de Bundesliga,392775,12,18.0,1,5,1031.0,1.0,0.0,1.571,0.083,0.417
Ryan Sessegnon,2021-2022,eng Premier League,392775,2,1.0,1,1,168.0,1.0,0.0,0.536,0.5,0.5
Ryan Yates,2022-2023,eng Premier League,425902,8,14.0,1,1,668.0,2.0,0.0,1.886,0.125,0.125
Ryan Yates,2023-2024,eng Premier League,425902,4,6.0,0,0,343.0,1.0,0.0,1.574,0.0,0.0
Róber Pier,2020-2021,es La Liga,387129,16,28.0,1,2,1332.0,3.0,1.0,1.892,0.062,0.125
Róber Pier,2021-2022,es La Liga,387129,21,35.0,4,7,1844.0,5.0,0.0,1.708,0.19,0.333
Rúben Dias,2020-2021,eng Premier League,258004,32,21.0,17,23,2845.0,4.0,0.0,0.664,0.531,0.719
Rúben Dias,2021-2022,eng Premier League,258004,27,18.0,15,21,2340.0,5.0,0.0,0.692,0.556,0.778
Rúben Dias,2022-2023,eng Premier League,258004,22,14.0,9,19,1909.0,3.0,0.0,0.66,0.409,0.864
Rúben Dias,2023-2024,eng Premier League,258004,6,3.0,3,5,540.0,0.0,0.0,0.5,0.5,0.833
Rúben Neves,2020-2021,eng Premier League,225161,28,42.0,6,7,2341.0,6.0,0.0,1.615,0.214,0.25
Rúben Neves,2021-2022,eng Premier League,225161,21,28.0,6,7,1759.0,7.0,0.0,1.433,0.286,0.333
Rúben Neves,2022-2023,eng Premier League,225161,25,32.0,7,7,2229.0,9.0,0.0,1.292,0.28,0.28
Rúben Vezo,2020-2021,es La Liga,257851,25,32.0,3,5,2196.0,7.0,0.0,1.311,0.12,0.2
Rúben Vezo,2021-2022,es La Liga,257851,27,58.0,4,4,2324.0,3.0,0.0,2.246,0.148,0.148
Rúben Vinagre,2020-2021,eng Premier League,357158,1,4.0,0,0,90.0,0.0,0.0,4.0,0.0,0.0
Răzvan Marin,2020-2021,it Serie A,295183,7,11.0,1,1,531.0,1.0,0.0,1.864,0.143,0.143
Răzvan Marin,2021-2022,it Serie A,295183,4,10.0,0,0,354.0,2.0,0.0,2.542,0.0,0.0
Răzvan Marin,2022-2023,it Serie A,295183,22,28.0,6,5,1912.0,6.0,0.0,1.318,0.273,0.227
Răzvan Marin,2023-2024,it Serie A,295183,2,2.0,0,0,180.0,0.0,0.0,1.0,0.0,0.0
Saba Sazonov,2023-2024,it Serie A,655456,1,0.0,1,0,80.0,1.0,0.0,0.0,1.0,0.0
Sacha Boey,2020-2021,fr Ligue 1,475413,21,33.0,4,2,1784.0,1.0,1.0,1.665,0.19,0.095
Sada Thioub,2022-2023,fr Ligue 1,290593,5,11.0,0,1,380.0,1.0,0.0,2.605,0.0,0.2
Sadibou Sané,2023-2024,fr Ligue 1,1111777,3,6.0,0,0,270.0,0.0,0.0,2.0,0.0,0.0
Saidy Janko,2020-2021,es La Liga,196435,12,19.0,1,2,987.0,2.0,0.0,1.733,0.083,0.167
Saidy Janko,2022-2023,de Bundesliga,196435,11,27.0,1,4,866.0,1.0,0.0,2.806,0.091,0.364
Salif Sané,2020-2021,de Bundesliga,126534,11,22.0,0,1,990.0,4.0,0.0,2.0,0.0,0.091
Salih Özcan,2020-2021,de Bundesliga,244940,1,1.0,0,0,90.0,0.0,0.0,1.0,0.0,0.0
Salih Özcan,2021-2022,de Bundesliga,244940,13,21.0,3,6,1125.0,2.0,0.0,1.68,0.231,0.462
Salih Özcan,2022-2023,de Bundesliga,244940,13,18.0,5,8,1050.0,4.0,0.0,1.543,0.385,0.615
Salih Özcan,2023-2024,de Bundesliga,244940,3,1.0,2,2,223.0,1.0,0.0,0.404,0.667,0.667
Salis Abdul Samed,2021-2022,fr Ligue 1,688707,16,29.0,4,4,1388.0,4.0,0.0,1.88,0.25,0.25
Salis Abdul Samed,2022-2023,fr Ligue 1,688707,33,25.0,13,22,2897.0,6.0,1.0,0.777,0.394,0.667
Salis Abdul Samed,2023-2024,fr Ligue 1,688707,1,1.0,0,0,90.0,0.0,0.0,1.0,0.0,0.0
Salva Ferrer,2020-2021,it Serie A,624548,14,24.0,2,5,1105.0,3.0,0.0,1.955,0.143,0.357
Salva Ferrer,2021-2022,it Serie A,624548,10,21.0,0,1,855.0,2.0,0.0,2.211,0.0,0.1
Salva Sevilla,2021-2022,es La Liga,58799,5,4.0,2,2,396.0,2.0,0.0,0.909,0.4,0.4
Salvatore Esposito,2022-2023,it Serie A,390160,10,19.0,2,1,843.0,4.0,0.0,2.028,0.2,0.1
Salvatore Molina,2020-2021,it Serie A,163582,3,9.0,0,0,200.0,0.0,0.0,4.05,0.0,0.0
Sam Beukema,2023-2024,it Serie A,433984,9,7.0,4,7,792.0,0.0,0.0,0.795,0.444,0.778
Sam Byram,2021-2022,eng Premier League,236953,11,27.0,2,1,936.0,2.0,0.0,2.596,0.182,0.091
Sami Khedira,2020-2021,de Bundesliga,29401,3,7.0,0,0,196.0,0.0,0.0,3.214,0.0,0.0
Samir Caetano,2020-2021,it Serie A,255744,24,38.0,5,6,2115.0,5.0,0.0,1.617,0.208,0.25
Samir Caetano,2021-2022,eng Premier League,255744,19,36.0,4,2,1676.0,4.0,0.0,1.933,0.211,0.105
Samir Caetano,2021-2022,it Serie A,255744,17,27.0,4,4,1426.0,5.0,0.0,1.704,0.235,0.235
Samuel Gigot,2022-2023,fr Ligue 1,276896,23,22.0,7,16,1738.0,5.0,0.0,1.139,0.304,0.696
Samuel Gigot,2023-2024,fr Ligue 1,276896,3,3.0,0,1,205.0,0.0,1.0,1.317,0.0,0.333
Samuel Loric,2021-2022,fr Ligue 1,648886,1,2.0,0,0,90.0,0.0,0.0,2.0,0.0,0.0
Samuel Moutoussamy,2021-2022,fr Ligue 1,353403,6,10.0,1,2,470.0,1.0,0.0,1.915,0.167,0.333
Samuel Moutoussamy,2022-2023,fr Ligue 1,353403,12,21.0,2,2,993.0,4.0,0.0,1.903,0.167,0.167
Samuel Umtiti,2020-2021,es La Liga,126540,6,3.0,4,5,495.0,1.0,0.0,0.545,0.667,0.833
Samuel Umtiti,2021-2022,es La Liga,126540,1,2.0,0,0,90.0,1.0,0.0,2.0,0.0,0.0
Samuel Umtiti,2022-2023,it Serie A,126540,24,30.0,6,5,2109.0,8.0,0.0,1.28,0.25,0.208
Samuele Birindelli,2023-2024,it Serie A,461019,5,8.0,2,4,431.0,0.0,0.0,1.671,0.4,0.8
Samuele Ricci,2021-2022,it Serie A,467992,25,43.0,5,9,1999.0,2.0,1.0,1.936,0.2,0.36
Samuele Ricci,2022-2023,it Serie A,467992,20,17.0,6,9,1668.0,4.0,0.0,0.917,0.3,0.45
Samuele Ricci,2023-2024,it Serie A,467992,4,4.0,2,2,322.0,2.0,0.0,1.118,0.5,0.5
Samú Costa,2022-2023,es La Liga,657430,22,42.0,2,3,1833.0,4.0,0.0,2.062,0.091,0.136
Samú Costa,2023-2024,es La Liga,657430,3,4.0,0,0,260.0,2.0,0.0,1.385,0.0,0.0
Sander Berge,2020-2021,eng Premier League,333014,5,10.0,0,0,450.0,2.0,0.0,2.0,0.0,0.0
Sander Berge,2023-2024,eng Premier League,333014,2,6.0,0,0,180.0,0.0,0.0,3.0,0.0,0.0
Sandi Lovrić,2022-2023,it Serie A,268429,1,3.0,0,0,86.0,0.0,0.0,3.14,0.0,0.0
Sandro Tonali,2020-2021,it Serie A,397033,17,18.0,6,12,1159.0,1.0,1.0,1.398,0.353,0.706
Sandro Tonali,2021-2022,it Serie A,397033,24,17.0,14,17,1915.0,6.0,0.0,0.799,0.583,0.708
Sandro Tonali,2022-2023,it Serie A,397033,21,21.0,9,13,1831.0,4.0,0.0,1.032,0.429,0.619
Sanjin Prcic,2021-2022,fr Ligue 1,125783,17,20.0,8,9,1370.0,3.0,0.0,1.314,0.471,0.529
Sanjin Prcic,2022-2023,fr Ligue 1,125783,3,7.0,0,0,211.0,1.0,0.0,2.986,0.0,0.0
Santi Comesaña,2021-2022,es La Liga,380598,9,6.0,3,3,704.0,2.0,0.0,0.767,0.333,0.333
Santi Comesaña,2022-2023,es La Liga,380598,4,11.0,0,1,301.0,1.0,0.0,3.289,0.0,0.25
Santiago Arias,2020-2021,de Bundesliga,120443,1,1.0,0,0,90.0,0.0,0.0,1.0,0.0,0.0
Santiago Arias,2021-2022,es La Liga,120443,4,8.0,0,1,313.0,1.0,0.0,2.3,0.0,0.25
Santiago Arzamendia,2022-2023,es La Liga,520947,3,7.0,1,0,253.0,0.0,0.0,2.49,0.333,0.0
Santiago Ascacíbar,2020-2021,de Bundesliga,423436,7,7.0,3,1,555.0,0.0,0.0,1.135,0.429,0.143
Santiago Ascacíbar,2021-2022,de Bundesliga,423436,23,45.0,5,6,2004.0,5.0,0.0,2.021,0.217,0.261
Santiago Ascacíbar,2022-2023,it Serie A,423436,6,11.0,1,0,432.0,0.0,0.0,2.292,0.167,0.0
Santiago Bueno,2022-2023,es La Liga,438001,34,49.0,4,13,3012.0,7.0,0.0,1.464,0.118,0.382
Santiago Bueno,2023-2024,eng Premier League,438001,1,1.0,0,1,90.0,1.0,0.0,1.0,0.0,1.0
Sasa Lukic,2021-2022,it Serie A,245056,21,22.0,4,8,1882.0,5.0,0.0,1.052,0.19,0.381
Sasa Lukic,2022-2023,eng Premier League,245056,4,9.0,0,0,302.0,1.0,0.0,2.682,0.0,0.0
Sasa Lukic,2022-2023,it Serie A,245056,4,4.0,1,1,360.0,1.0,0.0,1.0,0.25,0.25
Sava-Arangel Cestic,2020-2021,de Bundesliga,464906,11,20.0,2,4,901.0,3.0,0.0,1.998,0.182,0.364
Saël Kumbedi,2022-2023,fr Ligue 1,951579,10,10.0,3,6,866.0,5.0,0.0,1.039,0.3,0.6
Saîf-Eddine Khaoui,2022-2023,fr Ligue 1,270411,6,6.0,2,0,525.0,3.0,0.0,1.029,0.333,0.0
Saïdou Sow,2020-2021,fr Ligue 1,807128,10,14.0,3,2,855.0,0.0,0.0,1.474,0.3,0.2
Saïdou Sow,2021-2022,fr Ligue 1,807128,11,23.0,0,1,920.0,2.0,0.0,2.25,0.0,0.091
Saïdou Sow,2023-2024,fr Ligue 1,807128,4,7.0,0,1,360.0,1.0,0.0,1.75,0.0,0.25
Saúl Coco,2023-2024,es La Liga,588426,5,11.0,1,1,450.0,2.0,0.0,2.2,0.2,0.2
Saúl Ñíguez,2020-2021,es La Liga,148928,6,4.0,2,4,510.0,3.0,0.0,0.706,0.333,0.667
Saúl Ñíguez,2021-2022,eng Premier League,148928,3,2.0,1,3,180.0,1.0,0.0,1.0,0.333,1.0
Saúl Ñíguez,2022-2023,es La Liga,148928,2,3.0,1,1,180.0,0.0,0.0,1.5,0.5,0.5
Saša Lukić,2023-2024,eng Premier League,245056,4,3.0,2,3,329.0,0.0,0.0,0.821,0.5,0.75
Scott Dann,2020-2021,eng Premier League,62688,15,24.0,2,5,1350.0,1.0,0.0,1.6,0.133,0.333
Scott McKenna,2022-2023,eng Premier League,255906,19,37.0,5,4,1558.0,4.0,0.0,2.137,0.263,0.211
Scott McTominay,2020-2021,eng Premier League,315969,20,21.0,8,9,1765.0,3.0,0.0,1.071,0.4,0.45
Scott McTominay,2021-2022,eng Premier League,315969,21,28.0,5,10,1782.0,6.0,0.0,1.414,0.238,0.476
Scott McTominay,2022-2023,eng Premier League,315969,9,13.0,4,6,771.0,3.0,0.0,1.518,0.444,0.667
Sead Kolasinac,2020-2021,de Bundesliga,94005,11,26.0,3,1,959.0,3.0,0.0,2.44,0.273,0.091
Sead Kolasinac,2020-2021,eng Premier League,94005,1,1.0,0,1,90.0,0.0,0.0,1.0,0.0,1.0
Sead Kolasinac,2021-2022,eng Premier League,94005,1,5.0,0,0,90.0,1.0,0.0,5.0,0.0,0.0
Sead Kolasinac,2021-2022,fr Ligue 1,94005,6,10.0,1,4,349.0,0.0,0.0,2.579,0.167,0.667
Sead Kolasinac,2022-2023,fr Ligue 1,94005,21,22.0,5,11,1709.0,3.0,0.0,1.159,0.238,0.524
Sead Kolasinac,2023-2024,it Serie A,94005,7,9.0,2,4,590.0,1.0,0.0,1.373,0.286,0.571
Seamus Coleman,2020-2021,eng Premier League,68390,11,17.0,2,5,865.0,0.0,0.0,1.769,0.182,0.455
Seamus Coleman,2021-2022,eng Premier League,68390,27,45.0,7,9,2388.0,4.0,0.0,1.696,0.259,0.333
Seamus Coleman,2022-2023,eng Premier League,68390,18,25.0,5,5,1419.0,1.0,0.0,1.586,0.278,0.278
Sean Longstaff,2020-2021,eng Premier League,346707,4,8.0,1,2,360.0,1.0,0.0,2.0,0.25,0.5
Sean Longstaff,2021-2022,eng Premier League,346707,6,9.0,1,2,507.0,0.0,0.0,1.598,0.167,0.333
Sean Longstaff,2022-2023,eng Premier League,346707,5,4.0,2,1,450.0,1.0,0.0,0.8,0.4,0.2
Sebastiaan Bornauw,2020-2021,de Bundesliga,338629,23,39.0,5,6,2070.0,3.0,0.0,1.696,0.217,0.261
Sebastiaan Bornauw,2021-2022,de Bundesliga,338629,23,39.0,7,7,1952.0,3.0,0.0,1.798,0.304,0.304
Sebastiaan Bornauw,2022-2023,de Bundesliga,338629,23,33.0,9,9,1898.0,8.0,0.0,1.565,0.391,0.391
Sebastiaan Bornauw,2023-2024,de Bundesliga,338629,2,3.0,0,0,166.0,0.0,0.0,1.627,0.0,0.0
Sebastian Griesbeck,2020-2021,de Bundesliga,153555,8,12.0,0,3,622.0,2.0,0.0,1.736,0.0,0.375
Sebastian Griesbeck,2021-2022,de Bundesliga,153555,28,61.0,5,3,2438.0,7.0,0.0,2.252,0.179,0.107
Sebastian Rode,2020-2021,de Bundesliga,44466,12,25.0,0,4,973.0,7.0,0.0,2.312,0.0,0.333
Sebastian Rode,2021-2022,de Bundesliga,44466,7,12.0,1,1,450.0,1.0,0.0,2.4,0.143,0.143
Sebastian Rode,2022-2023,de Bundesliga,44466,4,11.0,0,1,240.0,0.0,0.0,4.125,0.0,0.25
Sebastian Rudy,2020-2021,de Bundesliga,57051,16,29.0,5,4,1277.0,2.0,0.0,2.044,0.312,0.25
Sebastian Rudy,2021-2022,de Bundesliga,57051,4,6.0,1,1,272.0,2.0,0.0,1.985,0.25,0.25
Sebastian Rudy,2022-2023,de Bundesliga,57051,6,11.0,0,0,408.0,0.0,0.0,2.426,0.0,0.0
Sebastian Vasiliadis,2021-2022,de Bundesliga,333516,9,11.0,2,2,650.0,2.0,0.0,1.523,0.222,0.222
Sebastian Walukiewicz,2020-2021,it Serie A,345458,18,35.0,2,3,1601.0,1.0,0.0,1.968,0.111,0.167
Sebastian Walukiewicz,2021-2022,it Serie A,345458,4,9.0,0,0,246.0,1.0,0.0,3.293,0.0,0.0
Sebastian Walukiewicz,2022-2023,it Serie A,345458,6,7.0,1,3,482.0,0.0,0.0,1.307,0.167,0.5
Sebastian Walukiewicz,2023-2024,it Serie A,345458,8,7.0,2,2,712.0,2.0,0.0,0.885,0.25,0.25
Sebastiano Luperto,2020-2021,it Serie A,278531,22,56.0,1,3,1874.0,5.0,0.0,2.689,0.045,0.136
Sebastiano Luperto,2021-2022,it Serie A,278531,22,41.0,4,6,1938.0,8.0,0.0,1.904,0.182,0.273
Sebastiano Luperto,2022-2023,it Serie A,278531,36,48.0,8,9,3138.0,4.0,1.0,1.377,0.222,0.25
Sebastiano Luperto,2023-2024,it Serie A,278531,9,8.0,2,3,810.0,2.0,0.0,0.889,0.222,0.333
Sebastien De Maio,2020-2021,it Serie A,56830,9,16.0,1,2,772.0,0.0,0.0,1.865,0.111,0.222
Sebastien De Maio,2021-2022,it Serie A,56830,2,9.0,0,0,0.0,0.0,0.0,6.0,0.0,0.0
Seko Fofana,2020-2021,fr Ligue 1,182893,1,1.0,0,0,90.0,0.0,0.0,1.0,0.0,0.0
Seko Fofana,2021-2022,fr Ligue 1,182893,2,3.0,0,0,180.0,0.0,0.0,1.5,0.0,0.0
Semi Ajayi,2020-2021,eng Premier League,251912,31,71.0,2,3,2730.0,3.0,1.0,2.341,0.065,0.097
Senne Lynen,2023-2024,de Bundesliga,338668,9,10.0,3,4,767.0,3.0,0.0,1.173,0.333,0.444
Senou Coulibaly,2020-2021,fr Ligue 1,596240,22,46.0,4,3,1937.0,6.0,0.0,2.137,0.182,0.136
Sepp van den Berg,2022-2023,de Bundesliga,541231,8,20.0,0,2,683.0,1.0,0.0,2.635,0.0,0.25
Sepp van den Berg,2023-2024,de Bundesliga,541231,9,17.0,2,2,810.0,2.0,0.0,1.889,0.222,0.222
Serge Aurier,2020-2021,eng Premier League,127032,17,21.0,6,7,1428.0,0.0,0.0,1.324,0.353,0.412
Serge Aurier,2021-2022,es La Liga,127032,10,9.0,3,6,859.0,3.0,0.0,0.943,0.3,0.6
Serge Aurier,2022-2023,eng Premier League,127032,18,27.0,5,6,1499.0,2.0,0.0,1.621,0.278,0.333
Sergi Altimira,2023-2024,es La Liga,466801,1,0.0,1,1,90.0,0.0,0.0,0.0,1.0,1.0
Sergi Cardona,2023-2024,es La Liga,678406,9,15.0,2,2,774.0,0.0,0.0,1.744,0.222,0.222
Sergi Darder,2021-2022,es La Liga,142021,3,4.0,1,2,270.0,0.0,0.0,1.333,0.333,0.667
Sergi Darder,2022-2023,es La Liga,142021,5,14.0,0,0,420.0,1.0,0.0,3.0,0.0,0.0
Sergi Gómez,2020-2021,es La Liga,92947,9,6.0,4,6,722.0,2.0,0.0,0.748,0.444,0.667
Sergi Gómez,2021-2022,es La Liga,92947,30,47.0,7,7,2634.0,1.0,1.0,1.606,0.233,0.233
Sergi Gómez,2022-2023,es La Liga,92947,26,49.0,3,4,2190.0,1.0,2.0,2.014,0.115,0.154
Sergi Roberto,2020-2021,es La Liga,85370,7,6.0,2,3,627.0,1.0,0.0,0.861,0.286,0.429
Sergi Roberto,2021-2022,es La Liga,85370,2,2.0,0,1,131.0,0.0,0.0,1.374,0.0,0.5
Sergi Roberto,2022-2023,es La Liga,85370,10,10.0,5,4,715.0,1.0,0.0,1.259,0.5,0.4
Sergio Akieme,2022-2023,es La Liga,355627,27,49.0,2,7,2282.0,5.0,0.0,1.933,0.074,0.259
Sergio Akieme,2023-2024,es La Liga,355627,2,6.0,0,0,146.0,0.0,0.0,3.699,0.0,0.0
Sergio Akieme,2023-2024,fr Ligue 1,355627,1,2.0,0,0,82.0,0.0,0.0,2.195,0.0,0.0
Sergio Barcia,2020-2021,es La Liga,562058,1,2.0,0,0,90.0,1.0,0.0,2.0,0.0,0.0
Sergio Barcia,2021-2022,es La Liga,562058,1,1.0,0,0,0.0,0.0,0.0,6.0,0.0,0.0
Sergio Busquets,2020-2021,es La Liga,65230,32,35.0,11,20,2433.0,9.0,0.0,1.295,0.344,0.625
Sergio Busquets,2021-2022,es La Liga,65230,36,37.0,10,19,3202.0,12.0,0.0,1.04,0.278,0.528
Sergio Busquets,2022-2023,es La Liga,65230,28,11.0,21,22,2290.0,8.0,0.0,0.432,0.75,0.786
Sergio Carreira,2020-2021,es La Liga,545647,3,7.0,0,0,259.0,0.0,0.0,2.432,0.0,0.0
Sergio Escudero,2020-2021,es La Liga,93935,7,5.0,4,4,463.0,2.0,0.0,0.972,0.571,0.571
Sergio Escudero,2021-2022,es La Liga,93935,13,19.0,3,3,1101.0,5.0,0.0,1.553,0.231,0.231
Sergio Escudero,2022-2023,es La Liga,93935,14,23.0,3,5,1068.0,3.0,0.0,1.938,0.214,0.357
Sergio González,2020-2021,es La Liga,435500,1,2.0,0,0,90.0,0.0,0.0,2.0,0.0,0.0
Sergio Postigo,2020-2021,es La Liga,158791,19,26.0,2,6,1597.0,4.0,0.0,1.465,0.105,0.316
Sergio Postigo,2021-2022,es La Liga,158791,10,24.0,1,3,798.0,2.0,0.0,2.707,0.1,0.3
Sergio Ramos,2020-2021,es La Liga,25557,15,13.0,6,10,1276.0,3.0,0.0,0.917,0.4,0.667
Sergio Ramos,2021-2022,fr Ligue 1,25557,8,6.0,4,6,720.0,1.0,0.0,0.75,0.5,0.75
Sergio Ramos,2022-2023,fr Ligue 1,25557,31,33.0,10,23,2636.0,2.0,1.0,1.127,0.323,0.742
Sergio Ramos,2023-2024,es La Liga,25557,8,13.0,2,2,720.0,2.0,0.0,1.625,0.25,0.25
Sergio Reguilón,2020-2021,eng Premier League,282429,23,27.0,8,12,2018.0,5.0,0.0,1.204,0.348,0.522
Sergio Reguilón,2021-2022,eng Premier League,282429,9,13.0,3,5,804.0,0.0,0.0,1.455,0.333,0.556
Sergio Reguilón,2022-2023,es La Liga,282429,1,1.0,0,1,70.0,0.0,0.0,1.286,0.0,1.0
Sergio Ruiz,2023-2024,es La Liga,394694,2,3.0,0,0,180.0,0.0,0.0,1.5,0.0,0.0
Sergio Álvarez,2020-2021,es La Liga,138935,13,20.0,3,1,1110.0,3.0,0.0,1.622,0.231,0.077
Sergiño Dest,2020-2021,es La Liga,361104,11,12.0,4,6,899.0,1.0,0.0,1.201,0.364,0.545
Sergiño Dest,2021-2022,es La Liga,361104,13,12.0,4,5,1083.0,2.0,0.0,0.997,0.308,0.385
Sergiño Dest,2022-2023,it Serie A,361104,2,5.0,0,1,135.0,0.0,0.0,3.333,0.0,0.5
Shane Duffy,2021-2022,eng Premier League,119269,15,18.0,4,4,1350.0,7.0,0.0,1.2,0.267,0.267
Shkodran Mustafi,2020-2021,de Bundesliga,88590,11,27.0,2,1,990.0,1.0,0.0,2.455,0.182,0.091
Shkodran Mustafi,2021-2022,es La Liga,88590,8,17.0,3,0,622.0,1.0,0.0,2.46,0.375,0.0
Sidnei,2020-2021,es La Liga,27374,7,14.0,2,3,630.0,1.0,0.0,2.0,0.286,0.429
Sidy Sarr,2020-2021,fr Ligue 1,364233,4,8.0,0,0,291.0,1.0,0.0,2.474,0.0,0.0
Sikou Niakaté,2021-2022,fr Ligue 1,413118,8,13.0,2,4,548.0,2.0,0.0,2.135,0.25,0.5
Silvan Hefti,2021-2022,it Serie A,237666,13,20.0,4,1,1136.0,1.0,0.0,1.585,0.308,0.077
Silvan Hefti,2023-2024,fr Ligue 1,237666,2,1.0,1,1,103.0,0.0,0.0,0.874,0.5,0.5
Silvan Widmer,2021-2022,de Bundesliga,168989,5,10.0,1,1,450.0,0.0,0.0,2.0,0.2,0.2
Silvan Widmer,2022-2023,de Bundesliga,168989,3,6.0,0,0,251.0,0.0,0.0,2.151,0.0,0.0
Silvan Widmer,2023-2024,de Bundesliga,168989,1,1.0,0,0,90.0,0.0,0.0,1.0,0.0,0.0
Sime Vrsaljko,2021-2022,es La Liga,76061,9,9.0,4,8,534.0,1.0,0.0,1.517,0.444,0.889
Simon Asta,2021-2022,de Bundesliga,392131,9,25.0,1,0,748.0,1.0,0.0,3.008,0.111,0.0
Simon Kjaer,2020-2021,it Serie A,48859,28,31.0,11,17,2397.0,3.0,0.0,1.164,0.393,0.607
Simon Kjaer,2021-2022,it Serie A,48859,10,15.0,2,6,759.0,2.0,0.0,1.779,0.2,0.6
Simon Kjaer,2022-2023,it Serie A,48859,12,9.0,5,6,890.0,3.0,0.0,0.91,0.417,0.5
Simon Kjaer,2023-2024,it Serie A,48859,5,6.0,2,4,417.0,0.0,0.0,1.295,0.4,0.8
Simon Sohm,2020-2021,it Serie A,507486,2,6.0,0,0,135.0,0.0,0.0,4.0,0.0,0.0
Simone Bastoni,2020-2021,it Serie A,257751,19,35.0,3,3,1448.0,7.0,0.0,2.175,0.158,0.158
Simone Bastoni,2021-2022,it Serie A,257751,10,22.0,1,2,843.0,1.0,1.0,2.349,0.1,0.2
Simone Bastoni,2022-2023,it Serie A,257751,2,3.0,0,0,137.0,1.0,0.0,1.971,0.0,0.0
Simone Iacoponi,2020-2021,it Serie A,59699,13,28.0,2,0,1126.0,2.0,1.0,2.238,0.154,0.0
Simone Romagnoli,2021-2022,it Serie A,88706,17,29.0,4,2,1470.0,2.0,0.0,1.776,0.235,0.118
Simone Romagnoli,2022-2023,it Serie A,88706,1,2.0,0,0,90.0,0.0,0.0,2.0,0.0,0.0
Simone Romagnoli,2023-2024,it Serie A,88706,7,13.0,0,1,630.0,0.0,0.0,1.857,0.0,0.143
Sinaly Diomandé,2020-2021,fr Ligue 1,702441,10,11.0,2,7,854.0,2.0,0.0,1.159,0.2,0.7
Sinaly Diomandé,2021-2022,fr Ligue 1,702441,5,6.0,1,3,421.0,1.0,0.0,1.283,0.2,0.6
Sinaly Diomandé,2022-2023,fr Ligue 1,702441,22,30.0,4,11,1911.0,2.0,1.0,1.413,0.182,0.5
Sofiane Alakouch,2020-2021,fr Ligue 1,434358,17,33.0,2,4,1430.0,4.0,0.0,2.077,0.118,0.235
Sofyan Amrabat,2020-2021,it Serie A,287579,14,25.0,0,3,1211.0,4.0,0.0,1.858,0.0,0.214
Sofyan Amrabat,2021-2022,it Serie A,287579,8,9.0,2,4,673.0,3.0,0.0,1.204,0.25,0.5
Sofyan Amrabat,2022-2023,it Serie A,287579,24,31.0,6,10,1895.0,9.0,0.0,1.472,0.25,0.417
Sokratis Papastathopoulos,2023-2024,es La Liga,34322,6,8.0,3,2,515.0,3.0,0.0,1.398,0.5,0.333
Son,2020-2021,es La Liga,349856,8,10.0,0,0,660.0,3.0,0.0,1.364,0.0,0.0
Son,2021-2022,es La Liga,349856,22,41.0,4,5,1839.0,4.0,1.0,2.007,0.182,0.227
Soualiho Meïté,2020-2021,it Serie A,164913,3,2.0,2,2,266.0,0.0,0.0,0.677,0.667,0.667
Soualiho Meïté,2022-2023,it Serie A,164913,15,35.0,2,2,1254.0,0.0,0.0,2.512,0.133,0.133
Soufiane Chakla,2020-2021,es La Liga,236956,9,13.0,3,0,806.0,5.0,0.0,1.452,0.333,0.0
Souleyman Doumbia,2020-2021,fr Ligue 1,296356,23,29.0,6,7,2002.0,8.0,0.0,1.304,0.261,0.304
Souleyman Doumbia,2021-2022,fr Ligue 1,296356,3,4.0,1,2,270.0,1.0,0.0,1.333,0.333,0.667
Souleyman Doumbia,2022-2023,fr Ligue 1,296356,18,39.0,2,2,1528.0,2.0,1.0,2.297,0.111,0.111
Soungoutou Magassa,2023-2024,fr Ligue 1,745181,1,1.0,0,0,90.0,1.0,0.0,1.0,0.0,0.0
Srdjan Babic,2022-2023,es La Liga,222805,33,54.0,4,11,2954.0,5.0,0.0,1.645,0.121,0.333
Stanislav Lobotka,2021-2022,it Serie A,192735,19,18.0,6,11,1612.0,1.0,0.0,1.005,0.316,0.579
Stanislav Lobotka,2022-2023,it Serie A,192735,34,27.0,15,26,2962.0,2.0,0.0,0.82,0.441,0.765
Stanislav Lobotka,2023-2024,it Serie A,192735,9,8.0,1,3,795.0,2.0,0.0,0.906,0.111,0.333
Stanley Nsoki,2020-2021,fr Ligue 1,371141,13,22.0,2,3,1153.0,4.0,0.0,1.717,0.154,0.231
Stanley Nsoki,2022-2023,de Bundesliga,371141,14,30.0,1,3,1093.0,1.0,1.0,2.47,0.071,0.214
Stanley Nsoki,2023-2024,de Bundesliga,371141,5,8.0,0,0,405.0,3.0,0.0,1.778,0.0,0.0
Stefan Bajcetic,2022-2023,eng Premier League,864799,2,3.0,1,0,159.0,1.0,0.0,1.698,0.5,0.0
Stefan Bell,2020-2021,de Bundesliga,82350,16,18.0,4,8,1271.0,6.0,0.0,1.275,0.25,0.5
Stefan Bell,2021-2022,de Bundesliga,82350,33,43.0,10,13,2869.0,9.0,0.0,1.349,0.303,0.394
Stefan Bell,2022-2023,de Bundesliga,82350,26,41.0,5,10,2279.0,9.0,0.0,1.619,0.192,0.385
Stefan Ilsanker,2020-2021,de Bundesliga,40074,17,33.0,0,6,1428.0,4.0,0.0,2.08,0.0,0.353
Stefan Ilsanker,2021-2022,de Bundesliga,40074,3,7.0,0,1,200.0,1.0,0.0,3.15,0.0,0.333
Stefan Lainer,2020-2021,de Bundesliga,85791,25,40.0,6,9,2189.0,2.0,0.0,1.645,0.24,0.36
Stefan Lainer,2021-2022,de Bundesliga,85791,7,13.0,1,2,501.0,1.0,0.0,2.335,0.143,0.286
Stefan Lainer,2022-2023,de Bundesliga,85791,7,17.0,1,2,579.0,2.0,0.0,2.642,0.143,0.286
Stefan Lainer,2023-2024,de Bundesliga,85791,3,4.0,0,1,210.0,1.0,0.0,1.714,0.0,0.333
Stefan Mitrovic,2020-2021,fr Ligue 1,143029,31,52.0,6,7,2740.0,3.0,1.0,1.708,0.194,0.226
Stefan Mitrovic,2021-2022,es La Liga,143029,31,33.0,11,8,2648.0,8.0,1.0,1.122,0.355,0.258
Stefan Mitrovic,2022-2023,es La Liga,143029,18,15.0,8,7,1595.0,3.0,0.0,0.846,0.444,0.389
Stefan Posch,2020-2021,de Bundesliga,223974,25,40.0,5,8,2109.0,11.0,0.0,1.707,0.2,0.32
Stefan Posch,2021-2022,de Bundesliga,223974,26,45.0,6,11,2181.0,5.0,0.0,1.857,0.231,0.423
Stefan Posch,2022-2023,de Bundesliga,223974,1,3.0,0,0,19.0,2.0,0.0,6.0,0.0,0.0
Stefan Posch,2022-2023,it Serie A,223974,30,37.0,7,14,2540.0,6.0,0.0,1.311,0.233,0.467
Stefan Posch,2023-2024,it Serie A,223974,7,5.0,3,6,541.0,2.0,0.0,0.832,0.429,0.857
Stefan Savic,2020-2021,es La Liga,107010,33,20.0,17,24,2954.0,15.0,0.0,0.609,0.515,0.727
Stefan Savic,2021-2022,es La Liga,107010,28,26.0,11,18,2441.0,12.0,0.0,0.959,0.393,0.643
Stefan Savic,2022-2023,es La Liga,107010,22,18.0,8,12,1946.0,5.0,2.0,0.832,0.364,0.545
Stefan Savic,2023-2024,es La Liga,107010,6,6.0,3,3,540.0,2.0,0.0,1.0,0.5,0.5
Stefan Strandberg,2021-2022,it Serie A,50617,11,22.0,1,2,934.0,2.0,0.0,2.12,0.091,0.182
Stefan de Vrij,2020-2021,it Serie A,111196,30,27.0,11,20,2700.0,2.0,0.0,0.9,0.367,0.667
Stefan de Vrij,2021-2022,it Serie A,111196,28,27.0,9,18,2396.0,3.0,0.0,1.014,0.321,0.643
Stefan de Vrij,2022-2023,it Serie A,111196,22,25.0,8,12,1872.0,4.0,0.0,1.202,0.364,0.545
Stefan de Vrij,2023-2024,it Serie A,111196,5,1.0,4,5,450.0,0.0,0.0,0.2,0.8,1.0
Stefano Denswil,2020-2021,it Serie A,182923,1,1.0,0,0,70.0,0.0,0.0,1.286,0.0,0.0
Stefano Sensi,2022-2023,it Serie A,216179,4,10.0,0,1,284.0,0.0,0.0,3.169,0.0,0.25
Stefano Sturaro,2020-2021,it Serie A,167859,3,3.0,0,0,203.0,1.0,0.0,1.33,0.0,0.0
Steve Cook,2022-2023,eng Premier League,90836,11,22.0,2,1,948.0,4.0,0.0,2.089,0.182,0.091
Steven Alzate,2020-2021,eng Premier League,476237,2,4.0,1,1,172.0,1.0,0.0,2.093,0.5,0.5
Steven Alzate,2021-2022,eng Premier League,476237,5,7.0,0,1,348.0,0.0,0.0,1.81,0.0,0.2
Steven Fortes,2020-2021,fr Ligue 1,276895,16,26.0,1,6,1375.0,7.0,0.0,1.702,0.062,0.375
Steven Fortes,2021-2022,fr Ligue 1,276895,1,1.0,0,0,90.0,0.0,0.0,1.0,0.0,0.0
Steven Nzonzi,2020-2021,fr Ligue 1,73734,29,32.0,7,14,2518.0,7.0,1.0,1.144,0.241,0.483
Stian Gregersen,2021-2022,fr Ligue 1,230140,22,46.0,1,4,1907.0,6.0,0.0,2.171,0.045,0.182
Stijn Spierings,2022-2023,fr Ligue 1,241501,32,49.0,8,10,2832.0,4.0,0.0,1.557,0.25,0.312
Stijn Spierings,2023-2024,fr Ligue 1,241501,3,5.0,0,1,249.0,2.0,0.0,1.807,0.0,0.333
Strahinja Pavlovic,2021-2022,fr Ligue 1,574671,5,7.0,0,2,0.0,0.0,0.0,6.0,0.0,0.4
Stuart Armstrong,2020-2021,eng Premier League,130765,1,2.0,0,0,90.0,0.0,0.0,2.0,0.0,0.0
Stuart Dallas,2020-2021,eng Premier League,158764,18,35.0,4,6,1611.0,2.0,0.0,1.955,0.222,0.333
Stuart Dallas,2021-2022,eng Premier League,158764,27,53.0,4,6,2304.0,4.0,0.0,2.07,0.148,0.222
Suat Serdar,2020-2021,de Bundesliga,261905,2,13.0,0,0,120.0,0.0,0.0,6.0,0.0,0.0
Suat Serdar,2023-2024,it Serie A,261905,5,8.0,1,0,378.0,2.0,0.0,1.905,0.2,0.0
Sven Bender,2020-2021,de Bundesliga,29993,14,16.0,4,7,1126.0,1.0,0.0,1.279,0.286,0.5
Sven Botman,2020-2021,fr Ligue 1,361093,37,23.0,20,24,3311.0,3.0,0.0,0.625,0.541,0.649
Sven Botman,2021-2022,fr Ligue 1,361093,25,33.0,8,11,2250.0,4.0,0.0,1.32,0.32,0.44
Sven Botman,2022-2023,eng Premier League,361093,35,30.0,13,18,3128.0,2.0,0.0,0.863,0.371,0.514
Sven Botman,2023-2024,eng Premier League,361093,7,16.0,1,3,613.0,1.0,0.0,2.349,0.143,0.429
Sébastien Corchia,2020-2021,fr Ligue 1,102744,20,29.0,3,6,1792.0,2.0,0.0,1.456,0.15,0.3
Sébastien Corchia,2021-2022,fr Ligue 1,102744,11,18.0,1,4,831.0,0.0,1.0,1.949,0.091,0.364
Sébastien Corchia,2022-2023,fr Ligue 1,102744,5,8.0,1,0,375.0,1.0,0.0,1.92,0.2,0.0
Sérgio Oliveira,2021-2022,it Serie A,112465,3,5.0,1,1,183.0,1.0,0.0,2.459,0.333,0.333
Tachi,2020-2021,es La Liga,354697,8,13.0,4,2,680.0,3.0,0.0,1.721,0.5,0.25
Tachi,2021-2022,es La Liga,354697,2,3.0,0,0,0.0,0.0,0.0,6.0,0.0,0.0
Takehiro Tomiyasu,2020-2021,it Serie A,331560,31,53.0,4,8,2719.0,4.0,0.0,1.754,0.129,0.258
Takehiro Tomiyasu,2021-2022,eng Premier League,331560,20,23.0,8,12,1683.0,2.0,0.0,1.23,0.4,0.6
Takehiro Tomiyasu,2022-2023,eng Premier League,331560,6,8.0,2,4,461.0,1.0,0.0,1.562,0.333,0.667
Tanguy Ndombélé,2020-2021,eng Premier League,450936,8,6.0,4,5,663.0,1.0,0.0,0.814,0.5,0.625
Tanguy Ndombélé,2021-2022,fr Ligue 1,450936,5,5.0,1,2,417.0,1.0,0.0,1.079,0.2,0.4
Tanguy Ndombélé,2022-2023,it Serie A,450936,2,1.0,1,1,90.0,0.0,0.0,1.0,0.5,0.5
Tanguy Nianzou,2021-2022,de Bundesliga,538996,6,5.0,3,5,423.0,4.0,0.0,1.064,0.5,0.833
Tanguy Nianzou,2022-2023,es La Liga,538996,16,27.0,2,5,1257.0,1.0,1.0,1.933,0.125,0.312
Tanguy Nianzou,2023-2024,es La Liga,538996,1,5.0,0,0,90.0,0.0,0.0,5.0,0.0,0.0
Tanguy Zoukrou,2022-2023,fr Ligue 1,917120,5,11.0,0,0,441.0,0.0,0.0,2.245,0.0,0.0
Tanner Tessmann,2021-2022,it Serie A,670096,2,2.0,0,0,90.0,0.0,0.0,2.0,0.0,0.0
Tariq Lamptey,2020-2021,eng Premier League,504148,1,0.0,1,0,90.0,0.0,0.0,0.0,1.0,0.0
Tariq Lamptey,2021-2022,eng Premier League,504148,4,6.0,1,1,360.0,0.0,0.0,1.5,0.25,0.25
Tariq Lamptey,2022-2023,eng Premier League,504148,2,4.0,1,1,106.0,0.0,0.0,3.396,0.5,0.5
Tariq Lamptey,2023-2024,eng Premier League,504148,3,3.0,1,1,196.0,1.0,0.0,1.378,0.333,0.333
Teden Mengi,2023-2024,eng Premier League,548470,7,19.0,0,0,602.0,0.0,0.0,2.841,0.0,0.0
Terence Kongolo,2020-2021,eng Premier League,152651,1,1.0,0,0,90.0,0.0,0.0,1.0,0.0,0.0
Tete Morente,2022-2023,es La Liga,339816,1,2.0,0,0,78.0,0.0,0.0,2.308,0.0,0.0
Teun Koopmeiners,2021-2022,it Serie A,360518,12,15.0,2,5,1040.0,2.0,0.0,1.298,0.167,0.417
Teun Koopmeiners,2022-2023,it Serie A,360518,13,12.0,5,8,1161.0,2.0,0.0,0.93,0.385,0.615
Teun Koopmeiners,2023-2024,it Serie A,360518,1,2.0,0,0,90.0,1.0,0.0,2.0,0.0,0.0
Theo Hernández,2020-2021,it Serie A,339808,33,37.0,11,21,2935.0,9.0,0.0,1.135,0.333,0.636
Theo Hernández,2021-2022,it Serie A,339808,30,25.0,14,20,2638.0,7.0,1.0,0.853,0.467,0.667
Theo Hernández,2022-2023,it Serie A,339808,26,29.0,8,16,2235.0,7.0,0.0,1.168,0.308,0.615
Theo Hernández,2023-2024,it Serie A,339808,9,12.0,3,6,810.0,4.0,0.0,1.333,0.333,0.667
Theodor Gebre Selassie,2020-2021,de Bundesliga,60632,16,34.0,2,2,1414.0,1.0,0.0,2.164,0.125,0.125
Thiago,2020-2021,eng Premier League,60444,5,5.0,1,0,434.0,1.0,0.0,1.037,0.2,0.0
Thiago,2022-2023,eng Premier League,60444,1,3.0,0,0,90.0,0.0,0.0,3.0,0.0,0.0
Thiago Mendes,2020-2021,fr Ligue 1,135617,23,27.0,7,13,2010.0,4.0,1.0,1.209,0.304,0.565
Thiago Mendes,2021-2022,fr Ligue 1,135617,19,23.0,5,9,1561.0,3.0,1.0,1.326,0.263,0.474
Thiago Mendes,2022-2023,fr Ligue 1,135617,19,22.0,4,9,1603.0,2.0,0.0,1.235,0.211,0.474
Thiago Silva,2020-2021,eng Premier League,29241,23,25.0,11,11,1938.0,5.0,0.0,1.161,0.478,0.478
Thiago Silva,2021-2022,eng Premier League,29241,28,25.0,11,15,2455.0,2.0,0.0,0.916,0.393,0.536
Thiago Silva,2022-2023,eng Premier League,29241,26,33.0,6,8,2269.0,2.0,0.0,1.309,0.231,0.308
Thiago Silva,2023-2024,eng Premier League,29241,3,9.0,0,1,241.0,0.0,0.0,3.361,0.0,0.333
Thibault De Smet,2020-2021,fr Ligue 1,340177,6,7.0,2,1,471.0,2.0,0.0,1.338,0.333,0.167
Thibault De Smet,2022-2023,fr Ligue 1,340177,20,16.0,10,10,1724.0,2.0,0.0,0.835,0.5,0.5
Thibault De Smet,2023-2024,fr Ligue 1,340177,5,7.0,1,1,319.0,3.0,0.0,1.975,0.2,0.2
Thierno Baldé,2022-2023,fr Ligue 1,709482,14,26.0,1,3,1168.0,1.0,0.0,2.003,0.071,0.214
Thierry Correia,2020-2021,es La Liga,367466,21,28.0,5,6,1746.0,6.0,0.0,1.443,0.238,0.286
Thierry Correia,2021-2022,es La Liga,367466,11,11.0,3,3,868.0,3.0,0.0,1.141,0.273,0.273
Thierry Correia,2022-2023,es La Liga,367466,22,24.0,4,6,1837.0,5.0,0.0,1.176,0.182,0.273
Thilo Kehrer,2020-2021,fr Ligue 1,228948,16,12.0,7,10,1360.0,1.0,0.0,0.794,0.438,0.625
Thilo Kehrer,2021-2022,fr Ligue 1,228948,16,16.0,5,14,1349.0,0.0,0.0,1.067,0.312,0.875
Thilo Kehrer,2022-2023,eng Premier League,228948,25,36.0,5,6,2178.0,4.0,0.0,1.488,0.2,0.24
Thilo Kehrer,2023-2024,fr Ligue 1,228948,7,9.0,2,2,630.0,2.0,0.0,1.286,0.286,0.286
Thomas Delaine,2020-2021,fr Ligue 1,170961,10,15.0,2,1,883.0,3.0,0.0,1.529,0.2,0.1
Thomas Delaine,2021-2022,fr Ligue 1,170961,10,19.0,2,1,900.0,0.0,0.0,1.9,0.2,0.1
Thomas Delaine,2022-2023,fr Ligue 1,170961,1,0.0,1,1,83.0,0.0,0.0,0.0,1.0,1.0
Thomas Delaney,2020-2021,de Bundesliga,91849,14,20.0,4,8,1113.0,6.0,0.0,1.617,0.286,0.571
Thomas Delaney,2021-2022,es La Liga,91849,10,5.0,5,5,849.0,3.0,0.0,0.53,0.5,0.5
Thomas Delaney,2022-2023,de Bundesliga,91849,2,4.0,0,0,109.0,0.0,0.0,3.303,0.0,0.0
Thomas Foket,2020-2021,fr Ligue 1,215114,37,49.0,10,9,3325.0,4.0,0.0,1.326,0.27,0.243
Thomas Foket,2021-2022,fr Ligue 1,215114,10,15.0,2,4,793.0,1.0,0.0,1.702,0.2,0.4
Thomas Foket,2022-2023,fr Ligue 1,215114,23,24.0,10,9,1970.0,0.0,0.0,1.096,0.435,0.391
Thomas Foket,2023-2024,fr Ligue 1,215114,5,6.0,1,2,377.0,3.0,0.0,1.432,0.2,0.4
Thomas Fontaine,2020-2021,fr Ligue 1,80036,4,9.0,0,0,322.0,0.0,0.0,2.516,0.0,0.0
Thomas Fontaine,2021-2022,fr Ligue 1,80036,2,5.0,0,0,0.0,0.0,0.0,6.0,0.0,0.0
Thomas Isherwood,2023-2024,de Bundesliga,322075,2,7.0,0,0,180.0,0.0,0.0,3.5,0.0,0.0
Thomas Kristensen,2023-2024,it Serie A,698259,6,8.0,2,1,499.0,3.0,0.0,1.443,0.333,0.167
Thomas Mangani,2020-2021,fr Ligue 1,18934,15,20.0,2,5,1227.0,1.0,0.0,1.467,0.133,0.333
Thomas Mangani,2021-2022,fr Ligue 1,18934,17,23.0,5,6,1420.0,2.0,0.0,1.458,0.294,0.353
Thomas Mangani,2022-2023,fr Ligue 1,18934,3,7.0,1,0,231.0,1.0,1.0,2.727,0.333,0.0
Thomas Meunier,2020-2021,de Bundesliga,100986,11,14.0,3,5,931.0,0.0,0.0,1.353,0.273,0.455
Thomas Meunier,2021-2022,de Bundesliga,100986,14,26.0,1,10,1144.0,2.0,0.0,2.045,0.071,0.714
Thomas Meunier,2022-2023,de Bundesliga,100986,6,7.0,3,4,495.0,2.0,0.0,1.273,0.5,0.667
Thomas Meunier,2023-2024,de Bundesliga,100986,3,1.0,2,2,239.0,0.0,0.0,0.377,0.667,0.667
Thomas Monconduit,2020-2021,fr Ligue 1,127182,8,14.0,2,2,647.0,1.0,0.0,1.947,0.25,0.25
Thomas Monconduit,2021-2022,fr Ligue 1,127182,9,18.0,2,2,772.0,0.0,0.0,2.098,0.222,0.222
Thomas Ouwejan,2022-2023,de Bundesliga,241477,9,22.0,1,0,643.0,1.0,0.0,3.079,0.111,0.0
Thomas Partey,2020-2021,eng Premier League,230784,17,20.0,5,7,1352.0,3.0,0.0,1.331,0.294,0.412
Thomas Partey,2020-2021,es La Liga,230784,2,0.0,2,0,180.0,0.0,0.0,0.0,1.0,0.0
Thomas Partey,2021-2022,eng Premier League,230784,23,25.0,10,15,2005.0,5.0,0.0,1.122,0.435,0.652
Thomas Partey,2022-2023,eng Premier League,230784,28,29.0,11,19,2391.0,4.0,0.0,1.092,0.393,0.679
Thorgan Hazard,2022-2023,de Bundesliga,102226,1,1.0,0,1,90.0,0.0,0.0,1.0,0.0,1.0
Thuler,2021-2022,fr Ligue 1,549815,10,22.0,1,2,773.0,3.0,0.0,2.561,0.1,0.2
Théo Le Bris,2022-2023,fr Ligue 1,766412,4,6.0,1,1,360.0,0.0,0.0,1.5,0.25,0.25
Théo Pellenard,2022-2023,fr Ligue 1,238716,1,2.0,0,0,86.0,0.0,0.0,2.093,0.0,0.0
Théo Sainte-Luce,2022-2023,fr Ligue 1,537127,7,13.0,2,4,499.0,0.0,0.0,2.345,0.286,0.571
Thérence Koudou,2023-2024,fr Ligue 1,910176,1,1.0,0,0,63.0,1.0,0.0,1.429,0.0,0.0
Tiago Djaló,2020-2021,fr Ligue 1,420465,8,6.0,3,5,709.0,4.0,0.0,0.762,0.375,0.625
Tiago Djaló,2021-2022,fr Ligue 1,420465,26,26.0,8,9,2292.0,3.0,0.0,1.021,0.308,0.346
Tiago Djaló,2022-2023,fr Ligue 1,420465,24,25.0,7,12,2002.0,7.0,0.0,1.124,0.292,0.5
Tiago Santos,2023-2024,fr Ligue 1,816580,8,9.0,4,3,720.0,1.0,0.0,1.125,0.5,0.375
Tiemoué Bakayoko,2020-2021,it Serie A,182618,23,29.0,7,14,1867.0,6.0,0.0,1.398,0.304,0.609
Tiemoué Bakayoko,2021-2022,it Serie A,182618,4,6.0,1,1,225.0,1.0,0.0,2.4,0.25,0.25
Tiemoué Bakayoko,2023-2024,fr Ligue 1,182618,4,6.0,0,2,343.0,0.0,0.0,1.574,0.0,0.5
Tijjani Reijnders,2023-2024,it Serie A,460939,3,5.0,0,2,242.0,2.0,0.0,1.86,0.0,0.667
Tim Drexler,2023-2024,de Bundesliga,822958,1,3.0,0,0,90.0,0.0,0.0,3.0,0.0,0.0
Tim Iroegbunam,2021-2022,eng Premier League,696589,1,0.0,1,1,73.0,1.0,0.0,0.0,1.0,1.0
Tim Oermann,2022-2023,de Bundesliga,696164,2,5.0,0,0,173.0,0.0,0.0,2.601,0.0,0.0
Tim Oermann,2023-2024,de Bundesliga,696164,6,9.0,1,2,428.0,2.0,0.0,1.893,0.167,0.333
Tim Ream,2020-2021,eng Premier League,145466,7,13.0,0,0,630.0,0.0,0.0,1.857,0.0,0.0
Tim Ream,2022-2023,eng Premier League,145466,33,45.0,8,13,2900.0,2.0,0.0,1.397,0.242,0.394
Tim Ream,2023-2024,eng Premier League,145466,3,5.0,0,1,256.0,0.0,0.0,1.758,0.0,0.333
Tim Siersleben,2023-2024,de Bundesliga,337092,1,1.0,0,0,45.0,0.0,0.0,2.0,0.0,0.0
Tim Skarke,2023-2024,de Bundesliga,287920,1,2.0,0,0,90.0,0.0,0.0,2.0,0.0,0.0
Timo Baumgartl,2021-2022,de Bundesliga,187491,25,34.0,6,10,2169.0,5.0,0.0,1.411,0.24,0.4
Timo Baumgartl,2022-2023,de Bundesliga,187491,6,7.0,4,3,493.0,1.0,0.0,1.278,0.667,0.5
Timo Becker,2020-2021,de Bundesliga,282349,17,41.0,4,3,1508.0,1.0,0.0,2.447,0.235,0.176
Timo Hübers,2021-2022,de Bundesliga,236981,20,26.0,4,10,1742.0,7.0,0.0,1.343,0.2,0.5
Timo Hübers,2022-2023,de Bundesliga,236981,28,45.0,5,9,2520.0,8.0,0.0,1.607,0.179,0.321
Timo Hübers,2023-2024,de Bundesliga,236981,6,11.0,1,1,540.0,2.0,0.0,1.833,0.167,0.167
Timothy Castagne,2020-2021,eng Premier League,262226,18,30.0,4,9,1537.0,0.0,0.0,1.757,0.222,0.5
Timothy Castagne,2021-2022,eng Premier League,262226,17,20.0,4,7,1484.0,1.0,0.0,1.213,0.235,0.412
Timothy Castagne,2022-2023,eng Premier League,262226,32,50.0,7,9,2852.0,3.0,0.0,1.578,0.219,0.281
Timothy Castagne,2023-2024,eng Premier League,262226,8,8.0,3,4,702.0,1.0,0.0,1.026,0.375,0.5
Timothy Chandler,2021-2022,de Bundesliga,49723,2,2.0,0,1,180.0,1.0,0.0,1.0,0.0,0.5
Timothy Fosu-Mensah,2020-2021,de Bundesliga,315131,5,8.0,0,1,367.0,2.0,0.0,1.962,0.0,0.2
Timothy Fosu-Mensah,2020-2021,eng Premier League,315131,1,3.0,0,0,81.0,1.0,0.0,3.333,0.0,0.0
Timothy Fosu-Mensah,2022-2023,de Bundesliga,315131,1,2.0,0,0,54.0,0.0,0.0,3.333,0.0,0.0
Timothy Tillman,2021-2022,de Bundesliga,310662,3,6.0,1,0,251.0,1.0,0.0,2.151,0.333,0.0
Timothy Weah,2022-2023,fr Ligue 1,370846,14,16.0,3,9,1173.0,1.0,0.0,1.228,0.214,0.643
Timothée Kolodziejczak,2020-2021,fr Ligue 1,84085,23,34.0,8,6,1975.0,3.0,1.0,1.549,0.348,0.261
Timothée Kolodziejczak,2021-2022,fr Ligue 1,84085,21,44.0,2,3,1810.0,2.0,1.0,2.188,0.095,0.143
Timothée Pembélé,2020-2021,fr Ligue 1,538998,2,3.0,0,1,180.0,1.0,0.0,1.5,0.0,0.5
Timothée Pembélé,2021-2022,fr Ligue 1,538998,14,34.0,0,4,1061.0,2.0,0.0,2.884,0.0,0.286
Timothée Pembélé,2022-2023,fr Ligue 1,538998,4,9.0,0,2,261.0,0.0,0.0,3.103,0.0,0.5
Tin Jedvaj,2020-2021,de Bundesliga,206386,2,0.0,2,1,135.0,0.0,0.0,0.0,1.0,0.5
Tino Livramento,2021-2022,eng Premier League,503981,25,43.0,7,6,2176.0,2.0,0.0,1.778,0.28,0.24
Tino Livramento,2023-2024,eng Premier League,503981,2,7.0,0,0,163.0,0.0,0.0,3.865,0.0,0.0
Tobias Mohr,2022-2023,de Bundesliga,153661,6,10.0,1,2,471.0,0.0,0.0,1.911,0.167,0.333
Tobias Raschl,2021-2022,de Bundesliga,384745,6,9.0,3,0,461.0,0.0,0.0,1.757,0.5,0.0
Tobias Strobl,2020-2021,de Bundesliga,57845,20,34.0,3,5,1595.0,4.0,0.0,1.918,0.15,0.25
Tobias Strobl,2021-2022,de Bundesliga,57845,4,5.0,0,1,280.0,1.0,0.0,1.607,0.0,0.25
Toby Alderweireld,2020-2021,eng Premier League,42710,25,25.0,10,14,2241.0,2.0,0.0,1.004,0.4,0.56
Tolga Ciğerci,2022-2023,de Bundesliga,94199,10,24.0,1,2,634.0,2.0,0.0,3.407,0.1,0.2
Tolgay Arslan,2020-2021,it Serie A,53536,15,20.0,4,3,1015.0,7.0,0.0,1.773,0.267,0.2
Tolgay Arslan,2021-2022,it Serie A,53536,3,6.0,0,1,149.0,1.0,0.0,3.624,0.0,0.333
Tom Cairney,2023-2024,eng Premier League,123275,1,2.0,0,0,90.0,0.0,0.0,2.0,0.0,0.0
Tom Davies,2020-2021,eng Premier League,314210,10,15.0,2,4,808.0,2.0,0.0,1.671,0.2,0.4
Tom Davies,2021-2022,eng Premier League,314210,1,5.0,0,0,78.0,1.0,0.0,5.769,0.0,0.0
Tom Davies,2023-2024,eng Premier League,314210,1,6.0,0,0,45.0,0.0,0.0,6.0,0.0,0.0
Tom Krauß,2022-2023,de Bundesliga,405687,5,13.0,1,1,386.0,2.0,0.0,3.031,0.2,0.2
Tom Krauß,2023-2024,de Bundesliga,405687,2,2.0,0,0,162.0,1.0,0.0,1.111,0.0,0.0
Tom Lacoux,2020-2021,fr Ligue 1,847759,2,1.0,1,2,151.0,0.0,0.0,0.596,0.5,1.0
Tom Lacoux,2021-2022,fr Ligue 1,847759,6,19.0,0,2,439.0,2.0,0.0,3.895,0.0,0.333
Toma Basic,2020-2021,fr Ligue 1,334835,18,27.0,7,6,1417.0,3.0,0.0,1.715,0.389,0.333
Toma Basic,2021-2022,fr Ligue 1,334835,1,2.0,0,0,81.0,0.0,0.0,2.222,0.0,0.0
Tomas Soucek,2020-2021,eng Premier League,283628,32,40.0,9,19,2880.0,7.0,0.0,1.25,0.281,0.594
Tomas Soucek,2021-2022,eng Premier League,283628,30,39.0,6,12,2689.0,3.0,0.0,1.305,0.2,0.4
Tomas Soucek,2022-2023,eng Premier League,283628,21,35.0,4,6,1763.0,3.0,0.0,1.787,0.19,0.286
Tomas Soucek,2023-2024,eng Premier League,283628,7,17.0,0,2,612.0,3.0,0.0,2.5,0.0,0.286
Tommaso Augello,2020-2021,it Serie A,284595,33,50.0,5,13,2860.0,2.0,1.0,1.573,0.152,0.394
Tommaso Augello,2021-2022,it Serie A,284595,24,37.0,4,7,2039.0,0.0,0.0,1.633,0.167,0.292
Tommaso Augello,2022-2023,it Serie A,284595,13,29.0,1,0,1105.0,1.0,0.0,2.362,0.077,0.0
Tommaso Augello,2023-2024,it Serie A,284595,5,5.0,1,2,405.0,2.0,0.0,1.111,0.2,0.4
Tommaso Pobega,2021-2022,it Serie A,392538,6,4.0,2,2,481.0,2.0,0.0,0.748,0.333,0.333
Tommaso Pobega,2022-2023,it Serie A,392538,6,5.0,2,2,495.0,2.0,0.0,0.909,0.333,0.333
Tommy Doyle,2023-2024,eng Premier League,433183,1,3.0,0,0,90.0,0.0,0.0,3.0,0.0,0.0
Tomás Alarcón,2021-2022,es La Liga,454238,14,21.0,4,0,1139.0,3.0,0.0,1.659,0.286,0.0
Tomás Alarcón,2022-2023,es La Liga,454238,1,2.0,0,0,76.0,2.0,0.0,2.368,0.0,0.0
Tomás Pina,2020-2021,es La Liga,139895,9,10.0,3,1,762.0,3.0,0.0,1.181,0.333,0.111
Tomás Pina,2021-2022,es La Liga,139895,4,8.0,0,0,333.0,0.0,0.0,2.162,0.0,0.0
Tomás Rincón,2020-2021,it Serie A,75942,19,39.0,2,2,1667.0,6.0,0.0,2.106,0.105,0.105
Tomás Rincón,2021-2022,it Serie A,75942,7,10.0,1,1,501.0,2.0,0.0,1.796,0.143,0.143
Tomás Rincón,2022-2023,it Serie A,75942,17,37.0,2,2,1357.0,2.0,1.0,2.454,0.118,0.118
Toni Kroos,2020-2021,es La Liga,31909,1,1.0,0,0,0.0,0.0,0.0,6.0,0.0,0.0
Toni Kroos,2021-2022,es La Liga,31909,1,2.0,0,0,61.0,0.0,0.0,2.951,0.0,0.0
Toni Kroos,2022-2023,es La Liga,31909,8,7.0,4,4,659.0,0.0,0.0,0.956,0.5,0.5
Toni Kroos,2023-2024,es La Liga,31909,3,3.0,1,1,223.0,0.0,0.0,1.211,0.333,0.333
Toni Lato,2020-2021,es La Liga,320271,7,9.0,2,0,587.0,2.0,0.0,1.38,0.286,0.0
Toni Lato,2021-2022,es La Liga,320271,6,8.0,1,2,365.0,2.0,0.0,1.973,0.167,0.333
Toni Lato,2022-2023,es La Liga,320271,5,6.0,1,2,379.0,1.0,0.0,1.425,0.2,0.4
Toni Lato,2023-2024,es La Liga,320271,4,3.0,1,1,330.0,2.0,0.0,0.818,0.25,0.25
Toni Moya,2021-2022,es La Liga,295065,1,0.0,1,0,90.0,0.0,0.0,0.0,1.0,0.0
Tonny Vilhena,2022-2023,it Serie A,182581,6,9.0,0,1,489.0,1.0,0.0,1.656,0.0,0.167
Tony Jantschke,2020-2021,de Bundesliga,47587,3,5.0,0,2,234.0,1.0,0.0,1.923,0.0,0.667
Tony Jantschke,2021-2022,de Bundesliga,47587,3,3.0,1,2,227.0,0.0,0.0,1.189,0.333,0.667
Tony Jantschke,2022-2023,de Bundesliga,47587,1,1.0,0,1,81.0,0.0,0.0,1.111,0.0,1.0
Tony Mauricio,2020-2021,fr Ligue 1,272549,1,4.0,0,0,63.0,1.0,0.0,5.714,0.0,0.0
Tosin Adarabioyo,2020-2021,eng Premier League,258878,33,41.0,9,5,2954.0,1.0,0.0,1.249,0.273,0.152
Tosin Adarabioyo,2022-2023,eng Premier League,258878,23,38.0,3,10,2070.0,4.0,0.0,1.652,0.13,0.435
Tosin Adarabioyo,2023-2024,eng Premier League,258878,6,5.0,3,3,540.0,1.0,0.0,0.833,0.5,0.5
Toti,2021-2022,eng Premier League,606718,4,6.0,0,2,360.0,1.0,0.0,1.5,0.0,0.5
Toti,2022-2023,eng Premier League,606718,10,11.0,4,4,856.0,4.0,0.0,1.157,0.4,0.4
Toti,2023-2024,eng Premier League,606718,7,12.0,2,3,546.0,2.0,0.0,1.978,0.286,0.429
Toño García,2020-2021,es La Liga,125931,5,8.0,0,0,416.0,1.0,0.0,1.731,0.0,0.0
Trent Alexander-Arnold,2020-2021,eng Premier League,314353,34,40.0,10,18,2997.0,2.0,0.0,1.201,0.294,0.529
Trent Alexander-Arnold,2021-2022,eng Premier League,314353,32,22.0,18,23,2854.0,2.0,0.0,0.694,0.562,0.719
Trent Alexander-Arnold,2022-2023,eng Premier League,314353,34,46.0,11,18,2884.0,5.0,0.0,1.436,0.324,0.529
Trent Alexander-Arnold,2023-2024,eng Premier League,314353,2,4.0,0,1,103.0,0.0,0.0,3.495,0.0,0.5
Trevoh Chalobah,2020-2021,fr Ligue 1,346314,20,36.0,2,6,1746.0,2.0,0.0,1.856,0.1,0.3
Trevoh Chalobah,2021-2022,eng Premier League,346314,17,8.0,10,13,1390.0,2.0,0.0,0.518,0.588,0.765
Trevoh Chalobah,2022-2023,eng Premier League,346314,18,23.0,5,5,1555.0,4.0,0.0,1.331,0.278,0.278
Trevoh Chalobah,2023-2024,eng Premier League,346314,2,4.0,0,1,180.0,0.0,0.0,2.0,0.0,0.5
Triantafyllos Pasalidis,2023-2024,it Serie A,470422,3,6.0,1,0,253.0,1.0,0.0,2.134,0.333,0.0
Tuta,2020-2021,de Bundesliga,546213,16,27.0,3,9,1409.0,5.0,0.0,1.725,0.188,0.562
Tuta,2021-2022,de Bundesliga,546213,26,38.0,3,9,2187.0,4.0,0.0,1.564,0.115,0.346
Tuta,2022-2023,de Bundesliga,546213,30,45.0,5,12,2691.0,8.0,0.0,1.505,0.167,0.4
Tuta,2023-2024,de Bundesliga,546213,8,14.0,1,3,713.0,2.0,0.0,1.767,0.125,0.375
Tyler Adams,2020-2021,de Bundesliga,332705,12,12.0,4,5,1034.0,1.0,0.0,1.044,0.333,0.417
Tyler Adams,2021-2022,de Bundesliga,332705,10,10.0,3,5,863.0,3.0,0.0,1.043,0.3,0.5
Tyler Adams,2022-2023,eng Premier League,332705,24,36.0,5,5,2157.0,6.0,0.0,1.502,0.208,0.208
Tyler Morton,2021-2022,eng Premier League,618494,1,2.0,0,0,0.0,0.0,0.0,6.0,0.0,0.0
Tyrell Malacia,2022-2023,eng Premier League,339340,14,12.0,7,12,1184.0,5.0,0.0,0.912,0.5,0.857
Tyrick Mitchell,2020-2021,eng Premier League,730893,19,32.0,4,7,1710.0,1.0,0.0,1.684,0.211,0.368
Tyrick Mitchell,2021-2022,eng Premier League,730893,33,41.0,10,9,2906.0,1.0,0.0,1.27,0.303,0.273
Tyrick Mitchell,2022-2023,eng Premier League,730893,34,43.0,8,9,2861.0,5.0,1.0,1.353,0.235,0.265
Tyrick Mitchell,2023-2024,eng Premier League,730893,3,9.0,0,1,270.0,0.0,0.0,3.0,0.0,0.333
Tyrone Mings,2020-2021,eng Premier League,253677,36,42.0,15,16,3195.0,6.0,0.0,1.183,0.417,0.444
Tyrone Mings,2021-2022,eng Premier League,253677,35,47.0,11,13,3150.0,11.0,0.0,1.343,0.314,0.371
Tyrone Mings,2022-2023,eng Premier League,253677,35,40.0,12,18,3150.0,7.0,0.0,1.143,0.343,0.514
Tyronne Ebuehi,2021-2022,it Serie A,309944,12,20.0,1,1,949.0,1.0,1.0,1.897,0.083,0.083
Tyronne Ebuehi,2022-2023,it Serie A,309944,22,25.0,6,8,1851.0,0.0,0.0,1.216,0.273,0.364
Téji Savanier,2020-2021,fr Ligue 1,127156,3,8.0,0,0,199.0,0.0,1.0,3.618,0.0,0.0
Téji Savanier,2021-2022,fr Ligue 1,127156,1,3.0,0,0,90.0,0.0,0.0,3.0,0.0,0.0
Ulisses Garcia,2023-2024,fr Ligue 1,192616,3,3.0,1,1,238.0,0.0,0.0,1.134,0.333,0.333
Umut Tohumcu,2023-2024,de Bundesliga,569031,3,6.0,0,2,234.0,2.0,0.0,2.308,0.0,0.667
Unai Dufur,2020-2021,es La Liga,783429,1,5.0,0,0,63.0,0.0,0.0,6.0,0.0,0.0
Unai Dufur,2021-2022,es La Liga,783429,1,2.0,0,0,0.0,0.0,0.0,6.0,0.0,0.0
Unai García,2020-2021,es La Liga,197122,13,21.0,1,3,1109.0,1.0,0.0,1.704,0.077,0.231
Unai García,2021-2022,es La Liga,197122,15,17.0,4,2,1334.0,3.0,0.0,1.147,0.267,0.133
Unai García,2022-2023,es La Liga,197122,20,19.0,6,9,1717.0,6.0,1.0,0.996,0.3,0.45
Unai García,2023-2024,es La Liga,197122,5,8.0,1,1,417.0,3.0,0.0,1.727,0.2,0.2
Unai López,2021-2022,es La Liga,192009,1,2.0,0,0,13.0,0.0,0.0,6.0,0.0,0.0
Unai Núñez,2020-2021,es La Liga,338285,23,23.0,7,8,2025.0,6.0,0.0,1.022,0.304,0.348
Unai Núñez,2021-2022,es La Liga,338285,7,12.0,0,2,585.0,2.0,0.0,1.846,0.0,0.286
Unai Núñez,2022-2023,es La Liga,338285,35,48.0,9,10,3150.0,8.0,0.0,1.371,0.257,0.286
Unai Núñez,2023-2024,es La Liga,338285,8,12.0,2,3,706.0,0.0,0.0,1.53,0.25,0.375
Unai Vencedor,2020-2021,es La Liga,610083,3,3.0,2,2,222.0,1.0,0.0,1.216,0.667,0.667
Unai Vencedor,2021-2022,es La Liga,610083,3,2.0,1,1,222.0,0.0,0.0,0.811,0.333,0.333
Uri Busquets,2021-2022,fr Ligue 1,282721,2,7.0,0,0,132.0,0.0,0.0,4.773,0.0,0.0
Urko González de Zarate,2020-2021,es La Liga,625651,1,2.0,0,0,45.0,1.0,0.0,4.0,0.0,0.0
Uros Racic,2020-2021,es La Liga,417575,6,5.0,1,0,509.0,2.0,0.0,0.884,0.167,0.0
Uros Racic,2021-2022,es La Liga,417575,8,14.0,1,2,601.0,2.0,0.0,2.097,0.125,0.25
Uroš Račić,2023-2024,it Serie A,417575,2,6.0,1,1,146.0,0.0,0.0,3.699,0.5,0.5
Valentin Antov,2020-2021,it Serie A,227347,2,6.0,0,0,165.0,1.0,0.0,3.273,0.0,0.0
Valentin Antov,2022-2023,it Serie A,227347,2,6.0,0,0,150.0,1.0,0.0,3.6,0.0,0.0
Valentin Atangana,2022-2023,fr Ligue 1,923759,2,6.0,0,0,129.0,0.0,0.0,4.186,0.0,0.0
Valentin Gendrey,2022-2023,it Serie A,569387,35,43.0,5,7,3084.0,4.0,0.0,1.255,0.143,0.2
Valentin Gendrey,2023-2024,it Serie A,569387,8,15.0,1,2,720.0,1.0,0.0,1.875,0.125,0.25
Valentin Rongier,2020-2021,fr Ligue 1,332889,4,6.0,0,1,315.0,4.0,0.0,1.714,0.0,0.25
Valentin Rongier,2021-2022,fr Ligue 1,332889,19,15.0,9,10,1622.0,3.0,0.0,0.832,0.474,0.526
Valentin Rongier,2022-2023,fr Ligue 1,332889,32,35.0,8,19,2809.0,7.0,0.0,1.121,0.25,0.594
Valentino Lazaro,2020-2021,de Bundesliga,186368,3,4.0,0,1,245.0,2.0,0.0,1.469,0.0,0.333
Valery Fernández,2022-2023,es La Liga,331496,1,0.0,1,1,90.0,0.0,0.0,0.0,1.0,1.0
Valon Behrami,2020-2021,it Serie A,21905,1,1.0,0,1,74.0,0.0,0.0,1.216,0.0,1.0
Valon Behrami,2021-2022,it Serie A,21905,1,2.0,0,0,0.0,0.0,0.0,6.0,0.0,0.0
Valon Berisha,2021-2022,fr Ligue 1,145115,1,1.0,0,1,84.0,0.0,0.0,1.071,0.0,1.0
Vanderson,2021-2022,fr Ligue 1,789082,3,3.0,1,2,270.0,0.0,0.0,1.0,0.333,0.667
Vanderson,2022-2023,fr Ligue 1,789082,17,24.0,4,8,1434.0,2.0,0.0,1.506,0.235,0.471
Varazdat Haroyan,2021-2022,es La Liga,155423,16,30.0,3,2,1386.0,8.0,0.0,1.948,0.188,0.125
Vasco Regini,2020-2021,it Serie A,72274,1,2.0,0,0,71.0,0.0,0.0,2.535,0.0,0.0
Vasilios Lampropoulos,2021-2022,de Bundesliga,63489,13,21.0,4,6,1169.0,1.0,0.0,1.617,0.308,0.462
Vasilios Lampropoulos,2022-2023,de Bundesliga,63489,7,14.0,1,2,585.0,2.0,0.0,2.154,0.143,0.286
Vicente Iborra,2020-2021,es La Liga,65467,6,3.0,3,2,528.0,2.0,0.0,0.511,0.5,0.333
Vicente Iborra,2021-2022,es La Liga,65467,4,5.0,1,2,331.0,1.0,0.0,1.36,0.25,0.5
Victor Kristiansen,2022-2023,eng Premier League,564529,10,19.0,0,3,847.0,1.0,0.0,2.019,0.0,0.3
Victor Kristiansen,2023-2024,it Serie A,564529,9,7.0,4,7,795.0,0.0,0.0,0.792,0.444,0.778
Victor Lindelöf,2020-2021,eng Premier League,184573,29,31.0,10,16,2586.0,0.0,0.0,1.079,0.345,0.552
Victor Lindelöf,2021-2022,eng Premier League,184573,26,46.0,6,10,2324.0,4.0,0.0,1.781,0.231,0.385
Victor Lindelöf,2022-2023,eng Premier League,184573,14,11.0,6,10,1258.0,1.0,0.0,0.787,0.429,0.714
Victor Lindelöf,2023-2024,eng Premier League,184573,3,5.0,1,1,270.0,0.0,0.0,1.667,0.333,0.333
Victorien Angban,2020-2021,fr Ligue 1,178314,6,5.0,2,5,467.0,1.0,0.0,0.964,0.333,0.833
Viktor Kovalenko,2021-2022,it Serie A,203842,1,2.0,0,0,90.0,0.0,0.0,2.0,0.0,0.0
Viktor Kovalenko,2023-2024,it Serie A,203842,1,2.0,0,1,80.0,0.0,0.0,2.25,0.0,1.0
Vincent Laurini,2020-2021,it Serie A,94936,8,20.0,1,1,603.0,1.0,0.0,2.985,0.125,0.125
Vincent Le Goff,2020-2021,fr Ligue 1,120651,21,40.0,2,5,1890.0,0.0,0.0,1.905,0.095,0.238
Vincent Le Goff,2021-2022,fr Ligue 1,120651,29,45.0,10,7,2610.0,1.0,0.0,1.552,0.345,0.241
Vincent Le Goff,2022-2023,fr Ligue 1,120651,37,52.0,8,15,3330.0,1.0,0.0,1.405,0.216,0.405
Vincent Manceau,2020-2021,fr Ligue 1,83132,25,34.0,5,8,2250.0,4.0,0.0,1.36,0.2,0.32
Vincent Manceau,2021-2022,fr Ligue 1,83132,25,35.0,7,8,2250.0,2.0,0.0,1.4,0.28,0.32
Vincent Marchetti,2022-2023,fr Ligue 1,374040,5,9.0,0,1,387.0,1.0,0.0,2.093,0.0,0.2
Vincent Pajot,2020-2021,fr Ligue 1,126699,7,9.0,1,1,543.0,2.0,0.0,1.492,0.143,0.143
Vincent Pajot,2021-2022,fr Ligue 1,126699,16,35.0,3,2,1285.0,2.0,0.0,2.451,0.188,0.125
Vincent Sierro,2022-2023,fr Ligue 1,280387,4,1.0,3,2,305.0,1.0,0.0,0.295,0.75,0.5
Vincent Sierro,2023-2024,fr Ligue 1,280387,2,3.0,0,2,180.0,0.0,0.0,1.5,0.0,1.0
Vini Souza,2022-2023,es La Liga,663581,26,46.0,4,6,2204.0,7.0,0.0,1.878,0.154,0.231
Vini Souza,2023-2024,eng Premier League,663581,6,18.0,0,1,530.0,0.0,0.0,3.057,0.0,0.167
Virgil van Dijk,2020-2021,eng Premier League,139208,5,13.0,1,3,371.0,1.0,0.0,3.154,0.2,0.6
Virgil van Dijk,2021-2022,eng Premier League,139208,34,21.0,21,25,3060.0,3.0,0.0,0.618,0.618,0.735
Virgil van Dijk,2022-2023,eng Premier League,139208,32,37.0,11,18,2835.0,3.0,0.0,1.175,0.344,0.562
Virgil van Dijk,2023-2024,eng Premier League,139208,8,8.0,2,6,720.0,0.0,0.0,1.0,0.25,0.75
Vital Nsimba,2021-2022,fr Ligue 1,203761,31,48.0,7,8,2703.0,3.0,0.0,1.598,0.226,0.258
Vitaliy Mykolenko,2021-2022,eng Premier League,404842,6,10.0,1,1,540.0,0.0,0.0,1.667,0.167,0.167
Vitaliy Mykolenko,2022-2023,eng Premier League,404842,29,44.0,7,6,2500.0,4.0,0.0,1.584,0.241,0.207
Vitaliy Mykolenko,2023-2024,eng Premier League,404842,7,11.0,1,0,628.0,0.0,0.0,1.576,0.143,0.0
Vitaly Janelt,2021-2022,eng Premier League,270171,10,16.0,1,3,819.0,2.0,0.0,1.758,0.1,0.3
Vitaly Janelt,2022-2023,eng Premier League,270171,17,17.0,7,9,1380.0,2.0,0.0,1.109,0.412,0.529
Vitaly Janelt,2023-2024,eng Premier League,270171,2,5.0,0,1,166.0,0.0,0.0,2.711,0.0,0.5
Vitinha,2022-2023,fr Ligue 1,487469,1,1.0,0,1,67.0,0.0,0.0,1.343,0.0,1.0
Vitinho,2023-2024,eng Premier League,468249,2,5.0,0,0,177.0,0.0,0.0,2.542,0.0,0.0
Vlad Chiricheș,2020-2021,it Serie A,123261,22,34.0,4,12,1802.0,6.0,0.0,1.698,0.182,0.545
Vlad Chiricheș,2021-2022,it Serie A,123261,27,47.0,3,9,2297.0,4.0,0.0,1.842,0.111,0.333
Vlad Chiricheș,2022-2023,it Serie A,123261,14,28.0,2,1,956.0,2.0,0.0,2.636,0.143,0.071
Vladimir Coufal,2020-2021,eng Premier League,157672,26,32.0,7,15,2335.0,3.0,0.0,1.233,0.269,0.577
Vladimir Coufal,2021-2022,eng Premier League,157672,23,34.0,5,8,1995.0,4.0,0.0,1.534,0.217,0.348
Vladimir Coufal,2022-2023,eng Premier League,157672,19,29.0,4,5,1593.0,2.0,0.0,1.638,0.211,0.263
Vladimir Coufal,2023-2024,eng Premier League,157672,8,19.0,0,2,688.0,3.0,0.0,2.485,0.0,0.25
Vladimir Darida,2021-2022,de Bundesliga,179643,3,4.0,0,2,252.0,0.0,0.0,1.429,0.0,0.667
Vladimir Golemic,2020-2021,it Serie A,169841,26,74.0,1,4,2269.0,4.0,1.0,2.935,0.038,0.154
Víctor Chust,2020-2021,es La Liga,495625,1,0.0,1,0,90.0,0.0,0.0,0.0,1.0,0.0
Víctor Chust,2021-2022,es La Liga,495625,20,27.0,7,4,1692.0,2.0,0.0,1.436,0.35,0.2
Víctor Chust,2022-2023,es La Liga,495625,10,15.0,3,1,777.0,2.0,0.0,1.737,0.3,0.1
Víctor Chust,2023-2024,es La Liga,495625,9,10.0,3,1,810.0,0.0,0.0,1.111,0.333,0.111
Víctor Díaz,2020-2021,es La Liga,58330,7,18.0,0,2,593.0,2.0,0.0,2.732,0.0,0.286
Víctor Díaz,2021-2022,es La Liga,58330,18,34.0,5,4,1416.0,4.0,0.0,2.161,0.278,0.222
Víctor Laguardia,2020-2021,es La Liga,67080,30,44.0,6,8,2546.0,5.0,1.0,1.555,0.2,0.267
Víctor Laguardia,2021-2022,es La Liga,67080,34,58.0,5,8,3044.0,9.0,0.0,1.715,0.147,0.235
Víctor Ruiz,2020-2021,es La Liga,62920,24,28.0,8,11,2103.0,9.0,0.0,1.198,0.333,0.458
Víctor Ruiz,2021-2022,es La Liga,62920,17,20.0,4,8,1419.0,2.0,0.0,1.268,0.235,0.471
Víctor Ruiz,2022-2023,es La Liga,62920,5,6.0,1,2,450.0,0.0,0.0,1.2,0.2,0.4
Wajdi Kechrida,2021-2022,it Serie A,407885,5,18.0,0,0,413.0,0.0,0.0,3.923,0.0,0.0
Walace,2020-2021,it Serie A,323954,21,35.0,4,7,1749.0,4.0,0.0,1.801,0.19,0.333
Walace,2021-2022,it Serie A,323954,31,46.0,7,10,2718.0,6.0,0.0,1.523,0.226,0.323
Walace,2022-2023,it Serie A,323954,37,45.0,10,11,3199.0,6.0,0.0,1.266,0.27,0.297
Walace,2023-2024,it Serie A,323954,6,8.0,1,1,540.0,3.0,0.0,1.333,0.167,0.167
Waldemar Anton,2020-2021,de Bundesliga,193004,30,51.0,4,11,2694.0,3.0,0.0,1.704,0.133,0.367
Waldemar Anton,2021-2022,de Bundesliga,193004,29,48.0,4,7,2597.0,5.0,1.0,1.663,0.138,0.241
Waldemar Anton,2022-2023,de Bundesliga,193004,34,57.0,2,7,2941.0,4.0,0.0,1.744,0.059,0.206
Waldemar Anton,2023-2024,de Bundesliga,193004,8,9.0,1,6,714.0,2.0,0.0,1.134,0.125,0.75
Waniss Taïbi,2021-2022,fr Ligue 1,680447,1,0.0,1,1,78.0,1.0,0.0,0.0,1.0,1.0
Waniss Taïbi,2022-2023,fr Ligue 1,680447,1,4.0,0,0,45.0,0.0,0.0,6.0,0.0,0.0
Warmed Omari,2021-2022,fr Ligue 1,711996,31,34.0,11,17,2750.0,6.0,0.0,1.113,0.355,0.548
Warmed Omari,2022-2023,fr Ligue 1,711996,15,14.0,7,8,1343.0,2.0,1.0,0.938,0.467,0.533
Warmed Omari,2023-2024,fr Ligue 1,711996,5,4.0,2,4,442.0,0.0,0.0,0.814,0.4,0.8
Warren Bondo,2023-2024,it Serie A,659516,3,4.0,2,1,250.0,3.0,0.0,1.44,0.667,0.333
Warren Kamanzi,2022-2023,fr Ligue 1,794758,7,9.0,1,2,602.0,1.0,0.0,1.346,0.143,0.286
Warren Kamanzi,2023-2024,fr Ligue 1,794758,1,2.0,0,0,70.0,0.0,0.0,2.571,0.0,0.0
Warren Zaïre-Emery,2022-2023,fr Ligue 1,810092,1,2.0,0,1,86.0,0.0,0.0,2.093,0.0,1.0
Warren Zaïre-Emery,2023-2024,fr Ligue 1,810092,2,2.0,1,1,180.0,1.0,0.0,1.0,0.5,0.5
Wataru Endo,2020-2021,de Bundesliga,146310,33,53.0,5,12,2957.0,5.0,0.0,1.613,0.152,0.364
Wataru Endo,2021-2022,de Bundesliga,146310,16,30.0,2,2,1440.0,2.0,0.0,1.875,0.125,0.125
Wataru Endo,2022-2023,de Bundesliga,146310,19,31.0,1,6,1702.0,3.0,0.0,1.639,0.053,0.316
Wataru Endo,2023-2024,eng Premier League,146310,4,4.0,0,3,360.0,2.0,0.0,1.0,0.0,0.75
Wendell,2020-2021,de Bundesliga,228433,12,18.0,3,5,1017.0,2.0,0.0,1.593,0.25,0.417
Wesley Fofana,2020-2021,eng Premier League,475411,27,36.0,8,14,2241.0,6.0,0.0,1.446,0.296,0.519
Wesley Fofana,2020-2021,fr Ligue 1,475411,3,0.0,3,3,270.0,1.0,0.0,0.0,1.0,1.0
Wesley Fofana,2021-2022,eng Premier League,475411,7,7.0,1,2,630.0,2.0,0.0,1.0,0.143,0.286
Wesley Fofana,2022-2023,eng Premier League,475411,14,24.0,2,4,1206.0,4.0,0.0,1.791,0.143,0.286
Wesley Hoedt,2020-2021,it Serie A,253765,10,20.0,1,5,824.0,6.0,0.0,2.184,0.1,0.5
Wesley Lautoa,2020-2021,fr Ligue 1,154199,19,40.0,1,0,1491.0,3.0,0.0,2.414,0.053,0.0
Weston McKennie,2022-2023,eng Premier League,332697,8,20.0,0,2,706.0,4.0,0.0,2.55,0.0,0.25
Wilfred Ndidi,2020-2021,eng Premier League,274839,25,33.0,7,14,2158.0,6.0,0.0,1.376,0.28,0.56
Wilfred Ndidi,2021-2022,eng Premier League,274839,18,26.0,5,7,1590.0,4.0,0.0,1.472,0.278,0.389
Wilfred Ndidi,2022-2023,eng Premier League,274839,19,40.0,2,1,1512.0,3.0,0.0,2.381,0.105,0.053
Wilfried Singo,2020-2021,it Serie A,648779,1,1.0,0,1,74.0,1.0,0.0,1.216,0.0,1.0
Wilfried Singo,2023-2024,fr Ligue 1,648779,4,4.0,2,2,360.0,1.0,0.0,1.0,0.5,0.5
Will Hughes,2021-2022,eng Premier League,207014,9,11.0,3,3,716.0,5.0,0.0,1.383,0.333,0.333
Will Hughes,2022-2023,eng Premier League,207014,1,2.0,0,0,72.0,0.0,0.0,2.5,0.0,0.0
Will Hughes,2023-2024,eng Premier League,207014,1,2.0,0,1,90.0,0.0,0.0,2.0,0.0,1.0
Willi Orbán,2020-2021,de Bundesliga,93740,25,24.0,11,14,2250.0,4.0,0.0,0.96,0.44,0.56
Willi Orbán,2021-2022,de Bundesliga,93740,30,31.0,9,15,2646.0,1.0,0.0,1.054,0.3,0.5
Willi Orbán,2022-2023,de Bundesliga,93740,33,39.0,10,20,2951.0,2.0,0.0,1.189,0.303,0.606
Willi Orbán,2023-2024,de Bundesliga,93740,7,6.0,3,5,588.0,1.0,0.0,0.918,0.429,0.714
William,2020-2021,de Bundesliga,341710,1,3.0,0,0,90.0,0.0,0.0,3.0,0.0,0.0
William Carvalho,2020-2021,es La Liga,100131,10,18.0,2,3,790.0,2.0,0.0,2.051,0.2,0.3
William Carvalho,2021-2022,es La Liga,100131,14,17.0,5,7,1099.0,4.0,0.0,1.392,0.357,0.5
William Carvalho,2022-2023,es La Liga,100131,25,24.0,9,12,1962.0,5.0,1.0,1.101,0.36,0.48
William Carvalho,2023-2024,es La Liga,100131,1,3.0,0,0,78.0,0.0,0.0,3.462,0.0,0.0
William Mikelbrencis,2021-2022,fr Ligue 1,743500,2,2.0,1,0,151.0,0.0,0.0,1.192,0.5,0.0
William Saliba,2020-2021,fr Ligue 1,495666,20,28.0,3,8,1800.0,2.0,0.0,1.4,0.15,0.4
William Saliba,2021-2022,fr Ligue 1,495666,36,38.0,13,20,3240.0,5.0,0.0,1.056,0.361,0.556
William Saliba,2022-2023,eng Premier League,495666,27,25.0,12,21,2416.0,4.0,0.0,0.931,0.444,0.778
William Saliba,2023-2024,eng Premier League,495666,8,4.0,4,8,720.0,1.0,0.0,0.5,0.5,1.0
William Troost-Ekong,2021-2022,eng Premier League,192875,15,30.0,0,3,1350.0,3.0,0.0,2.0,0.0,0.2
William Troost-Ekong,2022-2023,it Serie A,192875,4,7.0,0,2,353.0,1.0,0.0,1.785,0.0,0.5
Willian Pacho,2023-2024,de Bundesliga,661171,8,13.0,1,3,720.0,2.0,0.0,1.625,0.125,0.375
Willy Boly,2020-2021,eng Premier League,142310,21,29.0,6,8,1880.0,2.0,0.0,1.388,0.286,0.381
Willy Boly,2021-2022,eng Premier League,142310,10,20.0,1,2,900.0,1.0,0.0,2.0,0.1,0.2
Willy Boly,2022-2023,eng Premier League,142310,9,11.0,3,3,667.0,2.0,0.0,1.484,0.333,0.333
Willy Boly,2023-2024,eng Premier League,142310,1,1.0,0,0,90.0,0.0,0.0,1.0,0.0,0.0
Wisdom Amey,2021-2022,it Serie A,818878,1,0.0,1,1,0.0,0.0,0.0,,1.0,1.0
Wout Faes,2020-2021,fr Ligue 1,292808,33,43.0,9,9,2901.0,13.0,1.0,1.334,0.273,0.273
Wout Faes,2021-2022,fr Ligue 1,292808,37,43.0,11,11,3330.0,2.0,0.0,1.162,0.297,0.297
Wout Faes,2022-2023,eng Premier League,292808,31,51.0,7,9,2787.0,6.0,0.0,1.647,0.226,0.29
Wout Faes,2022-2023,fr Ligue 1,292808,3,6.0,0,0,270.0,2.0,0.0,2.0,0.0,0.0
Wylan Cyprien,2020-2021,it Serie A,182889,2,6.0,0,0,180.0,1.0,0.0,3.0,0.0,0.0
Wylan Cyprien,2021-2022,fr Ligue 1,182889,7,11.0,1,3,542.0,1.0,0.0,1.827,0.143,0.429
Xabi Etxeita,2020-2021,es La Liga,71559,9,10.0,5,3,810.0,3.0,0.0,1.111,0.556,0.333
Xaver Schlager,2020-2021,de Bundesliga,223979,3,6.0,0,1,270.0,0.0,0.0,2.0,0.0,0.333
Xaver Schlager,2021-2022,de Bundesliga,223979,3,1.0,2,2,244.0,1.0,0.0,0.369,0.667,0.667
Xaver Schlager,2022-2023,de Bundesliga,223979,3,1.0,2,2,270.0,1.0,0.0,0.333,0.667,0.667
Xaver Schlager,2023-2024,de Bundesliga,223979,1,0.0,1,1,90.0,1.0,0.0,0.0,1.0,1.0
Xavier Chavalerin,2020-2021,fr Ligue 1,118278,4,7.0,0,0,315.0,1.0,0.0,2.0,0.0,0.0
Xavier Chavalerin,2021-2022,fr Ligue 1,118278,6,5.0,3,3,519.0,1.0,0.0,0.867,0.5,0.5
Xavier Chavalerin,2022-2023,fr Ligue 1,118278,8,17.0,0,0,720.0,2.0,0.0,2.125,0.0,0.0
Xeka,2020-2021,fr Ligue 1,290256,6,5.0,3,4,494.0,2.0,0.0,0.911,0.5,0.667
Xeka,2021-2022,fr Ligue 1,290256,8,9.0,2,2,682.0,5.0,0.0,1.188,0.25,0.25
Xeka,2022-2023,fr Ligue 1,290256,4,3.0,2,4,329.0,1.0,0.0,0.821,0.5,1.0
Ximo Navarro,2020-2021,es La Liga,184767,28,36.0,8,7,2327.0,6.0,0.0,1.392,0.286,0.25
Ximo Navarro,2021-2022,es La Liga,184767,16,21.0,4,5,1299.0,4.0,1.0,1.455,0.25,0.312
Yacine Adli,2021-2022,fr Ligue 1,395236,1,1.0,0,0,90.0,0.0,0.0,1.0,0.0,0.0
Yacine Adli,2023-2024,it Serie A,395236,7,11.0,2,4,535.0,2.0,0.0,1.85,0.286,0.571
Yan Couto,2022-2023,es La Liga,627228,4,3.0,1,2,360.0,0.0,0.0,0.75,0.25,0.5
Yan Couto,2023-2024,es La Liga,627228,7,7.0,3,3,630.0,2.0,0.0,1.0,0.429,0.429
Yan Eteki,2020-2021,es La Liga,297784,6,10.0,1,3,401.0,1.0,0.0,2.244,0.167,0.5
Yan Valery,2020-2021,eng Premier League,406008,1,3.0,0,0,90.0,0.0,0.0,3.0,0.0,0.0
Yan Valery,2021-2022,eng Premier League,406008,3,3.0,1,1,270.0,0.0,0.0,1.0,0.333,0.333
Yan Valery,2022-2023,eng Premier League,406008,1,4.0,0,0,45.0,0.0,0.0,6.0,0.0,0.0
Yan Valery,2022-2023,fr Ligue 1,406008,30,63.0,3,4,2504.0,3.0,0.0,2.264,0.1,0.133
Yangel Herrera,2020-2021,es La Liga,378293,9,11.0,2,4,757.0,2.0,0.0,1.308,0.222,0.444
Yangel Herrera,2021-2022,es La Liga,378293,3,5.0,1,1,194.0,2.0,0.0,2.32,0.333,0.333
Yangel Herrera,2022-2023,es La Liga,378293,1,1.0,0,1,90.0,0.0,0.0,1.0,0.0,1.0
Yangel Herrera,2023-2024,es La Liga,378293,2,0.0,2,2,179.0,0.0,0.0,0.0,1.0,1.0
Yann Bisseck,2023-2024,it Serie A,441986,2,0.0,2,2,180.0,0.0,0.0,0.0,1.0,1.0
Yannick Cahuzac,2020-2021,fr Ligue 1,44686,18,23.0,4,6,1544.0,9.0,0.0,1.341,0.222,0.333
Yannick Cahuzac,2021-2022,fr Ligue 1,44686,3,5.0,0,1,254.0,0.0,0.0,1.772,0.0,0.333
Yannick Carrasco,2022-2023,es La Liga,140776,8,8.0,3,6,655.0,0.0,0.0,1.099,0.375,0.75
Yannick Gerhardt,2020-2021,de Bundesliga,119277,3,2.0,1,2,270.0,1.0,0.0,0.667,0.333,0.667
Yannick Gerhardt,2021-2022,de Bundesliga,119277,8,12.0,2,2,624.0,0.0,0.0,1.731,0.25,0.25
Yannick Gerhardt,2022-2023,de Bundesliga,119277,2,3.0,1,0,170.0,0.0,0.0,1.588,0.5,0.0
Yannik Keitel,2020-2021,de Bundesliga,342039,4,5.0,0,1,313.0,0.0,0.0,1.438,0.0,0.25
Yannik Keitel,2021-2022,de Bundesliga,342039,3,1.0,2,0,250.0,1.0,0.0,0.36,0.667,0.0
Yannik Keitel,2022-2023,de Bundesliga,342039,7,10.0,2,5,473.0,0.0,0.0,1.903,0.286,0.714
Yannik Keitel,2023-2024,de Bundesliga,342039,1,3.0,0,0,77.0,0.0,0.0,3.506,0.0,0.0
Yasser Larouci,2021-2022,fr Ligue 1,554251,2,2.0,1,1,159.0,0.0,0.0,1.132,0.5,0.5
Yasser Larouci,2022-2023,fr Ligue 1,554251,6,11.0,0,1,484.0,0.0,0.0,2.045,0.0,0.167
Yellu Santiago,2023-2024,es La Liga,941869,1,0.0,1,1,68.0,0.0,0.0,0.0,1.0,1.0
Yeray Álvarez,2020-2021,es La Liga,255488,22,26.0,5,6,1904.0,6.0,0.0,1.229,0.227,0.273
Yeray Álvarez,2021-2022,es La Liga,255488,21,22.0,6,5,1845.0,6.0,0.0,1.073,0.286,0.238
Yeray Álvarez,2022-2023,es La Liga,255488,27,30.0,10,11,2326.0,7.0,1.0,1.161,0.37,0.407
Yeray Álvarez,2023-2024,es La Liga,255488,6,2.0,5,3,536.0,0.0,0.0,0.336,0.833,0.5
Yerry Mina,2020-2021,eng Premier League,289446,23,25.0,7,13,1938.0,2.0,0.0,1.161,0.304,0.565
Yerry Mina,2021-2022,eng Premier League,289446,11,14.0,2,5,804.0,3.0,0.0,1.567,0.182,0.455
Yerry Mina,2022-2023,eng Premier League,289446,7,10.0,1,2,596.0,2.0,0.0,1.51,0.143,0.286
Yerry Mina,2023-2024,it Serie A,289446,6,11.0,1,2,500.0,1.0,0.0,1.98,0.167,0.333
Yerson Mosquera,2023-2024,es La Liga,716276,5,4.0,1,3,450.0,1.0,0.0,0.8,0.2,0.6
Ylber Ramadani,2023-2024,it Serie A,442703,7,15.0,1,1,610.0,2.0,0.0,2.213,0.143,0.143
Yoann Etienne,2020-2021,fr Ligue 1,342212,1,2.0,0,1,90.0,1.0,0.0,2.0,0.0,1.0
Yoann Salmier,2021-2022,fr Ligue 1,351843,30,42.0,8,8,2658.0,5.0,0.0,1.422,0.267,0.267
Yoann Salmier,2022-2023,fr Ligue 1,351843,30,63.0,1,4,2553.0,5.0,1.0,2.221,0.033,0.133
Yoann Salmier,2023-2024,fr Ligue 1,351843,1,1.0,0,0,45.0,0.0,0.0,2.0,0.0,0.0
Yohann Magnin,2021-2022,fr Ligue 1,594997,9,18.0,3,2,765.0,2.0,0.0,2.118,0.333,0.222
Yohann Magnin,2022-2023,fr Ligue 1,594997,21,26.0,5,6,1821.0,3.0,0.0,1.285,0.238,0.286
Yohann Magnin,2023-2024,fr Ligue 1,594997,2,5.0,0,0,180.0,0.0,0.0,2.5,0.0,0.0
Yordan Osorio,2020-2021,it Serie A,358165,21,44.0,4,2,1760.0,2.0,0.0,2.25,0.19,0.095
Youba Diarra,2022-2023,es La Liga,564451,1,5.0,0,0,45.0,1.0,0.0,6.0,0.0,0.0
Youcef Atal,2020-2021,fr Ligue 1,416108,4,10.0,0,1,324.0,0.0,0.0,2.778,0.0,0.25
Youcef Atal,2021-2022,fr Ligue 1,416108,12,11.0,3,4,935.0,2.0,0.0,1.059,0.25,0.333
Youcef Atal,2022-2023,fr Ligue 1,416108,5,4.0,2,2,366.0,0.0,0.0,0.984,0.4,0.4
Youri Tielemans,2020-2021,eng Premier League,249565,21,27.0,7,12,1885.0,2.0,0.0,1.289,0.333,0.571
Youri Tielemans,2021-2022,eng Premier League,249565,7,14.0,1,3,611.0,1.0,0.0,2.062,0.143,0.429
Youri Tielemans,2022-2023,eng Premier League,249565,5,12.0,0,2,369.0,2.0,0.0,2.927,0.0,0.4
Youssouf Fofana,2020-2021,fr Ligue 1,569598,13,8.0,9,8,1041.0,5.0,0.0,0.692,0.692,0.615
Youssouf Fofana,2021-2022,fr Ligue 1,569598,16,22.0,1,9,1343.0,3.0,0.0,1.474,0.062,0.562
Youssouf Fofana,2022-2023,fr Ligue 1,569598,12,22.0,2,5,1080.0,0.0,0.0,1.833,0.167,0.417
Youssouf Fofana,2023-2024,fr Ligue 1,569598,2,4.0,0,0,180.0,0.0,0.0,2.0,0.0,0.0
Youssouf Koné,2021-2022,fr Ligue 1,274484,10,13.0,2,2,735.0,2.0,0.0,1.592,0.2,0.2
Youssouf Koné,2022-2023,fr Ligue 1,274484,12,20.0,2,2,921.0,4.0,0.0,1.954,0.167,0.167
Youssouf M'Changama,2022-2023,fr Ligue 1,167472,4,4.0,1,2,349.0,1.0,0.0,1.032,0.25,0.5
Youssouf Ndayishimiye,2022-2023,fr Ligue 1,674612,6,7.0,2,3,499.0,1.0,0.0,1.263,0.333,0.5
Youssouf Ndayishimiye,2023-2024,fr Ligue 1,674612,4,4.0,2,1,329.0,3.0,0.0,1.094,0.5,0.25
Youssouf Sabaly,2020-2021,fr Ligue 1,135492,29,41.0,12,12,2558.0,4.0,0.0,1.443,0.414,0.414
Youssouf Sabaly,2021-2022,es La Liga,135492,9,8.0,4,4,788.0,1.0,0.0,0.914,0.444,0.444
Youssouf Sabaly,2022-2023,es La Liga,135492,19,19.0,8,10,1619.0,2.0,0.0,1.056,0.421,0.526
Youssouf Sabaly,2023-2024,es La Liga,135492,3,6.0,0,1,268.0,0.0,0.0,2.015,0.0,0.333
Yoël Armougom,2023-2024,fr Ligue 1,548716,1,3.0,0,0,90.0,0.0,0.0,3.0,0.0,0.0
Yunis Abdelhamid,2020-2021,fr Ligue 1,199704,33,43.0,10,9,2890.0,4.0,1.0,1.339,0.303,0.273
Yunis Abdelhamid,2021-2022,fr Ligue 1,199704,34,42.0,9,9,2984.0,5.0,1.0,1.267,0.265,0.265
Yunis Abdelhamid,2022-2023,fr Ligue 1,199704,37,42.0,14,12,3330.0,6.0,0.0,1.135,0.378,0.324
Yunis Abdelhamid,2023-2024,fr Ligue 1,199704,7,11.0,0,2,622.0,1.0,0.0,1.592,0.0,0.286
Yunus Musah,2022-2023,es La Liga,503991,1,1.0,0,0,90.0,0.0,0.0,1.0,0.0,0.0
Yuri Berchiche,2020-2021,es La Liga,61812,21,26.0,4,6,1662.0,3.0,0.0,1.408,0.19,0.286
Yuri Berchiche,2021-2022,es La Liga,61812,11,8.0,4,5,956.0,2.0,0.0,0.753,0.364,0.455
Yuri Berchiche,2022-2023,es La Liga,61812,27,33.0,8,8,2352.0,9.0,0.0,1.263,0.296,0.296
Yuri Berchiche,2023-2024,es La Liga,61812,6,6.0,3,3,479.0,1.0,0.0,1.127,0.5,0.5
Yuto Nagatomo,2020-2021,fr Ligue 1,79522,16,17.0,3,4,1245.0,2.0,0.0,1.229,0.188,0.25
Yvan Neyou,2020-2021,fr Ligue 1,469669,23,26.0,10,10,1874.0,8.0,0.0,1.249,0.435,0.435
Yvan Neyou,2021-2022,fr Ligue 1,469669,9,19.0,0,0,661.0,1.0,0.0,2.587,0.0,0.0
Yvann Maçon,2020-2021,fr Ligue 1,580747,6,7.0,3,3,540.0,2.0,0.0,1.167,0.5,0.5
Yvann Maçon,2021-2022,fr Ligue 1,580747,13,26.0,1,1,1042.0,5.0,0.0,2.246,0.077,0.077
Yves Bissouma,2020-2021,eng Premier League,410425,23,31.0,6,4,2006.0,6.0,1.0,1.391,0.261,0.174
Yves Bissouma,2021-2022,eng Premier League,410425,19,20.0,5,7,1607.0,8.0,0.0,1.12,0.263,0.368
Yves Bissouma,2022-2023,eng Premier League,410425,6,10.0,0,2,485.0,2.0,0.0,1.856,0.0,0.333
Yves Bissouma,2023-2024,eng Premier League,410425,4,6.0,1,2,317.0,1.0,0.0,1.703,0.25,0.5
Zakaria Aboukhlal,2022-2023,fr Ligue 1,393238,1,3.0,0,0,90.0,0.0,0.0,3.0,0.0,0.0
Zanka,2021-2022,eng Premier League,52059,6,9.0,1,2,462.0,2.0,0.0,1.753,0.167,0.333
Zanka,2022-2023,eng Premier League,52059,11,11.0,4,5,939.0,2.0,0.0,1.054,0.364,0.455
Zanka,2023-2024,eng Premier League,52059,5,11.0,0,0,450.0,3.0,0.0,2.2,0.0,0.0
Zaydou Youssouf,2020-2021,fr Ligue 1,471582,2,3.0,1,1,139.0,0.0,0.0,1.942,0.5,0.5
Zaydou Youssouf,2021-2022,fr Ligue 1,471582,5,6.0,1,2,336.0,0.0,0.0,1.607,0.2,0.4
Zeki Çelik,2020-2021,fr Ligue 1,251075,28,14.0,17,18,2382.0,7.0,0.0,0.529,0.607,0.643
Zeki Çelik,2021-2022,fr Ligue 1,251075,30,39.0,8,10,2653.0,10.0,0.0,1.323,0.267,0.333
Zeki Çelik,2022-2023,it Serie A,251075,3,2.0,1,1,189.0,0.0,0.0,0.952,0.333,0.333
Zinho Vanheusden,2021-2022,it Serie A,338672,11,25.0,2,0,917.0,2.0,0.0,2.454,0.182,0.0
Zouhair Feddal,2022-2023,es La Liga,129386,4,7.0,0,1,270.0,1.0,0.0,2.333,0.0,0.25
Álex Centelles,2022-2023,es La Liga,423443,10,14.0,2,4,884.0,0.0,0.0,1.425,0.2,0.4
Álex Centelles,2023-2024,es La Liga,423443,4,4.0,2,1,336.0,2.0,0.0,1.071,0.5,0.25
Álex Martín,2020-2021,es La Liga,345083,1,3.0,0,0,90.0,0.0,0.0,3.0,0.0,0.0
Álex Moreno,2020-2021,es La Liga,193098,20,32.0,6,7,1721.0,2.0,0.0,1.673,0.3,0.35
Álex Moreno,2021-2022,es La Liga,193098,28,30.0,9,16,2367.0,3.0,1.0,1.141,0.321,0.571
Álex Moreno,2022-2023,eng Premier League,193098,14,10.0,7,9,1139.0,3.0,0.0,0.79,0.5,0.643
Álex Moreno,2022-2023,es La Liga,193098,15,13.0,6,8,1350.0,1.0,0.0,0.867,0.4,0.533
Álex Moreno,2023-2024,eng Premier League,193098,7,11.0,1,4,549.0,2.0,0.0,1.803,0.143,0.571
Álex Petxa,2021-2022,es La Liga,527838,1,2.0,0,0,90.0,1.0,0.0,2.0,0.0,0.0
Álex Sola,2022-2023,es La Liga,434990,3,3.0,1,2,233.0,1.0,0.0,1.159,0.333,0.667
Álvaro Aguado,2022-2023,es La Liga,449496,3,5.0,0,2,270.0,0.0,0.0,1.667,0.0,0.667
Álvaro González,2020-2021,fr Ligue 1,183647,32,40.0,6,13,2834.0,14.0,0.0,1.27,0.188,0.406
Álvaro González,2021-2022,fr Ligue 1,183647,5,4.0,2,3,450.0,1.0,0.0,0.8,0.4,0.6
Álvaro Odriozola,2020-2021,es La Liga,280730,8,6.0,4,5,642.0,0.0,0.0,0.841,0.5,0.625
Álvaro Odriozola,2021-2022,it Serie A,280730,18,26.0,5,9,1511.0,3.0,1.0,1.549,0.278,0.5
Álvaro Odriozola,2023-2024,es La Liga,280730,1,0.0,1,0,3.0,0.0,0.0,0.0,1.0,0.0
Álvaro Tejero,2020-2021,es La Liga,290273,1,1.0,0,0,90.0,1.0,0.0,1.0,0.0,0.0
Ángel Algobia,2022-2023,es La Liga,638589,10,14.0,1,2,719.0,0.0,0.0,1.752,0.1,0.2
Ángel Montoro,2020-2021,es La Liga,59551,3,3.0,1,1,221.0,1.0,0.0,1.222,0.333,0.333
Çağlar Söyüncü,2020-2021,eng Premier League,320141,19,27.0,5,11,1710.0,2.0,0.0,1.421,0.263,0.579
Çağlar Söyüncü,2021-2022,eng Premier League,320141,28,44.0,5,10,2498.0,5.0,0.0,1.585,0.179,0.357
Çağlar Söyüncü,2022-2023,eng Premier League,320141,6,13.0,0,1,522.0,1.0,0.0,2.241,0.0,0.167
Éder Balanta,2022-2023,de Bundesliga,265127,3,1.0,2,1,154.0,2.0,0.0,0.584,0.667,0.333
Éder Militão,2020-2021,es La Liga,401530,13,9.0,6,9,1089.0,2.0,1.0,0.744,0.462,0.692
Éder Militão,2021-2022,es La Liga,401530,34,30.0,13,22,3033.0,5.0,0.0,0.89,0.382,0.647
Éder Militão,2022-2023,es La Liga,401530,30,27.0,12,20,2639.0,4.0,0.0,0.921,0.4,0.667
Éderson,2022-2023,it Serie A,607854,5,10.0,0,2,432.0,0.0,0.0,2.083,0.0,0.4
Éderson,2023-2024,it Serie A,607854,2,2.0,1,1,180.0,0.0,0.0,1.0,0.5,0.5
Étienne Capoue,2020-2021,es La Liga,63494,14,19.0,4,4,1088.0,4.0,1.0,1.572,0.286,0.286
Étienne Capoue,2021-2022,es La Liga,63494,25,27.0,8,10,2080.0,7.0,0.0,1.168,0.32,0.4
Étienne Capoue,2022-2023,es La Liga,63494,11,9.0,4,5,923.0,1.0,0.0,0.878,0.364,0.455
Étienne Capoue,2023-2024,es La Liga,63494,1,1.0,0,1,90.0,1.0,0.0,1.0,0.0,1.0
Étienne Youté Kinkoué,2023-2024,fr Ligue 1,639712,7,12.0,1,1,630.0,1.0,0.0,1.714,0.143,0.143
Óscar Duarte,2020-2021,es La Liga,175323,23,38.0,3,6,1939.0,2.0,0.0,1.764,0.13,0.261
Óscar Duarte,2021-2022,es La Liga,175323,20,35.0,3,5,1679.0,5.0,0.0,1.876,0.15,0.25
Óscar Gil,2021-2022,es La Liga,544106,19,24.0,7,6,1601.0,5.0,0.0,1.349,0.368,0.316
Óscar Gil,2022-2023,es La Liga,544106,28,54.0,4,5,2276.0,12.0,0.0,2.135,0.143,0.179
Óscar Mingueza,2020-2021,es La Liga,331505,23,19.0,10,17,1845.0,4.0,0.0,0.927,0.435,0.739
Óscar Mingueza,2021-2022,es La Liga,331505,9,8.0,5,3,715.0,1.0,0.0,1.007,0.556,0.333
Óscar Mingueza,2022-2023,es La Liga,331505,13,18.0,3,4,1097.0,0.0,0.0,1.477,0.231,0.308
Óscar Mingueza,2023-2024,es La Liga,331505,3,4.0,0,1,233.0,0.0,0.0,1.545,0.0,0.333
Óscar Valentín,2021-2022,es La Liga,517753,10,11.0,3,3,819.0,4.0,0.0,1.209,0.3,0.3
Óscar Valentín,2022-2023,es La Liga,517753,6,9.0,1,3,505.0,0.0,0.0,1.604,0.167,0.5
Óscar Valentín,2023-2024,es La Liga,517753,1,3.0,0,0,59.0,0.0,0.0,4.576,0.0,0.0
Óscar de Marcos,2020-2021,es La Liga,96718,11,11.0,3,2,914.0,2.0,0.0,1.083,0.273,0.182
Óscar de Marcos,2021-2022,es La Liga,96718,19,15.0,7,7,1568.0,4.0,0.0,0.861,0.368,0.368
Óscar de Marcos,2022-2023,es La Liga,96718,32,34.0,9,13,2704.0,7.0,0.0,1.132,0.281,0.406
Óscar de Marcos,2023-2024,es La Liga,96718,6,3.0,5,3,520.0,1.0,0.0,0.519,0.833,0.5
Ömer Toprak,2020-2021,de Bundesliga,43512,24,41.0,4,5,1915.0,1.0,0.0,1.927,0.167,0.208
İlkay Gündoğan,2022-2023,eng Premier League,53622,6,5.0,3,5,513.0,0.0,0.0,0.877,0.5,0.833
İlkay Gündoğan,2023-2024,es La Liga,53622,2,2.0,1,2,180.0,0.0,0.0,1.0,0.5,1.0
Ștefan Radu,2020-2021,it Serie A,44420,30,39.0,11,17,2453.0,2.0,0.0,1.431,0.367,0.567
Ștefan Radu,2021-2022,it Serie A,44420,6,11.0,1,2,478.0,2.0,0.0,2.071,0.167,0.333
