Rk,Player,Nation,Pos,Squad,Comp,Age,Born,MP,Starts,Min,90s,Gls,Ast,G+A,G-PK,PK,PKatt,CrdY,CrdR,Gls_90,Ast_90,G+A_90,G-PK_90,G+A-PK_90
1,Max Aarons,eng ENG,DF,Bournemouth,eng Premier League,24,2000,3,1,86,1,0,0,0,0,0,0,0,0,0,0,0,0,0
2,Max Aarons,eng ENG,DF,Valencia,es La Liga,24,2000,4,1,120,1.3,0,0,0,0,0,0,2,0,0,0,0,0,0
3,Rodrigo Abajas,es ESP,DF,Valencia,es La Liga,21,2003,1,1,65,0.7,0,0,0,0,0,0,1,0,0,0,0,0,0
4,James Abankwah,ie IRL,DF,Udinese,it Serie A,20,2004,6,0,88,1,0,0,0,0,0,0,1,0,0,0,0,0,0
5,Keyliane Abdallah,fr FRA,FW,Marseille,fr Ligue 1,18,2006,1,0,3,0,0,0,0,0,0,0,0,0,0,0,0,0,0
6,Yunis Abdelhamid,ma MAR,DF,Saint-Étienne,fr Ligue 1,36,1987,16,11,"1,033",11.5,0,0,0,0,0,0,2,0,0,0,0,0,0
7,Himad Abdelli,dz ALG,MF,Angers,fr Ligue 1,24,1999,32,32,"2,842",31.6,6,1,7,3,3,4,4,0,0.19,0.03,0.22,0.1,0.13
8,Mohamed Abdelmoneim,eg EGY,DF,Nice,fr Ligue 1,25,1999,12,10,855,9.5,0,0,0,0,0,0,2,0,0,0,0,0,0
9,Ali Abdi,tn TUN,MF,Nice,fr Ligue 1,30,1993,25,17,"1,393",15.5,5,2,7,5,0,0,2,0,0.32,0.13,0.45,0.32,0.45
10,Saud Abdulhamid,sa KSA,MF,Roma,it Serie A,25,1999,4,2,205,2.3,0,1,1,0,0,0,0,0,0,0.44,0.44,0,0.44
11,Nabil Aberdin,fr FRA,MF,Getafe,es La Liga,21,2002,7,4,263,2.9,0,0,0,0,0,0,1,0,0,0,0,0,0
12,Oliver Abildgaard,dk DEN,MF,Como,it Serie A,28,1996,1,0,7,0.1,0,0,0,0,0,0,0,0,0,0,0,0,0
13,Matthis Abline,fr FRA,FW,Nantes,fr Ligue 1,21,2003,34,33,"2,768",30.8,9,2,11,8,1,1,3,0,0.29,0.07,0.36,0.26,0.33
14,Abner,br BRA,"DF,MF",Lyon,fr Ligue 1,24,2000,19,12,"1,090",12.1,1,1,2,1,0,0,1,0,0.08,0.08,0.17,0.08,0.17
15,Zakaria Aboukhlal,ma MAR,"MF,FW",Toulouse,fr Ligue 1,24,2000,26,22,"1,901",21.1,7,2,9,6,1,2,4,0,0.33,0.09,0.43,0.28,0.38
16,Abdel Abqar,ma MAR,DF,Alavés,es La Liga,25,1999,29,29,"2,463",27.4,0,1,1,0,0,0,13,0,0,0.04,0.04,0,0.04
17,Tammy Abraham,eng ENG,FW,Roma,it Serie A,26,1997,1,0,1,0,0,0,0,0,0,0,0,0,0,0,0,0,0
18,Tammy Abraham,eng ENG,FW,Milan,it Serie A,26,1997,28,12,"1,183",13.1,3,4,7,2,1,2,1,0,0.23,0.3,0.53,0.15,0.46
19,Federico Accornero,it ITA,MF,Genoa,it Serie A,20,2004,1,0,5,0.1,0,0,0,0,0,0,0,0,0,0,0,0,0
20,Francesco Acerbi,it ITA,DF,Inter,it Serie A,36,1988,23,20,"1,710",19,0,1,1,0,0,0,0,0,0,0.05,0.05,0,0.05
21,Joshua Acheampong,eng ENG,DF,Chelsea,eng Premier League,18,2006,4,2,170,1.9,0,0,0,0,0,0,1,0,0,0,0,0,0
22,Akor Adams,ng NGA,FW,Sevilla,es La Liga,24,2000,4,1,134,1.5,0,0,0,0,0,0,0,0,0,0,0,0,0
23,Akor Adams,ng NGA,FW,Montpellier,fr Ligue 1,24,2000,15,13,"1,075",11.9,3,1,4,3,0,0,2,0,0.25,0.08,0.33,0.25,0.33
24,Che Adams,sct SCO,FW,Torino,it Serie A,28,1996,36,30,"2,652",29.5,9,3,12,9,0,1,2,0,0.31,0.1,0.41,0.31,0.41
25,Tyler Adams,us USA,MF,Bournemouth,eng Premier League,25,1999,28,21,"1,965",21.8,0,3,3,0,0,0,7,0,0,0.14,0.14,0,0.14
26,Junior Adamu,at AUT,FW,Freiburg,de Bundesliga,23,2001,25,19,"1,545",17.2,2,2,4,2,0,0,5,1,0.12,0.12,0.23,0.12,0.23
27,Tosin Adarabioyo,eng ENG,DF,Chelsea,eng Premier League,26,1997,22,15,"1,409",15.7,1,1,2,1,0,0,4,0,0.06,0.06,0.13,0.06,0.13
28,Martin Adeline,fr FRA,MF,Reims,fr Ligue 1,20,2003,1,0,26,0.3,0,0,0,0,0,0,0,0,0,0,0,0,0
29,Karim Adeyemi,de GER,"MF,FW",Dortmund,de Bundesliga,22,2002,25,17,"1,433",15.9,7,6,13,7,0,0,4,0,0.44,0.38,0.82,0.44,0.82
30,Simon Adingra,ci CIV,MF,Brighton,eng Premier League,22,2002,29,12,"1,097",12.2,2,2,4,2,0,0,0,0,0.16,0.16,0.33,0.16,0.33
31,Amine Adli,ma MAR,"MF,FW",Leverkusen,de Bundesliga,24,2000,20,6,766,8.5,2,0,2,2,0,0,3,0,0.23,0,0.23,0.23,0.23
32,Yacine Adli,fr FRA,MF,Fiorentina,it Serie A,24,2000,26,15,"1,234",13.7,4,6,10,4,0,0,3,1,0.29,0.44,0.73,0.29,0.73
33,Adrián,es ESP,GK,Real Betis,es La Liga,37,1987,19,19,"1,710",19,0,0,0,0,0,0,3,0,0,0,0,0,0
34,Adryelson,br BRA,DF,Lyon,fr Ligue 1,26,1998,1,0,1,0,0,0,0,0,0,0,1,0,0,0,0,0,0
35,Vasilije Adžić,me MNE,MF,Juventus,it Serie A,18,2006,6,0,42,0.5,0,0,0,0,0,0,0,0,0,0,0,0,0
36,Michel Aebischer,ch SUI,MF,Bologna,it Serie A,27,1997,14,9,724,8,0,0,0,0,0,0,2,0,0,0,0,0,0
37,Oladapo Afolayan,eng ENG,"FW,MF",St Pauli,de Bundesliga,26,1998,32,17,"1,639",18.2,3,1,4,3,0,0,3,0,0.16,0.05,0.22,0.16,0.22
38,Emmanuel Agbadou,ci CIV,DF,Wolves,eng Premier League,27,1997,16,16,"1,410",15.7,1,0,1,1,0,0,3,0,0.06,0,0.06,0.06,0.06
39,Emmanuel Agbadou,ci CIV,DF,Reims,fr Ligue 1,27,1997,14,14,"1,260",14,0,0,0,0,0,0,3,0,0,0,0,0,0
40,Asher Agbinone,eng ENG,MF,Crystal Palace,eng Premier League,18,2005,2,0,6,0.1,0,0,0,0,0,0,0,0,0,0,0,0,0
41,Jeremy Agbonifo,se SWE,FW,Lens,fr Ligue 1,18,2005,8,1,300,3.3,1,0,1,1,0,0,1,0,0.3,0,0.3,0.3,0.3
42,Julen Agirrezabala,es ESP,GK,Athletic Club,es La Liga,23,2000,14,14,"1,206",13.4,0,0,0,0,0,0,1,1,0,0,0,0,0
43,Lucien Agoume,fr FRA,MF,Sevilla,es La Liga,22,2002,35,24,"2,114",23.5,1,3,4,1,0,0,5,1,0.04,0.13,0.17,0.04,0.17
44,Felix Agu,ng NGA,MF,Werder Bremen,de Bundesliga,24,1999,22,21,"1,751",19.5,3,0,3,3,0,0,1,0,0.15,0,0.15,0.15,0.15
45,Álvaro Aguado,es ESP,MF,Espanyol,es La Liga,28,1996,16,4,443,4.9,0,1,1,0,0,0,3,0,0,0.2,0.2,0,0.2
46,Lorenzo Aguado,es ESP,DF,Real Madrid,es La Liga,21,2002,2,0,5,0.1,0,0,0,0,0,0,0,0,0,0,0,0,0
47,Nayef Aguerd,ma MAR,DF,Real Sociedad,es La Liga,28,1996,21,21,"1,760",19.6,0,0,0,0,0,0,5,0,0,0,0,0,0
48,Ruben Aguilar,fr FRA,"MF,DF",Lens,fr Ligue 1,31,1993,16,13,"1,124",12.5,1,2,3,1,0,0,4,0,0.08,0.16,0.24,0.08,0.24
49,Naouirou Ahamada,fr FRA,MF,Rennes,fr Ligue 1,22,2002,3,0,58,0.6,0,0,0,0,0,0,0,0,0,0,0,0,0
50,Honest Ahanor,it ITA,"MF,DF",Genoa,it Serie A,16,2008,6,3,270,3,0,0,0,0,0,0,0,0,0,0,0,0,0
51,Erik Ahlstrand,se SWE,MF,St Pauli,de Bundesliga,22,2001,5,0,43,0.5,0,0,0,0,0,0,0,0,0,0,0,0,0
52,Jean-Eudes Aholou,ci CIV,MF,Angers,fr Ligue 1,30,1994,26,26,"1,959",21.8,2,0,2,2,0,0,7,0,0.09,0,0.09,0.09,0.09
53,Joseph Aidoo,gh GHA,DF,Valladolid,es La Liga,28,1995,8,6,583,6.5,0,0,0,0,0,0,0,0,0,0,0,0,0
54,Joseph Aidoo,gh GHA,DF,Celta Vigo,es La Liga,28,1995,1,0,2,0,0,0,0,0,0,0,0,0,0,0,0,0,0
55,Ayman Aiki,fr FRA,MF,Saint-Étienne,fr Ligue 1,19,2005,5,1,127,1.4,0,0,0,0,0,0,0,0,0,0,0,0,0
56,Ola Aina,ng NGA,DF,Nottingham Forest,eng Premier League,27,1996,35,35,"2,995",33.3,2,1,3,2,0,0,5,0,0.06,0.03,0.09,0.06,0.09
57,Rayan Aït-Nouri,dz ALG,"MF,DF",Wolves,eng Premier League,23,2001,37,37,"3,109",34.5,4,7,11,4,0,0,7,1,0.12,0.2,0.32,0.12,0.32
58,Junior Ajayi,ci CIV,FW,Hellas Verona,it Serie A,19,2004,2,0,13,0.1,0,0,0,0,0,0,0,0,0,0,0,0,0
59,Kristoffer Ajer,no NOR,DF,Brentford,eng Premier League,26,1998,24,17,"1,438",16,0,0,0,0,0,0,5,0,0,0,0,0,0
60,Ludovic Ajorque,fr FRA,FW,Brest,fr Ligue 1,30,1994,31,29,"2,495",27.7,13,2,15,13,0,1,5,0,0.47,0.07,0.54,0.47,0.54
61,Manuel Akanji,ch SUI,"DF,MF",Manchester City,eng Premier League,29,1995,26,23,"2,014",22.4,0,0,0,0,0,0,3,0,0,0,0,0,0
62,Ümit Akdag,ro ROU,DF,Toulouse,fr Ligue 1,20,2003,9,6,500,5.6,0,0,0,0,0,0,2,0,0,0,0,0,0
63,Nathan Aké,nl NED,DF,Manchester City,eng Premier League,29,1995,10,8,678,7.5,0,0,0,0,0,0,0,0,0,0,0,0,0
64,Ilias Akhomach,ma MAR,MF,Villarreal,es La Liga,20,2004,11,7,584,6.5,1,0,1,1,0,0,1,0,0.15,0,0.15,0.15,0.15
65,Sergio Akieme,es ESP,DF,Reims,fr Ligue 1,26,1997,30,29,"2,523",28,2,3,5,2,0,0,5,0,0.07,0.11,0.18,0.07,0.18
66,Maghnes Akliouche,fr FRA,MF,Monaco,fr Ligue 1,22,2002,32,27,"2,406",26.7,5,10,15,4,1,1,2,0,0.19,0.37,0.56,0.15,0.52
67,Paul Akouokou,ci CIV,MF,Lyon,fr Ligue 1,26,1997,2,0,19,0.2,0,0,0,0,0,0,1,0,0,0,0,0,0
68,Clément Akpa,ci CIV,DF,Auxerre,fr Ligue 1,22,2001,31,29,"2,486",27.6,0,1,1,0,0,0,7,0,0,0.04,0.04,0,0.04
69,Jean-Daniel Akpa-Akpro,ci CIV,MF,Monza,it Serie A,31,1992,14,12,966,10.7,0,0,0,0,0,0,4,0,0,0,0,0,0
70,David Akpan Ankeye,ng NGA,FW,Genoa,it Serie A,22,2002,4,0,45,0.5,0,0,0,0,0,0,0,0,0,0,0,0,0
71,Kevin Akpoguma,ng NGA,DF,Hoffenheim,de Bundesliga,29,1995,32,23,"2,220",24.7,0,0,0,0,0,0,3,0,0,0,0,0,0
72,Chuba Akpom,eng ENG,FW,Lille,fr Ligue 1,28,1995,14,6,639,7.1,3,1,4,2,1,2,0,0,0.42,0.14,0.56,0.28,0.42
73,David Alaba,at AUT,DF,Real Madrid,es La Liga,32,1992,7,4,317,3.5,0,0,0,0,0,0,1,0,0,0,0,0,0
74,Ibrahim Alani,ng NGA,MF,Valladolid,es La Liga,18,2006,3,1,160,1.8,0,0,0,0,0,0,0,0,0,0,0,0,0
75,Andreas Albers,dk DEN,"FW,MF",St Pauli,de Bundesliga,34,1990,14,0,62,0.7,1,0,1,1,0,0,0,0,1.45,0,1.45,1.45,1.45
76,Raúl Albiol,es ESP,DF,Villarreal,es La Liga,38,1985,15,14,"1,188",13.2,0,0,0,0,0,0,5,0,0,0,0,0,0
77,Carlos Alcaraz,ar ARG,MF,Southampton,eng Premier League,21,2002,1,0,10,0.1,0,0,0,0,0,0,0,0,0,0,0,0,0
78,Carlos Alcaraz,ar ARG,MF,Everton,eng Premier League,21,2002,15,7,764,8.5,2,3,5,2,0,0,4,0,0.24,0.35,0.59,0.24,0.59
79,Omar Alderete,py PAR,DF,Getafe,es La Liga,27,1996,34,34,"2,971",33,1,0,1,1,0,0,8,0,0.03,0,0.03,0.03,0.03
80,Carles Aleñá,es ESP,MF,Getafe,es La Liga,26,1998,10,5,452,5,0,0,0,0,0,0,1,0,0,0,0,0,0
81,Carles Aleñá,es ESP,MF,Alavés,es La Liga,26,1998,14,13,"1,090",12.1,0,2,2,0,0,0,1,0,0,0.17,0.17,0,0.17
82,Ben Alexander Voll,de GER,GK,St Pauli,de Bundesliga,23,2000,2,1,91,1,0,0,0,0,0,0,1,0,0,0,0,0,0
83,Trent Alexander-Arnold,eng ENG,DF,Liverpool,eng Premier League,25,1998,33,28,"2,365",26.3,3,6,9,3,0,0,5,0,0.11,0.23,0.34,0.11,0.34
84,Alfon,es ESP,"FW,MF",Celta Vigo,es La Liga,25,1999,26,14,"1,371",15.2,5,2,7,5,0,0,1,1,0.33,0.13,0.46,0.33,0.46
85,Mohamed Ali Cho,fr FRA,"FW,MF",Nice,fr Ligue 1,20,2004,27,21,"1,621",18,3,4,7,3,0,0,2,0,0.17,0.22,0.39,0.17,0.39
86,Faride Alidou,de GER,FW,Hellas Verona,it Serie A,23,2001,3,0,71,0.8,0,0,0,0,0,0,0,0,0,0,0,0,0
87,Alisson,br BRA,GK,Liverpool,eng Premier League,31,1992,28,28,"2,508",27.9,0,0,0,0,0,0,0,0,0,0,0,0,0
88,Tadeo Allende,ar ARG,MF,Celta Vigo,es La Liga,25,1999,1,0,2,0,0,0,0,0,0,0,1,0,0,0,0,0,0
89,Jim Allevinah,ga GAB,MF,Angers,fr Ligue 1,29,1995,28,23,"1,750",19.4,1,3,4,1,0,0,3,0,0.05,0.15,0.21,0.05,0.21
90,Dele Alli,eng ENG,"FW,MF",Como,it Serie A,28,1996,1,0,9,0.1,0,0,0,0,0,0,0,1,0,0,0,0,0
91,Thiago Almada,ar ARG,MF,Lyon,fr Ligue 1,23,2001,16,9,951,10.6,1,4,5,1,0,0,3,0,0.09,0.38,0.47,0.09,0.47
92,Domingos André Ribeiro Almeida,pt POR,"MF,FW",Valencia,es La Liga,24,2000,34,24,"1,977",22,0,4,4,0,0,0,2,0,0,0.18,0.18,0,0.18
93,Iker Almena,es ESP,MF,Girona,es La Liga,20,2004,2,0,48,0.5,0,1,1,0,0,0,0,0,0,1.87,1.87,0,1.87
94,Miguel Almirón,py PAR,FW,Newcastle United,eng Premier League,30,1994,9,1,157,1.7,0,0,0,0,0,0,0,0,0,0,0,0,0
95,Pontus Almqvist,se SWE,"FW,MF",Parma,it Serie A,25,1999,29,10,"1,112",12.4,1,1,2,1,0,0,5,0,0.08,0.08,0.16,0.08,0.16
96,Marcos Alonso,es ESP,DF,Celta Vigo,es La Liga,33,1990,31,29,"2,647",29.4,3,0,3,0,3,3,10,2,0.1,0,0.1,0,0
97,Giorgio Altare,it ITA,DF,Venezia,it Serie A,25,1998,12,8,753,8.4,0,0,0,0,0,0,2,0,0,0,0,0,0
98,Adrià Altimira,es ESP,"DF,MF",Leganés,es La Liga,23,2001,22,19,"1,630",18.1,0,0,0,0,0,0,6,0,0,0,0,0,0
99,Sergi Altimira,es ESP,MF,Real Betis,es La Liga,22,2001,32,22,"1,972",21.9,0,1,1,0,0,0,4,0,0,0.05,0.05,0,0.05
100,Olabade Aluko,,DF,Leicester City,eng Premier League,,,1,0,2,0,0,0,0,0,0,0,0,0,0,0,0,0,0
Rk,Player,Nation,Pos,Squad,Comp,Age,Born,MP,Starts,Min,90s,Gls,Ast,G+A,G-PK,PK,PKatt,CrdY,CrdR,Gls,Ast,G+A,G-PK,G+A-PK
101,Edson Álvarez,mx MEX,MF,West Ham United,eng Premier League,26,1997,28,20,"1,772",19.7,0,1,1,0,0,0,9,1,0,0.05,0.05,0,0.05
102,Hugo Álvarez,es ESP,MF,Celta Vigo,es La Liga,21,2003,26,16,"1,572",17.5,4,3,7,4,0,0,6,0,0.23,0.17,0.4,0.23,0.4
103,Julián Álvarez,ar ARG,FW,Atlético Madrid,es La Liga,24,2000,37,30,"2,509",27.9,17,4,21,13,4,4,5,0,0.61,0.14,0.75,0.47,0.61
104,Yeray Álvarez,es ESP,DF,Athletic Club,es La Liga,29,1995,21,20,"1,781",19.8,1,0,1,1,0,0,4,0,0.05,0,0.05,0.05,0.05
105,Skelly Alvero,fr FRA,MF,Werder Bremen,de Bundesliga,22,2002,12,1,236,2.6,0,0,0,0,0,0,1,0,0,0,0,0,0
106,Will Alves,eng ENG,MF,Leicester City,eng Premier League,19,2005,1,0,1,0,0,0,0,0,0,0,0,0,0,0,0,0,0
107,Selim Amallah,ma MAR,MF,Valladolid,es La Liga,27,1996,24,18,"1,376",15.3,3,1,4,2,1,1,6,0,0.2,0.07,0.26,0.13,0.2
108,Harry Amass,eng ENG,MF,Manchester Utd,eng Premier League,17,2007,5,4,346,3.8,0,0,0,0,0,0,0,0,0,0,0,0,0
109,Amath,sn SEN,"FW,MF",Valladolid,es La Liga,28,1996,13,5,375,4.2,0,1,1,0,0,0,1,0,0,0.24,0.24,0,0.24
110,Jordan Amavi,fr FRA,DF,Brest,fr Ligue 1,30,1994,11,8,790,8.8,0,0,0,0,0,0,2,0,0,0,0,0,0
111,Aurele Amenda,ch SUI,DF,Eintracht Frankfurt,de Bundesliga,21,2003,8,1,96,1.1,0,0,0,0,0,0,1,0,0,0,0,0,0
112,Kelvin Amian,fr FRA,DF,Nantes,fr Ligue 1,26,1998,30,23,"2,165",24.1,1,0,1,1,0,0,5,0,0.04,0,0.04,0.04,0.04
113,Michael Amir Murillo,pa PAN,DF,Marseille,fr Ligue 1,28,1996,30,27,"2,437",27.1,1,3,4,1,0,0,3,0,0.04,0.11,0.15,0.04,0.15
114,Nadiem Amiri,de GER,MF,Mainz 05,de Bundesliga,27,1996,30,30,"2,473",27.5,7,5,12,5,2,2,9,2,0.25,0.18,0.44,0.18,0.36
115,Samuel Amo-Ameyaw,eng ENG,"FW,MF",Southampton,eng Premier League,18,2006,2,0,28,0.3,0,0,0,0,0,0,1,0,0,0,0,0,0
116,Samuel Amo-Ameyaw,eng ENG,MF,Strasbourg,fr Ligue 1,18,2006,9,3,320,3.6,2,0,2,2,0,0,0,0,0.56,0,0.56,0.56,0.56
117,Mathis Amougou,fr FRA,MF,Chelsea,eng Premier League,18,2006,1,0,8,0.1,0,0,0,0,0,0,0,0,0,0,0,0,0
118,Mathis Amougou,fr FRA,MF,Saint-Étienne,fr Ligue 1,18,2006,17,9,859,9.5,0,0,0,0,0,0,2,0,0,0,0,0,0
119,Mohamed Amoura,dz ALG,"FW,MF",Wolfsburg,de Bundesliga,24,2000,31,29,"2,467",27.4,10,9,19,8,2,2,6,0,0.36,0.33,0.69,0.29,0.62
120,Sofyan Amrabat,ma MAR,MF,Fiorentina,it Serie A,27,1996,2,2,180,2,0,0,0,0,0,0,0,0,0,0,0,0,0
121,Joachim Andersen,dk DEN,DF,Crystal Palace,eng Premier League,28,1996,1,1,90,1,0,0,0,0,0,0,1,0,0,0,0,0,0
122,Joachim Andersen,dk DEN,DF,Fulham,eng Premier League,28,1996,29,29,"2,583",28.7,0,0,0,0,0,0,6,1,0,0,0,0,0
123,Elliot Anderson,eng ENG,MF,Nottingham Forest,eng Premier League,21,2002,37,33,"2,728",30.3,2,6,8,2,0,0,10,0,0.07,0.2,0.26,0.07,0.26
124,André,br BRA,MF,Wolves,eng Premier League,23,2001,33,31,"2,472",27.5,0,0,0,0,0,0,7,0,0,0,0,0,0
125,Benjamin André,fr FRA,MF,Lille,fr Ligue 1,33,1990,30,30,"2,692",29.9,0,3,3,0,0,0,12,0,0,0.1,0.1,0,0.1
Rk,Player,Nation,Pos,Squad,Comp,Age,Born,MP,Starts,Min,90s,Gls,Ast,G+A,G-PK,PK,PKatt,CrdY,CrdR,Gls,Ast,G+A,G-PK,G+A-PK
126,Marcos André,br BRA,FW,Valladolid,es La Liga,27,1996,22,14,"1,188",13.2,1,2,3,1,0,0,5,0,0.08,0.15,0.23,0.08,0.23
127,Robert Andrich,de GER,"MF,DF",Leverkusen,de Bundesliga,29,1994,23,19,"1,598",17.8,2,2,4,2,0,0,7,0,0.11,0.11,0.23,0.11,0.23
128,Angeliño,es ESP,"MF,DF",Roma,it Serie A,27,1997,38,36,"3,177",35.3,2,1,3,2,0,0,1,0,0.06,0.03,0.08,0.06,0.08
129,Lorenzo Anghelè,it ITA,FW,Juventus,it Serie A,19,2005,1,0,6,0.1,0,0,0,0,0,0,0,0,0,0,0,0,0
130,Faustino Anjorin,eng ENG,MF,Empoli,it Serie A,22,2001,22,14,"1,114",12.4,2,3,5,2,0,0,3,0,0.16,0.24,0.4,0.16,0.4
131,Waldemar Anton,de GER,DF,Dortmund,de Bundesliga,28,1996,26,22,"1,949",21.7,2,2,4,2,0,0,4,0,0.09,0.09,0.18,0.09,0.18
132,Leandro Antonetti,pr PUR,FW,Sevilla,es La Liga,21,2003,2,0,28,0.3,0,0,0,0,0,0,0,0,0,0,0,0,0
133,Kyllian Antonio,fr FRA,"MF,DF",Lens,fr Ligue 1,16,2008,3,2,139,1.5,0,0,0,0,0,0,0,0,0,0,0,0,0
134,Michail Antonio,jm JAM,FW,West Ham United,eng Premier League,34,1990,14,11,836,9.3,1,1,2,1,0,0,1,0,0.11,0.11,0.22,0.11,0.22
135,Antoniu,es ESP,MF,Espanyol,es La Liga,21,2002,26,13,"1,022",11.4,0,1,1,0,0,0,3,0,0,0.09,0.09,0,0.09
136,Antony,br BRA,"FW,MF",Manchester Utd,eng Premier League,24,2000,8,0,141,1.6,0,0,0,0,0,0,0,0,0,0,0,0,0
137,Antony,br BRA,MF,Real Betis,es La Liga,24,2000,17,15,"1,362",15.1,5,2,7,5,0,0,2,1,0.33,0.13,0.46,0.33,0.46
138,Anuar,ma MAR,"MF,FW",Valladolid,es La Liga,29,1995,26,21,"1,720",19.1,2,0,2,2,0,0,7,0,0.1,0,0.1,0.1,0.1
139,Dennis Appiah,fr FRA,DF,Saint-Étienne,fr Ligue 1,32,1992,29,22,"2,128",23.6,0,1,1,0,0,0,2,0,0,0.04,0.04,0,0.04
140,Aritz Arambarri,es ESP,DF,Leganés,es La Liga,26,1998,2,2,177,2,0,0,0,0,0,0,0,0,0,0,0,0,0
141,Mauro Arambarri,uy URU,MF,Getafe,es La Liga,28,1995,35,31,"2,661",29.6,10,0,10,7,3,3,10,0,0.34,0,0.34,0.24,0.24
142,Jon Aramburu,ve VEN,DF,Real Sociedad,es La Liga,22,2002,35,28,"2,460",27.3,1,1,2,1,0,0,8,0,0.04,0.04,0.07,0.04,0.07
143,Julian Araujo,mx MEX,DF,Bournemouth,eng Premier League,22,2001,12,7,497,5.5,0,0,0,0,0,0,2,0,0,0,0,0,0
144,Ronald Araújo,uy URU,DF,Barcelona,es La Liga,25,1999,12,11,754,8.4,1,1,2,1,0,0,3,0,0.12,0.12,0.24,0.12,0.24
145,Cameron Archer,eng ENG,FW,Southampton,eng Premier League,23,2001,35,13,"1,441",16,2,0,2,2,0,1,0,0,0.12,0,0.12,0.12,0.12
146,Carlens Arcus,ht HAI,DF,Angers,fr Ligue 1,28,1996,28,25,"2,047",22.7,0,1,1,0,0,0,3,0,0,0.04,0.04,0,0.04
147,Alphonse Areola,fr FRA,GK,West Ham United,eng Premier League,31,1993,26,25,"2,260",25.1,0,0,0,0,0,0,0,0,0,0,0,0,0
148,Adu Ares,es ESP,MF,Athletic Club,es La Liga,22,2001,1,0,19,0.2,0,0,0,0,0,0,0,0,0,0,0,0,0
149,Jesús Areso,es ESP,DF,Osasuna,es La Liga,25,1999,36,35,"3,079",34.2,0,3,3,0,0,0,9,0,0,0.09,0.09,0,0.09
150,David Argüelles,es ESP,DF,Getafe,es La Liga,22,2002,1,0,7,0.1,0,0,0,0,0,0,0,0,0,0,0,0,0
Rk,Player,Nation,Pos,Squad,Comp,Age,Born,MP,Starts,Min,90s,Gls,Ast,G+A,G-PK,PK,PKatt,CrdY,CrdR,Gls,Ast,G+A,G-PK,G+A-PK
151,Joe Aribo,ng NGA,MF,Southampton,eng Premier League,28,1996,32,21,"2,013",22.4,3,0,3,3,0,0,1,0,0.13,0,0.13,0.13,0.13
152,Adam Armstrong,eng ENG,"FW,MF",Southampton,eng Premier League,27,1997,20,15,"1,248",13.9,2,2,4,2,0,1,4,0,0.14,0.14,0.29,0.14,0.29
153,Harrison Armstrong,eng ENG,MF,Everton,eng Premier League,17,2007,3,0,48,0.5,0,0,0,0,0,0,1,0,0,0,0,0,0
154,José Arnaiz,es ESP,MF,Osasuna,es La Liga,29,1995,15,1,133,1.5,0,0,0,0,0,0,0,0,0,0,0,0,0
155,Marko Arnautović,at AUT,FW,Inter,it Serie A,35,1989,18,5,549,6.1,4,2,6,4,0,0,1,0,0.66,0.33,0.98,0.66,0.98
156,Maximilian Arnold,de GER,MF,Wolfsburg,de Bundesliga,30,1994,28,27,"2,356",26.2,3,5,8,3,0,0,7,1,0.11,0.19,0.31,0.11,0.31
157,Jann-Fiete Arp,de GER,FW,Holstein Kiel,de Bundesliga,24,2000,23,3,713,7.9,2,0,2,1,1,2,8,1,0.25,0,0.25,0.13,0.13
158,Sergio Arribas,es ESP,DF,Real Betis,es La Liga,21,2003,1,1,90,1,0,0,0,0,0,0,0,0,0,0,0,0,0
159,Kepa Arrizabalaga,es ESP,GK,Bournemouth,eng Premier League,29,1994,31,31,"2,790",31,0,0,0,0,0,0,3,0,0,0,0,0,0
160,Arthur,br BRA,"MF,DF",Leverkusen,de Bundesliga,21,2003,20,7,752,8.4,0,1,1,0,0,0,1,0,0,0.12,0.12,0,0.12
161,Takuma Asano,jp JPN,"MF,FW",Mallorca,es La Liga,29,1994,21,13,"1,054",11.7,2,1,3,2,0,0,0,0,0.17,0.09,0.26,0.17,0.26
162,Raúl Asencio,es ESP,DF,Real Madrid,es La Liga,21,2003,23,18,"1,670",18.6,0,1,1,0,0,0,3,0,0,0.05,0.05,0,0.05
163,Marco Asensio,es ESP,MF,Aston Villa,eng Premier League,28,1996,13,9,743,8.3,3,1,4,3,0,2,2,0,0.36,0.12,0.48,0.36,0.48
164,Marco Asensio,es ESP,"FW,MF",Paris Saint-Germain,fr Ligue 1,28,1996,12,8,618,6.9,2,4,6,2,0,0,0,0,0.29,0.58,0.87,0.29,0.87
165,Kristjan Asllani,al ALB,MF,Inter,it Serie A,22,2002,22,10,988,11,2,2,4,0,2,2,4,0,0.18,0.18,0.36,0,0.18
166,Iago Aspas,es ESP,"FW,MF",Celta Vigo,es La Liga,36,1987,30,19,"1,745",19.4,10,5,15,5,5,6,6,1,0.52,0.26,0.77,0.26,0.52
167,Yaser Asprilla,co COL,"MF,FW",Girona,es La Liga,20,2003,27,15,"1,405",15.6,3,1,4,3,0,0,2,0,0.19,0.06,0.26,0.19,0.26
168,Lorenz Assignon,tg TOG,"MF,DF",Rennes,fr Ligue 1,24,2000,32,27,"2,357",26.2,3,4,7,3,0,0,9,0,0.11,0.15,0.27,0.11,0.27
169,Dehmaine Assoumani,fr FRA,FW,Nantes,fr Ligue 1,19,2005,12,0,98,1.1,0,0,0,0,0,0,0,0,0,0,0,0,0
170,Valentin Atangana Edoa,fr FRA,MF,Reims,fr Ligue 1,18,2005,34,33,"2,854",31.7,1,0,1,1,0,0,7,0,0.03,0,0.03,0.03,0.03
171,Arthur Atta,fr FRA,"MF,FW",Udinese,it Serie A,21,2003,27,12,"1,251",13.9,0,1,1,0,0,0,5,0,0,0.07,0.07,0,0.07
172,Noah Atubolu,de GER,GK,Freiburg,de Bundesliga,22,2002,26,26,"2,307",25.6,0,0,0,0,0,0,2,0,0,0,0,0,0
173,Emil Audero,id IDN,GK,Como,it Serie A,27,1997,8,8,720,8,0,0,0,0,0,0,0,0,0,0,0,0,0
174,Tommaso Augello,it ITA,"MF,DF",Cagliari,it Serie A,29,1994,38,30,"2,713",30.1,0,7,7,0,0,0,3,0,0,0.23,0.23,0,0.23
175,Carlos Augusto,br BRA,"DF,MF",Inter,it Serie A,25,1999,29,15,"1,691",18.8,3,2,5,3,0,0,1,0,0.16,0.11,0.27,0.16,0.27
Rk,Player,Nation,Pos,Squad,Comp,Age,Born,MP,Starts,Min,90s,Gls,Ast,G+A,G-PK,PK,PKatt,CrdY,CrdR,Gls,Ast,G+A,G-PK,G+A-PK
176,Yann Aurel Bisseck,de GER,DF,Inter,it Serie A,23,2000,27,17,"1,643",18.3,3,2,5,3,0,0,4,0,0.16,0.11,0.27,0.16,0.27
177,Brandon Austin,eng ENG,GK,Tottenham Hotspur,eng Premier League,25,1999,1,1,90,1,0,0,0,0,0,0,0,0,0,0,0,0,0
178,Ezequiel Ávila,ar ARG,"MF,FW",Real Betis,es La Liga,30,1994,19,6,677,7.5,2,0,2,2,0,0,5,1,0.27,0,0.27,0.27,0.27
179,Taiwo Awoniyi,ng NGA,FW,Nottingham Forest,eng Premier League,26,1997,26,3,416,4.6,1,0,1,1,0,0,0,0,0.22,0,0.22,0.22,0.22
180,Yasin Ayari,se SWE,MF,Brighton,eng Premier League,20,2003,34,22,"1,965",21.8,2,1,3,2,0,0,3,0,0.09,0.05,0.14,0.09,0.14
181,Florian Ayé,fr FRA,FW,Auxerre,fr Ligue 1,27,1997,26,4,575,6.4,2,0,2,2,0,0,0,0,0.31,0,0.31,0.31,0.31
182,André Ayew,gh GHA,FW,Le Havre,fr Ligue 1,34,1989,27,15,"1,453",16.1,4,1,5,4,0,0,2,0,0.25,0.06,0.31,0.25,0.31
183,Jordan Ayew,gh GHA,"FW,MF",Crystal Palace,eng Premier League,32,1991,1,0,21,0.2,0,0,0,0,0,0,1,0,0,0,0,0,0
184,Jordan Ayew,gh GHA,MF,Leicester City,eng Premier League,32,1991,30,19,"1,638",18.2,5,0,5,4,1,1,5,0,0.27,0,0.27,0.22,0.22
185,Neil El Aynaoui,ma MAR,MF,Lens,fr Ligue 1,23,2001,24,17,"1,588",17.6,8,1,9,5,3,3,4,0,0.45,0.06,0.51,0.28,0.34
186,Ayman Azhil,ma MAR,MF,Dortmund,de Bundesliga,23,2001,1,0,24,0.3,0,0,0,0,0,0,1,0,0,0,0,0,0
187,Adam Aznou,ma MAR,"DF,MF",Valladolid,es La Liga,18,2006,13,10,876,9.7,0,0,0,0,0,0,1,0,0,0,0,0,0
188,Adam Aznou,ma MAR,DF,Bayern Munich,de Bundesliga,18,2006,2,0,17,0.2,0,0,0,0,0,0,0,0,0,0,0,0,0
189,César Azpilicueta,es ESP,DF,Atlético Madrid,es La Liga,34,1989,14,10,875,9.7,1,0,1,1,0,0,1,0,0.1,0,0.1,0.1,0.1
190,Paulo Azzi,br BRA,MF,Cagliari,it Serie A,30,1994,6,5,426,4.7,0,0,0,0,0,0,2,0,0,0,0,0,0
191,Oussama El Azzouzi,ma MAR,MF,Bologna,it Serie A,23,2001,2,0,19,0.2,0,0,0,0,0,0,0,0,0,0,0,0,0
192,Papa Ba,es ESP,FW,Girona,es La Liga,19,2004,1,0,48,0.5,0,0,0,0,0,0,0,0,0,0,0,0,0
193,Shavy Babicka,ga GAB,MF,Toulouse,fr Ligue 1,24,2000,30,11,"1,186",13.2,4,2,6,4,0,0,2,0,0.3,0.15,0.46,0.3,0.46
194,Jacopo Bacci,it ITA,MF,Empoli,it Serie A,19,2005,3,0,31,0.3,0,0,0,0,0,0,0,0,0,0,0,0,0
195,Aliou Badara Baldé,gn GUI,FW,Bochum,de Bundesliga,21,2002,5,0,91,1,0,0,0,0,0,0,1,0,0,0,0,0,0
196,Loïc Bade,fr FRA,DF,Sevilla,es La Liga,24,2000,32,31,"2,686",29.8,1,1,2,1,0,0,7,1,0.03,0.03,0.07,0.03,0.07
197,Milan Badelj,hr CRO,MF,Genoa,it Serie A,35,1989,23,21,"1,472",16.4,1,0,1,1,0,0,2,0,0.06,0,0.06,0.06,0.06
198,Benoît Badiashile,fr FRA,DF,Chelsea,eng Premier League,23,2001,5,3,334,3.7,0,0,0,0,0,0,0,0,0,0,0,0,0
199,Alex Baena,es ESP,"MF,FW",Villarreal,es La Liga,23,2001,32,30,"2,595",28.8,7,9,16,7,0,1,9,0,0.24,0.31,0.55,0.24,0.55
200,Leon Bailey,jm JAM,MF,Aston Villa,eng Premier League,26,1997,24,14,"1,139",12.7,1,2,3,1,0,0,3,0,0.08,0.16,0.24,0.08,0.24
Rk,Player,Nation,Pos,Squad,Comp,Age,Born,MP,Starts,Min,90s,Gls,Ast,G+A,G-PK,PK,PKatt,CrdY,CrdR,Gls,Ast,G+A,G-PK,G+A-PK
201,Eric Bailly,ci CIV,DF,Villarreal,es La Liga,30,1994,12,8,617,6.9,0,0,0,0,0,0,2,1,0,0,0,0,0
202,Theo Bair,ca CAN,FW,Auxerre,fr Ligue 1,24,1999,29,11,939,10.4,2,1,3,2,0,0,1,0,0.19,0.1,0.29,0.19,0.29
203,Stefan Bajcetic,es ESP,"MF,DF",Las Palmas,es La Liga,19,2004,14,12,969,10.8,1,0,1,1,0,0,4,0,0.09,0,0.09,0.09,0.09
204,Cédric Bakambu,cd COD,FW,Real Betis,es La Liga,33,1991,25,6,710,7.9,2,2,4,2,0,0,4,0,0.25,0.25,0.51,0.25,0.51
205,Mitchel Bakker,nl NED,"DF,MF",Atalanta,it Serie A,24,2000,1,0,22,0.2,0,0,0,0,0,0,0,0,0,0,0,0,0
206,Mitchel Bakker,nl NED,"MF,DF",Lille,fr Ligue 1,24,2000,24,14,"1,139",12.7,3,2,5,3,0,0,3,1,0.24,0.16,0.4,0.24,0.4
207,Darryl Bakola,fr FRA,MF,Marseille,fr Ligue 1,16,2007,2,0,14,0.2,0,0,0,0,0,0,1,0,0,0,0,0,0
208,Ridle Baku,de GER,MF,Wolfsburg,de Bundesliga,26,1998,15,14,"1,170",13,2,1,3,2,0,0,2,0,0.15,0.08,0.23,0.15,0.23
209,Ridle Baku,de GER,MF,RB Leipzig,de Bundesliga,26,1998,19,15,"1,275",14.2,2,3,5,2,0,0,1,0,0.14,0.21,0.35,0.14,0.35
210,Dilane Bakwa,fr FRA,MF,Strasbourg,fr Ligue 1,21,2002,30,29,"2,497",27.7,6,8,14,6,0,0,4,0,0.22,0.29,0.5,0.22,0.5
211,Tommaso Baldanzi,it ITA,"MF,FW",Roma,it Serie A,21,2003,31,5,832,9.2,1,1,2,1,0,0,2,0,0.11,0.11,0.22,0.11,0.22
212,Alejandro Balde,es ESP,DF,Barcelona,es La Liga,20,2003,32,26,"2,284",25.4,0,4,4,0,0,0,2,0,0,0.16,0.16,0,0.16
213,Keita Baldé,sn SEN,FW,Monza,it Serie A,29,1995,11,8,638,7.1,2,0,2,2,0,0,2,0,0.28,0,0.28,0.28,0.28
214,Carlos Baleba,cm CMR,MF,Brighton,eng Premier League,20,2004,34,31,"2,661",29.6,3,1,4,3,0,0,8,1,0.1,0.03,0.14,0.1,0.14
215,Leonardo Balerdi,ar ARG,DF,Marseille,fr Ligue 1,25,1999,27,27,"2,273",25.3,0,0,0,0,0,0,9,1,0,0,0,0,0
216,Iván Balliu,al ALB,DF,Rayo Vallecano,es La Liga,32,1992,25,12,"1,200",13.3,0,0,0,0,0,0,3,0,0,0,0,0,0
217,Fodé Ballo-Touré,sn SEN,"DF,MF",Le Havre,fr Ligue 1,27,1997,10,9,589,6.5,0,0,0,0,0,0,0,0,0,0,0,0,0
218,Botond Balogh,hu HUN,DF,Parma,it Serie A,22,2002,29,23,"2,053",22.8,0,1,1,0,0,0,5,0,0,0.04,0.04,0,0.04
219,Folarin Balogun,us USA,FW,Monaco,fr Ligue 1,23,2001,13,7,615,6.8,4,0,4,4,0,0,0,0,0.59,0,0.59,0.59,0.59
220,Mario Balotelli,it ITA,FW,Genoa,it Serie A,33,1990,6,0,62,0.7,0,0,0,0,0,0,2,0,0,0,0,0,0
221,Abdoulaye Bamba,ci CIV,DF,Angers,fr Ligue 1,34,1990,19,16,"1,510",16.8,0,0,0,0,0,0,2,0,0,0,0,0,0
222,Jonathan Bamba,ci CIV,"MF,FW",Celta Vigo,es La Liga,28,1996,12,10,811,9,0,1,1,0,0,0,1,0,0,0.11,0.11,0,0.11
223,Mohamed Bamba,ci CIV,MF,Reims,fr Ligue 1,19,2004,2,0,10,0.1,0,0,0,0,0,0,0,0,0,0,0,0,0
224,Samuel Bamba,de GER,FW,Bochum,de Bundesliga,20,2004,5,0,27,0.3,0,0,0,0,0,0,0,0,0,0,0,0,0
225,Lameck Banda,zm ZAM,"MF,FW",Lecce,it Serie A,23,2001,15,6,610,6.8,0,1,1,0,0,0,1,0,0,0.15,0.15,0,0.15
Rk,Player,Nation,Pos,Squad,Comp,Age,Born,MP,Starts,Min,90s,Gls,Ast,G+A,G-PK,PK,PKatt,CrdY,CrdR,Gls,Ast,G+A,G-PK,G+A-PK
226,Daniel Bandeira,pt POR,MF,Hellas Verona,it Serie A,24,2000,11,4,407,4.5,0,0,0,0,0,0,1,0,0,0,0,0,0
227,Mattia Bani,it ITA,DF,Genoa,it Serie A,30,1993,20,19,"1,507",16.7,0,0,0,0,0,0,3,0,0,0,0,0,0
228,Noahkai Banks,us USA,DF,Augsburg,de Bundesliga,17,2006,8,2,278,3.1,0,0,0,0,0,0,2,0,0,0,0,0,0
229,Scott Banks,sct SCO,MF,St Pauli,de Bundesliga,22,2001,12,0,116,1.3,0,0,0,0,0,0,1,0,0,0,0,0,0
230,Adrian Baquerin,es ESP,FW,Valladolid,es La Liga,17,2007,5,0,49,0.5,0,0,0,0,0,0,0,0,0,0,0,0,0
231,Antonín Barák,cz CZE,MF,Fiorentina,it Serie A,29,1994,1,1,54,0.6,0,0,0,0,0,0,0,0,0,0,0,0,0
232,Federico Barba,it ITA,DF,Como,it Serie A,30,1993,7,5,431,4.8,0,0,0,0,0,0,0,0,0,0,0,0,0
233,Valentín Barco,ar ARG,DF,Sevilla,es La Liga,20,2004,7,3,288,3.2,0,0,0,0,0,0,0,0,0,0,0,0,0
234,Valentín Barco,ar ARG,MF,Strasbourg,fr Ligue 1,20,2004,14,14,"1,157",12.9,0,2,2,0,0,0,2,0,0,0.16,0.16,0,0.16
235,Bradley Barcola,fr FRA,FW,Paris Saint-Germain,fr Ligue 1,21,2002,34,27,"2,181",24.2,14,10,24,14,0,0,2,0,0.58,0.41,0.99,0.58,0.99
236,Melvin Bard,fr FRA,"DF,MF",Nice,fr Ligue 1,23,2000,24,22,"1,938",21.5,2,1,3,2,0,0,4,2,0.09,0.05,0.14,0.09,0.14
237,Nicolò Barella,it ITA,MF,Inter,it Serie A,27,1997,33,29,"2,493",27.7,3,6,9,3,0,0,4,0,0.11,0.22,0.32,0.11,0.32
238,Gabriel Bares,ch SUI,MF,Montpellier,fr Ligue 1,23,2000,6,0,56,0.6,0,0,0,0,0,0,0,0,0,0,0,0,0
239,Borna Barišić,hr CRO,DF,Leganés,es La Liga,31,1992,1,1,9,0.1,0,0,0,0,0,0,0,0,0,0,0,0,0
240,Téo Barisic,hr CRO,DF,Lyon,fr Ligue 1,19,2004,1,0,2,0,0,0,0,0,0,0,0,0,0,0,0,0,0
241,Kike Barja,es ESP,"FW,MF",Osasuna,es La Liga,27,1997,15,3,315,3.5,0,1,1,0,0,0,3,0,0,0.29,0.29,0,0.29
242,Ross Barkley,eng ENG,MF,Aston Villa,eng Premier League,30,1993,20,3,581,6.5,3,1,4,3,0,0,3,0,0.46,0.15,0.62,0.46,0.62
243,Aymen Barkok,ma MAR,MF,Mainz 05,de Bundesliga,26,1998,4,0,73,0.8,0,0,0,0,0,0,0,0,0,0,0,0,0
244,Harvey Barnes,eng ENG,"FW,MF",Newcastle United,eng Premier League,26,1997,33,17,"1,755",19.5,9,4,13,9,0,0,0,0,0.46,0.21,0.67,0.46,0.67
245,Enzo Barrenechea,ar ARG,MF,Valencia,es La Liga,23,2001,30,26,"2,191",24.3,1,2,3,1,0,0,6,0,0.04,0.08,0.12,0.04,0.12
246,Ander Barrenetxea,es ESP,MF,Real Sociedad,es La Liga,22,2001,30,14,"1,263",14,1,3,4,1,0,0,6,0,0.07,0.21,0.29,0.07,0.29
247,Pablo Barrios,es ESP,MF,Atlético Madrid,es La Liga,21,2003,31,28,"2,330",25.9,1,4,5,1,0,0,4,1,0.04,0.15,0.19,0.04,0.19
248,Thierno Barry,fr FRA,FW,Villarreal,es La Liga,21,2002,35,25,"2,323",25.8,11,4,15,10,1,1,4,0,0.43,0.15,0.58,0.39,0.54
249,Davide Bartesaghi,it ITA,DF,Milan,it Serie A,18,2005,4,1,118,1.3,0,0,0,0,0,0,0,1,0,0,0,0,0
250,Marc Bartra,es ESP,DF,Real Betis,es La Liga,33,1991,25,23,"2,099",23.3,2,1,3,2,0,0,2,0,0.09,0.04,0.13,0.09,0.13
Rk,Player,Nation,Pos,Squad,Comp,Age,Born,MP,Starts,Min,90s,Gls,Ast,G+A,G-PK,PK,PKatt,CrdY,CrdR,Gls,Ast,G+A,G-PK,G+A-PK
251,Federico Baschirotto,it ITA,DF,Lecce,it Serie A,27,1996,38,38,"3,420",38,2,0,2,2,0,0,3,0,0.05,0,0.05,0.05,0.05
252,Daniele Baselli,it ITA,MF,Como,it Serie A,32,1992,2,1,22,0.2,0,0,0,0,0,0,0,0,0,0,0,0,0
253,Calvin Bassey,ng NGA,DF,Fulham,eng Premier League,24,1999,35,34,"3,074",34.2,1,0,1,1,0,0,7,0,0.03,0,0.03,0.03,0.03
254,Aboubacar Bassinga,ci CIV,MF,Las Palmas,es La Liga,19,2005,1,0,4,0,0,0,0,0,0,0,0,0,0,0,0,0,0
255,Alessandro Bastoni,it ITA,DF,Inter,it Serie A,25,1999,33,31,"2,401",26.7,1,5,6,1,0,0,6,1,0.04,0.19,0.22,0.04,0.22
256,Augusto Batalla,ar ARG,GK,Rayo Vallecano,es La Liga,28,1996,32,32,"2,880",32,0,0,0,0,0,0,6,0,0,0,0,0,0
257,Michy Batshuayi,be BEL,FW,Eintracht Frankfurt,de Bundesliga,30,1993,10,3,300,3.3,3,0,3,3,0,0,2,0,0.9,0,0.9,0.9,0.9
258,Dylan Batubinsika,cd COD,DF,Saint-Étienne,fr Ligue 1,28,1996,25,22,"2,016",22.4,1,0,1,1,0,0,3,1,0.04,0,0.04,0.04,0.04
259,Maximilian Bauer,de GER,DF,Augsburg,de Bundesliga,24,2000,11,8,658,7.3,0,0,0,0,0,0,1,0,0,0,0,0,0
260,Oliver Baumann,de GER,GK,Hoffenheim,de Bundesliga,34,1990,28,28,"2,520",28,0,0,0,0,0,0,1,0,0,0,0,0,0
261,Christoph Baumgartner,at AUT,"MF,FW",RB Leipzig,de Bundesliga,24,1999,31,18,"1,610",17.9,2,1,3,2,0,0,5,0,0.11,0.06,0.17,0.11,0.17
262,Rafael Bauza,es ESP,MF,Espanyol,es La Liga,19,2005,5,2,183,2,0,0,0,0,0,0,1,0,0,0,0,0,0
263,Altay Bayındır,tr TUR,GK,Manchester Utd,eng Premier League,26,1998,4,4,360,4,0,0,0,0,0,0,0,0,0,0,0,0,0
264,Ihlas Bebou,tg TOG,"FW,MF",Hoffenheim,de Bundesliga,30,1994,1,0,9,0.1,0,0,0,0,0,0,0,0,0,0,0,0,0
265,Adrian Beck,de GER,"MF,FW",Heidenheim,de Bundesliga,27,1997,32,18,"1,598",17.8,4,1,5,4,0,0,1,0,0.23,0.06,0.28,0.23,0.28
266,Sheraldo Becker,sr SUR,"MF,FW",Real Sociedad,es La Liga,29,1995,22,11,995,11.1,2,1,3,2,0,0,1,1,0.18,0.09,0.27,0.18,0.27
267,Timo Becker,de GER,"DF,MF",Holstein Kiel,de Bundesliga,27,1997,30,28,"2,445",27.2,0,2,2,0,0,0,2,0,0,0.07,0.07,0,0.07
268,Jan Bednarek,pl POL,DF,Southampton,eng Premier League,28,1996,30,30,"2,531",28.1,2,0,2,2,0,0,7,0,0.07,0,0.07,0.07,0.07
269,Donny van de Beek,nl NED,MF,Girona,es La Liga,27,1997,26,16,"1,421",15.8,2,2,4,2,0,0,5,0,0.13,0.13,0.25,0.13,0.25
270,Hannes Behrens,de GER,DF,Hoffenheim,de Bundesliga,19,2005,1,0,29,0.3,0,0,0,0,0,0,0,0,0,0,0,0,0
271,Kevin Behrens,de GER,FW,Wolfsburg,de Bundesliga,33,1991,18,0,170,1.9,1,0,1,1,0,0,2,0,0.53,0,0.53,0.53,0.53
272,Maximilian Beier,de GER,"MF,FW",Dortmund,de Bundesliga,21,2002,29,17,"1,591",17.7,8,5,13,8,0,0,2,0,0.45,0.28,0.74,0.45,0.74
273,Luken Beitia,es ESP,DF,Real Sociedad,es La Liga,20,2004,1,0,8,0.1,0,0,0,0,0,0,0,0,0,0,0,0,0
274,Ismael Bekhoucha,ma MAR,DF,Getafe,es La Liga,19,2004,5,0,69,0.8,0,0,0,0,0,0,2,0,0,0,0,0,0
275,Reda Belahyane,ma MAR,MF,Hellas Verona,it Serie A,20,2004,22,17,"1,658",18.4,0,2,2,0,0,0,6,1,0,0.11,0.11,0,0.11
Rk,Player,Nation,Pos,Squad,Comp,Age,Born,MP,Starts,Min,90s,Gls,Ast,G+A,G-PK,PK,PKatt,CrdY,CrdR,Gls,Ast,G+A,G-PK,G+A-PK
276,Reda Belahyane,ma MAR,MF,Lazio,it Serie A,20,2004,6,1,198,2.2,0,0,0,0,0,0,0,1,0,0,0,0,0
277,Haris Belkebla,dz ALG,MF,Angers,fr Ligue 1,30,1994,22,21,"1,792",19.9,0,1,1,0,0,0,1,0,0,0.05,0.05,0,0.05
278,Yassin Belkhdim,fr FRA,MF,Angers,fr Ligue 1,22,2002,29,16,"1,523",16.9,1,1,2,1,0,0,4,0,0.06,0.06,0.12,0.06,0.12
279,Stefan Bell,de GER,DF,Mainz 05,de Bundesliga,32,1991,18,15,"1,436",16,0,1,1,0,0,0,4,0,0,0.06,0.06,0,0.06
280,Armel Bella Kotchap,de GER,DF,Southampton,eng Premier League,22,2001,4,2,331,3.7,0,0,0,0,0,0,0,0,0,0,0,0,0
281,Raoul Bellanova,it ITA,MF,Torino,it Serie A,24,2000,1,1,87,1,0,0,0,0,0,0,0,0,0,0,0,0,0
282,Raoul Bellanova,it ITA,MF,Atalanta,it Serie A,24,2000,34,27,"2,402",26.7,0,9,9,0,0,0,3,0,0,0.34,0.34,0,0.34
283,Jean-Ricner Bellegarde,ht HAI,MF,Wolves,eng Premier League,26,1998,35,20,"1,677",18.6,2,7,9,2,0,0,3,0,0.11,0.38,0.48,0.11,0.48
284,Héctor Bellerín,es ESP,DF,Real Betis,es La Liga,29,1995,9,6,580,6.4,0,2,2,0,0,0,1,0,0,0.31,0.31,0,0.31
285,Jude Bellingham,eng ENG,MF,Real Madrid,es La Liga,21,2003,31,29,"2,488",27.6,9,8,17,8,1,2,5,1,0.33,0.29,0.61,0.29,0.58
286,Jeanuël Belocian,fr FRA,DF,Leverkusen,de Bundesliga,19,2005,5,1,68,0.8,0,0,0,0,0,0,1,0,0,0,0,0,0
287,Andrea Belotti,it ITA,FW,Como,it Serie A,30,1993,18,7,593,6.6,2,0,2,2,0,0,1,0,0.3,0,0.3,0.3,0.3
288,Fran Beltrán,es ESP,MF,Celta Vigo,es La Liga,25,1999,34,29,"2,421",26.9,2,1,3,2,0,0,3,0,0.07,0.04,0.11,0.07,0.11
289,Lucas Beltrán,ar ARG,"MF,FW",Fiorentina,it Serie A,23,2001,33,21,"1,953",21.7,5,4,9,3,2,3,6,0,0.23,0.18,0.41,0.14,0.32
290,Eliesse Ben Seghir,ma MAR,MF,Monaco,fr Ligue 1,19,2005,33,19,"1,750",19.4,6,3,9,4,2,2,0,0,0.31,0.15,0.46,0.21,0.36
291,Carlos Benavídez,uy URU,MF,Alavés,es La Liga,26,1998,18,6,487,5.4,1,1,2,1,0,0,3,0,0.18,0.18,0.37,0.18,0.37
292,Adrian Benedyczak,pl POL,MF,Parma,it Serie A,23,2000,9,2,214,2.4,0,0,0,0,0,0,0,0,0,0,0,0,0
293,László Bénes,sk SVK,"MF,FW",Union Berlin,de Bundesliga,26,1997,23,3,589,6.5,2,1,3,2,0,0,4,0,0.31,0.15,0.46,0.31,0.46
294,Iker Benito,es ESP,"FW,MF",Osasuna,es La Liga,21,2002,2,0,37,0.4,0,0,0,0,0,0,0,0,0,0,0,0,0
295,Ismaël Bennacer,dz ALG,MF,Milan,it Serie A,26,1997,6,4,300,3.3,0,0,0,0,0,0,2,0,0,0,0,0,0
296,Ismaël Bennacer,dz ALG,MF,Marseille,fr Ligue 1,26,1997,12,8,646,7.2,0,2,2,0,0,0,2,0,0,0.28,0.28,0,0.28
297,Saïd Benrahma,dz ALG,"FW,MF",Lyon,fr Ligue 1,28,1995,13,9,735,8.2,1,3,4,1,0,0,0,0,0.12,0.37,0.49,0.12,0.49
298,Ramy Bensebaini,dz ALG,DF,Dortmund,de Bundesliga,29,1995,31,23,"2,022",22.5,1,6,7,1,0,0,6,0,0.04,0.27,0.31,0.04,0.31
299,Nabil Bentaleb,dz ALG,MF,Lille,fr Ligue 1,29,1994,10,3,329,3.7,1,0,1,1,0,0,0,0,0.27,0,0.27,0.27,0.27
300,Rodrigo Bentancur,uy URU,MF,Tottenham Hotspur,eng Premier League,27,1997,26,21,"1,645",18.3,2,0,2,2,0,0,9,0,0.11,0,0.11,0.11,0.11
Rk,Player,Nation,Pos,Squad,Comp,Age,Born,MP,Starts,Min,90s,Gls,Ast,G+A,G-PK,PK,PKatt,CrdY,CrdR,Gls,Ast,G+A,G-PK,G+A-PK
301,Daniel Bentley,eng ENG,GK,Wolves,eng Premier League,31,1993,2,2,180,2,0,0,0,0,0,0,0,0,0,0,0,0,0
302,Lucas Beraldo,br BRA,DF,Paris Saint-Germain,fr Ligue 1,20,2003,25,22,"2,011",22.3,1,0,1,1,0,0,6,0,0.04,0,0.04,0.04,0.04
303,Yuri Berchiche,es ESP,DF,Athletic Club,es La Liga,34,1990,30,22,"2,044",22.7,0,2,2,0,0,0,5,0,0,0.09,0.09,0,0.09
304,Álex Berenguer,es ESP,"MF,FW",Athletic Club,es La Liga,29,1995,36,28,"2,339",26,6,7,13,6,0,1,5,0,0.23,0.27,0.5,0.23,0.5
305,Sander Berge,no NOR,MF,Fulham,eng Premier League,26,1998,31,26,"2,224",24.7,0,0,0,0,0,0,6,0,0,0,0,0,0
306,Lucas Bergvall,se SWE,MF,Tottenham Hotspur,eng Premier League,18,2006,27,11,"1,212",13.5,0,1,1,0,0,0,3,0,0,0.07,0.07,0,0.07
307,Medon Berisha,al ALB,MF,Lecce,it Serie A,20,2003,17,7,716,8,0,1,1,0,0,0,5,0,0,0.13,0.13,0,0.13
308,Mergim Berisha,de GER,FW,Hoffenheim,de Bundesliga,26,1998,11,3,333,3.7,1,1,2,1,0,0,1,0,0.27,0.27,0.54,0.27,0.54
309,Mergim Berisha,de GER,FW,Augsburg,de Bundesliga,26,1998,2,0,40,0.4,0,0,0,0,0,0,1,0,0,0,0,0,0
310,Adrian Bernabe,es ESP,MF,Parma,it Serie A,23,2001,21,18,"1,453",16.1,1,1,2,1,0,0,1,0,0.06,0.06,0.12,0.06,0.12
311,Marc Bernal,es ESP,MF,Barcelona,es La Liga,17,2007,3,3,242,2.7,0,0,0,0,0,0,2,0,0,0,0,0,0
312,Bernardo,br BRA,DF,Bochum,de Bundesliga,29,1995,21,19,"1,782",19.8,0,0,0,0,0,0,5,0,0,0,0,0,0
313,Juan Bernat,es ESP,DF,Villarreal,es La Liga,31,1993,10,1,212,2.4,0,1,1,0,0,0,0,0,0,0.42,0.42,0,0.42
314,Juan Bernat,es ESP,MF,Getafe,es La Liga,31,1993,14,9,699,7.8,0,1,1,0,0,0,0,0,0,0.13,0.13,0,0.13
315,Maxime Bernauer,fr FRA,DF,Saint-Étienne,fr Ligue 1,26,1998,11,9,763,8.5,0,0,0,0,0,0,4,1,0,0,0,0,0
316,Antoine Bernede,fr FRA,MF,Hellas Verona,it Serie A,25,1999,14,7,594,6.6,1,0,1,1,0,0,2,0,0.15,0,0.15,0.15,0.15
317,Alexander Bernhardsson,se SWE,"FW,MF",Holstein Kiel,de Bundesliga,25,1998,19,15,"1,263",14,7,2,9,7,0,0,3,0,0.5,0.14,0.64,0.5,0.64
318,Victor Bernth Kristiansen,dk DEN,"DF,MF",Leicester City,eng Premier League,21,2002,30,29,"2,482",27.6,0,1,1,0,0,0,1,0,0,0.04,0.04,0,0.04
319,Matúš Bero,sk SVK,MF,Bochum,de Bundesliga,28,1995,30,29,"2,565",28.5,5,2,7,5,0,1,11,0,0.18,0.07,0.25,0.18,0.25
320,Juan Berrocal,es ESP,DF,Getafe,es La Liga,25,1999,19,11,"1,063",11.8,0,0,0,0,0,0,8,1,0,0,0,0,0
321,Dimitry Bertaud,cd COD,GK,Montpellier,fr Ligue 1,26,1998,4,4,360,4,0,0,0,0,0,0,0,0,0,0,0,0,0
322,Jan-Niklas Beste,de GER,"DF,MF",Freiburg,de Bundesliga,25,1999,12,0,212,2.4,0,1,1,0,0,0,0,0,0,0.42,0.42,0,0.42
323,Beto,gw GNB,FW,Everton,eng Premier League,26,1998,30,15,"1,534",17,8,0,8,8,0,0,2,0,0.47,0,0.47,0.47,0.47
324,Sam Beukema,nl NED,DF,Bologna,it Serie A,25,1998,35,33,"3,012",33.5,0,1,1,0,0,0,1,0,0,0.03,0.03,0,0.03
325,Alessandro Bianco,it ITA,MF,Monza,it Serie A,21,2002,34,29,"2,600",28.9,1,0,1,1,0,0,9,0,0.03,0,0.03,0.03,0.03
Rk,Player,Nation,Pos,Squad,Comp,Age,Born,MP,Starts,Min,90s,Gls,Ast,G+A,G-PK,PK,PKatt,CrdY,CrdR,Gls,Ast,G+A,G-PK,G+A-PK
326,Alessandro Bianco,it ITA,MF,Fiorentina,it Serie A,21,2002,1,0,18,0.2,0,0,0,0,0,0,0,0,0,0,0,0,0
327,Mika Biereth,dk DEN,FW,Monaco,fr Ligue 1,21,2003,16,16,"1,228",13.6,13,2,15,12,1,2,0,0,0.95,0.15,1.1,0.88,1.03
328,Jaka Bijol,si SVN,DF,Udinese,it Serie A,25,1999,34,34,"2,963",32.9,1,0,1,1,0,0,13,1,0.03,0,0.03,0.03,0.03
329,El Bilal Touré,ml MLI,FW,Stuttgart,de Bundesliga,22,2001,12,3,356,4,2,1,3,2,0,0,0,0,0.51,0.25,0.76,0.51,0.76
330,Philip Billing,dk DEN,MF,Bournemouth,eng Premier League,28,1996,10,1,184,2,0,0,0,0,0,0,1,0,0,0,0,0,0
331,Philip Billing,dk DEN,MF,Napoli,it Serie A,28,1996,10,1,197,2.2,1,0,1,1,0,0,1,0,0.46,0,0.46,0.46,0.46
332,Cristiano Biraghi,it ITA,DF,Torino,it Serie A,31,1992,15,13,"1,158",12.9,0,0,0,0,0,0,0,0,0,0,0,0,0
333,Cristiano Biraghi,it ITA,"DF,MF",Fiorentina,it Serie A,31,1992,8,5,433,4.8,1,0,1,1,0,0,1,0,0.21,0,0.21,0.21,0.21
334,Samuele Birindelli,it ITA,MF,Monza,it Serie A,25,1999,21,18,"1,468",16.3,3,0,3,3,0,0,2,0,0.18,0,0.18,0.18,0.18
335,Tom Bischof,de GER,MF,Hoffenheim,de Bundesliga,19,2005,31,30,"2,559",28.4,5,2,7,5,0,0,5,0,0.18,0.07,0.25,0.18,0.25
336,Yves Bissouma,ml MLI,MF,Tottenham Hotspur,eng Premier League,27,1996,28,16,"1,408",15.6,2,0,2,2,0,0,7,0,0.13,0,0.13,0.13,0.13
337,Leonardo Bittencourt,de GER,MF,Werder Bremen,de Bundesliga,30,1993,27,10,982,10.9,2,1,3,2,0,0,3,0,0.18,0.09,0.27,0.18,0.27
338,Emmanuel Biumla,fr FRA,DF,Angers,fr Ligue 1,19,2005,17,15,"1,336",14.8,1,0,1,1,0,0,2,0,0.07,0,0.07,0.07,0.07
339,Marco Bizot,nl NED,GK,Brest,fr Ligue 1,33,1991,32,32,"2,880",32,0,0,0,0,0,0,4,0,0,0,0,0,0
340,Bjarki Bjarkason,is ISL,MF,Venezia,it Serie A,24,2000,9,1,165,1.8,0,0,0,0,0,0,2,0,0,0,0,0,0
341,Antonio Blanco,es ESP,MF,Alavés,es La Liga,24,2000,35,32,"2,727",30.3,0,1,1,0,0,0,11,1,0,0.03,0.03,0,0.03
342,Ludovic Blas,fr FRA,"MF,FW",Rennes,fr Ligue 1,26,1997,29,26,"2,293",25.5,6,8,14,6,0,0,6,0,0.24,0.31,0.55,0.24,0.55
343,Daley Blind,nl NED,DF,Girona,es La Liga,34,1990,34,31,"2,780",30.9,0,2,2,0,0,0,2,0,0,0.06,0.06,0,0.06
344,Myron Boadu,nl NED,FW,Bochum,de Bundesliga,23,2001,19,11,"1,042",11.6,9,1,10,8,1,1,2,0,0.78,0.09,0.86,0.69,0.78
345,Augustine Boakye,gh GHA,"MF,FW",Saint-Étienne,fr Ligue 1,23,2000,17,8,733,8.1,3,0,3,3,0,0,5,0,0.37,0,0.37,0.37,0.37
346,Oscar Bobb,no NOR,"FW,MF",Manchester City,eng Premier League,21,2003,3,0,16,0.2,0,0,0,0,0,0,0,0,0,0,0,0,0
347,Mathéo Bodmer,fr FRA,DF,Le Havre,fr Ligue 1,20,2004,1,0,6,0.1,0,0,0,0,0,0,0,0,0,0,0,0,0
348,Sacha Boey,fr FRA,DF,Bayern Munich,de Bundesliga,23,2000,13,6,593,6.6,0,2,2,0,0,0,1,0,0,0.3,0.3,0,0.3
349,Jeremie Boga,ci CIV,"MF,FW",Nice,fr Ligue 1,27,1997,21,12,"1,054",11.7,1,2,3,1,0,0,0,0,0.09,0.17,0.26,0.09,0.26
350,Lamare Bogarde,nl NED,"DF,MF",Aston Villa,eng Premier League,20,2004,8,5,476,5.3,0,0,0,0,0,0,2,0,0,0,0,0,0
Rk,Player,Nation,Pos,Squad,Comp,Age,Born,MP,Starts,Min,90s,Gls,Ast,G+A,G-PK,PK,PKatt,CrdY,CrdR,Gls,Ast,G+A,G-PK,G+A-PK
351,Emil Bohinen,no NOR,MF,Genoa,it Serie A,25,1999,3,1,166,1.8,0,0,0,0,0,0,0,0,0,0,0,0,0
352,Adama Boiro,es ESP,DF,Athletic Club,es La Liga,22,2002,18,13,"1,101",12.2,0,0,0,0,0,0,3,0,0,0,0,0,0
353,Willy Boly,ci CIV,DF,Nottingham Forest,eng Premier League,33,1991,6,1,150,1.7,0,0,0,0,0,0,1,0,0,0,0,0,0
354,Moïse Bombito,ca CAN,DF,Nice,fr Ligue 1,24,2000,27,25,"2,192",24.4,0,0,0,0,0,0,3,1,0,0,0,0,0
355,Warren Bondo,fr FRA,MF,Monza,it Serie A,20,2003,20,19,"1,618",18,0,0,0,0,0,0,5,1,0,0,0,0,0
356,Warren Bondo,fr FRA,MF,Milan,it Serie A,20,2003,4,3,162,1.8,0,0,0,0,0,0,1,0,0,0,0,0,0
357,Victor Boniface,ng NGA,FW,Leverkusen,de Bundesliga,23,2000,19,12,"1,008",11.2,8,1,9,8,0,1,2,0,0.71,0.09,0.8,0.71,0.8
358,Kevin Bonifazi,it ITA,DF,Lecce,it Serie A,28,1996,3,0,65,0.7,0,0,0,0,0,0,0,0,0,0,0,0,0
359,Ange-Yoan Bonny,fr FRA,FW,Parma,it Serie A,20,2003,37,30,"2,529",28.1,6,4,10,4,2,2,2,0,0.21,0.14,0.36,0.14,0.28
360,Sebastiaan Bornauw,be BEL,DF,Wolfsburg,de Bundesliga,25,1999,15,8,788,8.8,2,1,3,2,0,0,2,0,0.23,0.11,0.34,0.23,0.34
361,Sven Botman,nl NED,DF,Newcastle United,eng Premier League,24,2000,8,6,412,4.6,0,0,0,0,0,0,1,0,0,0,0,0,0
362,Saïmon Bouabré,fr FRA,MF,Monaco,fr Ligue 1,18,2006,3,1,97,1.1,0,0,0,0,0,0,0,0,0,0,0,0,0
363,Ayyoub Bouaddi,fr FRA,MF,Lille,fr Ligue 1,16,2007,24,11,"1,151",12.8,0,1,1,0,0,0,2,0,0,0.08,0.08,0,0.08
364,Badredine Bouanani,dz ALG,"MF,FW",Nice,fr Ligue 1,19,2004,26,11,"1,099",12.2,3,3,6,2,1,1,2,0,0.25,0.25,0.49,0.16,0.41
365,Benjamin Bouchouari,ma MAR,MF,Saint-Étienne,fr Ligue 1,22,2001,25,20,"1,772",19.7,1,0,1,1,0,0,6,0,0.05,0,0.05,0.05,0.05
366,Hicham Boudaoui,dz ALG,MF,Nice,fr Ligue 1,24,1999,29,27,"2,435",27.1,2,3,5,2,0,0,9,0,0.07,0.11,0.18,0.07,0.18
367,Carlo Boukhalfa,ma MAR,MF,St Pauli,de Bundesliga,25,1999,25,19,"1,646",18.3,2,0,2,2,0,0,1,0,0.11,0,0.11,0.11,0.11
368,Justin Bourgault,fr FRA,DF,Brest,fr Ligue 1,18,2005,2,2,122,1.4,1,0,1,1,0,0,0,0,0.74,0,0.74,0.74,0.74
369,Benjamin Bourigeaud,fr FRA,MF,Rennes,fr Ligue 1,30,1994,1,1,80,0.9,1,0,1,1,0,0,0,0,1.13,0,1.13,1.13,1.13
370,Edoardo Bove,it ITA,MF,Fiorentina,it Serie A,22,2002,12,11,851,9.5,1,2,3,1,0,0,3,0,0.11,0.21,0.32,0.11,0.32
371,Jarrod Bowen,eng ENG,"MF,FW",West Ham United,eng Premier League,27,1996,34,34,"2,973",33,13,8,21,12,1,1,1,0,0.39,0.24,0.64,0.36,0.61
372,Enzo Boyomo,cm CMR,DF,Osasuna,es La Liga,22,2001,34,33,"2,987",33.2,2,0,2,2,0,0,5,0,0.06,0,0.06,0.06,0.06
373,Enzo Boyomo,cm CMR,DF,Valladolid,es La Liga,22,2001,3,3,270,3,0,0,0,0,0,0,0,0,0,0,0,0,0
374,Domagoj Bradarić,hr CRO,"MF,DF",Hellas Verona,it Serie A,24,1999,28,24,"1,933",21.5,1,0,1,1,0,0,6,0,0.05,0,0.05,0.05,0.05
375,Conor Bradley,nir NIR,DF,Liverpool,eng Premier League,21,2003,19,7,754,8.4,0,2,2,0,0,0,4,0,0,0.24,0.24,0,0.24
Rk,Player,Nation,Pos,Squad,Comp,Age,Born,MP,Starts,Min,90s,Gls,Ast,G+A,G-PK,PK,PKatt,CrdY,CrdR,Gls,Ast,G+A,G-PK,G+A-PK
376,Bilal Brahimi,dz ALG,MF,Nice,fr Ligue 1,24,2000,2,1,76,0.8,0,0,0,0,0,0,0,0,0,0,0,0,0
377,Julian Brandt,de GER,MF,Dortmund,de Bundesliga,28,1996,30,28,"2,303",25.6,5,10,15,5,0,0,1,0,0.2,0.39,0.59,0.2,0.59
378,Jarrad Branthwaite,eng ENG,DF,Everton,eng Premier League,22,2002,30,28,"2,511",27.9,0,1,1,0,0,0,4,0,0,0.04,0.04,0,0.04
379,Darko Brašanac,rs SRB,MF,Leganés,es La Liga,32,1992,30,15,"1,617",18,1,2,3,1,0,0,4,0,0.06,0.11,0.17,0.06,0.17
380,Lilian Brassier,fr FRA,DF,Marseille,fr Ligue 1,24,1999,12,9,779,8.7,0,0,0,0,0,0,3,0,0,0,0,0,0
381,Lilian Brassier,fr FRA,DF,Rennes,fr Ligue 1,24,1999,14,14,"1,234",13.7,1,1,2,1,0,0,1,0,0.07,0.07,0.15,0.07,0.15
382,Matthias Braunöder,at AUT,MF,Como,it Serie A,22,2002,8,3,268,3,0,0,0,0,0,0,3,1,0,0,0,0,0
383,Iker Bravo,es ESP,FW,Udinese,it Serie A,19,2005,29,4,682,7.6,2,1,3,2,0,0,3,0,0.26,0.13,0.4,0.26,0.4
384,James Bree,eng ENG,"DF,MF",Southampton,eng Premier League,26,1997,17,13,"1,075",11.9,0,1,1,0,0,0,0,0,0,0.08,0.08,0,0.08
385,Tim Breithaupt,de GER,MF,Augsburg,de Bundesliga,22,2002,2,2,120,1.3,0,1,1,0,0,0,0,0,0,0.75,0.75,0,0.75
386,Gleison Bremer,br BRA,DF,Juventus,it Serie A,27,1997,6,6,540,6,0,0,0,0,0,0,2,0,0,0,0,0,0
387,Brenner,br BRA,"MF,FW",Udinese,it Serie A,24,2000,9,5,386,4.3,1,2,3,1,0,0,0,0,0.23,0.47,0.7,0.23,0.7
388,Ben Brereton,cl CHI,"FW,MF",Southampton,eng Premier League,25,1999,10,4,449,5,0,0,0,0,0,0,1,0,0,0,0,0,0
389,Marco Brescianini,it ITA,MF,Atalanta,it Serie A,24,2000,29,9,991,11,4,2,6,4,0,0,1,0,0.36,0.18,0.54,0.36,0.54
390,Abel Bretones,es ESP,"DF,MF",Osasuna,es La Liga,23,2000,35,20,"2,074",23,2,0,2,2,0,0,3,0,0.09,0,0.09,0.09,0.09
391,Maximilian Breunig,de GER,FW,Heidenheim,de Bundesliga,23,2000,13,2,350,3.9,2,0,2,1,1,1,0,0,0.51,0,0.51,0.26,0.26
392,Anthony Briançon,fr FRA,"DF,MF",Saint-Étienne,fr Ligue 1,29,1994,1,0,1,0,0,0,0,0,0,0,0,0,0,0,0,0,0
393,Nathan Broadhead,wls WAL,MF,Ipswich Town,eng Premier League,26,1998,18,7,702,7.8,2,0,2,2,0,0,1,0,0.26,0,0.26,0.26,0.26
394,Armando Broja,al ALB,FW,Everton,eng Premier League,22,2001,10,4,334,3.7,0,0,0,0,0,0,1,0,0,0,0,0,0
395,David Brooks,wls WAL,MF,Bournemouth,eng Premier League,27,1997,29,9,960,10.7,2,0,2,2,0,0,3,0,0.19,0,0.19,0.19,0.19
396,Arvid Brorsson,se SWE,DF,Monza,it Serie A,25,1999,6,3,362,4,0,0,0,0,0,0,0,0,0,0,0,0,0
397,Moritz Broschinski,de GER,"FW,MF",Bochum,de Bundesliga,23,2000,33,15,"1,390",15.4,1,3,4,1,0,0,1,0,0.06,0.19,0.26,0.06,0.26
398,Nathaniel Brown,de GER,"MF,DF",Eintracht Frankfurt,de Bundesliga,21,2003,26,22,"1,947",21.6,3,6,9,3,0,0,2,0,0.14,0.28,0.42,0.14,0.42
399,Jacob Bruun Larsen,dk DEN,"MF,FW",Hoffenheim,de Bundesliga,25,1998,12,3,400,4.4,2,2,4,2,0,0,0,0,0.45,0.45,0.9,0.45,0.9
400,Jacob Bruun Larsen,dk DEN,MF,Stuttgart,de Bundesliga,25,1998,15,3,414,4.6,1,0,1,1,0,0,1,0,0.22,0,0.22,0.22,0.22
Rk,Player,Nation,Pos,Squad,Comp,Age,Born,MP,Starts,Min,90s,Gls,Ast,G+A,G-PK,PK,PKatt,CrdY,CrdR,Gls,Ast,G+A,G-PK,G+A-PK
401,Tajon Buchanan,ca CAN,"DF,MF",Inter,it Serie A,25,1999,6,0,95,1.1,0,0,0,0,0,0,0,0,0,0,0,0,0
402,Tajon Buchanan,ca CAN,MF,Villarreal,es La Liga,25,1999,13,4,416,4.6,1,2,3,1,0,0,2,0,0.22,0.43,0.65,0.22,0.65
403,Ante Budimir,hr CRO,FW,Osasuna,es La Liga,33,1991,38,34,"2,952",32.8,21,4,25,13,8,8,4,0,0.64,0.12,0.76,0.4,0.52
404,Emi Buendía,ar ARG,"FW,MF",Aston Villa,eng Premier League,27,1996,12,0,98,1.1,0,0,0,0,0,0,1,0,0,0,0,0,0
405,Emi Buendía,ar ARG,MF,Leverkusen,de Bundesliga,27,1996,11,3,257,2.9,2,0,2,2,0,0,0,0,0.7,0,0.7,0.7,0.7
406,Manu Bueno,es ESP,MF,Sevilla,es La Liga,20,2004,9,1,140,1.6,1,0,1,1,0,0,0,0,0.64,0,0.64,0.64,0.64
407,Santiago Bueno,uy URU,DF,Wolves,eng Premier League,25,1998,29,18,"1,687",18.7,0,0,0,0,0,0,2,0,0,0,0,0,0
408,Endika Buján,es ESP,FW,Athletic Club,es La Liga,21,2003,1,0,7,0.1,0,0,0,0,0,0,0,0,0,0,0,0,0
409,Marius Bülter,de GER,"MF,FW",Hoffenheim,de Bundesliga,31,1993,25,22,"1,729",19.2,7,2,9,7,0,0,4,0,0.36,0.1,0.47,0.36,0.47
410,Facundo Buonanotte,ar ARG,"MF,FW",Leicester City,eng Premier League,19,2004,31,14,"1,523",16.9,5,2,7,5,0,0,8,0,0.3,0.12,0.41,0.3,0.41
411,Alessandro Buongiorno,it ITA,DF,Napoli,it Serie A,25,1999,22,22,"1,924",21.4,1,0,1,1,0,0,2,0,0.05,0,0.05,0.05,0.05
412,Cameron Burgess,au AUS,DF,Ipswich Town,eng Premier League,28,1995,18,16,"1,541",17.1,0,2,2,0,0,0,0,0,0,0.12,0.12,0,0.12
413,Jonathan Burkardt,de GER,FW,Mainz 05,de Bundesliga,24,2000,29,28,"2,109",23.4,18,2,20,16,2,2,0,0,0.77,0.09,0.85,0.68,0.77
414,Oliver Burke,sct SCO,FW,Werder Bremen,de Bundesliga,27,1997,25,9,908,10.1,5,0,5,5,0,0,4,0,0.5,0,0.5,0.5,0.5
415,Dan Burn,eng ENG,DF,Newcastle United,eng Premier League,32,1992,37,37,"3,330",37,1,1,2,1,0,0,11,0,0.03,0.03,0.05,0.03,0.05
416,Rareș-Cătălin Burnete,ro ROU,FW,Lecce,it Serie A,20,2004,4,0,28,0.3,0,0,0,0,0,0,0,0,0,0,0,0,0
417,Wes Burns,wls WAL,MF,Ipswich Town,eng Premier League,29,1994,18,12,926,10.3,0,1,1,0,0,0,1,0,0,0.1,0.1,0,0.1
418,Marnon Busch,de GER,"DF,MF",Heidenheim,de Bundesliga,29,1994,23,15,"1,396",15.5,0,1,1,0,0,0,1,0,0,0.06,0.06,0,0.06
419,Gianluca Busio,us USA,MF,Venezia,it Serie A,22,2002,33,28,"2,518",28,2,0,2,2,0,0,4,0,0.07,0,0.07,0.07,0.07
420,Aurélio Buta,pt POR,DF,Reims,fr Ligue 1,27,1997,27,24,"1,970",21.9,0,1,1,0,0,0,5,0,0,0.05,0.05,0,0.05
421,Jean Butez,fr FRA,GK,Como,it Serie A,29,1995,19,18,"1,666",18.5,0,0,0,0,0,0,0,0,0,0,0,0,0
422,Nathan Butler-Oyedeji,eng ENG,FW,Arsenal,eng Premier League,21,2003,1,0,7,0.1,0,0,0,0,0,0,0,0,0,0,0,0,0
423,Marcin Bułka,pl POL,GK,Nice,fr Ligue 1,24,1999,34,34,"3,060",34,0,0,0,0,0,0,0,0,0,0,0,0,0
424,Pau Cabanes,es ESP,FW,Villarreal,es La Liga,19,2005,10,0,163,1.8,1,0,1,1,0,0,0,0,0.55,0,0.55,0.55,0.55
425,Pau Cabanes,es ESP,MF,Alavés,es La Liga,19,2005,6,2,188,2.1,0,0,0,0,0,0,1,0,0,0,0,0,0
Rk,Player,Nation,Pos,Squad,Comp,Age,Born,MP,Starts,Min,90s,Gls,Ast,G+A,G-PK,PK,PKatt,CrdY,CrdR,Gls,Ast,G+A,G-PK,G+A-PK
426,Rémy Cabella,fr FRA,MF,Lille,fr Ligue 1,34,1990,23,12,"1,011",11.2,1,2,3,1,0,0,1,0,0.09,0.18,0.27,0.09,0.27
427,Leandro Cabrera,uy URU,DF,Espanyol,es La Liga,33,1991,33,32,"2,869",31.9,4,2,6,4,0,0,4,1,0.13,0.06,0.19,0.13,0.19
428,Liberato Cacace,nz NZL,"MF,DF",Empoli,it Serie A,23,2000,33,24,"2,230",24.8,2,4,6,2,0,0,6,0,0.08,0.16,0.24,0.08,0.24
429,Alessio Cacciamani,it ITA,FW,Torino,it Serie A,17,2007,2,0,31,0.3,0,0,0,0,0,0,0,0,0,0,0,0,0
430,Anthony Caci,fr FRA,MF,Mainz 05,de Bundesliga,27,1997,33,33,"2,684",29.8,1,7,8,1,0,0,6,0,0.03,0.23,0.27,0.03,0.27
431,Mathieu Cafaro,fr FRA,"MF,FW",Saint-Étienne,fr Ligue 1,27,1997,15,9,732,8.1,1,0,1,1,0,0,3,1,0.12,0,0.12,0.12,0.12
432,Moisés Caicedo,ec ECU,"MF,DF",Chelsea,eng Premier League,22,2001,38,38,"3,351",37.2,1,2,3,1,0,0,11,0,0.03,0.05,0.08,0.03,0.08
433,Tom Cairney,sct SCO,MF,Fulham,eng Premier League,33,1991,25,3,628,7,2,0,2,2,0,0,3,1,0.29,0,0.29,0.29,0.29
434,Jens Cajuste,se SWE,MF,Ipswich Town,eng Premier League,24,1999,30,25,"1,959",21.8,1,1,2,1,0,0,2,0,0.05,0.05,0.09,0.05,0.09
435,Davide Calabria,it ITA,DF,Bologna,it Serie A,27,1996,11,7,632,7,0,1,1,0,0,0,3,0,0,0.14,0.14,0,0.14
436,Davide Calabria,it ITA,DF,Milan,it Serie A,27,1996,7,4,316,3.5,0,0,0,0,0,0,0,0,0,0,0,0,0
437,Riccardo Calafiori,it ITA,DF,Arsenal,eng Premier League,22,2002,19,11,983,10.9,2,1,3,2,0,0,4,0,0.18,0.09,0.27,0.18,0.27
438,Luca Caldirola,it ITA,DF,Monza,it Serie A,33,1991,14,10,876,9.7,0,0,0,0,0,0,5,0,0,0,0,0,0
439,Fernando Calero,es ESP,DF,Espanyol,es La Liga,28,1995,21,6,715,7.9,1,0,1,1,0,0,1,0,0.13,0,0.13,0.13,0.13
440,Duje Ćaleta-Car,hr CRO,DF,Lyon,fr Ligue 1,27,1996,19,17,"1,584",17.6,1,0,1,1,0,0,8,0,0.06,0,0.06,0.06,0.06
441,Hakan Çalhanoğlu,tr TUR,MF,Inter,it Serie A,30,1994,29,26,"1,947",21.6,5,6,11,2,3,4,5,0,0.23,0.28,0.51,0.09,0.37
442,Dominic Calvert-Lewin,eng ENG,FW,Everton,eng Premier League,27,1997,26,19,"1,609",17.9,3,1,4,3,0,0,2,0,0.17,0.06,0.22,0.17,0.22
443,Drissa Camara,ci CIV,FW,Parma,it Serie A,22,2002,21,1,447,5,0,0,0,0,0,0,3,0,0,0,0,0,0
444,Issiaga Camara,gn GUI,MF,Nice,fr Ligue 1,19,2005,4,0,20,0.2,0,0,0,0,0,0,0,0,0,0,0,0,0
445,Lamine Camara,sn SEN,MF,Monaco,fr Ligue 1,20,2004,29,25,"2,054",22.8,2,7,9,2,0,0,10,1,0.09,0.31,0.39,0.09,0.39
446,Mahdi Camara,fr FRA,MF,Brest,fr Ligue 1,26,1998,34,31,"2,659",29.5,5,3,8,5,0,0,5,0,0.17,0.1,0.27,0.17,0.27
447,Ousmane Camara,ml MLI,DF,Angers,fr Ligue 1,21,2003,3,3,252,2.8,0,0,0,0,0,0,1,0,0,0,0,0,0
448,Francesco Camarda,it ITA,FW,Milan,it Serie A,16,2008,10,1,206,2.3,0,0,0,0,0,0,0,0,0,0,0,0,0
449,Eduardo Camavinga,fr FRA,"MF,DF",Real Madrid,es La Liga,21,2002,19,11,"1,102",12.2,1,2,3,1,0,0,2,0,0.08,0.16,0.25,0.08,0.25
450,Nicolò Cambiaghi,it ITA,"MF,FW",Bologna,it Serie A,23,2000,18,4,620,6.9,1,3,4,1,0,0,0,0,0.15,0.44,0.58,0.15,0.58
Rk,Player,Nation,Pos,Squad,Comp,Age,Born,MP,Starts,Min,90s,Gls,Ast,G+A,G-PK,PK,PKatt,CrdY,CrdR,Gls,Ast,G+A,G-PK,G+A-PK
451,Andrea Cambiaso,it ITA,"DF,MF",Juventus,it Serie A,24,2000,33,25,"2,221",24.7,2,3,5,2,0,0,4,0,0.08,0.12,0.2,0.08,0.2
452,Axel Camblan,fr FRA,FW,Brest,fr Ligue 1,20,2003,2,0,26,0.3,0,0,0,0,0,0,0,0,0,0,0,0,0
453,Sergio Camello,es ESP,FW,Rayo Vallecano,es La Liga,23,2001,23,14,"1,134",12.6,3,2,5,3,0,0,2,0,0.24,0.16,0.4,0.24,0.4
454,José Campaña,es ESP,MF,Las Palmas,es La Liga,31,1993,25,15,"1,189",13.2,0,3,3,0,0,0,5,0,0,0.23,0.23,0,0.23
455,Thomas Campaniello,it ITA,FW,Empoli,it Serie A,16,2008,3,0,25,0.3,0,0,0,0,0,0,0,0,0,0,0,0,0
456,Cole Campbell,us USA,FW,Dortmund,de Bundesliga,18,2006,4,0,22,0.2,0,0,0,0,0,0,0,0,0,0,0,0,0
457,Emre Can,de GER,"DF,MF",Dortmund,de Bundesliga,30,1994,31,23,"2,105",23.4,3,0,3,1,2,2,4,1,0.13,0,0.13,0.04,0.04
458,Peio Canales,es ESP,MF,Athletic Club,es La Liga,19,2005,8,2,259,2.9,0,0,0,0,0,0,0,0,0,0,0,0,0
459,Matteo Cancellieri,it ITA,"MF,FW",Parma,it Serie A,22,2002,27,19,"1,424",15.8,3,0,3,3,0,0,2,1,0.19,0,0.19,0.19,0.19
460,Fali Candé,gw GNB,DF,Venezia,it Serie A,26,1998,17,17,"1,530",17,1,1,2,1,0,0,4,0,0.06,0.06,0.12,0.06,0.12
461,Antonio Candela,it ITA,"MF,DF",Venezia,it Serie A,24,2000,14,12,"1,008",11.2,0,1,1,0,0,0,2,0,0,0.09,0.09,0,0.09
462,Antonio Candela,it ITA,DF,Valladolid,es La Liga,24,2000,12,12,906,10.1,0,0,0,0,0,0,1,0,0,0,0,0,0
463,Sergi Canós,es ESP,MF,Valencia,es La Liga,27,1997,17,2,370,4.1,0,1,1,0,0,0,3,0,0,0.24,0.24,0,0.24
464,Jaydee Canvot,fr FRA,"DF,MF",Toulouse,fr Ligue 1,18,2006,18,12,"1,106",12.3,0,0,0,0,0,0,2,0,0,0,0,0,0
465,Pierrick Capelle,fr FRA,MF,Angers,fr Ligue 1,37,1987,16,3,483,5.4,0,0,0,0,0,0,4,0,0,0,0,0,0
466,Gianluca Caprari,it ITA,"MF,FW",Monza,it Serie A,31,1993,34,18,"1,651",18.3,3,2,5,1,2,2,3,0,0.16,0.11,0.27,0.05,0.16
467,Elia Caprile,it ITA,GK,Cagliari,it Serie A,22,2001,18,18,"1,620",18,0,0,0,0,0,0,0,0,0,0,0,0,0
468,Elia Caprile,it ITA,GK,Napoli,it Serie A,22,2001,4,3,325,3.6,0,0,0,0,0,0,0,0,0,0,0,0,0
469,Gabin Capuano,fr FRA,FW,Lens,fr Ligue 1,18,2006,1,0,11,0.1,0,0,0,0,0,0,0,0,0,0,0,0,0
470,Francesco Caputo,it ITA,FW,Empoli,it Serie A,36,1987,1,0,6,0.1,0,0,0,0,0,0,0,0,0,0,0,0,0
471,Maxence Caqueret,fr FRA,MF,Como,it Serie A,24,2000,18,15,"1,087",12.1,2,3,5,2,0,0,4,0,0.17,0.25,0.41,0.17,0.41
472,Maxence Caqueret,fr FRA,MF,Lyon,fr Ligue 1,24,2000,9,6,573,6.4,0,0,0,0,0,0,1,0,0,0,0,0,0
473,Simon Cara,fr FRA,FW,Montpellier,fr Ligue 1,19,2005,2,0,9,0.1,0,0,0,0,0,0,0,0,0,0,0,0,0
474,Andrea Carboni,it ITA,DF,Monza,it Serie A,23,2001,26,25,"2,191",24.3,0,1,1,0,0,0,5,0,0,0.04,0.04,0,0.04
475,Franco Carboni,it ITA,MF,Venezia,it Serie A,21,2003,8,3,226,2.5,0,0,0,0,0,0,2,0,0,0,0,0,0
Rk,Player,Nation,Pos,Squad,Comp,Age,Born,MP,Starts,Min,90s,Gls,Ast,G+A,G-PK,PK,PKatt,CrdY,CrdR,Gls,Ast,G+A,G-PK,G+A-PK
476,Valentin Carboni,ar ARG,MF,Marseille,fr Ligue 1,19,2005,4,1,103,1.1,0,0,0,0,0,0,1,0,0,0,0,0,0
477,Dani Cárdenas,es ESP,GK,Rayo Vallecano,es La Liga,27,1997,6,6,540,6,0,0,0,0,0,0,0,0,0,0,0,0,0
478,Irvin Cardona,mt MLT,"FW,MF",Espanyol,es La Liga,26,1997,16,5,606,6.7,1,1,2,1,0,0,1,0,0.15,0.15,0.3,0.15,0.3
479,Irvin Cardona,mt MLT,"FW,MF",Saint-Étienne,fr Ligue 1,26,1997,15,13,"1,063",11.8,5,3,8,5,0,1,2,0,0.42,0.25,0.68,0.42,0.68
480,Marc Cardona,es ESP,FW,Las Palmas,es La Liga,29,1995,11,0,132,1.5,0,0,0,0,0,0,2,0,0,0,0,0,0
481,Sergi Cardona,es ESP,DF,Villarreal,es La Liga,25,1999,35,34,"2,945",32.7,1,7,8,1,0,0,11,0,0.03,0.21,0.24,0.03,0.24
482,Johnny Cardoso,us USA,MF,Real Betis,es La Liga,22,2001,28,24,"2,144",23.8,3,1,4,3,0,0,4,0,0.13,0.04,0.17,0.13,0.17
483,Tiago Cardoso,lu LUX,GK,Gladbach,de Bundesliga,18,2006,5,4,380,4.2,0,0,0,0,0,0,0,0,0,0,0,0,0
484,Patrik Carlgren,se SWE,GK,Nantes,fr Ligue 1,32,1992,5,4,417,4.6,0,0,0,0,0,0,0,0,0,0,0,0,0
485,Diego Carlos,br BRA,DF,Aston Villa,eng Premier League,31,1993,10,8,830,9.2,0,0,0,0,0,0,1,0,0,0,0,0,0
486,José Carlos González,es ESP,MF,Las Palmas,es La Liga,18,2006,1,0,11,0.1,0,0,0,0,0,0,0,0,0,0,0,0,0
487,Carmona,es ESP,DF,Sevilla,es La Liga,22,2002,35,35,"2,942",32.7,0,0,0,0,0,0,11,0,0,0,0,0,0
488,Marco Carnesecchi,it ITA,GK,Atalanta,it Serie A,24,2000,34,34,"3,060",34,0,0,0,0,0,0,1,0,0,0,0,0,0
489,Sergio Carreira,es ESP,MF,Celta Vigo,es La Liga,23,2000,23,19,"1,656",18.4,0,4,4,0,0,0,1,0,0,0.22,0.22,0,0.22
490,Dani Carvajal,es ESP,DF,Real Madrid,es La Liga,32,1992,8,7,609,6.8,1,0,1,1,0,0,1,0,0.15,0,0.15,0.15,0.15
491,Fabio Carvalho,pt POR,"FW,MF",Brentford,eng Premier League,21,2002,19,3,455,5.1,2,1,3,2,0,0,1,0,0.4,0.2,0.59,0.4,0.59
492,William Carvalho,pt POR,MF,Real Betis,es La Liga,32,1992,14,6,484,5.4,0,0,0,0,0,0,1,0,0,0,0,0,0
493,Cesare Casadei,it ITA,MF,Torino,it Serie A,21,2003,15,13,"1,017",11.3,1,1,2,1,0,0,1,0,0.09,0.09,0.18,0.09,0.18
494,Marc Casado,es ESP,MF,Barcelona,es La Liga,20,2003,23,20,"1,611",17.9,1,3,4,1,0,0,4,1,0.06,0.17,0.22,0.06,0.22
495,Nicolò Casale,it ITA,DF,Bologna,it Serie A,26,1998,15,9,900,10,0,1,1,0,0,0,1,0,0,0.1,0.1,0,0.1
496,Nicolò Casale,it ITA,DF,Lazio,it Serie A,26,1998,2,2,135,1.5,0,0,0,0,0,0,0,0,0,0,0,0,0
497,Casemiro,br BRA,MF,Manchester Utd,eng Premier League,32,1992,24,18,"1,494",16.6,1,0,1,1,0,0,5,0,0.06,0,0.06,0.06,0.06
498,Kaelan Casey,eng ENG,DF,West Ham United,eng Premier League,19,2004,1,0,1,0,0,0,0,0,0,0,0,0,0,0,0,0,0
499,Matty Cash,pl POL,DF,Aston Villa,eng Premier League,26,1997,27,24,"2,070",23,1,1,2,1,0,0,7,0,0.04,0.04,0.09,0.04,0.09
500,Eiran Cashin,ie IRL,DF,Brighton,eng Premier League,22,2001,2,0,20,0.2,0,0,0,0,0,0,0,0,0,0,0,0,0
Rk,Player,Nation,Pos,Squad,Comp,Age,Born,MP,Starts,Min,90s,Gls,Ast,G+A,G-PK,PK,PKatt,CrdY,CrdR,Gls,Ast,G+A,G-PK,G+A-PK
501,Josué Casimir,ht HAI,"MF,FW",Le Havre,fr Ligue 1,22,2001,27,23,"1,997",22.2,4,4,8,4,0,0,5,0,0.18,0.18,0.36,0.18,0.36
502,Federico Cassa,it ITA,MF,Atalanta,it Serie A,18,2006,2,0,14,0.2,0,0,0,0,0,0,0,0,0,0,0,0,0
503,Cristian Cásseres Jr.,ve VEN,MF,Toulouse,fr Ligue 1,24,2000,32,31,"2,696",30,1,3,4,1,0,0,11,0,0.03,0.1,0.13,0.03,0.13
504,Timothy Castagne,be BEL,"DF,MF",Fulham,eng Premier League,28,1995,24,17,"1,649",18.3,0,1,1,0,0,0,1,0,0,0.05,0.05,0,0.05
505,Valentín Castellanos,ar ARG,FW,Lazio,it Serie A,25,1998,29,28,"2,384",26.5,10,3,13,8,2,3,9,1,0.38,0.11,0.49,0.3,0.42
506,Jean-Charles Castelletto,cm CMR,"DF,MF",Nantes,fr Ligue 1,29,1995,30,30,"2,620",29.1,0,0,0,0,0,0,5,1,0,0,0,0,0
507,Santiago Castro,ar ARG,FW,Bologna,it Serie A,19,2004,36,27,"2,294",25.5,8,4,12,8,0,1,7,0,0.31,0.16,0.47,0.31,0.47
508,Gaetano Castrovilli,it ITA,MF,Monza,it Serie A,27,1997,12,7,596,6.6,0,0,0,0,0,0,0,0,0,0,0,0,0
509,Gaetano Castrovilli,it ITA,MF,Lazio,it Serie A,27,1997,9,1,148,1.6,0,0,0,0,0,0,0,0,0,0,0,0,0
510,Danilo Cataldi,it ITA,MF,Fiorentina,it Serie A,29,1994,25,23,"1,728",19.2,3,0,3,3,0,0,1,0,0.16,0,0.16,0.16,0.16
511,Catena,es ESP,DF,Osasuna,es La Liga,29,1994,35,35,"3,074",34.2,1,3,4,1,0,0,11,0,0.03,0.09,0.12,0.03,0.12
512,Maximiliano Caufriez,be BEL,DF,Valencia,es La Liga,27,1997,1,1,90,1,0,0,0,0,0,0,0,0,0,0,0,0,0
513,Enzo Caumont,fr FRA,MF,Angers,fr Ligue 1,20,2004,2,0,34,0.4,0,0,0,0,0,0,1,0,0,0,0,0,0
514,Dani Ceballos,es ESP,MF,Real Madrid,es La Liga,27,1996,23,15,"1,215",13.5,0,0,0,0,0,0,4,0,0,0,0,0,0
515,Abdoulie Ceesay,gm GAM,FW,St Pauli,de Bundesliga,20,2004,7,0,60,0.7,0,0,0,0,0,0,1,0,0,0,0,0,0
516,Zeki Çelik,tr TUR,"DF,MF",Roma,it Serie A,27,1997,31,27,"2,256",25.1,0,2,2,0,0,0,5,0,0,0.08,0.08,0,0.08
517,Fabien Centonze,fr FRA,DF,Nantes,fr Ligue 1,28,1996,7,3,265,2.9,0,0,0,0,0,0,0,0,0,0,0,0,0
518,Alberto Cerri,it ITA,FW,Como,it Serie A,28,1996,5,0,87,1,0,0,0,0,0,0,0,0,0,0,0,0,0
519,Franco Cervi,ar ARG,"MF,FW",Celta Vigo,es La Liga,30,1994,7,4,273,3,0,0,0,0,0,0,1,0,0,0,0,0,0
520,Julian Chabot,de GER,DF,Stuttgart,de Bundesliga,26,1998,31,27,"2,269",25.2,3,1,4,3,0,0,11,1,0.12,0.04,0.16,0.12,0.16
521,El Chadaille Bitshiabu,fr FRA,DF,RB Leipzig,de Bundesliga,19,2005,21,13,"1,130",12.6,0,0,0,0,0,0,2,1,0,0,0,0,0
522,Fares Chaïbi,dz ALG,MF,Eintracht Frankfurt,de Bundesliga,21,2002,26,10,"1,013",11.3,1,3,4,1,0,0,2,0,0.09,0.27,0.36,0.09,0.36
523,Trevoh Chalobah,eng ENG,DF,Crystal Palace,eng Premier League,25,1999,12,12,"1,060",11.8,3,0,3,3,0,0,1,0,0.25,0,0.25,0.25,0.25
524,Trevoh Chalobah,eng ENG,DF,Chelsea,eng Premier League,25,1999,13,11,910,10.1,0,1,1,0,0,0,2,0,0,0.1,0.1,0,0.1
525,Timothy Chandler,us USA,"DF,MF",Eintracht Frankfurt,de Bundesliga,34,1990,3,0,24,0.3,0,0,0,0,0,0,0,0,0,0,0,0,0
Rk,Player,Nation,Pos,Squad,Comp,Age,Born,MP,Starts,Min,90s,Gls,Ast,G+A,G-PK,PK,PKatt,CrdY,CrdR,Gls,Ast,G+A,G-PK,G+A-PK
526,Conor Chaplin,eng ENG,"MF,FW",Ipswich Town,eng Premier League,27,1997,22,10,857,9.5,1,1,2,1,0,0,2,0,0.11,0.11,0.21,0.11,0.21
527,Brendan Chardonnet,fr FRA,DF,Brest,fr Ligue 1,29,1994,27,27,"2,416",26.8,1,0,1,1,0,0,6,0,0.04,0,0.04,0.04,0.04
528,Gabriel Charpentier,cg CGO,FW,Parma,it Serie A,25,1999,10,0,271,3,1,2,3,1,0,0,1,0,0.33,0.66,1,0.33,1
529,Raúl Chasco,es ESP,DF,Valladolid,es La Liga,20,2003,2,1,130,1.4,0,0,0,0,0,0,0,0,0,0,0,0,0
530,Anrie Chase,jp JPN,DF,Stuttgart,de Bundesliga,20,2004,12,7,734,8.2,0,0,0,0,0,0,1,0,0,0,0,0,0
531,Pep Chavarría,es ESP,DF,Rayo Vallecano,es La Liga,26,1998,34,28,"2,585",28.7,0,1,1,0,0,0,3,0,0,0.03,0.03,0,0.03
532,Arthur Chaves,br BRA,DF,Hoffenheim,de Bundesliga,23,2001,26,24,"2,185",24.3,1,0,1,1,0,0,8,0,0.04,0,0.04,0.04,0.04
533,Jhoanner Chávez,ec ECU,MF,Lens,fr Ligue 1,22,2002,10,7,596,6.6,1,0,1,1,0,0,1,0,0.15,0,0.15,0.15,0.15
534,Walid Cheddira,ma MAR,FW,Napoli,it Serie A,26,1998,1,0,12,0.1,0,0,0,0,0,0,0,0,0,0,0,0,0
535,Walid Cheddira,ma MAR,FW,Espanyol,es La Liga,26,1998,22,5,640,7.1,1,1,2,1,0,0,3,0,0.14,0.14,0.28,0.14,0.28
536,Chema,es ESP,MF,Real Madrid,es La Liga,19,2005,2,0,12,0.1,0,0,0,0,0,0,0,0,0,0,0,0,0
537,Théo Chennahi,fr FRA,DF,Montpellier,fr Ligue 1,19,2005,4,2,181,2,0,0,0,0,0,0,2,0,0,0,0,0,0
538,Sidiki Cherif,fr FRA,FW,Angers,fr Ligue 1,17,2006,7,3,324,3.6,0,0,0,0,0,0,0,0,0,0,0,0,0
539,Rayan Cherki,fr FRA,"MF,FW",Lyon,fr Ligue 1,20,2003,30,22,"2,041",22.7,8,11,19,8,0,0,3,0,0.35,0.49,0.84,0.35,0.84
540,Youssef Chermiti,pt POR,FW,Everton,eng Premier League,20,2004,4,0,45,0.5,0,0,0,0,0,0,1,0,0,0,0,0,0
541,Lucas Chevalier,fr FRA,GK,Lille,fr Ligue 1,22,2001,34,34,"3,060",34,0,0,0,0,0,0,0,0,0,0,0,0,0
542,Fabio Chiarodia,it ITA,DF,Gladbach,de Bundesliga,19,2005,16,3,379,4.2,1,0,1,1,0,0,0,0,0.24,0,0.24,0.24,0.24
543,Julián Chicco,ar ARG,"MF,DF",Leganés,es La Liga,26,1998,14,2,302,3.4,0,1,1,0,0,0,0,0,0,0.3,0.3,0,0.3
544,Leandro Chichizola,ar ARG,GK,Parma,it Serie A,34,1990,1,1,90,1,0,0,0,0,0,0,0,0,0,0,0,0,0
545,Federico Chiesa,it ITA,FW,Liverpool,eng Premier League,26,1997,6,1,108,1.2,0,0,0,0,0,0,0,0,0,0,0,0,0
546,Ben Chilwell,eng ENG,MF,Crystal Palace,eng Premier League,27,1996,8,1,259,2.9,1,0,1,1,0,0,1,0,0.35,0,0.35,0.35,0.35
547,Chiquinho,pt POR,MF,Wolves,eng Premier League,24,2000,1,0,7,0.1,0,0,0,0,0,0,0,0,0,0,0,0,0
548,Chiquinho,pt POR,MF,Mallorca,es La Liga,24,2000,8,1,146,1.6,0,0,0,0,0,0,2,0,0,0,0,0,0
549,Pedro Chirivella,es ESP,MF,Nantes,fr Ligue 1,27,1997,30,28,"2,348",26.1,0,2,2,0,0,0,6,0,0,0.08,0.08,0,0.08
550,Joris Chotard,fr FRA,MF,Montpellier,fr Ligue 1,22,2001,26,23,"1,892",21,1,0,1,1,0,0,5,0,0.05,0,0.05,0.05,0.05
Rk,Player,Nation,Pos,Squad,Comp,Age,Born,MP,Starts,Min,90s,Gls,Ast,G+A,G-PK,PK,PKatt,CrdY,CrdR,Gls,Ast,G+A,G-PK,G+A-PK
551,Hamza Choudhury,bd BAN,MF,Leicester City,eng Premier League,26,1997,4,1,131,1.5,0,0,0,0,0,0,0,0,0,0,0,0,0
552,Andreas Christensen,dk DEN,DF,Barcelona,es La Liga,28,1996,5,2,254,2.8,0,0,0,0,0,0,3,0,0,0,0,0,0
553,Ryan Christie,sct SCO,MF,Bournemouth,eng Premier League,29,1995,29,27,"2,117",23.5,2,3,5,2,0,0,9,0,0.09,0.13,0.21,0.09,0.21
554,Carney Chukwuemeka,eng ENG,MF,Dortmund,de Bundesliga,20,2003,10,1,253,2.8,1,0,1,1,0,0,1,0,0.36,0,0.36,0.36,0.36
555,Samuel Chukwueze,ng NGA,"MF,FW",Milan,it Serie A,25,1999,26,9,925,10.3,3,2,5,3,0,0,0,0,0.29,0.19,0.49,0.29,0.49
556,Aaron Ciammaglichella,it ITA,MF,Torino,it Serie A,19,2005,1,0,1,0,0,0,0,0,0,0,0,0,0,0,0,0,0
557,Jasper Cillessen,nl NED,GK,Las Palmas,es La Liga,35,1989,27,27,"2,335",25.9,0,0,0,0,0,0,1,0,0,0,0,0,0
558,Giuseppe Ciocci,it ITA,GK,Cagliari,it Serie A,22,2002,1,0,9,0.1,0,0,0,0,0,0,0,0,0,0,0,0,0
559,Alessandro Circati,au AUS,DF,Parma,it Serie A,20,2003,6,6,540,6,0,0,0,0,0,0,1,0,0,0,0,0,0
560,Pathé Ciss,sn SEN,"MF,DF",Rayo Vallecano,es La Liga,30,1994,33,25,"2,140",23.8,4,1,5,4,0,0,12,0,0.17,0.04,0.21,0.17,0.21
561,Alphadjo Cissè,it ITA,MF,Hellas Verona,it Serie A,17,2006,2,0,9,0.1,0,0,0,0,0,0,0,0,0,0,0,0,0
562,Djaoui Cissé,fr FRA,MF,Rennes,fr Ligue 1,20,2004,14,14,"1,121",12.5,1,0,1,1,0,0,4,0,0.08,0,0.08,0.08,0.08
563,Seydouba Cissé,gn GUI,MF,Leganés,es La Liga,23,2001,34,31,"2,435",27.1,3,1,4,3,0,0,3,1,0.11,0.04,0.15,0.11,0.15
564,Yoann Cissé,fr FRA,MF,Auxerre,fr Ligue 1,19,2004,2,0,5,0.1,0,0,0,0,0,0,0,0,0,0,0,0,0
565,Patrick Ciurria,it ITA,MF,Monza,it Serie A,29,1995,21,12,"1,111",12.3,1,1,2,1,0,0,1,0,0.08,0.08,0.16,0.08,0.16
566,Harry Clarke,eng ENG,DF,Ipswich Town,eng Premier League,23,2001,7,4,379,4.2,0,0,0,0,0,0,3,1,0,0,0,0,0
567,Jack Clarke,eng ENG,MF,Ipswich Town,eng Premier League,23,2000,32,12,"1,181",13.1,0,4,4,0,0,0,2,0,0,0.3,0.3,0,0.3
568,Alexis Claude-Maurice,fr FRA,"MF,FW",Augsburg,de Bundesliga,26,1998,28,25,"2,109",23.4,9,2,11,9,0,0,4,0,0.38,0.09,0.47,0.38,0.47
569,Jonathan Clauss,fr FRA,"MF,DF",Nice,fr Ligue 1,31,1992,28,27,"2,303",25.6,3,8,11,3,0,0,7,0,0.12,0.31,0.43,0.12,0.43
570,Silvi Clúa,es ESP,MF,Girona,es La Liga,19,2005,4,2,163,1.8,0,0,0,0,0,0,0,0,0,0,0,0,0
571,Nathaniel Clyne,eng ENG,"DF,MF",Crystal Palace,eng Premier League,33,1991,13,5,483,5.4,0,0,0,0,0,0,1,0,0,0,0,0,0
572,Conor Coady,eng ENG,DF,Leicester City,eng Premier League,31,1993,22,19,"1,714",19,1,0,1,1,0,0,3,0,0.05,0,0.05,0.05,0.05
573,Marcus Coco,fr FRA,DF,Nantes,fr Ligue 1,28,1996,20,10,951,10.6,0,1,1,0,0,0,3,2,0,0.09,0.09,0,0.09
574,Saúl Coco,gq EQG,DF,Torino,it Serie A,25,1999,32,32,"2,845",31.6,2,0,2,2,0,0,10,0,0.06,0,0.06,0.06,0.06
575,Séamus Coleman,ie IRL,DF,Everton,eng Premier League,35,1988,5,3,215,2.4,0,0,0,0,0,0,1,0,0,0,0,0,0
Rk,Player,Nation,Pos,Squad,Comp,Age,Born,MP,Starts,Min,90s,Gls,Ast,G+A,G-PK,PK,PKatt,CrdY,CrdR,Gls,Ast,G+A,G-PK,G+A-PK
576,Nathan Collins,ie IRL,DF,Brentford,eng Premier League,23,2001,38,38,"3,420",38,2,3,5,2,0,0,5,0,0.05,0.08,0.13,0.05,0.13
577,Nnamdi Collins,de GER,"DF,MF",Eintracht Frankfurt,de Bundesliga,20,2004,24,15,"1,489",16.5,1,1,2,1,0,0,4,0,0.06,0.06,0.12,0.06,0.12
578,Toby Collyer,eng ENG,MF,Manchester Utd,eng Premier League,20,2004,6,0,179,2,0,0,0,0,0,0,0,0,0,0,0,0,0
579,Lorenzo Colombo,it ITA,"FW,MF",Empoli,it Serie A,22,2002,37,26,"2,233",24.8,6,2,8,5,1,1,5,1,0.24,0.08,0.32,0.2,0.28
580,Andrea Colpani,it ITA,MF,Fiorentina,it Serie A,25,1999,25,18,"1,450",16.1,2,1,3,2,0,0,1,0,0.12,0.06,0.19,0.12,0.19
581,Levi Colwill,eng ENG,DF,Chelsea,eng Premier League,21,2003,35,35,"3,149",35,2,1,3,2,0,0,9,0,0.06,0.03,0.09,0.06,0.09
582,Florinel Coman,ro ROU,"MF,FW",Cagliari,it Serie A,26,1998,9,2,263,2.9,1,0,1,1,0,0,2,0,0.34,0,0.34,0.34,0.34
583,Kingsley Coman,fr FRA,MF,Bayern Munich,de Bundesliga,28,1996,28,14,"1,282",14.2,5,4,9,5,0,0,0,0,0.35,0.28,0.63,0.35,0.63
584,Eray Cömert,ch SUI,"DF,MF",Valladolid,es La Liga,26,1998,25,21,"1,779",19.8,0,0,0,0,0,0,6,0,0,0,0,0,0
585,Santi Comesaña,es ESP,MF,Villarreal,es La Liga,27,1996,35,30,"2,560",28.4,4,2,6,4,0,0,7,0,0.14,0.07,0.21,0.14,0.21
586,Pietro Comuzzo,it ITA,DF,Fiorentina,it Serie A,19,2005,33,24,"2,200",24.4,1,0,1,1,0,0,5,0,0.04,0,0.04,0.04,0.04
587,Francisco Conceição,pt POR,MF,Juventus,it Serie A,21,2002,26,12,"1,340",14.9,3,3,6,3,0,0,5,1,0.2,0.2,0.4,0.2,0.4
588,Diego Conde,es ESP,GK,Villarreal,es La Liga,25,1998,22,22,"1,962",21.8,0,1,1,0,0,0,2,0,0,0.05,0.05,0,0.05
589,Tomás Conechny,ar ARG,"MF,FW",Alavés,es La Liga,26,1998,22,9,847,9.4,1,0,1,1,0,0,8,0,0.11,0,0.11,0.11,0.11
590,Alois Confais,fr FRA,"DF,MF",Le Havre,fr Ligue 1,27,1996,1,0,3,0,0,0,0,0,0,0,0,0,0,0,0,0,0
591,Sirlord Conteh,de GER,"MF,FW",Heidenheim,de Bundesliga,28,1996,29,4,892,9.9,1,1,2,1,0,0,2,0,0.1,0.1,0.2,0.1,0.2
592,Lewis Cook,eng ENG,"MF,DF",Bournemouth,eng Premier League,27,1997,36,32,"2,978",33.1,1,3,4,1,0,0,8,1,0.03,0.09,0.12,0.03,0.12
593,Copete,es ESP,DF,Mallorca,es La Liga,24,1999,25,16,"1,528",17,0,0,0,0,0,0,6,0,0,0,0,0,0
594,Diego Coppola,it ITA,DF,Hellas Verona,it Serie A,20,2003,34,33,"2,927",32.5,2,0,2,2,0,0,10,0,0.06,0,0.06,0.06,0.06
595,Francis Coquelin,fr FRA,MF,Nantes,fr Ligue 1,33,1991,6,3,224,2.5,1,1,2,1,0,0,1,0,0.4,0.4,0.8,0.4,0.8
596,Iker Córdoba,es ESP,DF,Valencia,es La Liga,18,2005,2,0,15,0.2,0,0,0,0,0,0,0,0,0,0,0,0,0
597,Derek Cornelius,ca CAN,DF,Marseille,fr Ligue 1,26,1997,21,17,"1,420",15.8,0,0,0,0,0,0,9,2,0,0,0,0,0
598,Maxwel Cornet,ci CIV,MF,Southampton,eng Premier League,27,1996,2,1,72,0.8,0,0,0,0,0,0,1,0,0,0,0,0,0
599,Maxwel Cornet,ci CIV,MF,Genoa,it Serie A,27,1996,7,2,246,2.7,2,1,3,2,0,0,0,0,0.73,0.37,1.1,0.73,1.1
600,Pierre Cornud,fr FRA,"DF,MF",Saint-Étienne,fr Ligue 1,27,1996,11,7,576,6.4,0,0,0,0,0,0,2,0,0,0,0,0,0
Rk,Player,Nation,Pos,Squad,Comp,Age,Born,MP,Starts,Min,90s,Gls,Ast,G+A,G-PK,PK,PKatt,CrdY,CrdR,Gls,Ast,G+A,G-PK,G+A-PK
601,Ángel Correa,ar ARG,FW,Atlético Madrid,es La Liga,29,1995,31,3,805,8.9,4,1,5,4,0,0,3,1,0.45,0.11,0.56,0.45,0.56
602,Joaquín Correa,ar ARG,"FW,MF",Inter,it Serie A,29,1994,19,6,731,8.1,2,2,4,2,0,0,3,0,0.25,0.25,0.49,0.25,0.49
603,Thierry Correia,pt POR,DF,Valencia,es La Liga,25,1999,11,9,768,8.5,0,0,0,0,0,0,1,0,0,0,0,0,0
604,Alberto costa,pt POR,"DF,MF",Juventus,it Serie A,20,2003,9,3,357,4,0,1,1,0,0,0,3,0,0,0.25,0.25,0,0.25
605,Coba da Costa,es ESP,MF,Getafe,es La Liga,22,2002,19,12,"1,006",11.2,1,1,2,1,0,0,4,0,0.09,0.09,0.18,0.09,0.18
606,Danny da Costa,de GER,DF,Mainz 05,de Bundesliga,31,1993,25,25,"2,006",22.3,0,1,1,0,0,0,0,0,0,0.04,0.04,0,0.04
607,David Costa,pt POR,MF,Lens,fr Ligue 1,23,2001,11,3,352,3.9,0,0,0,0,0,0,0,1,0,0,0,0,0
608,Logan Costa,cv CPV,DF,Villarreal,es La Liga,23,2001,32,28,"2,587",28.7,2,1,3,2,0,0,3,0,0.07,0.03,0.1,0.07,0.1
609,Logan Costa,cv CPV,DF,Toulouse,fr Ligue 1,23,2001,1,1,90,1,0,0,0,0,0,0,0,0,0,0,0,0,0
610,Samu Costa,pt POR,MF,Mallorca,es La Liga,23,2000,32,31,"2,649",29.4,0,2,2,0,0,0,10,1,0,0.07,0.07,0,0.07
611,Grégoire Coudert,fr FRA,GK,Brest,fr Ligue 1,25,1999,2,2,180,2,0,0,0,0,0,0,0,0,0,0,0,0,0
612,Vladimír Coufal,cz CZE,"DF,MF",West Ham United,eng Premier League,31,1992,22,11,"1,067",11.9,0,0,0,0,0,0,5,0,0,0,0,0,0
613,Lassana Coulibaly,ml MLI,MF,Lecce,it Serie A,28,1996,38,30,"2,667",29.6,1,0,1,1,0,0,3,0,0.03,0,0.03,0.03,0.03
614,Lasso Coulibaly,ci CIV,MF,Auxerre,fr Ligue 1,21,2002,3,0,45,0.5,1,0,1,1,0,0,0,0,2,0,2,2,2
615,Mamadou Coulibaly,fr FRA,MF,Monaco,fr Ligue 1,20,2004,1,0,8,0.1,0,0,0,0,0,0,0,0,0,0,0,0,0
616,Soumaïla Coulibaly,fr FRA,DF,Brest,fr Ligue 1,20,2003,7,5,438,4.9,0,0,0,0,0,0,1,0,0,0,0,0,0
617,Tanguy Coulibaly,fr FRA,"MF,FW",Montpellier,fr Ligue 1,23,2001,25,17,"1,485",16.5,3,0,3,3,0,0,4,2,0.18,0,0.18,0.18,0.18
618,Woyo Coulibaly,ml MLI,DF,Leicester City,eng Premier League,25,1999,4,1,109,1.2,0,0,0,0,0,0,1,0,0,0,0,0,0
619,Woyo Coulibaly,ml MLI,DF,Parma,it Serie A,25,1999,14,12,"1,084",12,0,1,1,0,0,0,1,1,0,0.08,0.08,0,0.08
620,Marius Courcoul,fr FRA,MF,Angers,fr Ligue 1,17,2007,8,3,309,3.4,0,0,0,0,0,0,0,0,0,0,0,0,0
621,Thibaut Courtois,be BEL,GK,Real Madrid,es La Liga,32,1992,30,30,"2,700",30,0,0,0,0,0,0,1,0,0,0,0,0,0
622,Yan Couto,br BRA,"DF,MF",Dortmund,de Bundesliga,22,2002,21,8,895,9.9,0,0,0,0,0,0,5,0,0,0,0,0,0
623,Nicolas Cozza,fr FRA,"DF,MF",Nantes,fr Ligue 1,25,1999,27,23,"2,051",22.8,1,0,1,1,0,0,3,1,0.04,0,0.04,0.04,0.04
624,Aaron Cresswell,eng ENG,DF,West Ham United,eng Premier League,34,1989,18,10,824,9.2,0,0,0,0,0,0,3,0,0,0,0,0,0
625,Charlie Cresswell,eng ENG,DF,Toulouse,fr Ligue 1,21,2002,31,29,"2,592",28.8,3,1,4,3,0,0,5,0,0.1,0.03,0.14,0.1,0.14
Rk,Player,Nation,Pos,Squad,Comp,Age,Born,MP,Starts,Min,90s,Gls,Ast,G+A,G-PK,PK,PKatt,CrdY,CrdR,Gls,Ast,G+A,G-PK,G+A-PK
626,Bryan Cristante,it ITA,MF,Roma,it Serie A,29,1995,30,23,"2,045",22.7,4,2,6,4,0,0,8,0,0.18,0.09,0.26,0.18,0.26
627,Domen Črnigoj,si SVN,MF,Venezia,it Serie A,28,1995,8,1,136,1.5,0,0,0,0,0,0,0,0,0,0,0,0,0
628,Juan Cruz Armada,es ESP,DF,Osasuna,es La Liga,32,1992,25,19,"1,492",16.6,0,0,0,0,0,0,4,0,0,0,0,0,0
629,Juan Cruz,es ESP,"MF,DF",Leganés,es La Liga,24,2000,34,26,"2,257",25.1,5,4,9,5,0,0,2,0,0.2,0.16,0.36,0.2,0.36
630,Juan Cuadrado,co COL,"MF,FW",Atalanta,it Serie A,36,1988,23,7,832,9.2,0,2,2,0,0,0,3,0,0,0.22,0.22,0,0.22
631,Pau Cubarsí,es ESP,DF,Barcelona,es La Liga,17,2007,35,29,"2,618",29.1,0,3,3,0,0,0,3,0,0,0.1,0.1,0,0.1
632,Cucho,co COL,FW,Real Betis,es La Liga,25,1999,15,14,"1,139",12.7,5,1,6,5,0,0,0,0,0.4,0.08,0.47,0.4,0.47
633,Marc Cucurella,es ESP,DF,Chelsea,eng Premier League,26,1998,36,33,"2,988",33.2,5,1,6,5,0,0,10,1,0.15,0.03,0.18,0.15,0.18
634,Jorge Cuenca,es ESP,DF,Fulham,eng Premier League,24,1999,8,4,351,3.9,0,0,0,0,0,0,0,0,0,0,0,0,0
635,Matheus Cunha,br BRA,MF,Wolves,eng Premier League,25,1999,33,29,"2,597",28.9,15,6,21,15,0,0,4,0,0.52,0.21,0.73,0.52,0.73
636,Patrick Cutrone,it ITA,FW,Como,it Serie A,26,1998,33,23,"2,047",22.7,7,4,11,7,0,1,1,0,0.31,0.18,0.48,0.31,0.48
637,Tomáš Čvančara,cz CZE,"MF,FW",Gladbach,de Bundesliga,23,2000,28,7,831,9.2,2,0,2,2,0,0,5,1,0.22,0,0.22,0.22,0.22
638,Wylan Cyprien,fr FRA,MF,Parma,it Serie A,29,1995,2,0,28,0.3,0,0,0,0,0,0,0,0,0,0,0,0,0
639,Danilo D'Ambrosio,it ITA,DF,Monza,it Serie A,35,1988,20,12,"1,095",12.2,0,1,1,0,0,0,2,1,0,0.08,0.08,0,0.08
640,Lucas Da Cunha,fr FRA,MF,Como,it Serie A,23,2001,36,30,"2,613",29,3,2,5,3,0,0,4,0,0.1,0.07,0.17,0.1,0.17
641,Samuel Dahl,se SWE,DF,Roma,it Serie A,24,2000,2,0,43,0.5,0,0,0,0,0,0,0,0,0,0,0,0,0
642,Finn Dahmen,de GER,GK,Augsburg,de Bundesliga,26,1998,19,19,"1,710",19,0,0,0,0,0,0,0,0,0,0,0,0,0
643,Thomas Dähne,de GER,GK,Holstein Kiel,de Bundesliga,30,1994,9,9,810,9,0,0,0,0,0,0,0,0,0,0,0,0,0
644,Mahmoud Dahoud,de GER,MF,Eintracht Frankfurt,de Bundesliga,28,1996,9,3,364,4,1,1,2,1,0,0,2,0,0.25,0.25,0.49,0.25,0.49
645,Patson Daka,zm ZAM,"MF,FW",Leicester City,eng Premier League,25,1998,23,6,736,8.2,1,0,1,1,0,0,0,0,0.12,0,0.12,0.12,0.12
646,Ameen Al-Dakhil,be BEL,DF,Stuttgart,de Bundesliga,22,2002,7,6,432,4.8,0,0,0,0,0,0,0,1,0,0,0,0,0
647,Thijs Dallinga,nl NED,FW,Bologna,it Serie A,23,2000,31,11,"1,154",12.8,3,2,5,3,0,0,1,0,0.23,0.16,0.39,0.23,0.39
648,Diogo Dalot,pt POR,"MF,DF",Manchester Utd,eng Premier League,25,1999,33,31,"2,814",31.3,0,3,3,0,0,0,5,0,0,0.1,0.1,0,0.1
649,Mikkel Damsgaard,dk DEN,MF,Brentford,eng Premier League,24,2000,38,34,"2,911",32.3,2,10,12,2,0,0,2,0,0.06,0.31,0.37,0.06,0.37
650,Maat Daniel Caprini,it ITA,FW,Fiorentina,it Serie A,18,2006,2,0,8,0.1,0,0,0,0,0,0,0,0,0,0,0,0,0
Rk,Player,Nation,Pos,Squad,Comp,Age,Born,MP,Starts,Min,90s,Gls,Ast,G+A,G-PK,PK,PKatt,CrdY,CrdR,Gls,Ast,G+A,G-PK,G+A-PK
651,Flavius Daniliuc,at AUT,DF,Hellas Verona,it Serie A,23,2001,18,9,"1,004",11.2,0,0,0,0,0,0,0,0,0,0,0,0,0
652,Danilo,br BRA,MF,Nottingham Forest,eng Premier League,23,2001,8,5,275,3.1,0,0,0,0,0,0,0,0,0,0,0,0,0
653,Danilo,br BRA,DF,Juventus,it Serie A,33,1991,12,6,581,6.5,0,1,1,0,0,0,2,0,0,0.15,0.15,0,0.15
654,Arnaut Danjuma,nl NED,FW,Villarreal,es La Liga,27,1997,3,3,200,2.2,2,0,2,2,0,0,1,0,0.9,0,0.9,0.9,0.9
655,Arnaut Danjuma,nl NED,"MF,FW",Girona,es La Liga,27,1997,25,15,"1,335",14.8,2,0,2,2,0,0,2,0,0.13,0,0.13,0.13,0.13
656,Jayden Danns,eng ENG,FW,Liverpool,eng Premier League,18,2006,1,0,11,0.1,0,0,0,0,0,0,0,0,0,0,0,0,0
657,Kévin Danois,fr FRA,MF,Auxerre,fr Ligue 1,20,2004,22,16,"1,460",16.2,0,0,0,0,0,0,1,0,0,0,0,0,0
658,Kevin Danso,at AUT,DF,Tottenham Hotspur,eng Premier League,25,1998,10,9,842,9.4,0,0,0,0,0,0,0,0,0,0,0,0,0
659,Kevin Danso,at AUT,DF,Lens,fr Ligue 1,25,1998,12,12,"1,080",12,0,0,0,0,0,0,3,0,0,0,0,0,0
660,Dante,br BRA,DF,Nice,fr Ligue 1,40,1983,25,21,"1,964",21.8,0,0,0,0,0,0,5,1,0,0,0,0,0
661,Pape Daouda Diongue,sn SEN,MF,Strasbourg,fr Ligue 1,,,9,1,78,0.9,1,0,1,1,0,0,0,0,1.15,0,1.15,1.15,1.15
662,Mohamed Daramy,dk DEN,"FW,MF",Reims,fr Ligue 1,22,2002,2,0,16,0.2,0,0,0,0,0,0,0,0,0,0,0,0,0
663,Bence Dárdai,hu HUN,MF,Wolfsburg,de Bundesliga,18,2006,21,16,"1,304",14.5,1,1,2,1,0,0,0,0,0.07,0.07,0.14,0.07,0.14
664,Sergi Darder,es ESP,MF,Mallorca,es La Liga,30,1993,38,34,"2,744",30.5,2,6,8,2,0,0,4,0,0.07,0.2,0.26,0.07,0.26
665,Matteo Darmian,it ITA,"MF,DF",Inter,it Serie A,34,1989,29,20,"1,781",19.8,3,2,5,3,0,0,3,0,0.15,0.1,0.25,0.15,0.25
666,Lukas Daschner,de GER,"FW,MF",Bochum,de Bundesliga,25,1998,14,3,412,4.6,1,1,2,1,0,1,0,0,0.22,0.22,0.44,0.22,0.44
667,Juan David Cabal,co COL,DF,Juventus,it Serie A,23,2001,7,6,460,5.1,0,0,0,0,0,0,0,0,0,0,0,0,0
668,Jonathan David,ca CAN,FW,Lille,fr Ligue 1,24,2000,32,28,"2,554",28.4,16,5,21,10,6,7,4,0,0.56,0.18,0.74,0.35,0.53
669,Alphonso Davies,ca CAN,DF,Bayern Munich,de Bundesliga,23,2000,19,17,"1,560",17.3,1,2,3,1,0,0,0,0,0.06,0.12,0.17,0.06,0.17
670,Ben Davies,wls WAL,DF,Tottenham Hotspur,eng Premier League,31,1993,17,14,"1,331",14.8,0,0,0,0,0,0,5,0,0,0,0,0,0
671,Keinan Davis,eng ENG,FW,Udinese,it Serie A,26,1998,23,10,"1,066",11.8,2,1,3,2,0,0,2,0,0.17,0.08,0.25,0.17,0.25
672,Leif Davis,eng ENG,DF,Ipswich Town,eng Premier League,24,2000,33,32,"2,743",30.5,1,2,3,1,0,0,5,1,0.03,0.07,0.1,0.03,0.1
673,Zuriko Davitashvili,ge GEO,"FW,MF",Saint-Étienne,fr Ligue 1,23,2001,33,32,"2,778",30.9,9,8,17,7,2,2,3,0,0.29,0.26,0.55,0.23,0.49
674,Paweł Dawidowicz,pl POL,"DF,MF",Hellas Verona,it Serie A,29,1995,26,24,"1,845",20.5,0,0,0,0,0,0,7,1,0,0,0,0,0
675,Craig Dawson,eng ENG,DF,Wolves,eng Premier League,34,1990,15,10,971,10.8,0,0,0,0,0,0,2,0,0,0,0,0,0
Rk,Player,Nation,Pos,Squad,Comp,Age,Born,MP,Starts,Min,90s,Gls,Ast,G+A,G-PK,PK,PKatt,CrdY,CrdR,Gls,Ast,G+A,G-PK,G+A-PK
676,Kevin De Bruyne,be BEL,"MF,FW",Manchester City,eng Premier League,33,1991,28,19,"1,702",18.9,4,7,11,4,0,0,2,0,0.21,0.37,0.58,0.21,0.58
677,Bobby De Cordova-Reid,jm JAM,"MF,FW",Leicester City,eng Premier League,31,1993,23,9,744,8.3,1,2,3,1,0,0,2,0,0.12,0.24,0.36,0.12,0.36
678,Charles De Ketelaere,be BEL,"MF,FW",Atalanta,it Serie A,23,2001,36,25,"2,070",23,7,7,14,7,0,0,1,0,0.3,0.3,0.61,0.3,0.61
679,Rodrigo De Paul,ar ARG,MF,Atlético Madrid,es La Liga,30,1994,34,23,"2,106",23.4,3,5,8,3,0,0,7,0,0.13,0.21,0.34,0.13,0.34
680,Théo De Percin,mq MTQ,GK,Auxerre,fr Ligue 1,23,2001,2,2,180,2,0,0,0,0,0,0,0,0,0,0,0,0,0
681,Mattia De Sciglio,it ITA,DF,Empoli,it Serie A,31,1992,16,7,769,8.5,1,0,1,1,0,0,0,0,0.12,0,0.12,0.12,0.12
682,Lorenzo De Silvestri,it ITA,DF,Bologna,it Serie A,36,1988,18,13,"1,060",11.8,1,0,1,1,0,0,1,0,0.08,0,0.08,0.08,0.08
683,Thibault De Smet,be BEL,DF,Reims,fr Ligue 1,26,1998,5,2,192,2.1,0,0,0,0,0,0,0,0,0,0,0,0,0
684,Koni De Winter,be BEL,DF,Genoa,it Serie A,22,2002,25,23,"2,135",23.7,3,0,3,3,0,0,6,0,0.13,0,0.13,0.13,0.13
685,Amar Dedić,ba BIH,MF,Marseille,fr Ligue 1,21,2002,10,2,314,3.5,0,1,1,0,0,0,1,0,0,0.29,0.29,0,0.29
686,Alessandro Deiola,it ITA,MF,Cagliari,it Serie A,28,1995,29,16,"1,432",15.9,2,1,3,2,0,0,6,0,0.13,0.06,0.19,0.13,0.19
687,Romain Del Castillo,fr FRA,"FW,MF",Brest,fr Ligue 1,28,1996,26,14,"1,259",14,6,4,10,3,3,4,0,0,0.43,0.29,0.71,0.21,0.5
688,Enrico Del Prato,it ITA,"DF,MF",Parma,it Serie A,24,1999,34,32,"2,947",32.7,4,0,4,4,0,0,8,0,0.12,0,0.12,0.12,0.12
689,Thomas Delaine,fr FRA,"DF,MF",Strasbourg,fr Ligue 1,32,1992,2,0,9,0.1,0,0,0,0,0,0,0,0,0,0,0,0,0
690,Liam Delap,eng ENG,FW,Ipswich Town,eng Premier League,21,2003,37,32,"2,593",28.8,12,2,14,10,2,2,12,0,0.42,0.07,0.49,0.35,0.42
691,Fisayo Dele-Bashiru,ng NGA,MF,Lazio,it Serie A,23,2001,20,12,947,10.5,3,1,4,3,0,0,0,0,0.29,0.1,0.38,0.29,0.38
692,Andy Delort,dz ALG,FW,Montpellier,fr Ligue 1,32,1991,9,8,607,6.7,0,0,0,0,0,0,1,0,0,0,0,0,0
693,Olivier Deman,be BEL,"FW,MF",Werder Bremen,de Bundesliga,24,2000,9,0,67,0.7,0,0,0,0,0,0,1,0,0,0,0,0,0
694,Ali Dembélé,fr FRA,DF,Torino,it Serie A,20,2004,15,4,388,4.3,1,0,1,1,0,0,4,1,0.23,0,0.23,0.23,0.23
695,Ousmane Dembélé,fr FRA,FW,Paris Saint-Germain,fr Ligue 1,27,1997,29,20,"1,730",19.2,21,6,27,20,1,1,1,0,1.09,0.31,1.4,1.04,1.35
696,Ermedin Demirović,ba BIH,FW,Stuttgart,de Bundesliga,26,1998,34,20,"1,855",20.6,15,1,16,15,0,2,2,0,0.73,0.05,0.78,0.73,0.78
697,Sepp van den Berg,nl NED,DF,Brentford,eng Premier League,22,2001,31,29,"2,586",28.7,0,0,0,0,0,0,3,0,0,0,0,0,0
698,Rémy Descamps,fr FRA,GK,Lyon,fr Ligue 1,28,1996,1,1,90,1,0,0,0,0,0,0,0,0,0,0,0,0,0
699,Arthur Desmas,fr FRA,GK,Le Havre,fr Ligue 1,30,1994,18,18,"1,620",18,0,0,0,0,0,0,2,0,0,0,0,0,0
700,Justin Devenny,nir NIR,MF,Crystal Palace,eng Premier League,20,2003,23,4,507,5.6,1,1,2,1,0,0,1,0,0.18,0.18,0.36,0.18,0.36
Rk,Player,Nation,Pos,Squad,Comp,Age,Born,MP,Starts,Min,90s,Gls,Ast,G+A,G-PK,PK,PKatt,CrdY,CrdR,Gls,Ast,G+A,G-PK,G+A-PK
701,Kiernan Dewsbury-Hall,eng ENG,MF,Chelsea,eng Premier League,25,1998,13,2,264,2.9,0,1,1,0,0,0,0,0,0,0.34,0.34,0,0.34
702,Michele Di Gregorio,it ITA,GK,Juventus,it Serie A,27,1997,33,33,"2,970",33,0,0,0,0,0,0,0,0,0,0,0,0,0
703,Giovanni Di Lorenzo,it ITA,DF,Napoli,it Serie A,30,1993,37,37,"3,330",37,3,2,5,3,0,0,6,0,0.08,0.05,0.14,0.08,0.14
704,Boulaye Dia,sn SEN,"MF,FW",Lazio,it Serie A,27,1996,35,27,"2,177",24.2,9,3,12,9,0,0,2,0,0.37,0.12,0.5,0.37,0.5
705,Mouctar Diakhaby,gn GUI,DF,Valencia,es La Liga,27,1996,13,7,653,7.3,2,0,2,2,0,0,0,0,0.28,0,0.28,0.28,0.28
706,Mamadou Diakhon,fr FRA,"MF,FW",Reims,fr Ligue 1,18,2005,28,5,858,9.5,2,1,3,2,0,0,2,0,0.21,0.1,0.31,0.21,0.31
707,Bafodé Diakité,fr FRA,DF,Lille,fr Ligue 1,23,2001,31,31,"2,766",30.7,4,1,5,4,0,0,8,1,0.13,0.03,0.16,0.13,0.16
708,Oumar Diakité,ci CIV,FW,Reims,fr Ligue 1,20,2003,26,20,"1,628",18.1,4,1,5,4,0,1,6,0,0.22,0.06,0.28,0.22,0.28
709,Amad Diallo,ci CIV,"MF,FW",Manchester Utd,eng Premier League,22,2002,26,20,"1,901",21.1,8,6,14,8,0,0,5,0,0.38,0.28,0.66,0.38,0.66
710,Assane Diao,sn SEN,"MF,FW",Como,it Serie A,18,2005,15,14,"1,252",13.9,8,1,9,8,0,0,2,0,0.58,0.07,0.65,0.58,0.65
711,Assane Diao,sn SEN,FW,Real Betis,es La Liga,18,2005,10,2,277,3.1,1,2,3,1,0,0,0,0,0.32,0.65,0.97,0.32,0.97
712,Habib Diarra,sn SEN,"MF,FW",Strasbourg,fr Ligue 1,20,2004,30,27,"2,352",26.1,4,5,9,2,2,2,6,0,0.15,0.19,0.34,0.08,0.27
713,Moussa Diarra,ml MLI,DF,Alavés,es La Liga,23,2000,26,20,"1,866",20.7,0,0,0,0,0,0,6,0,0,0,0,0,0
714,Rúben Dias,pt POR,"DF,MF",Manchester City,eng Premier League,27,1997,27,25,"2,271",25.2,0,0,0,0,0,0,4,0,0,0,0,0,0
715,Krépin Diatta,sn SEN,"DF,MF",Monaco,fr Ligue 1,25,1999,19,3,508,5.6,0,0,0,0,0,0,3,0,0,0,0,0,0
716,Kandet Diawara,gn GUI,MF,Le Havre,fr Ligue 1,24,2000,1,0,4,0,0,0,0,0,0,0,0,0,0,0,0,0,0
717,Mahamadou Diawara,fr FRA,MF,Le Havre,fr Ligue 1,19,2005,15,6,582,6.5,0,1,1,0,0,0,0,0,0,0.15,0.15,0,0.15
718,Mahamadou Diawara,fr FRA,MF,Lyon,fr Ligue 1,19,2005,2,0,16,0.2,0,0,0,0,0,0,0,0,0,0,0,0,0
719,Brahim Díaz,ma MAR,"MF,FW",Real Madrid,es La Liga,24,1999,31,16,"1,385",15.4,4,2,6,4,0,0,0,0,0.26,0.13,0.39,0.26,0.39
720,Daniel Díaz,es ESP,FW,Real Sociedad,es La Liga,18,2006,1,0,10,0.1,0,0,0,0,0,0,0,0,0,0,0,0,0
721,Luis Díaz,co COL,"FW,MF",Liverpool,eng Premier League,27,1997,36,28,"2,399",26.7,13,5,18,13,0,0,2,0,0.49,0.19,0.68,0.49,0.68
722,Pedro Díaz,es ESP,MF,Rayo Vallecano,es La Liga,26,1998,26,12,"1,211",13.5,3,0,3,3,0,1,2,0,0.22,0,0.22,0.22,0.22
723,Tyler Dibling,eng ENG,"MF,FW",Southampton,eng Premier League,18,2006,33,20,"1,874",20.8,2,0,2,2,0,0,6,0,0.1,0,0.1,0.1,0.1
724,Diego,es ESP,"FW,MF",Leganés,es La Liga,24,2000,28,13,"1,195",13.3,3,0,3,3,0,0,2,0,0.23,0,0.23,0.23,0.23
725,Justin Diehl,de GER,MF,Stuttgart,de Bundesliga,19,2004,6,0,104,1.2,1,0,1,1,0,0,0,0,0.87,0,0.87,0.87,0.87
Rk,Player,Nation,Pos,Squad,Comp,Age,Born,MP,Starts,Min,90s,Gls,Ast,G+A,G-PK,PK,PKatt,CrdY,CrdR,Gls,Ast,G+A,G-PK,G+A-PK
726,Bamba Dieng,sn SEN,FW,Angers,fr Ligue 1,24,2000,18,5,532,5.9,3,0,3,2,1,1,1,0,0.51,0,0.51,0.34,0.34
727,Eric Dier,eng ENG,DF,Bayern Munich,de Bundesliga,30,1994,21,16,"1,463",16.3,2,1,3,2,0,0,1,0,0.12,0.06,0.18,0.12,0.18
728,Lucas Digne,fr FRA,DF,Aston Villa,eng Premier League,31,1993,32,28,"2,351",26.1,0,4,4,0,0,0,4,0,0,0.15,0.15,0,0.15
729,Kembo Diliwidi,fr FRA,FW,Lens,fr Ligue 1,18,2006,1,0,4,0,0,0,0,0,0,0,0,0,0,0,0,0,0
730,Federico Dimarco,it ITA,MF,Inter,it Serie A,26,1997,33,29,"2,177",24.2,4,7,11,4,0,0,3,0,0.17,0.29,0.45,0.17,0.45
731,Stole Dimitrievski,mk MKD,GK,Valencia,es La Liga,30,1993,4,4,360,4,0,0,0,0,0,0,1,0,0,0,0,0,0
732,Junior Dina Ebimbe,cm CMR,MF,Eintracht Frankfurt,de Bundesliga,23,2000,7,3,293,3.3,0,1,1,0,0,0,0,0,0,0.31,0.31,0,0.31
733,Eren Dinkçi,de GER,MF,Freiburg,de Bundesliga,22,2001,23,13,"1,196",13.3,0,3,3,0,0,0,1,0,0,0.23,0.23,0,0.23
734,Sinaly Diomande,ci CIV,DF,Auxerre,fr Ligue 1,23,2001,23,22,"1,945",21.6,3,2,5,3,0,0,6,0,0.14,0.09,0.23,0.14,0.23
735,Yan Diomandé,ci CIV,MF,Leganés,es La Liga,17,2006,10,6,545,6.1,2,1,3,2,0,0,1,0,0.33,0.17,0.5,0.33,0.5
736,Lois Diony,fr FRA,FW,Angers,fr Ligue 1,31,1992,1,0,21,0.2,0,0,0,0,0,0,0,0,0,0,0,0,0
737,Issa Diop,fr FRA,DF,Fulham,eng Premier League,27,1997,21,15,"1,339",14.9,0,0,0,0,0,0,2,0,0,0,0,0,0
738,Sérigné Diop,sn SEN,FW,Brest,fr Ligue 1,19,2005,2,0,4,0,0,0,0,0,0,0,0,0,0,0,0,0,0
739,Sofiane Diop,ma MAR,"MF,FW",Nice,fr Ligue 1,24,2000,28,8,"1,064",11.8,6,4,10,6,0,0,3,0,0.51,0.34,0.85,0.51,0.85
740,Andy Diouf,fr FRA,MF,Lens,fr Ligue 1,21,2003,34,27,"2,225",24.7,1,2,3,1,0,0,2,0,0.04,0.08,0.12,0.04,0.12
741,Yehvann Diouf,sn SEN,GK,Reims,fr Ligue 1,24,1999,34,34,"3,060",34,0,0,0,0,0,0,1,0,0,0,0,0,0
742,Assane Dioussé,sn SEN,MF,Auxerre,fr Ligue 1,26,1997,17,7,663,7.4,0,0,0,0,0,0,1,0,0,0,0,0,0
743,Axel Disasi,fr FRA,DF,Aston Villa,eng Premier League,26,1998,7,5,490,5.4,0,0,0,0,0,0,2,0,0,0,0,0,0
744,Axel Disasi,fr FRA,DF,Chelsea,eng Premier League,26,1998,6,4,364,4,1,0,1,1,0,0,1,0,0.25,0,0.25,0.25,0.25
745,Roman Dixon,eng ENG,DF,Everton,eng Premier League,19,2004,1,1,90,1,0,0,0,0,0,0,0,0,0,0,0,0,0
746,Álvaro djaló,gw GNB,"MF,FW",Athletic Club,es La Liga,24,1999,17,7,659,7.3,1,0,1,1,0,0,2,0,0.14,0,0.14,0.14,0.14
747,Djené,tg TOG,"DF,MF",Getafe,es La Liga,32,1991,31,31,"2,548",28.3,0,0,0,0,0,0,10,1,0,0,0,0,0
748,Nasser Djiga,bf BFA,DF,Wolves,eng Premier League,21,2002,5,1,66,0.7,0,0,0,0,0,0,0,0,0,0,0,0,0
749,Berat Djimsiti,al ALB,DF,Atalanta,it Serie A,31,1993,34,32,"2,640",29.3,1,2,3,1,0,0,6,0,0.03,0.07,0.1,0.03,0.1
750,Marko Dmitrović,rs SRB,GK,Leganés,es La Liga,32,1992,32,32,"2,880",32,0,0,0,0,0,0,0,0,0,0,0,0,0
Rk,Player,Nation,Pos,Squad,Comp,Age,Born,MP,Starts,Min,90s,Gls,Ast,G+A,G-PK,PK,PKatt,CrdY,CrdR,Gls,Ast,G+A,G-PK,G+A-PK
751,Ritsu Doan,jp JPN,MF,Freiburg,de Bundesliga,26,1998,34,33,"2,862",31.8,10,7,17,10,0,0,2,0,0.31,0.22,0.53,0.31,0.53
752,Dodô,br BRA,"DF,MF",Fiorentina,it Serie A,25,1998,35,35,"3,115",34.6,0,5,5,0,0,0,8,0,0,0.14,0.14,0,0.14
753,Danilho Doekhi,nl NED,DF,Union Berlin,de Bundesliga,26,1998,34,34,"3,060",34,1,1,2,1,0,0,4,0,0.03,0.03,0.06,0.03,0.06
754,Matt Doherty,ie IRL,"DF,MF",Wolves,eng Premier League,32,1992,30,25,"2,109",23.4,2,1,3,2,0,0,6,0,0.09,0.04,0.13,0.09,0.13
755,Jeremy Doku,be BEL,"MF,FW",Manchester City,eng Premier League,22,2002,29,16,"1,516",16.8,3,6,9,3,0,0,1,0,0.18,0.36,0.53,0.18,0.53
756,Marc Domenech,es ESP,"FW,MF",Mallorca,es La Liga,18,2006,10,3,303,3.4,0,0,0,0,0,0,0,0,0,0,0,0,0
757,Álex Domínguez,es ESP,GK,Toulouse,fr Ligue 1,26,1998,1,0,19,0.2,0,0,0,0,0,0,0,0,0,0,0,0,0
758,Benjamín Domínguez,ar ARG,MF,Bologna,it Serie A,20,2003,24,16,"1,281",14.2,3,2,5,3,0,0,0,0,0.21,0.14,0.35,0.21,0.35
759,Carlos Dominguez,es ESP,DF,Celta Vigo,es La Liga,23,2001,19,13,"1,181",13.1,0,0,0,0,0,0,1,0,0,0,0,0,0
760,Israel Domínguez,es ESP,MF,Sevilla,es La Liga,21,2003,1,0,18,0.2,0,0,0,0,0,0,0,0,0,0,0,0,0
761,Nicolás Domínguez,ar ARG,MF,Nottingham Forest,eng Premier League,26,1998,34,23,"1,963",21.8,0,1,1,0,0,0,9,0,0,0.05,0.05,0,0.05
762,Sergi Dominguez,es ESP,DF,Barcelona,es La Liga,19,2005,3,2,172,1.9,0,0,0,0,0,0,1,0,0,0,0,0,0
763,Gianluigi Donnarumma,it ITA,GK,Paris Saint-Germain,fr Ligue 1,25,1999,24,24,"2,091",23.2,0,0,0,0,0,0,2,0,0,0,0,0,0
764,Patrick Dorgu,dk DEN,MF,Manchester Utd,eng Premier League,19,2004,12,10,842,9.4,0,0,0,0,0,0,3,1,0,0,0,0,0
765,Patrick Dorgu,dk DEN,"MF,DF",Lecce,it Serie A,19,2004,21,21,"1,840",20.4,3,1,4,3,0,0,2,1,0.15,0.05,0.2,0.15,0.2
766,Alfie Dorrington,eng ENG,DF,Tottenham Hotspur,eng Premier League,19,2005,1,0,14,0.2,0,0,0,0,0,0,0,0,0,0,0,0,0
767,Niklas Dorsch,de GER,MF,Augsburg,de Bundesliga,26,1998,1,0,32,0.4,0,0,0,0,0,0,0,0,0,0,0,0,0
768,Niklas Dorsch,de GER,MF,Heidenheim,de Bundesliga,26,1998,22,19,"1,335",14.8,2,2,4,2,0,0,5,1,0.13,0.13,0.27,0.13,0.27
769,Alberto Dossena,it ITA,DF,Como,it Serie A,25,1998,23,20,"1,825",20.3,0,2,2,0,0,0,1,1,0,0.1,0.1,0,0.1
770,Abdoulaye Doucouré,ml MLI,MF,Everton,eng Premier League,31,1993,33,31,"2,564",28.5,3,2,5,3,0,0,5,1,0.11,0.07,0.18,0.11,0.18
771,Cheick Doucouré,ml MLI,MF,Crystal Palace,eng Premier League,24,2000,13,4,452,5,0,0,0,0,0,0,1,0,0,0,0,0,0
772,Sékou Doucoure,fr FRA,DF,Nantes,fr Ligue 1,19,2005,2,0,12,0.1,0,0,0,0,0,0,0,0,0,0,0,0,0
773,Désiré Doué,fr FRA,"MF,FW",Paris Saint-Germain,fr Ligue 1,19,2005,31,18,"1,730",19.2,6,6,12,6,0,0,1,0,0.31,0.31,0.62,0.31,0.62
774,Guela Doué,ci CIV,"DF,MF",Strasbourg,fr Ligue 1,21,2002,32,30,"2,717",30.2,1,2,3,1,0,0,7,0,0.03,0.07,0.1,0.03,0.1
775,Douglas,br BRA,MF,Nantes,fr Ligue 1,27,1997,28,28,"2,307",25.6,4,2,6,4,0,0,8,0,0.16,0.08,0.23,0.16,0.23
Rk,Player,Nation,Pos,Squad,Comp,Age,Born,MP,Starts,Min,90s,Gls,Ast,G+A,G-PK,PK,PKatt,CrdY,CrdR,Gls,Ast,G+A,G-PK,G+A-PK
776,Ismaël Doukouré,fr FRA,"DF,MF",Strasbourg,fr Ligue 1,21,2003,31,31,"2,639",29.3,1,1,2,1,0,0,7,0,0.03,0.03,0.07,0.03,0.07
777,Issa Doumbia,it ITA,MF,Venezia,it Serie A,20,2003,24,10,939,10.4,0,0,0,0,0,0,0,0,0,0,0,0,0
778,Kamory Doumbia,ml MLI,"MF,FW",Brest,fr Ligue 1,21,2003,30,13,"1,322",14.7,3,2,5,3,0,0,1,0,0.2,0.14,0.34,0.2,0.34
779,Amidou Doumbouya,fr FRA,MF,Nice,fr Ligue 1,16,2007,2,0,46,0.5,0,0,0,0,0,0,0,0,0,0,0,0,0
780,Anastasios Douvikas,gr GRE,FW,Como,it Serie A,24,1999,13,6,580,6.4,2,2,4,2,0,0,1,0,0.31,0.31,0.62,0.31,0.62
781,Anastasios Douvikas,gr GRE,FW,Celta Vigo,es La Liga,24,1999,20,6,700,7.8,3,1,4,3,0,0,2,0,0.39,0.13,0.51,0.39,0.51
782,Artem Dovbyk,ua UKR,FW,Roma,it Serie A,27,1997,32,27,"2,418",26.9,12,2,14,10,2,2,0,0,0.45,0.07,0.52,0.37,0.45
783,Flynn Downes,eng ENG,MF,Southampton,eng Premier League,25,1999,27,25,"2,151",23.9,1,0,1,1,0,0,12,0,0.04,0,0.04,0.04,0.04
784,Tommy Doyle,eng ENG,MF,Wolves,eng Premier League,22,2001,24,3,488,5.4,0,1,1,0,0,0,1,0,0,0.18,0.18,0,0.18
785,Radu Drăgușin,ro ROU,DF,Tottenham Hotspur,eng Premier League,22,2002,16,14,"1,252",13.9,0,0,0,0,0,0,1,0,0,0,0,0,0
786,Patrick Drewes,de GER,GK,Bochum,de Bundesliga,31,1993,21,21,"1,890",21,0,0,0,0,0,0,2,0,0,0,0,0,0
787,Tim Drexler,de GER,DF,Hoffenheim,de Bundesliga,19,2005,8,5,357,4,0,0,0,0,0,0,2,0,0,0,0,0,0
788,Domingos Duarte,pt POR,DF,Getafe,es La Liga,29,1995,22,21,"1,859",20.7,1,0,1,1,0,0,4,2,0.05,0,0.05,0.05,0.05
789,Martin Dúbravka,sk SVK,GK,Newcastle United,eng Premier League,35,1989,10,10,900,10,0,0,0,0,0,0,0,0,0,0,0,0,0
790,Marvin Ducksch,de GER,FW,Werder Bremen,de Bundesliga,30,1994,32,30,"2,418",26.9,8,8,16,7,1,2,3,0,0.3,0.3,0.6,0.26,0.56
791,Ondrej Duda,sk SVK,MF,Hellas Verona,it Serie A,29,1994,28,27,"2,395",26.6,1,3,4,1,0,0,12,1,0.04,0.11,0.15,0.04,0.15
792,Duk,cv CPV,MF,Leganés,es La Liga,24,2000,10,1,179,2,0,0,0,0,0,0,1,0,0,0,0,0,0
793,Denzel Dumfries,nl NED,MF,Inter,it Serie A,28,1996,29,20,"1,955",21.7,7,2,9,7,0,0,4,0,0.32,0.09,0.41,0.32,0.41
794,Alfred Duncan,gh GHA,MF,Venezia,it Serie A,31,1993,16,12,957,10.6,0,0,0,0,0,0,2,0,0,0,0,0,0
795,Lewis Dunk,eng ENG,DF,Brighton,eng Premier League,32,1991,25,23,"2,083",23.1,0,0,0,0,0,0,5,0,0,0,0,0,0
796,Jáder Durán,co COL,FW,Aston Villa,eng Premier League,20,2003,20,4,638,7.1,7,0,7,7,0,0,3,1,0.99,0,0.99,0.99,0.99
797,Pablo Durán,es ESP,"FW,MF",Celta Vigo,es La Liga,23,2001,27,15,"1,394",15.5,4,4,8,4,0,0,3,0,0.26,0.26,0.52,0.26,0.52
798,Julien Duranville,be BEL,MF,Dortmund,de Bundesliga,18,2006,12,2,283,3.1,0,0,0,0,0,0,3,0,0,0,0,0,0
799,Hugo Duro,es ESP,FW,Valencia,es La Liga,24,1999,31,25,"2,166",24.1,11,2,13,10,1,1,5,0,0.46,0.08,0.54,0.42,0.5
800,Jean-Kevin Duverne,ht HAI,DF,Nantes,fr Ligue 1,27,1997,9,7,537,6,0,0,0,0,0,0,2,0,0,0,0,0,0
Rk,Player,Nation,Pos,Squad,Comp,Age,Born,MP,Starts,Min,90s,Gls,Ast,G+A,G-PK,PK,PKatt,CrdY,CrdR,Gls,Ast,G+A,G-PK,G+A-PK
801,Paulo Dybala,ar ARG,"FW,MF",Roma,it Serie A,30,1993,24,16,"1,417",15.7,6,3,9,3,3,3,2,0,0.38,0.19,0.57,0.19,0.38
802,Stefan Džodić,rs SRB,DF,Montpellier,fr Ligue 1,19,2005,7,2,242,2.7,0,0,0,0,0,0,2,1,0,0,0,0,0
803,Adam Dźwigała,pl POL,DF,St Pauli,de Bundesliga,28,1995,16,2,373,4.1,0,0,0,0,0,0,2,1,0,0,0,0,0
804,Aron Dønnum,no NOR,MF,Toulouse,fr Ligue 1,26,1998,32,31,"2,689",29.9,3,2,5,3,0,0,6,0,0.1,0.07,0.17,0.1,0.17
805,Enzo Ebosse,cm CMR,DF,Udinese,it Serie A,25,1999,2,0,90,1,0,0,0,0,0,0,1,0,0,0,0,0,0
806,Tyronne Ebuehi,ng NGA,DF,Empoli,it Serie A,28,1995,4,0,74,0.8,0,0,0,0,0,0,0,0,0,0,0,0,0
807,Claudio Echeverri,ar ARG,MF,Manchester City,eng Premier League,18,2006,1,0,6,0.1,0,0,0,0,0,0,0,0,0,0,0,0,0
808,Ederson,br BRA,GK,Manchester City,eng Premier League,30,1993,26,26,"2,320",25.8,0,4,4,0,0,0,4,0,0,0.16,0.16,0,0.16
809,Éderson,br BRA,MF,Atalanta,it Serie A,25,1999,37,32,"2,881",32,4,1,5,4,0,0,5,1,0.12,0.03,0.16,0.12,0.16
810,Noah Edjouma,fr FRA,MF,Toulouse,fr Ligue 1,18,2005,10,1,171,1.9,2,0,2,2,0,0,0,1,1.05,0,1.05,1.05,1.05
811,George Edmundson,eng ENG,DF,Ipswich Town,eng Premier League,26,1997,1,0,2,0,0,0,0,0,0,0,0,0,0,0,0,0,0
812,Odsonne Édouard,fr FRA,MF,Crystal Palace,eng Premier League,26,1998,2,1,115,1.3,0,0,0,0,0,0,0,0,0,0,0,0,0
813,Odsonne Édouard,fr FRA,FW,Leicester City,eng Premier League,26,1998,4,0,29,0.3,0,0,0,0,0,0,0,0,0,0,0,0,0
814,Samuel Edozie,eng ENG,"FW,MF",Southampton,eng Premier League,21,2003,2,0,65,0.7,0,0,0,0,0,0,1,0,0,0,0,0,0
815,Ronnie Edwards,eng ENG,DF,Southampton,eng Premier League,21,2003,1,0,12,0.1,0,0,0,0,0,0,0,0,0,0,0,0,0
816,Johannes Eggestein,de GER,FW,St Pauli,de Bundesliga,26,1998,27,22,"1,853",20.6,3,4,7,2,1,2,3,0,0.15,0.19,0.34,0.1,0.29
817,Maximilian Eggestein,de GER,MF,Freiburg,de Bundesliga,27,1996,33,33,"2,845",31.6,2,0,2,2,0,0,4,0,0.06,0,0.06,0.06,0.06
818,Kingsley Ehizibue,nl NED,"MF,DF",Udinese,it Serie A,29,1995,33,30,"2,498",27.8,0,1,1,0,0,0,5,0,0,0.04,0.04,0,0.04
819,Chidera Ejuke,ng NGA,"MF,FW",Sevilla,es La Liga,26,1998,25,9,966,10.7,2,1,3,2,0,0,0,0,0.19,0.09,0.28,0.19,0.28
820,Jeff Ekhator,it ITA,"FW,MF",Genoa,it Serie A,17,2006,24,6,769,8.5,1,1,2,1,0,0,1,0,0.12,0.12,0.23,0.12,0.23
821,Hugo Ekitike,fr FRA,FW,Eintracht Frankfurt,de Bundesliga,22,2002,33,31,"2,563",28.5,15,8,23,14,1,3,1,0,0.53,0.28,0.81,0.49,0.77
822,Jurgen Ekkelenkamp,nl NED,MF,Udinese,it Serie A,24,2000,34,20,"1,892",21,3,2,5,3,0,0,2,0,0.14,0.1,0.24,0.14,0.24
823,Jacques Ekomie,ga GAB,"DF,MF",Angers,fr Ligue 1,20,2003,18,7,697,7.7,0,0,0,0,0,0,1,0,0,0,0,0,0
824,Emmanuel Ekong,se SWE,FW,Empoli,it Serie A,22,2002,15,0,186,2.1,0,0,0,0,0,0,1,0,0,0,0,0,0
825,Caleb Ekuban,gh GHA,FW,Genoa,it Serie A,30,1994,18,3,555,6.2,1,3,4,1,0,0,1,0,0.16,0.49,0.65,0.16,0.65
Rk,Player,Nation,Pos,Squad,Comp,Age,Born,MP,Starts,Min,90s,Gls,Ast,G+A,G-PK,PK,PKatt,CrdY,CrdR,Gls,Ast,G+A,G-PK,G+A-PK
826,Pierre Ekwah Elimby,fr FRA,MF,Saint-Étienne,fr Ligue 1,22,2002,29,29,"2,575",28.6,1,0,1,1,0,0,3,0,0.03,0,0.03,0.03,0.03
827,Anthony Elanga,se SWE,"MF,FW",Nottingham Forest,eng Premier League,22,2002,38,31,"2,501",27.8,6,11,17,6,0,0,1,0,0.22,0.4,0.61,0.22,0.61
828,Meschak Elia,cd COD,FW,Nantes,fr Ligue 1,26,1997,8,1,170,1.9,1,0,1,1,0,0,0,0,0.53,0,0.53,0.53,0.53
829,Mikael Ellertsson,is ISL,MF,Venezia,it Serie A,22,2002,36,29,"2,470",27.4,2,2,4,2,0,0,2,0,0.07,0.07,0.15,0.07,0.15
830,Harvey Elliott,eng ENG,MF,Liverpool,eng Premier League,21,2003,18,2,371,4.1,1,2,3,1,0,0,1,0,0.24,0.49,0.73,0.24,0.73
831,Elif Elmas,mk MKD,"MF,FW",Torino,it Serie A,24,1999,13,12,"1,021",11.3,4,0,4,4,0,0,0,0,0.35,0,0.35,0.35,0.35
832,Elif Elmas,mk MKD,"FW,MF",RB Leipzig,de Bundesliga,24,1999,2,0,44,0.5,0,0,0,0,0,0,1,0,0,0,0,0,0
833,Aritz Elustondo,es ESP,DF,Real Sociedad,es La Liga,30,1994,22,16,"1,457",16.2,0,0,0,0,0,0,2,1,0,0,0,0,0
834,Nico Elvedi,ch SUI,DF,Gladbach,de Bundesliga,27,1996,25,25,"2,135",23.7,1,1,2,1,0,0,1,0,0.04,0.04,0.08,0.04,0.08
835,Adri Embarba,es ESP,"MF,FW",Rayo Vallecano,es La Liga,32,1992,35,18,"1,607",17.9,1,1,2,1,0,0,4,0,0.06,0.06,0.11,0.06,0.11
836,Breel Embolo,ch SUI,"FW,MF",Monaco,fr Ligue 1,27,1997,29,19,"1,841",20.5,6,4,10,6,0,0,5,0,0.29,0.2,0.49,0.29,0.49
837,Emanuel Emegha,nl NED,FW,Strasbourg,fr Ligue 1,21,2003,27,27,"2,293",25.5,14,3,17,14,0,0,5,0,0.55,0.12,0.67,0.55,0.67
838,Emerson,br BRA,DF,Milan,it Serie A,25,1999,17,16,"1,377",15.3,0,0,0,0,0,0,5,0,0,0,0,0,0
839,Yunus Emre Konak,tr TUR,MF,Brentford,eng Premier League,18,2006,10,0,42,0.5,0,0,0,0,0,0,0,0,0,0,0,0,0
840,Julio Enciso,py PAR,MF,Ipswich Town,eng Premier League,20,2004,13,12,869,9.7,2,3,5,2,0,0,3,0,0.21,0.31,0.52,0.21,0.52
841,Julio Enciso,py PAR,MF,Brighton,eng Premier League,20,2004,12,2,294,3.3,0,0,0,0,0,0,0,0,0,0,0,0,0
842,Wataru Endo,jp JPN,MF,Liverpool,eng Premier League,31,1993,20,1,273,3,0,0,0,0,0,0,0,0,0,0,0,0,0
843,Endrick,br BRA,FW,Real Madrid,es La Liga,18,2006,22,3,363,4,1,0,1,1,0,0,1,0,0.25,0,0.25,0.25,0.25
844,Yannik Engelhardt,de GER,"MF,DF",Como,it Serie A,23,2001,26,11,"1,164",12.9,1,1,2,1,0,0,4,0,0.08,0.08,0.15,0.08,0.15
845,Arne Engels,be BEL,FW,Augsburg,de Bundesliga,20,2003,1,1,79,0.9,0,0,0,0,0,0,1,0,0,0,0,0,0
846,Christian Eriksen,dk DEN,MF,Manchester Utd,eng Premier League,32,1992,23,11,"1,061",11.8,1,2,3,0,1,1,4,0,0.08,0.17,0.25,0,0.17
847,Martin Erlic,hr CRO,DF,Bologna,it Serie A,26,1998,8,5,334,3.7,0,0,0,0,0,0,0,0,0,0,0,0,0
848,Patrick Erras,de GER,DF,Holstein Kiel,de Bundesliga,29,1995,10,10,832,9.2,1,0,1,1,0,0,2,0,0.11,0,0.11,0.11,0.11
849,Alfonso Espino,uy URU,DF,Rayo Vallecano,es La Liga,32,1992,16,9,833,9.3,0,1,1,0,0,0,4,0,0,0.11,0.11,0,0.11
850,Sebastiano Esposito,it ITA,"FW,MF",Empoli,it Serie A,22,2002,33,27,"2,331",25.9,8,0,8,7,1,2,1,0,0.31,0,0.31,0.27,0.27
Rk,Player,Nation,Pos,Squad,Comp,Age,Born,MP,Starts,Min,90s,Gls,Ast,G+A,G-PK,PK,PKatt,CrdY,CrdR,Gls,Ast,G+A,G-PK,G+A-PK
851,Romain Esse,eng ENG,MF,Crystal Palace,eng Premier League,19,2005,7,1,138,1.5,1,1,2,1,0,0,0,0,0.65,0.65,1.3,0.65,1.3
852,Samuel Essende,cd COD,FW,Augsburg,de Bundesliga,26,1998,30,21,"1,636",18.2,7,2,9,7,0,0,4,2,0.39,0.11,0.5,0.39,0.5
853,Dario Essugo,pt POR,MF,Las Palmas,es La Liga,19,2005,27,25,"1,938",21.5,1,0,1,1,0,0,11,2,0.05,0,0.05,0.05,0.05
854,Estanis,es ESP,FW,Bologna,it Serie A,20,2003,1,0,9,0.1,0,0,0,0,0,0,0,0,0,0,0,0,0
855,Nahuel Estévez,ar ARG,MF,Parma,it Serie A,28,1995,14,7,657,7.3,0,0,0,0,0,0,3,0,0,0,0,0,0
856,Pervis Estupiñán,ec ECU,DF,Brighton,eng Premier League,26,1998,30,26,"2,402",26.7,1,1,2,1,0,0,5,0,0.04,0.04,0.07,0.04,0.07
857,Etienne Eto'o,cm CMR,FW,Rayo Vallecano,es La Liga,21,2002,2,0,40,0.4,0,0,0,0,0,0,0,0,0,0,0,0,0
858,Karl Etta Eyong,cm CMR,FW,Villarreal,es La Liga,20,2003,4,0,37,0.4,1,0,1,1,0,0,0,0,2.43,0,2.43,2.43,2.43
859,Evanilson,br BRA,FW,Bournemouth,eng Premier League,24,1999,31,28,"2,319",25.8,10,1,11,10,0,1,1,1,0.39,0.04,0.43,0.39,0.43
860,Jake Evans,eng ENG,MF,Leicester City,eng Premier League,15,2008,4,0,24,0.3,0,0,0,0,0,0,0,0,0,0,0,0,0
861,Jonny Evans,nir NIR,DF,Manchester Utd,eng Premier League,36,1988,7,3,315,3.5,0,0,0,0,0,0,1,0,0,0,0,0,0
862,Edu Expósito,es ESP,MF,Espanyol,es La Liga,27,1996,19,12,"1,045",11.6,0,2,2,0,0,0,3,0,0,0.17,0.17,0,0.17
863,Eberechi Eze,eng ENG,MF,Crystal Palace,eng Premier League,26,1998,34,31,"2,588",28.8,8,8,16,7,1,2,1,0,0.28,0.28,0.56,0.24,0.52
864,Abde Ezzalzouli,ma MAR,MF,Real Betis,es La Liga,22,2001,32,23,"1,984",22,2,2,4,2,0,1,2,0,0.09,0.09,0.18,0.09,0.18
865,Giovanni Fabbian,it ITA,MF,Bologna,it Serie A,21,2003,30,9,"1,023",11.4,3,1,4,3,0,0,2,0,0.26,0.09,0.35,0.26,0.35
866,Łukasz Fabiański,pl POL,GK,West Ham United,eng Premier League,39,1985,14,13,"1,160",12.9,0,0,0,0,0,0,2,0,0,0,0,0,0
867,Alieu Fadera,gm GAM,MF,Como,it Serie A,22,2001,28,20,"1,644",18.3,1,3,4,1,0,0,2,1,0.05,0.16,0.22,0.05,0.22
868,Wout Faes,be BEL,DF,Leicester City,eng Premier League,26,1998,34,30,"2,815",31.3,1,0,1,1,0,0,4,0,0.03,0,0.03,0.03,0.03
869,Nicolò Fagioli,it ITA,MF,Fiorentina,it Serie A,23,2001,15,10,962,10.7,1,2,3,1,0,0,0,0,0.09,0.19,0.28,0.09,0.28
870,Nicolò Fagioli,it ITA,MF,Juventus,it Serie A,23,2001,17,5,571,6.3,0,0,0,0,0,0,4,0,0,0,0,0,0
871,Romain Faivre,fr FRA,"MF,FW",Brest,fr Ligue 1,26,1998,20,10,899,10,3,2,5,2,1,1,2,0,0.3,0.2,0.5,0.2,0.4
872,Wladimiro Falcone,it ITA,GK,Lecce,it Serie A,29,1995,38,38,"3,420",38,0,0,0,0,0,0,2,0,0,0,0,0,0
873,Davide Faraoni,it ITA,"MF,DF",Hellas Verona,it Serie A,32,1991,8,3,260,2.9,0,0,0,0,0,0,1,0,0,0,0,0,0
874,Abdul Fatawu Issahaku,gh GHA,"MF,FW",Leicester City,eng Premier League,20,2004,11,6,579,6.4,0,2,2,0,0,0,0,0,0,0.31,0.31,0,0.31
875,Ansu Fati,es ESP,MF,Barcelona,es La Liga,21,2002,6,3,233,2.6,0,0,0,0,0,0,1,0,0,0,0,0,0
Rk,Player,Nation,Pos,Squad,Comp,Age,Born,MP,Starts,Min,90s,Gls,Ast,G+A,G-PK,PK,PKatt,CrdY,CrdR,Gls,Ast,G+A,G-PK,G+A-PK
876,Khalil Fayad,fr FRA,"MF,FW",Montpellier,fr Ligue 1,20,2004,20,10,"1,028",11.4,0,0,0,0,0,0,5,0,0,0,0,0,0
877,Jacopo Fazzini,it ITA,MF,Empoli,it Serie A,21,2003,20,16,"1,383",15.4,4,1,5,4,0,0,1,1,0.26,0.07,0.33,0.26,0.33
878,Nabil Fekir,fr FRA,MF,Real Betis,es La Liga,31,1993,2,2,180,2,0,1,1,0,0,0,0,0,0,0.5,0.5,0,0.5
879,Mattia Felici,it ITA,MF,Cagliari,it Serie A,23,2001,20,9,925,10.3,0,3,3,0,0,0,1,0,0,0.29,0.29,0,0.29
880,Luiz Felipe,it ITA,DF,Marseille,fr Ligue 1,27,1997,4,2,122,1.4,0,0,0,0,0,0,1,0,0,0,0,0,0
881,João Félix,pt POR,MF,Chelsea,eng Premier League,24,1999,12,3,369,4.1,1,1,2,1,0,0,2,0,0.24,0.24,0.49,0.24,0.49
882,João Félix,pt POR,MF,Milan,it Serie A,24,1999,15,8,760,8.4,2,0,2,2,0,0,3,0,0.24,0,0.24,0.24,0.24
883,Frank Feller,de GER,GK,Heidenheim,de Bundesliga,20,2004,2,1,121,1.3,0,0,0,0,0,0,0,0,0,0,0,0,0
884,Kiko Femenía,es ESP,DF,Villarreal,es La Liga,33,1991,28,27,"2,227",24.7,0,1,1,0,0,0,7,0,0,0.04,0.04,0,0.04
885,Evan Ferguson,ie IRL,FW,West Ham United,eng Premier League,19,2004,8,1,156,1.7,0,0,0,0,0,0,0,0,0,0,0,0,0
886,Evan Ferguson,ie IRL,FW,Brighton,eng Premier League,19,2004,13,2,246,2.7,1,0,1,1,0,0,0,0,0.37,0,0.37,0.37,0.37
887,Lewis Ferguson,sct SCO,MF,Bologna,it Serie A,24,1999,16,10,983,10.9,1,1,2,0,1,1,0,0,0.09,0.09,0.18,0,0.09
888,Zinedine Ferhat,dz ALG,MF,Angers,fr Ligue 1,31,1993,24,8,849,9.4,2,0,2,2,0,0,1,0,0.21,0,0.21,0.21,0.21
889,Bruno Fernandes,pt POR,MF,Manchester Utd,eng Premier League,29,1994,36,35,"3,018",33.5,8,10,18,5,3,3,5,2,0.24,0.3,0.54,0.15,0.45
890,Edimilson Fernandes,ch SUI,"MF,DF",Brest,fr Ligue 1,28,1996,19,12,"1,105",12.3,0,1,1,0,0,0,1,0,0,0.08,0.08,0,0.08
891,Mateus Fernandes,pt POR,MF,Southampton,eng Premier League,20,2004,36,34,"2,909",32.3,2,4,6,2,0,0,8,0,0.06,0.12,0.19,0.06,0.19
892,Aitor Fernández,es ESP,GK,Osasuna,es La Liga,33,1991,1,1,90,1,0,0,0,0,0,0,0,0,0,0,0,0,0
893,Álvaro Fernández,es ESP,GK,Sevilla,es La Liga,26,1998,9,8,747,8.3,0,0,0,0,0,0,2,0,0,0,0,0,0
894,Enzo Fernández,ar ARG,MF,Chelsea,eng Premier League,23,2001,36,32,"2,947",32.7,6,7,13,6,0,0,8,0,0.18,0.21,0.4,0.18,0.4
895,Pelayo Fernandez,es ESP,DF,Rayo Vallecano,es La Liga,21,2003,2,1,98,1.1,0,0,0,0,0,0,1,0,0,0,0,0,0
896,Roberto Férnandez,es ESP,FW,Espanyol,es La Liga,22,2002,19,18,"1,497",16.6,6,0,6,6,0,0,1,0,0.36,0,0.36,0.36,0.36
897,Valery Fernández,es ESP,MF,Mallorca,es La Liga,24,1999,18,1,309,3.4,2,0,2,2,0,0,1,0,0.58,0,0.58,0.58,0.58
898,Matias Fernandez-Pardo,be BEL,"MF,FW",Lille,fr Ligue 1,19,2005,22,12,"1,065",11.8,4,2,6,4,0,0,4,0,0.34,0.17,0.51,0.34,0.51
899,André Ferreira,pt POR,GK,Valladolid,es La Liga,28,1996,6,6,540,6,0,0,0,0,0,0,0,0,0,0,0,0,0
900,Jordan Ferri,fr FRA,MF,Montpellier,fr Ligue 1,32,1992,25,21,"1,773",19.7,0,2,2,0,0,0,6,1,0,0.1,0.1,0,0.1
Rk,Player,Nation,Pos,Squad,Comp,Age,Born,MP,Starts,Min,90s,Gls,Ast,G+A,G-PK,PK,PKatt,CrdY,CrdR,Gls,Ast,G+A,G-PK,G+A-PK
901,Daniel Fila,cz CZE,FW,Venezia,it Serie A,21,2002,10,6,492,5.5,2,0,2,2,0,0,3,1,0.37,0,0.37,0.37,0.37
902,Karol Fila,pl POL,DF,Strasbourg,fr Ligue 1,26,1998,1,0,5,0.1,0,0,0,0,0,0,1,0,0,0,0,0,0
903,Kilian Fischer,de GER,DF,Wolfsburg,de Bundesliga,23,2000,32,29,"2,297",25.5,1,0,1,1,0,0,7,0,0.04,0,0.04,0.04,0.04
904,Mark Flekken,nl NED,GK,Brentford,eng Premier League,31,1993,37,37,"3,275",36.4,0,2,2,0,0,0,1,0,0,0.05,0.05,0,0.05
905,Alessandro Florenzi,it ITA,"DF,FW",Milan,it Serie A,33,1991,1,0,5,0.1,0,0,0,0,0,0,0,0,0,0,0,0,0
906,Mateo Flores,es ESP,MF,Real Betis,es La Liga,20,2004,6,1,153,1.7,0,0,0,0,0,0,1,0,0,0,0,0,0
907,Phil Foden,eng ENG,"MF,FW",Manchester City,eng Premier League,24,2000,28,20,"1,777",19.7,7,2,9,7,0,0,2,0,0.35,0.1,0.46,0.35,0.46
908,Malick Fofana,be BEL,"FW,MF",Lyon,fr Ligue 1,19,2005,29,16,"1,589",17.7,5,4,9,5,0,0,2,0,0.28,0.23,0.51,0.28,0.51
909,Rayan Fofana,fr FRA,MF,Lens,fr Ligue 1,18,2006,2,0,25,0.3,0,0,0,0,0,0,0,0,0,0,0,0,0
910,Seko Fofana,ci CIV,MF,Rennes,fr Ligue 1,29,1995,16,9,844,9.4,1,1,2,1,0,0,3,0,0.11,0.11,0.21,0.11,0.21
911,Wesley Fofana,fr FRA,DF,Chelsea,eng Premier League,23,2000,14,14,"1,172",13,0,0,0,0,0,0,7,0,0,0,0,0,0
912,Yahia Fofana,ci CIV,GK,Angers,fr Ligue 1,23,2000,33,33,"2,970",33,0,0,0,0,0,0,4,0,0,0,0,0,0
913,Youssouf Fofana,fr FRA,MF,Milan,it Serie A,25,1999,35,29,"2,504",27.8,1,6,7,1,0,0,5,0,0.04,0.22,0.25,0.04,0.25
914,Jonas Föhrenbach,de GER,"DF,MF",Heidenheim,de Bundesliga,28,1996,27,22,"1,832",20.4,0,1,1,0,0,0,3,0,0,0.05,0.05,0,0.05
915,Michael Folorunsho,it ITA,MF,Fiorentina,it Serie A,26,1998,14,6,650,7.2,0,0,0,0,0,0,5,0,0,0,0,0,0
916,Michael Folorunsho,it ITA,"FW,MF",Napoli,it Serie A,26,1998,6,0,35,0.4,0,0,0,0,0,0,0,0,0,0,0,0,0
917,Lamine Fomba,fr FRA,MF,Saint-Étienne,fr Ligue 1,26,1998,7,3,217,2.4,0,0,0,0,0,0,2,0,0,0,0,0,0
918,Carlos Forbs,pt POR,MF,Wolves,eng Premier League,20,2004,10,1,239,2.7,0,0,0,0,0,0,2,0,0,0,0,0,0
919,Pablo Fornals,es ESP,MF,Real Betis,es La Liga,28,1996,26,22,"1,827",20.3,2,0,2,2,0,0,2,0,0.1,0,0.1,0.1,0.1
920,Omari Forson,eng ENG,FW,Monza,it Serie A,20,2004,9,1,223,2.5,0,0,0,0,0,0,0,0,0,0,0,0,0
921,Fraser Forster,eng ENG,GK,Tottenham Hotspur,eng Premier League,36,1988,7,7,630,7,0,0,0,0,0,0,0,0,0,0,0,0,0
922,Héctor Fort,es ESP,DF,Barcelona,es La Liga,17,2006,17,5,585,6.5,0,0,0,0,0,0,2,0,0,0,0,0,0
923,Dimitri Foulquier,fr FRA,DF,Valencia,es La Liga,31,1993,32,25,"2,299",25.5,0,1,1,0,0,0,6,0,0,0.04,0.04,0,0.04
924,Juan Foyth,ar ARG,DF,Villarreal,es La Liga,26,1998,19,17,"1,517",16.9,1,0,1,1,0,0,4,0,0.06,0,0.06,0.06,0.06
925,Fran,es ESP,GK,Real Madrid,es La Liga,19,2005,1,1,90,1,0,0,0,0,0,0,0,0,0,0,0,0,0
Rk,Player,Nation,Pos,Squad,Comp,Age,Born,MP,Starts,Min,90s,Gls,Ast,G+A,G-PK,PK,PKatt,CrdY,CrdR,Gls,Ast,G+A,G-PK,G+A-PK
926,Matheus França,br BRA,FW,Crystal Palace,eng Premier League,20,2004,4,0,55,0.6,1,0,1,1,0,0,0,0,1.64,0,1.64,1.64,1.64
927,Alejandro Francés,es ESP,DF,Girona,es La Liga,21,2002,18,13,"1,173",13,0,0,0,0,0,0,2,0,0,0,0,0,0
928,Przemysław Frankowski,pl POL,"MF,DF",Lens,fr Ligue 1,29,1995,18,16,"1,387",15.4,4,2,6,2,2,2,3,0,0.26,0.13,0.39,0.13,0.26
929,Enric Franquesa,es ESP,"MF,DF",Leganés,es La Liga,27,1997,12,7,616,6.8,1,0,1,1,0,0,1,0,0.15,0,0.15,0.15,0.15
930,Ryan Fraser,sct SCO,"MF,DF",Southampton,eng Premier League,30,1994,8,4,306,3.4,0,0,0,0,0,0,0,1,0,0,0,0,0
931,Davide Frattesi,it ITA,MF,Inter,it Serie A,24,1999,28,9,"1,225",13.6,5,1,6,5,0,0,1,0,0.37,0.07,0.44,0.37,0.44
932,Tyler Fredricson,eng ENG,DF,Manchester Utd,eng Premier League,19,2005,2,2,165,1.8,0,0,0,0,0,0,0,0,0,0,0,0,0
933,Morten Frendrup,dk DEN,MF,Genoa,it Serie A,23,2001,35,35,"3,103",34.5,2,0,2,2,0,0,5,0,0.06,0,0.06,0.06,0.06
934,Martin Frese,dk DEN,"DF,MF",Hellas Verona,it Serie A,26,1998,11,5,549,6.1,0,0,0,0,0,0,0,0,0,0,0,0,0
935,Remo Freuler,ch SUI,MF,Bologna,it Serie A,32,1992,37,37,"3,204",35.6,1,2,3,1,0,0,6,0,0.03,0.06,0.08,0.03,0.08
936,Marco Friedl,at AUT,DF,Werder Bremen,de Bundesliga,26,1998,26,25,"2,161",24,0,0,0,0,0,0,10,2,0,0,0,0,0
937,Marvin Friedrich,de GER,DF,Gladbach,de Bundesliga,28,1995,22,9,989,11,0,1,1,0,0,0,0,0,0,0.09,0.09,0,0.09
938,Jeremie Frimpong,nl NED,MF,Leverkusen,de Bundesliga,23,2000,33,25,"2,314",25.7,5,5,10,5,0,0,4,0,0.19,0.19,0.39,0.19,0.39
939,Jorge de Frutos,es ESP,"MF,FW",Rayo Vallecano,es La Liga,27,1997,36,30,"2,495",27.7,6,3,9,6,0,0,3,1,0.22,0.11,0.32,0.22,0.32
940,Darío Fuentes,es ESP,DF,Sevilla,es La Liga,21,2003,1,0,5,0.1,0,0,0,0,0,0,1,0,0,0,0,0,0
941,Chris Führich,de GER,MF,Stuttgart,de Bundesliga,26,1998,33,23,"1,981",22,2,3,5,2,0,0,1,0,0.09,0.14,0.23,0.09,0.23
942,Shiō Fukuda,jp JPN,FW,Gladbach,de Bundesliga,20,2004,6,0,60,0.7,1,0,1,1,0,0,0,0,1.5,0,1.5,1.5,1.5
943,Angelo Fulgini,fr FRA,MF,Lens,fr Ligue 1,27,1996,23,11,"1,045",11.6,1,1,2,1,0,0,3,0,0.09,0.09,0.17,0.09,0.17
944,Niclas Füllkrug,de GER,FW,West Ham United,eng Premier League,31,1993,18,6,790,8.8,3,2,5,3,0,0,2,0,0.34,0.23,0.57,0.34,0.57
945,Kyogo Furuhashi,jp JPN,FW,Rennes,fr Ligue 1,29,1995,6,1,123,1.4,0,0,0,0,0,0,0,0,0,0,0,0,0
946,Manuel Fuster,es ESP,"MF,FW",Las Palmas,es La Liga,26,1997,28,8,"1,003",11.1,2,1,3,2,0,0,2,0,0.18,0.09,0.27,0.18,0.27
947,Matteo Gabbia,it ITA,DF,Milan,it Serie A,24,1999,26,24,"2,152",23.9,2,0,2,2,0,0,4,0,0.08,0,0.08,0.08,0.08
948,Tommaso Gabellini,it ITA,FW,Torino,it Serie A,17,2006,1,0,10,0.1,0,0,0,0,0,0,0,0,0,0,0,0,0
949,Tiago Gabriel,pt POR,DF,Lecce,it Serie A,19,2004,2,0,96,1.1,0,0,0,0,0,0,0,0,0,0,0,0,0
950,Alessandro Gabrielloni,it ITA,FW,Como,it Serie A,30,1994,15,0,142,1.6,1,1,2,1,0,0,1,0,0.63,0.63,1.27,0.63,1.27
Rk,Player,Nation,Pos,Squad,Comp,Age,Born,MP,Starts,Min,90s,Gls,Ast,G+A,G-PK,PK,PKatt,CrdY,CrdR,Gls,Ast,G+A,G-PK,G+A-PK
951,Gianluca Gaetano,it ITA,"MF,FW",Cagliari,it Serie A,24,2000,28,8,"1,009",11.2,2,4,6,2,0,0,0,0,0.18,0.36,0.54,0.18,0.54
952,Roberto Gagliardini,it ITA,MF,Monza,it Serie A,30,1994,8,0,180,2,0,0,0,0,0,0,1,0,0,0,0,0,0
953,Cody Gakpo,nl NED,MF,Liverpool,eng Premier League,25,1999,35,23,"1,935",21.5,10,4,14,10,0,0,5,0,0.47,0.19,0.65,0.47,0.65
954,Javi Galán,es ESP,DF,Atlético Madrid,es La Liga,29,1994,25,21,"1,784",19.8,0,3,3,0,0,0,8,0,0,0.15,0.15,0,0.15
955,Iñigo Ruiz de Galarreta,es ESP,MF,Athletic Club,es La Liga,30,1993,26,18,"1,477",16.4,0,4,4,0,0,0,5,0,0,0.24,0.24,0,0.24
956,Conor Gallagher,eng ENG,MF,Atlético Madrid,es La Liga,24,2000,32,19,"1,633",18.1,3,3,6,3,0,0,2,0,0.17,0.17,0.33,0.17,0.33
957,Antonino Gallo,it ITA,DF,Lecce,it Serie A,24,2000,31,31,"2,609",29,0,2,2,0,0,0,3,1,0,0.07,0.07,0,0.07
958,Gauthier Gallon,fr FRA,GK,Rennes,fr Ligue 1,31,1993,1,0,45,0.5,0,0,0,0,0,0,0,0,0,0,0,0,0
959,Cristian Gamboa,cr CRC,MF,Bochum,de Bundesliga,34,1989,12,1,226,2.5,1,0,1,1,0,0,1,0,0.4,0,0.4,0.4,0.4
960,Idrissa Gana Gueye,sn SEN,MF,Everton,eng Premier League,34,1989,37,35,"3,063",34,0,3,3,0,0,0,9,0,0,0.09,0.09,0,0.09
961,Ignatius Ganago,cm CMR,MF,Nantes,fr Ligue 1,25,1999,11,1,241,2.7,0,0,0,0,0,0,1,0,0,0,0,0,0
962,Silvère Ganvoula M'Boussy,cg CGO,FW,Monza,it Serie A,28,1996,7,4,326,3.6,0,0,0,0,0,0,0,0,0,0,0,0,0
963,Facundo Garcés,my MAS,DF,Alavés,es La Liga,24,1999,10,7,678,7.5,0,0,0,0,0,0,2,0,0,0,0,0,0
964,Aleix García,es ESP,MF,Leverkusen,de Bundesliga,27,1997,28,17,"1,455",16.2,3,4,7,3,0,0,3,0,0.19,0.25,0.43,0.19,0.43
965,Álvaro García,es ESP,"MF,FW",Rayo Vallecano,es La Liga,31,1992,36,28,"2,559",28.4,4,5,9,4,0,0,4,0,0.14,0.18,0.32,0.14,0.32
966,Andrés García,es ESP,"DF,MF",Aston Villa,eng Premier League,21,2003,7,5,318,3.5,0,0,0,0,0,0,0,0,0,0,0,0,0
967,Eric García,es ESP,"DF,MF",Barcelona,es La Liga,23,2001,29,14,"1,566",17.4,2,3,5,2,0,0,4,0,0.11,0.17,0.29,0.11,0.29
968,Fran Garcia,es ESP,DF,Real Madrid,es La Liga,24,1999,31,24,"2,171",24.1,0,2,2,0,0,0,0,0,0,0.08,0.08,0,0.08
969,Gonzalo García,es ESP,MF,Real Madrid,es La Liga,20,2004,3,0,56,0.6,0,1,1,0,0,0,0,0,0,1.61,1.61,0,1.61
970,Joan García,es ESP,GK,Espanyol,es La Liga,23,2001,38,38,"3,420",38,0,0,0,0,0,0,2,0,0,0,0,0,0
971,Pablo Garcia,es ESP,FW,Real Betis,es La Liga,18,2006,3,0,38,0.4,0,0,0,0,0,0,0,0,0,0,0,0,0
972,Rubén García,es ESP,"FW,MF",Osasuna,es La Liga,31,1993,36,30,"2,413",26.8,5,5,10,5,0,0,2,0,0.19,0.19,0.37,0.19,0.37
973,Ulisses Garcia,ch SUI,"DF,MF",Marseille,fr Ligue 1,28,1996,20,10,930,10.3,2,2,4,2,0,0,2,0,0.19,0.19,0.39,0.19,0.39
974,Unai García,es ESP,DF,Osasuna,es La Liga,32,1992,3,1,65,0.7,0,0,0,0,0,0,0,0,0,0,0,0,0
975,Alejandro Garnacho,ar ARG,MF,Manchester Utd,eng Premier League,20,2004,36,23,"2,199",24.4,6,2,8,6,0,0,3,0,0.25,0.08,0.33,0.25,0.33
Rk,Player,Nation,Pos,Squad,Comp,Age,Born,MP,Starts,Min,90s,Gls,Ast,G+A,G-PK,PK,PKatt,CrdY,CrdR,Gls,Ast,G+A,G-PK,G+A-PK
976,James Garner,eng ENG,"MF,DF",Everton,eng Premier League,23,2001,21,17,"1,594",17.7,0,1,1,0,0,0,5,0,0,0.06,0.06,0,0.06
977,Yarek Gasiorowski,es ESP,DF,Valencia,es La Liga,19,2005,15,9,947,10.5,0,0,0,0,0,0,1,0,0,0,0,0,0
978,Federico Gatti,it ITA,DF,Juventus,it Serie A,26,1998,30,26,"2,195",24.4,1,0,1,1,0,0,2,0,0.04,0,0.04,0.04,0.04
979,Gavi,es ESP,MF,Barcelona,es La Liga,19,2004,26,14,"1,085",12.1,1,1,2,1,0,0,4,0,0.08,0.08,0.17,0.08,0.17
980,Paulo Gazzaniga,ar ARG,GK,Girona,es La Liga,32,1992,36,36,"3,195",35.5,0,0,0,0,0,0,4,0,0,0,0,0,0
981,Jean-Philippe Gbamin,ci CIV,MF,Nantes,fr Ligue 1,28,1995,14,2,216,2.4,0,0,0,0,0,0,1,0,0,0,0,0,0
982,Mory Gbane,ci CIV,"DF,MF",Reims,fr Ligue 1,23,2000,13,13,"1,125",12.5,0,1,1,0,0,0,2,0,0,0.08,0.08,0,0.08
983,Yann Gboho,fr FRA,"MF,FW",Toulouse,fr Ligue 1,23,2001,31,27,"2,333",25.9,5,4,9,5,0,0,2,0,0.19,0.15,0.35,0.19,0.35
984,David de Gea,es ESP,GK,Fiorentina,it Serie A,33,1990,35,35,"3,150",35,0,1,1,0,0,0,1,0,0,0.03,0.03,0,0.03
985,Viggo Gebel,de GER,MF,RB Leipzig,de Bundesliga,16,2007,1,0,14,0.2,0,0,0,0,0,0,0,0,0,0,0,0,0
986,Lutsharel Geertruida,nl NED,DF,RB Leipzig,de Bundesliga,24,2000,24,17,"1,557",17.3,1,0,1,1,0,0,2,0,0.06,0,0.06,0.06,0.06
987,Dennis Geiger,de GER,MF,Hoffenheim,de Bundesliga,26,1998,20,7,734,8.2,0,0,0,0,0,0,4,0,0,0,0,0,0
988,Valentin Gendrey,fr FRA,DF,Lecce,it Serie A,24,2000,2,2,180,2,0,0,0,0,0,0,0,0,0,0,0,0,0
989,Valentin Gendrey,fr FRA,"DF,MF",Hoffenheim,de Bundesliga,24,2000,22,14,"1,414",15.7,1,1,2,1,0,0,1,0,0.06,0.06,0.13,0.06,0.13
990,Denis Genreau,au AUS,MF,Toulouse,fr Ligue 1,25,1999,8,2,222,2.5,0,0,0,0,0,0,0,0,0,0,0,0,0
991,Tyrique George,eng ENG,FW,Chelsea,eng Premier League,18,2006,8,1,183,2,1,1,2,1,0,0,1,0,0.49,0.49,0.98,0.49,0.98
992,Yannick Gerhardt,de GER,"MF,DF",Wolfsburg,de Bundesliga,30,1994,29,15,"1,518",16.9,1,1,2,1,0,0,5,1,0.06,0.06,0.12,0.06,0.12
993,Max Geschwill,de GER,DF,Holstein Kiel,de Bundesliga,23,2001,19,13,"1,282",14.2,1,2,3,1,0,0,2,0,0.07,0.14,0.21,0.07,0.21
994,Daniele Ghilardi,it ITA,DF,Hellas Verona,it Serie A,21,2003,24,21,"2,029",22.5,0,0,0,0,0,0,7,1,0,0,0,0,0
995,Lautaro Gianetti,ar ARG,DF,Udinese,it Serie A,30,1993,15,11,878,9.8,1,0,1,1,0,0,4,0,0.1,0,0.1,0.1,0.1
996,Dimitris Giannoulis,gr GRE,MF,Augsburg,de Bundesliga,28,1995,31,31,"2,650",29.4,1,4,5,1,0,0,8,0,0.03,0.14,0.17,0.03,0.17
997,Morgan Gibbs-White,eng ENG,MF,Nottingham Forest,eng Premier League,24,2000,34,34,"2,803",31.1,7,8,15,7,0,0,11,1,0.22,0.26,0.48,0.22,0.48
998,Samuel Gigot,fr FRA,DF,Lazio,it Serie A,30,1993,15,7,683,7.6,2,0,2,2,0,0,2,0,0.26,0,0.26,0.26,0.26
999,Armin Gigovic,ba BIH,MF,Holstein Kiel,de Bundesliga,22,2002,31,23,"1,895",21.1,5,1,6,5,0,0,5,0,0.24,0.05,0.28,0.24,0.28
1000,Bryan Gil,es ESP,"MF,FW",Girona,es La Liga,23,2001,25,21,"1,721",19.1,3,3,6,3,0,0,4,0,0.16,0.16,0.31,0.16,0.31
Rk,Player,Nation,Pos,Squad,Comp,Age,Born,MP,Starts,Min,90s,Gls,Ast,G+A,G-PK,PK,PKatt,CrdY,CrdR,Gls,Ast,G+A,G-PK,G+A-PK
1001,Mario Gila,es ESP,DF,Lazio,it Serie A,23,2000,32,31,"2,741",30.5,1,0,1,1,0,0,8,0,0.03,0,0.03,0.03,0.03
1002,Billy Gilmour,sct SCO,MF,Brighton,eng Premier League,23,2001,2,1,98,1.1,0,0,0,0,0,0,0,0,0,0,0,0,0
1003,Billy Gilmour,sct SCO,MF,Napoli,it Serie A,23,2001,26,13,"1,177",13.1,0,1,1,0,0,0,0,0,0,0.08,0.08,0,0.08
1004,Benedikt Gimber,de GER,DF,Heidenheim,de Bundesliga,27,1997,32,32,"2,671",29.7,0,0,0,0,0,0,9,0,0,0,0,0,0
1005,Santiago Giménez,mx MEX,FW,Milan,it Serie A,23,2001,14,7,669,7.4,5,2,7,5,0,1,3,1,0.67,0.27,0.94,0.67,0.94
1006,Gvidas Gineitis,lt LTU,MF,Torino,it Serie A,20,2004,30,15,"1,430",15.9,3,1,4,3,0,0,5,0,0.19,0.06,0.25,0.19,0.25
1007,Matthias Ginter,de GER,DF,Freiburg,de Bundesliga,30,1994,32,28,"2,561",28.5,2,1,3,2,0,0,5,0,0.07,0.04,0.11,0.07,0.11
1008,Jamie Gittens,eng ENG,MF,Dortmund,de Bundesliga,19,2004,32,21,"1,776",19.7,8,3,11,8,0,0,4,0,0.41,0.15,0.56,0.41,0.56
1009,Serge Gnabry,de GER,"MF,FW",Bayern Munich,de Bundesliga,29,1995,27,13,"1,242",13.8,7,5,12,7,0,1,0,0,0.51,0.36,0.87,0.51,0.87
1010,Ben Godfrey,eng ENG,DF,Ipswich Town,eng Premier League,26,1998,3,2,159,1.8,0,0,0,0,0,0,1,0,0,0,0,0,0
1011,Ben Godfrey,eng ENG,"DF,MF",Atalanta,it Serie A,26,1998,1,0,23,0.3,0,0,0,0,0,0,0,0,0,0,0,0,0
1012,Martial Godo,eng ENG,"FW,MF",Fulham,eng Premier League,21,2003,2,0,24,0.3,0,0,0,0,0,0,0,0,0,0,0,0,0
1013,Saba Goglichidze,ge GEO,DF,Empoli,it Serie A,20,2004,33,29,"2,539",28.2,0,1,1,0,0,0,3,1,0,0.04,0.04,0,0.04
1014,Edoardo Goldaniga,it ITA,DF,Como,it Serie A,30,1993,32,28,"2,532",28.1,1,0,1,1,0,0,12,1,0.04,0,0.04,0.04,0.04
1015,Michael Golding,eng ENG,MF,Leicester City,eng Premier League,18,2006,1,0,1,0,0,0,0,0,0,0,0,0,0,0,0,0,0
1016,Pierluigi Gollini,it ITA,GK,Genoa,it Serie A,29,1995,7,7,630,7,0,0,0,0,0,0,1,0,0,0,0,0,0
1017,Aleksandr Golovin,ru RUS,MF,Monaco,fr Ligue 1,28,1996,19,13,"1,153",12.8,3,0,3,3,0,0,1,0,0.23,0,0.23,0.23,0.23
1018,André Gomes,pt POR,MF,Lille,fr Ligue 1,31,1993,20,16,"1,276",14.2,0,0,0,0,0,0,3,0,0,0,0,0,0
1019,Angel Gomes,eng ENG,MF,Lille,fr Ligue 1,23,2000,14,10,736,8.2,1,1,2,1,0,1,1,0,0.12,0.12,0.24,0.12,0.24
1020,João Gomes,br BRA,MF,Wolves,eng Premier League,23,2001,36,35,"2,974",33,3,1,4,3,0,0,11,1,0.09,0.03,0.12,0.09,0.12
1021,Rodrigo Gomes,pt POR,MF,Wolves,eng Premier League,21,2003,25,7,810,9,2,0,2,2,0,0,0,0,0.22,0,0.22,0.22,0.22
1022,Toti Gomes,pt POR,DF,Wolves,eng Premier League,25,1999,31,30,"2,614",29,0,1,1,0,0,0,7,0,0,0.03,0.03,0,0.03
1023,Carlos Gómez,co COL,MF,Rennes,fr Ligue 1,21,2002,17,2,381,4.2,3,0,3,3,0,0,1,0,0.71,0,0.71,0.71,0.71
1024,Dani Gómez,es ESP,FW,Valencia,es La Liga,26,1998,14,5,532,5.9,2,0,2,2,0,0,0,0,0.34,0,0.34,0.34,0.34
1025,Diego Gómez,py PAR,MF,Brighton,eng Premier League,21,2003,16,4,516,5.7,1,0,1,1,0,0,0,0,0.17,0,0.17,0.17,0.17
Rk,Player,Nation,Pos,Squad,Comp,Age,Born,MP,Starts,Min,90s,Gls,Ast,G+A,G-PK,PK,PKatt,CrdY,CrdR,Gls,Ast,G+A,G-PK,G+A-PK
1026,Joe Gomez,eng ENG,DF,Liverpool,eng Premier League,27,1997,9,6,519,5.8,0,0,0,0,0,0,1,0,0,0,0,0,0
1027,Moi Gómez,es ESP,"MF,FW",Osasuna,es La Liga,30,1994,26,6,796,8.8,0,0,0,0,0,0,1,0,0,0,0,0,0
1028,Sergi Gómez,es ESP,DF,Espanyol,es La Liga,32,1992,12,6,664,7.4,0,0,0,0,0,0,1,0,0,0,0,0,0
1029,Sergio Gómez,es ESP,MF,Real Sociedad,es La Liga,23,2000,37,31,"2,738",30.4,2,5,7,2,0,0,4,0,0.07,0.16,0.23,0.07,0.23
1030,Unai Gómez,es ESP,"MF,FW",Athletic Club,es La Liga,21,2003,32,14,"1,284",14.3,1,3,4,1,0,0,1,0,0.07,0.21,0.28,0.07,0.28
1031,Tidiam Gomis,fr FRA,FW,RB Leipzig,de Bundesliga,17,2006,8,1,152,1.7,0,1,1,0,0,0,2,0,0,0.59,0.59,0,0.59
1032,Fabio González,es ESP,MF,Las Palmas,es La Liga,27,1997,2,0,53,0.6,0,0,0,0,0,0,0,0,0,0,0,0,0
1033,Nicolás González,es ESP,MF,Manchester City,eng Premier League,22,2002,11,9,760,8.4,1,0,1,1,0,0,3,0,0.12,0,0.12,0.12,0.12
1034,Nicolás González,ar ARG,"MF,FW",Juventus,it Serie A,26,1998,26,23,"1,750",19.4,3,2,5,3,0,0,3,0,0.15,0.1,0.26,0.15,0.26
1035,Peter González,do DOM,MF,Getafe,es La Liga,22,2002,17,2,477,5.3,0,0,0,0,0,0,1,0,0,0,0,0,0
1036,Urko González,es ESP,MF,Espanyol,es La Liga,23,2001,17,16,"1,374",15.3,0,2,2,0,0,0,2,0,0,0.13,0.13,0,0.13
1037,Urko González,es ESP,MF,Real Sociedad,es La Liga,23,2001,1,1,45,0.5,0,0,0,0,0,0,1,0,0,0,0,0,0
1038,Anthony Gordon,eng ENG,"FW,MF",Newcastle United,eng Premier League,23,2001,34,28,"2,434",27,6,5,11,5,1,2,2,0,0.22,0.18,0.41,0.18,0.37
1039,Leon Goretzka,de GER,MF,Bayern Munich,de Bundesliga,29,1995,26,13,"1,325",14.7,4,1,5,4,0,0,2,0,0.27,0.07,0.34,0.27,0.34
1040,Mathieu Gorgelin,fr FRA,GK,Le Havre,fr Ligue 1,33,1990,16,16,"1,440",16,0,0,0,0,0,0,2,0,0,0,0,0,0
1041,Andoni Gorosabel,es ESP,DF,Athletic Club,es La Liga,27,1996,20,17,"1,485",16.5,0,2,2,0,0,0,5,0,0,0.12,0.12,0,0.12
1042,Robin Gosens,de GER,"DF,MF",Fiorentina,it Serie A,30,1994,32,29,"2,521",28,5,5,10,5,0,0,6,0,0.18,0.18,0.36,0.18,0.36
1043,Robin Gosens,de GER,MF,Union Berlin,de Bundesliga,30,1994,1,1,90,1,0,0,0,0,0,0,1,0,0,0,0,0,0
1044,Mario Götze,de GER,MF,Eintracht Frankfurt,de Bundesliga,32,1992,24,18,"1,542",17.1,3,2,5,3,0,0,1,0,0.18,0.12,0.29,0.18,0.29
1045,Amine Gouiri,dz ALG,FW,Marseille,fr Ligue 1,24,2000,14,12,"1,048",11.6,10,3,13,10,0,0,0,0,0.86,0.26,1.12,0.86,1.12
1046,Amine Gouiri,dz ALG,"MF,FW",Rennes,fr Ligue 1,24,2000,19,11,"1,037",11.5,3,2,5,3,0,0,2,0,0.26,0.17,0.43,0.26,0.43
1047,Lucas Gourna-Douath,fr FRA,MF,Roma,it Serie A,20,2003,6,2,229,2.5,0,0,0,0,0,0,2,0,0,0,0,0,0
1048,Jeffrey Gouweleeuw,nl NED,DF,Augsburg,de Bundesliga,33,1991,33,33,"2,944",32.7,1,4,5,1,0,1,9,0,0.03,0.12,0.15,0.03,0.15
1049,Kamil Grabara,pl POL,GK,Wolfsburg,de Bundesliga,25,1999,29,29,"2,585",28.7,0,0,0,0,0,0,2,0,0,0,0,0,0
1050,Jonathan Gradit,fr FRA,DF,Lens,fr Ligue 1,31,1992,25,24,"2,112",23.5,0,0,0,0,0,0,4,0,0,0,0,0,0
Rk,Player,Nation,Pos,Squad,Comp,Age,Born,MP,Starts,Min,90s,Gls,Ast,G+A,G-PK,PK,PKatt,CrdY,CrdR,Gls,Ast,G+A,G-PK,G+A-PK
1051,José Gragera,es ESP,MF,Espanyol,es La Liga,23,2000,10,7,569,6.3,0,0,0,0,0,0,0,0,0,0,0,0,0
1052,Samuel Grandsir,fr FRA,"FW,MF",Le Havre,fr Ligue 1,27,1996,6,0,84,0.9,0,0,0,0,0,0,0,0,0,0,0,0,0
1053,Alberto Grassi,it ITA,MF,Empoli,it Serie A,29,1995,28,27,"2,203",24.5,1,0,1,1,0,0,8,0,0.04,0,0.04,0.04,0.04
1054,Ryan Gravenberch,nl NED,MF,Liverpool,eng Premier League,22,2002,37,37,"3,160",35.1,0,4,4,0,0,0,6,1,0,0.11,0.11,0,0.11
1055,Archie Gray,eng ENG,"DF,MF",Tottenham Hotspur,eng Premier League,18,2006,28,19,"1,751",19.5,0,0,0,0,0,0,1,0,0,0,0,0,0
1056,Jack Grealish,eng ENG,"MF,FW",Manchester City,eng Premier League,28,1995,20,7,721,8,1,1,2,1,0,0,3,0,0.12,0.12,0.25,0.12,0.25
1057,Jacob Greaves,eng ENG,DF,Ipswich Town,eng Premier League,23,2000,25,25,"2,205",24.5,1,0,1,1,0,0,5,0,0.04,0,0.04,0.04,0.04
1058,Mason Greenwood,eng ENG,"MF,FW",Marseille,fr Ligue 1,22,2001,34,32,"2,804",31.2,21,5,26,14,7,9,3,0,0.67,0.16,0.83,0.45,0.61
1059,Michael Gregoritsch,at AUT,FW,Freiburg,de Bundesliga,30,1994,20,5,639,7.1,2,1,3,2,0,0,2,0,0.28,0.14,0.42,0.28,0.42
1060,Dominik Greif,sk SVK,GK,Mallorca,es La Liga,27,1997,31,31,"2,790",31,0,0,0,0,0,0,1,0,0,0,0,0,0
1061,Antoine Griezmann,fr FRA,"FW,MF",Atlético Madrid,es La Liga,33,1991,38,29,"2,469",27.4,8,7,15,7,1,2,2,0,0.29,0.26,0.55,0.26,0.51
1062,Vincenzo Grifo,it ITA,MF,Freiburg,de Bundesliga,31,1993,34,31,"2,432",27,8,11,19,8,0,3,2,0,0.3,0.41,0.7,0.3,0.7
1063,Florian Grillitsch,at AUT,MF,Valladolid,es La Liga,28,1995,13,7,623,6.9,0,0,0,0,0,0,1,0,0,0,0,0,0
1064,Florian Grillitsch,at AUT,"MF,DF",Hoffenheim,de Bundesliga,28,1995,8,8,601,6.7,0,0,0,0,0,0,1,0,0,0,0,0,0
1065,Álex Grimaldo,es ESP,MF,Leverkusen,de Bundesliga,28,1995,32,31,"2,636",29.3,2,7,9,2,0,0,6,1,0.07,0.24,0.31,0.07,0.31
1066,Pascal Groß,de GER,"MF,DF",Dortmund,de Bundesliga,33,1991,30,28,"2,327",25.9,0,9,9,0,0,0,5,1,0,0.35,0.35,0,0.35
1067,Brajan Gruda,de GER,"MF,FW",Brighton,eng Premier League,20,2004,21,8,687,7.6,1,4,5,1,0,0,0,0,0.13,0.52,0.66,0.13,0.66
1068,Marco Grüll,at AUT,"FW,MF",Werder Bremen,de Bundesliga,26,1998,30,13,"1,181",13.1,6,1,7,6,0,0,1,0,0.46,0.08,0.53,0.46,0.53
1069,Albert Grønbaek,dk DEN,"MF,FW",Southampton,eng Premier League,23,2001,4,2,143,1.6,0,0,0,0,0,0,0,0,0,0,0,0,0
1070,Albert Grønbaek,dk DEN,"MF,FW",Rennes,fr Ligue 1,23,2001,16,9,813,9,2,1,3,2,0,0,1,0,0.22,0.11,0.33,0.22,0.33
1071,Vicente Guaita,es ESP,GK,Celta Vigo,es La Liga,37,1987,34,34,"3,060",34,0,0,0,0,0,0,0,0,0,0,0,0,0
1072,Sergi Guardiola,es ESP,FW,Rayo Vallecano,es La Liga,33,1991,16,1,362,4,0,0,0,0,0,0,1,0,0,0,0,0,0
1073,Nemanja Gudelj,rs SRB,"MF,DF",Sevilla,es La Liga,32,1991,31,27,"2,493",27.7,1,1,2,0,1,1,6,0,0.04,0.04,0.07,0,0.04
1074,Gabriel Gudmundsson,se SWE,"DF,MF",Lille,fr Ligue 1,25,1999,30,20,"1,785",19.8,2,0,2,2,0,0,3,0,0.1,0,0.1,0.1,0.1
1075,Gonçalo Guedes,pt POR,"MF,FW",Wolves,eng Premier League,27,1996,29,10,995,11.1,2,4,6,2,0,0,1,0,0.18,0.36,0.54,0.18,0.54
Rk,Player,Nation,Pos,Squad,Comp,Age,Born,MP,Starts,Min,90s,Gls,Ast,G+A,G-PK,PK,PKatt,CrdY,CrdR,Gls,Ast,G+A,G-PK,G+A-PK
1076,Axel Gueguin,fr FRA,FW,Montpellier,fr Ligue 1,19,2005,1,0,23,0.3,0,0,0,0,0,0,0,0,0,0,0,0,0
1077,Marc Guéhi,eng ENG,DF,Crystal Palace,eng Premier League,24,2000,34,34,"3,059",34,3,2,5,3,0,0,9,1,0.09,0.06,0.15,0.09,0.15
1078,Mattéo Guendouzi,fr FRA,MF,Lazio,it Serie A,25,1999,37,37,"3,270",36.3,1,3,4,1,0,0,7,0,0.03,0.08,0.11,0.03,0.11
1079,Javier Guerra,es ESP,MF,Valencia,es La Liga,21,2003,36,31,"2,581",28.7,3,3,6,3,0,0,5,0,0.1,0.1,0.21,0.1,0.21
1080,Raphaël Guerreiro,pt POR,"DF,MF",Bayern Munich,de Bundesliga,30,1993,23,19,"1,572",17.5,4,4,8,4,0,0,2,0,0.23,0.23,0.46,0.23,0.46
1081,Evann Guessand,ci CIV,"MF,FW",Nice,fr Ligue 1,23,2001,33,30,"2,565",28.5,12,8,20,12,0,0,2,0,0.42,0.28,0.7,0.42,0.7
1082,Ander Guevara,es ESP,MF,Alavés,es La Liga,27,1997,33,20,"1,947",21.6,0,1,1,0,0,0,3,0,0,0.05,0.05,0,0.05
1083,Pape Gueye,sn SEN,"MF,FW",Villarreal,es La Liga,25,1999,34,26,"2,224",24.7,4,0,4,4,0,0,6,2,0.16,0,0.16,0.16,0.16
1084,Morgan Guilavogui,gn GUI,"FW,MF",St Pauli,de Bundesliga,26,1998,25,21,"1,807",20.1,6,2,8,6,0,0,6,0,0.3,0.1,0.4,0.3,0.4
1085,Frederic Guilbert,fr FRA,DF,Lecce,it Serie A,29,1994,31,31,"2,435",27.1,0,1,1,0,0,0,3,2,0,0.04,0.04,0,0.04
1086,Luis Guilherme,br BRA,MF,West Ham United,eng Premier League,18,2006,12,1,150,1.7,0,0,0,0,0,0,0,0,0,0,0,0,0
1087,Hugo Guillamón,es ESP,MF,Valencia,es La Liga,24,2000,12,4,364,4,0,0,0,0,0,0,2,0,0,0,0,0,0
1088,Bruno Guimarães,br BRA,MF,Newcastle United,eng Premier League,26,1997,38,38,"3,271",36.3,5,6,11,5,0,0,7,0,0.14,0.17,0.3,0.14,0.3
1089,Carlos Guirao,es ESP,MF,Real Betis,es La Liga,21,2003,2,2,110,1.2,0,0,0,0,0,0,0,0,0,0,0,0,0
1090,Bahereba Guirassy,fr FRA,MF,Nantes,fr Ligue 1,17,2006,19,2,348,3.9,2,0,2,2,0,0,0,0,0.52,0,0.52,0.52,0.52
1091,Serhou Guirassy,gn GUI,FW,Dortmund,de Bundesliga,28,1996,30,29,"2,598",28.9,21,4,25,18,3,4,4,0,0.73,0.14,0.87,0.62,0.76
1092,Marc Guiu,es ESP,FW,Chelsea,eng Premier League,18,2006,3,0,73,0.8,0,0,0,0,0,0,0,0,0,0,0,0,0
1093,Péter Gulácsi,hu HUN,GK,RB Leipzig,de Bundesliga,34,1990,30,30,"2,631",29.2,0,0,0,0,0,0,0,0,0,0,0,0,0
1094,Arda Güler,tr TUR,"MF,FW",Real Madrid,es La Liga,19,2005,28,14,"1,250",13.9,3,4,7,3,0,0,1,0,0.22,0.29,0.5,0.22,0.5
1095,Gerard Gumbau,es ESP,MF,Rayo Vallecano,es La Liga,29,1994,22,7,849,9.4,0,1,1,0,0,0,4,0,0,0.11,0.11,0,0.11
1096,Robert Gumny,pl POL,MF,Augsburg,de Bundesliga,26,1998,7,2,271,3,0,0,0,0,0,0,2,0,0,0,0,0,0
1097,İlkay Gündoğan,de GER,MF,Manchester City,eng Premier League,33,1990,33,25,"2,223",24.7,1,6,7,1,0,0,1,0,0.04,0.24,0.28,0.04,0.28
1098,Christian Günter,de GER,DF,Freiburg,de Bundesliga,31,1993,29,27,"2,314",25.7,2,2,4,2,0,0,0,0,0.08,0.08,0.16,0.08,0.16
1099,Jon Guridi,es ESP,MF,Alavés,es La Liga,29,1995,33,27,"2,080",23.1,3,1,4,2,1,1,6,0,0.13,0.04,0.17,0.09,0.13
1100,Gorka Guruzeta,es ESP,FW,Athletic Club,es La Liga,27,1996,36,21,"1,840",20.4,7,2,9,7,0,0,2,0,0.34,0.1,0.44,0.34,0.44
Rk,Player,Nation,Pos,Squad,Comp,Age,Born,MP,Starts,Min,90s,Gls,Ast,G+A,G-PK,PK,PKatt,CrdY,CrdR,Gls,Ast,G+A,G-PK,G+A-PK
1101,Malo Gusto,fr FRA,DF,Chelsea,eng Premier League,21,2003,32,19,"1,862",20.7,0,1,1,0,0,0,4,0,0,0.05,0.05,0,0.05
1102,Miguel Gutiérrez,es ESP,"DF,MF",Girona,es La Liga,23,2001,29,29,"2,458",27.3,1,5,6,1,0,0,4,0,0.04,0.18,0.22,0.04,0.22
1103,Albert Guðmundsson,is ISL,"FW,MF",Fiorentina,it Serie A,27,1997,24,16,"1,273",14.1,6,1,7,4,2,2,2,0,0.42,0.07,0.49,0.28,0.35
1104,Joško Gvardiol,hr CRO,DF,Manchester City,eng Premier League,22,2002,37,36,"3,277",36.4,5,0,5,5,0,0,2,0,0.14,0,0.14,0.14,0.14
1105,Emmanuel Gyasi,gh GHA,MF,Empoli,it Serie A,30,1994,37,37,"3,217",35.7,2,1,3,2,0,0,5,0,0.06,0.03,0.08,0.06,0.08
1106,Christian Gytkjær,dk DEN,FW,Venezia,it Serie A,34,1990,29,6,754,8.4,2,1,3,1,1,1,0,0,0.24,0.12,0.36,0.12,0.24
1107,Erling Haaland,no NOR,FW,Manchester City,eng Premier League,24,2000,31,31,"2,736",30.4,22,3,25,19,3,4,2,0,0.72,0.1,0.82,0.62,0.72
1108,Nicolas Haas,ch SUI,MF,Empoli,it Serie A,28,1996,10,2,287,3.2,0,0,0,0,0,0,1,0,0,0,0,0,0
1109,Janik Haberer,de GER,MF,Union Berlin,de Bundesliga,30,1994,28,21,"1,696",18.8,0,0,0,0,0,0,1,0,0,0,0,0,0
1110,Robin Hack,de GER,MF,Gladbach,de Bundesliga,25,1998,33,27,"2,172",24.1,4,7,11,4,0,0,4,0,0.17,0.29,0.46,0.17,0.46
1111,Saad El Haddad,ma MAR,MF,Venezia,it Serie A,19,2005,3,0,30,0.3,0,0,0,0,0,0,0,0,0,0,0,0,0
1112,Munir El Haddadi,ma MAR,"MF,FW",Leganés,es La Liga,28,1995,25,10,862,9.6,4,0,4,4,0,0,1,1,0.42,0,0.42,0.42,0.42
1113,Amadou Haidara,ml MLI,MF,RB Leipzig,de Bundesliga,26,1998,28,16,"1,320",14.7,0,1,1,0,0,0,7,0,0,0.07,0.07,0,0.07
1114,Massadio Haïdara,ml MLI,DF,Brest,fr Ligue 1,31,1992,22,20,"1,678",18.6,0,0,0,0,0,0,3,2,0,0,0,0,0
1115,Antoine Hainaut,fr FRA,"DF,MF",Parma,it Serie A,22,2002,25,10,"1,206",13.4,2,0,2,2,0,0,4,0,0.15,0,0.15,0.15,0.15
1116,Mohamed Haj,tn TUN,MF,Parma,it Serie A,19,2005,15,3,453,5,1,2,3,1,0,0,4,0,0.2,0.4,0.6,0.2,0.6
1117,Achraf Hakimi,ma MAR,DF,Paris Saint-Germain,fr Ligue 1,25,1998,25,24,"2,066",23,4,6,10,4,0,0,4,0,0.17,0.26,0.44,0.17,0.44
1118,Lewis Hall,eng ENG,DF,Newcastle United,eng Premier League,19,2004,27,24,"2,189",24.3,0,4,4,0,0,0,3,0,0,0.16,0.16,0,0.16
1119,Sébastien Haller,ci CIV,FW,Leganés,es La Liga,30,1994,8,5,404,4.5,0,0,0,0,0,0,0,0,0,0,0,0,0
1120,Ali Al Hamadi,iq IRQ,FW,Ipswich Town,eng Premier League,22,2002,11,0,134,1.5,0,0,0,0,0,0,3,0,0,0,0,0,0
1121,Andreas Hanche-Olsen,no NOR,DF,Mainz 05,de Bundesliga,27,1997,22,12,"1,284",14.3,1,1,2,1,0,0,4,1,0.07,0.07,0.14,0.07,0.14
1122,Florent Hanin,dz ALG,DF,Angers,fr Ligue 1,34,1990,33,31,"2,672",29.7,1,2,3,1,0,0,2,0,0.03,0.07,0.1,0.03,0.1
1123,Ridgeciano Haps,sr SUR,"MF,DF",Venezia,it Serie A,31,1993,25,14,"1,369",15.2,1,1,2,1,0,0,3,0,0.07,0.07,0.13,0.07,0.13
1124,Hákon Haraldsson,is ISL,MF,Lille,fr Ligue 1,21,2003,25,21,"1,755",19.5,5,3,8,5,0,0,3,0,0.26,0.15,0.41,0.26,0.41
1125,Amine Harit,ma MAR,MF,Marseille,fr Ligue 1,27,1997,13,8,519,5.8,2,4,6,2,0,0,1,1,0.35,0.69,1.04,0.35,1.04
Rk,Player,Nation,Pos,Squad,Comp,Age,Born,MP,Starts,Min,90s,Gls,Ast,G+A,G-PK,PK,PKatt,CrdY,CrdR,Gls,Ast,G+A,G-PK,G+A-PK
1126,Marcus Harness,eng ENG,"FW,MF",Ipswich Town,eng Premier League,28,1996,2,0,45,0.5,0,0,0,0,0,0,0,0,0,0,0,0,0
1127,Phil Harres,de GER,FW,Holstein Kiel,de Bundesliga,22,2002,26,17,"1,544",17.2,8,1,9,8,0,0,3,0,0.47,0.06,0.52,0.47,0.52
1128,Jack Harrison,eng ENG,"MF,FW",Everton,eng Premier League,27,1996,34,24,"2,076",23.1,1,0,1,1,0,0,0,0,0.04,0,0.04,0.04,0.04
1129,Abdou Harroui,nl NED,"MF,FW",Hellas Verona,it Serie A,26,1998,10,5,463,5.1,1,2,3,1,0,0,1,0,0.19,0.39,0.58,0.19,0.58
1130,Taylor Harwood-Bellis,eng ENG,DF,Southampton,eng Premier League,22,2002,34,32,"2,825",31.4,1,0,1,1,0,0,9,0,0.03,0,0.03,0.03,0.03
1131,Hans Hateboer,nl NED,"DF,MF",Rennes,fr Ligue 1,30,1994,26,18,"1,684",18.7,0,0,0,0,0,0,3,0,0,0,0,0,0
1132,Kjetil Haug,no NOR,GK,Toulouse,fr Ligue 1,26,1998,6,5,498,5.5,0,0,0,0,0,0,0,0,0,0,0,0,0
1133,Kai Havertz,de GER,FW,Arsenal,eng Premier League,25,1999,23,21,"1,875",20.8,9,3,12,9,0,0,5,0,0.43,0.14,0.58,0.43,0.58
1134,Ayden Heaven,eng ENG,DF,Manchester Utd,eng Premier League,17,2006,4,2,170,1.9,0,0,0,0,0,0,1,0,0,0,0,0,0
1135,Jan Paul van Hecke,nl NED,DF,Brighton,eng Premier League,24,2000,34,33,"2,958",32.9,1,1,2,1,0,0,8,1,0.03,0.03,0.06,0.03,0.06
1136,Hwang Hee-chan,kr KOR,"MF,FW",Wolves,eng Premier League,28,1996,21,5,661,7.3,2,0,2,2,0,0,0,0,0.27,0,0.27,0.27,0.27
1137,Dean Henderson,eng ENG,GK,Crystal Palace,eng Premier League,27,1997,38,38,"3,420",38,0,0,0,0,0,0,3,0,0,0,0,0,0
1138,Liam Henderson,sct SCO,MF,Empoli,it Serie A,28,1996,36,27,"2,337",26,0,4,4,0,0,0,10,0,0,0.15,0.15,0,0.15
1139,Ramon Hendriks,nl NED,DF,Stuttgart,de Bundesliga,23,2001,25,10,"1,154",12.8,0,1,1,0,0,0,3,0,0,0.08,0.08,0,0.08
1140,Paul Hennrich,de GER,MF,Hoffenheim,de Bundesliga,19,2005,1,0,12,0.1,0,0,0,0,0,0,0,0,0,0,0,0,0
1141,Benjamin Henrichs,de GER,"DF,MF",RB Leipzig,de Bundesliga,27,1997,15,10,935,10.4,0,2,2,0,0,0,3,0,0,0.19,0.19,0,0.19
1142,Henrique,br BRA,DF,Valladolid,es La Liga,30,1994,5,4,352,3.9,0,0,0,0,0,0,0,0,0,0,0,0,0
1143,Luis Henrique,br BRA,MF,Marseille,fr Ligue 1,22,2001,33,29,"2,613",29,7,7,14,7,0,0,0,0,0.24,0.24,0.48,0.24,0.48
1144,Rico Henry,jm JAM,"DF,MF",Brentford,eng Premier League,27,1997,5,0,99,1.1,0,0,0,0,0,0,0,0,0,0,0,0,0
1145,Mads Hermansen,dk DEN,GK,Leicester City,eng Premier League,24,2000,27,27,"2,385",26.5,0,0,0,0,0,0,1,0,0,0,0,0,0
1146,Mario Hermoso,es ESP,DF,Roma,it Serie A,29,1995,8,2,251,2.8,0,0,0,0,0,0,2,1,0,0,0,0,0
1147,Mario Hermoso,es ESP,DF,Leverkusen,de Bundesliga,29,1995,4,3,293,3.3,0,0,0,0,0,0,0,0,0,0,0,0,0
1148,Javi Hernández,es ESP,DF,Leganés,es La Liga,26,1998,31,27,"2,389",26.5,2,1,3,2,0,0,6,0,0.08,0.04,0.11,0.08,0.11
1149,Aridane Hernández,es ESP,DF,Rayo Vallecano,es La Liga,35,1989,14,11,"1,025",11.4,0,0,0,0,0,0,1,0,0,0,0,0,0
1150,Lucas Hernández,fr FRA,DF,Paris Saint-Germain,fr Ligue 1,28,1996,16,10,877,9.7,0,0,0,0,0,0,2,0,0,0,0,0,0
Rk,Player,Nation,Pos,Squad,Comp,Age,Born,MP,Starts,Min,90s,Gls,Ast,G+A,G-PK,PK,PKatt,CrdY,CrdR,Gls,Ast,G+A,G-PK,G+A-PK
1151,Theo Hernández,fr FRA,"DF,MF",Milan,it Serie A,26,1997,33,30,"2,696",30,4,3,7,4,0,1,4,1,0.13,0.1,0.23,0.13,0.23
1152,Hernani,br BRA,MF,Parma,it Serie A,30,1994,25,15,"1,327",14.7,3,3,6,0,3,3,7,0,0.2,0.2,0.41,0,0.2
1153,Jorge Herrando,es ESP,DF,Osasuna,es La Liga,23,2001,18,15,"1,366",15.2,1,0,1,1,0,0,3,0,0.07,0,0.07,0.07,0.07
1154,Ander Herrera,es ESP,MF,Athletic Club,es La Liga,34,1989,8,2,273,3,0,0,0,0,0,1,2,0,0,0,0,0,0
1155,Sergio Herrera,es ESP,GK,Osasuna,es La Liga,31,1993,37,37,"3,330",37,0,0,0,0,0,0,5,0,0,0,0,0,0
1156,Yangel Herrera,ve VEN,MF,Girona,es La Liga,26,1998,29,27,"2,257",25.1,4,3,7,4,0,0,10,1,0.16,0.12,0.28,0.16,0.28
1157,Juan Herzog,es ESP,DF,Las Palmas,es La Liga,21,2003,19,15,"1,315",14.6,0,0,0,0,0,0,1,0,0,0,0,0,0
1158,Son Heung-min,kr KOR,"FW,MF",Tottenham Hotspur,eng Premier League,32,1992,30,24,"2,110",23.4,7,9,16,6,1,2,1,0,0.3,0.38,0.68,0.26,0.64
1159,Isak Hien,se SWE,DF,Atalanta,it Serie A,25,1999,30,27,"2,327",25.9,0,0,0,0,0,0,10,0,0,0,0,0,0
1160,Omar El Hilali,ma MAR,DF,Espanyol,es La Liga,20,2003,36,36,"3,153",35,0,2,2,0,0,0,11,0,0,0.06,0.06,0,0.06
1161,James Hill,eng ENG,DF,Bournemouth,eng Premier League,22,2002,10,6,448,5,0,1,1,0,0,0,1,0,0,0.2,0.2,0,0.2
1162,Piero Hincapié,ec ECU,DF,Leverkusen,de Bundesliga,22,2002,32,28,"2,670",29.7,2,2,4,2,0,0,8,0,0.07,0.07,0.13,0.07,0.13
1163,Roger Hinojo,es ESP,DF,Espanyol,es La Liga,19,2005,1,0,9,0.1,0,0,0,0,0,0,0,0,0,0,0,0,0
1164,Jack Hinshelwood,eng ENG,"MF,DF",Brighton,eng Premier League,19,2005,26,22,"1,842",20.5,5,2,7,5,0,0,5,0,0.24,0.1,0.34,0.24,0.34
1165,George Hirst,sct SCO,FW,Ipswich Town,eng Premier League,25,1999,26,5,661,7.3,3,1,4,3,0,0,3,0,0.41,0.14,0.54,0.41,0.54
1166,Adam Hložek,cz CZE,"FW,MF",Hoffenheim,de Bundesliga,22,2002,27,22,"1,871",20.8,8,4,12,8,0,0,2,0,0.38,0.19,0.58,0.38,0.58
1167,Ki-Jana Hoever,nl NED,"DF,MF",Auxerre,fr Ligue 1,22,2002,30,26,"2,124",23.6,1,2,3,1,0,0,4,1,0.04,0.08,0.13,0.04,0.13
1168,Nicolas Höfler,de GER,MF,Freiburg,de Bundesliga,34,1990,20,7,794,8.8,0,0,0,0,0,0,3,0,0,0,0,0,0
1169,Jonas Hofmann,de GER,MF,Leverkusen,de Bundesliga,32,1992,11,4,356,4,2,1,3,2,0,0,1,0,0.51,0.25,0.76,0.51,0.76
1170,Philipp Hofmann,de GER,FW,Bochum,de Bundesliga,31,1993,32,27,"2,277",25.3,3,3,6,3,0,0,4,0,0.12,0.12,0.24,0.12,0.24
1171,Lucas Höler,de GER,"FW,MF",Freiburg,de Bundesliga,30,1994,31,21,"1,867",20.7,6,4,10,6,0,1,3,0,0.29,0.19,0.48,0.29,0.48
1172,Mason Holgate,jm JAM,DF,Everton,eng Premier League,27,1996,1,0,6,0.1,0,0,0,0,0,0,0,0,0,0,0,0,0
1173,Benedict Hollerbach,de GER,"FW,MF",Union Berlin,de Bundesliga,23,2001,34,30,"2,540",28.2,9,1,10,9,0,0,3,0,0.32,0.04,0.35,0.32,0.35
1174,Emil Holm,se SWE,DF,Bologna,it Serie A,24,2000,21,12,"1,137",12.6,1,1,2,1,0,0,3,0,0.08,0.08,0.16,0.08,0.16
1175,Lewis Holtby,de GER,MF,Holstein Kiel,de Bundesliga,33,1990,25,13,"1,238",13.8,0,1,1,0,0,0,1,1,0,0.07,0.07,0,0.07
Rk,Player,Nation,Pos,Squad,Comp,Age,Born,MP,Starts,Min,90s,Gls,Ast,G+A,G-PK,PK,PKatt,CrdY,CrdR,Gls,Ast,G+A,G-PK,G+A-PK
1176,Gerrit Holtmann,ph PHI,"MF,DF",Bochum,de Bundesliga,29,1995,23,12,"1,136",12.6,2,1,3,2,0,0,2,0,0.16,0.08,0.24,0.16,0.24
1177,Franck Honorat,fr FRA,MF,Gladbach,de Bundesliga,27,1996,19,18,"1,439",16,4,7,11,4,0,0,0,0,0.25,0.44,0.69,0.25,0.69
1178,Mathias Honsak,at AUT,"MF,FW",Heidenheim,de Bundesliga,27,1996,22,12,"1,181",13.1,5,1,6,5,0,0,1,0,0.38,0.08,0.46,0.38,0.46
1179,Dinko Horkaš,hr CRO,GK,Las Palmas,es La Liga,25,1999,13,11,"1,085",12.1,0,0,0,0,0,0,1,0,0,0,0,0,0
1180,Timo Horn,de GER,GK,Bochum,de Bundesliga,31,1993,13,13,"1,170",13,0,0,0,0,0,0,2,0,0,0,0,0,0
1181,Cédric Hountondji,bj BEN,DF,Angers,fr Ligue 1,30,1994,3,3,270,3,0,0,0,0,0,0,0,0,0,0,0,0,0
1182,Ilyes Housni,fr FRA,FW,Le Havre,fr Ligue 1,19,2005,12,3,230,2.6,0,0,0,0,0,0,0,0,0,0,0,0,0
1183,Harry Howell,eng ENG,FW,Brighton,eng Premier League,15,2008,1,0,7,0.1,0,0,0,0,0,0,0,0,0,0,0,0,0
1184,Lukáš Hrádecký,fi FIN,GK,Leverkusen,de Bundesliga,34,1989,29,29,"2,610",29,0,0,0,0,0,0,1,0,0,0,0,0,0
1185,Robin Hranáč,cz CZE,DF,Hoffenheim,de Bundesliga,24,2000,4,2,219,2.4,0,0,0,0,0,0,0,0,0,0,0,0,0
1186,Callum Hudson-Odoi,eng ENG,MF,Nottingham Forest,eng Premier League,23,2000,31,25,"2,194",24.4,5,2,7,5,0,0,2,0,0.21,0.08,0.29,0.21,0.29
1187,Will Hughes,eng ENG,MF,Crystal Palace,eng Premier League,29,1995,33,24,"2,108",23.4,0,3,3,0,0,0,11,0,0,0.13,0.13,0,0.13
1188,Dean Huijsen,es ESP,DF,Bournemouth,eng Premier League,19,2005,32,26,"2,427",27,3,2,5,3,0,0,10,0,0.11,0.07,0.19,0.11,0.19
1189,Mats Hummels,de GER,DF,Roma,it Serie A,35,1988,14,11,915,10.2,0,0,0,0,0,0,1,0,0,0,0,0,0
1190,Omari Hutchinson,eng ENG,MF,Ipswich Town,eng Premier League,20,2003,31,30,"2,583",28.7,3,2,5,3,0,0,5,0,0.1,0.07,0.17,0.1,0.17
1191,Elseid Hysaj,al ALB,DF,Lazio,it Serie A,30,1994,11,4,424,4.7,0,3,3,0,0,0,2,1,0,0.64,0.64,0,0.64
1192,Hong Hyunseok,kr KOR,MF,Mainz 05,de Bundesliga,25,1999,23,4,530,5.9,0,1,1,0,0,0,0,0,0,0.17,0.17,0,0.17
1193,Pierre Højbjerg,dk DEN,MF,Marseille,fr Ligue 1,28,1995,30,30,"2,664",29.6,2,4,6,2,0,0,5,0,0.07,0.14,0.2,0.07,0.2
1194,Oscar Højlund,dk DEN,MF,Eintracht Frankfurt,de Bundesliga,19,2005,20,7,722,8,1,0,1,1,0,0,0,0,0.12,0,0.12,0.12,0.12
1195,Rasmus Højlund,dk DEN,FW,Manchester Utd,eng Premier League,21,2003,32,23,"2,004",22.3,4,0,4,4,0,0,2,0,0.18,0,0.18,0.18,0.18
1196,Pablo Ibáñez,es ESP,MF,Osasuna,es La Liga,25,1998,28,13,"1,294",14.4,1,1,2,1,0,0,4,0,0.07,0.07,0.14,0.07,0.14
1197,Hafiz Ibrahim,ng NGA,FW,Reims,fr Ligue 1,18,2005,11,2,391,4.3,0,1,1,0,0,0,2,1,0,0.23,0.23,0,0.23
1198,Arijon Ibrahimović,de GER,MF,Lazio,it Serie A,18,2005,1,0,8,0.1,0,0,0,0,0,0,0,0,0,0,0,0,0
1199,Arijon Ibrahimović,de GER,MF,Bayern Munich,de Bundesliga,18,2005,1,0,1,0,0,0,0,0,0,0,0,0,0,0,0,0,0
1200,Stanis Idumbo,be BEL,MF,Sevilla,es La Liga,19,2005,14,3,284,3.2,1,1,2,1,0,0,0,0,0.32,0.32,0.63,0.32,0.63
Rk,Player,Nation,Pos,Squad,Comp,Age,Born,MP,Starts,Min,90s,Gls,Ast,G+A,G-PK,PK,PKatt,CrdY,CrdR,Gls,Ast,G+A,G-PK,G+A-PK
1201,Jay Idzes,id IDN,DF,Venezia,it Serie A,24,2000,35,35,"3,127",34.7,1,0,1,1,0,0,5,0,0.03,0,0.03,0.03,0.03
1202,Iglesias,es ESP,"DF,MF",Getafe,es La Liga,26,1998,37,32,"2,888",32.1,0,1,1,0,0,0,4,0,0,0.03,0.03,0,0.03
1203,Borja Iglesias,es ESP,FW,Celta Vigo,es La Liga,31,1993,37,24,"1,952",21.7,11,3,14,11,0,0,2,0,0.51,0.14,0.65,0.51,0.65
1204,Igor,br BRA,DF,Brighton,eng Premier League,26,1998,13,10,961,10.7,0,0,0,0,0,0,4,0,0,0,0,0,0
1205,Kelechi Iheanacho,ng NGA,FW,Sevilla,es La Liga,27,1996,9,5,400,4.4,0,0,0,0,0,0,0,0,0,0,0,0,0
1206,Jonathan Ikone,fr FRA,"MF,FW",Como,it Serie A,26,1998,13,5,540,6,2,0,2,2,0,0,1,0,0.33,0,0.33,0.33,0.33
1207,Jonathan Ikone,fr FRA,MF,Fiorentina,it Serie A,26,1998,14,1,334,3.7,0,0,0,0,0,0,0,0,0,0,0,0,0
1208,George Ilenikhena,ng NGA,FW,Monaco,fr Ligue 1,17,2006,23,6,717,8,3,2,5,3,0,0,0,0,0.38,0.25,0.63,0.38,0.63
1209,Andrej Ilic,rs SRB,FW,Union Berlin,de Bundesliga,24,2000,16,11,937,10.4,7,0,7,6,1,1,1,0,0.67,0,0.67,0.58,0.58
1210,Ivan Ilić,rs SRB,MF,Torino,it Serie A,23,2001,19,9,920,10.2,1,0,1,1,0,0,4,0,0.1,0,0.1,0.1,0.1
1211,Rareş Ilie,ro ROU,MF,Nice,fr Ligue 1,21,2003,2,0,13,0.1,0,0,0,0,0,0,0,0,0,0,0,0,0
1212,Samuel Iling-Junior,eng ENG,MF,Bologna,it Serie A,20,2003,7,0,118,1.3,1,0,1,1,0,0,0,0,0.76,0,0.76,0.76,0.76
1213,Danny Ings,eng ENG,FW,West Ham United,eng Premier League,32,1992,15,1,284,3.2,1,2,3,1,0,0,0,0,0.32,0.63,0.95,0.32,0.95
1214,Alessio Iovine,it ITA,DF,Como,it Serie A,33,1991,10,3,387,4.3,0,0,0,0,0,0,2,0,0,0,0,0,0
1215,Tim Iroegbunam,eng ENG,MF,Everton,eng Premier League,21,2003,18,5,574,6.4,0,1,1,0,0,0,4,0,0,0.16,0.16,0,0.16
1216,Jackson Irvine,au AUS,MF,St Pauli,de Bundesliga,31,1993,29,29,"2,610",29,0,6,6,0,0,0,2,0,0,0.21,0.21,0,0.21
1217,Andy Irving,sct SCO,MF,West Ham United,eng Premier League,24,2000,10,1,166,1.8,0,0,0,0,0,0,2,0,0,0,0,0,0
1218,Alexander Isak,se SWE,FW,Newcastle United,eng Premier League,24,1999,34,34,"2,756",30.6,23,6,29,19,4,4,1,0,0.75,0.2,0.95,0.62,0.82
1219,Gustav Isaksen,dk DEN,MF,Lazio,it Serie A,23,2001,37,29,"2,210",24.6,4,2,6,4,0,0,5,0,0.16,0.08,0.24,0.16,0.24
1220,Isco,es ESP,MF,Real Betis,es La Liga,32,1992,22,17,"1,547",17.2,9,8,17,4,5,6,5,0,0.52,0.47,0.99,0.23,0.7
1221,Ismaily,br BRA,DF,Lille,fr Ligue 1,34,1990,16,10,904,10,0,1,1,0,0,0,4,0,0,0.1,0.1,0,0.1
1222,Ardian Ismajli,al ALB,DF,Empoli,it Serie A,27,1996,29,29,"2,508",27.9,0,0,0,0,0,0,3,0,0,0,0,0,0
1223,Yanis Issoufou,fr FRA,MF,Montpellier,fr Ligue 1,17,2006,4,1,77,0.9,0,0,0,0,0,0,0,0,0,0,0,0,0
1224,Ko Itakura,jp JPN,DF,Gladbach,de Bundesliga,27,1997,31,31,"2,790",31,3,0,3,3,0,0,5,0,0.1,0,0.1,0.1,0.1
1225,Hiroki Ito,jp JPN,DF,Bayern Munich,de Bundesliga,25,1999,6,3,250,2.8,1,0,1,1,0,0,1,0,0.36,0,0.36,0.36,0.36
Rk,Player,Nation,Pos,Squad,Comp,Age,Born,MP,Starts,Min,90s,Gls,Ast,G+A,G-PK,PK,PKatt,CrdY,CrdR,Gls,Ast,G+A,G-PK,G+A-PK
1226,Junya Ito,jp JPN,"MF,FW",Reims,fr Ligue 1,31,1993,33,31,"2,690",29.9,4,3,7,4,0,0,1,0,0.13,0.1,0.23,0.13,0.23
1227,Diego Iturralde,es ESP,MF,Sevilla,es La Liga,21,2003,1,1,37,0.4,0,0,0,0,0,0,0,0,0,0,0,0,0
1228,Marko Ivezić,rs SRB,DF,Holstein Kiel,de Bundesliga,22,2001,23,18,"1,657",18.4,0,0,0,0,0,0,5,0,0,0,0,0,0
1229,Alex Iwobi,ng NGA,MF,Fulham,eng Premier League,28,1996,38,35,"2,981",33.1,9,6,15,9,0,0,1,0,0.27,0.18,0.45,0.27,0.45
1230,Armando Izzo,it ITA,DF,Monza,it Serie A,32,1992,30,28,"2,435",27.1,1,1,2,1,0,0,12,0,0.04,0.04,0.07,0.04,0.07
1231,Fellipe Jack,br BRA,DF,Como,it Serie A,18,2006,7,1,171,1.9,0,0,0,0,0,0,2,0,0,0,0,0,0
1232,Nicolas Jackson,sn SEN,FW,Chelsea,eng Premier League,23,2001,30,28,"2,220",24.7,10,5,15,10,0,0,7,1,0.41,0.2,0.61,0.41,0.61
1233,Jérémy Jacquet,fr FRA,DF,Rennes,fr Ligue 1,19,2005,11,11,927,10.3,0,1,1,0,0,0,0,0,0,0.1,0.1,0,0.1
1234,Lee Jae-sung,kr KOR,MF,Mainz 05,de Bundesliga,31,1992,33,31,"2,650",29.4,7,6,13,7,0,0,4,0,0.24,0.2,0.44,0.24,0.44
1235,Ivan Jaime Pajuelo,es ESP,MF,Valencia,es La Liga,23,2000,9,2,297,3.3,0,0,0,0,0,0,0,0,0,0,0,0,0
1236,Kristijan Jakić,hr CRO,MF,Augsburg,de Bundesliga,27,1997,31,27,"2,306",25.6,0,1,1,0,0,0,2,0,0,0.04,0.04,0,0.04
1237,Karl Jakob Hein,ee EST,GK,Valladolid,es La Liga,22,2002,31,31,"2,790",31,0,0,0,0,0,0,0,0,0,0,0,0,0
1238,Ismail Jakobs,sn SEN,DF,Monaco,fr Ligue 1,24,1999,2,2,180,2,0,0,0,0,0,0,0,0,0,0,0,0,0
1239,Jordan James,wls WAL,MF,Rennes,fr Ligue 1,20,2004,23,14,"1,178",13.1,0,1,1,0,0,0,4,0,0,0.08,0.08,0,0.08
1240,Reece James,eng ENG,"DF,MF",Chelsea,eng Premier League,24,1999,19,12,"1,063",11.8,1,1,2,1,0,0,1,0,0.08,0.08,0.17,0.08,0.17
1241,Vitaly Janelt,de GER,MF,Brentford,eng Premier League,26,1998,32,27,"2,254",25,1,3,4,1,0,0,3,0,0.04,0.12,0.16,0.04,0.16
1242,Adnan Januzaj,be BEL,"MF,FW",Las Palmas,es La Liga,29,1995,18,5,598,6.6,2,1,3,2,0,0,5,0,0.3,0.15,0.45,0.3,0.45
1243,Luca Jaquez,ch SUI,DF,Stuttgart,de Bundesliga,21,2003,5,2,253,2.8,0,0,0,0,0,0,0,0,0,0,0,0,0
1244,Vitezslav Jaros,cz CZE,GK,Liverpool,eng Premier League,23,2001,1,0,12,0.1,0,0,0,0,0,0,0,0,0,0,0,0,0
1245,Ali Jasim,iq IRQ,MF,Como,it Serie A,20,2004,2,0,10,0.1,0,0,0,0,0,0,0,0,0,0,0,0,0
1246,Mikel Jauregizar,es ESP,MF,Athletic Club,es La Liga,20,2003,34,25,"2,244",24.9,2,1,3,2,0,0,4,1,0.08,0.04,0.12,0.08,0.12
1247,Dominik Javorček,sk SVK,"MF,DF",Holstein Kiel,de Bundesliga,21,2002,13,4,386,4.3,0,2,2,0,0,0,2,0,0,0.47,0.47,0,0.47
1248,Gaby Jean,fr FRA,DF,Lecce,it Serie A,24,2000,19,16,"1,388",15.4,0,0,0,0,0,0,0,0,0,0,0,0,0
1249,Daniel Jebbison,ca CAN,FW,Bournemouth,eng Premier League,20,2003,16,0,119,1.3,1,0,1,1,0,0,1,0,0.76,0,0.76,0.76,0.76
1250,Finn Jeltsch,de GER,DF,Stuttgart,de Bundesliga,18,2006,12,9,780,8.7,0,0,0,0,0,0,2,0,0,0,0,0,0
Rk,Player,Nation,Pos,Squad,Comp,Age,Born,MP,Starts,Min,90s,Gls,Ast,G+A,G-PK,PK,PKatt,CrdY,CrdR,Gls,Ast,G+A,G-PK,G+A-PK
1251,Malcolm Jeng,se SWE,DF,Reims,fr Ligue 1,19,2005,3,2,107,1.2,0,0,0,0,0,0,0,0,0,0,0,0,0
1252,Fredrik Jensen,fi FIN,"MF,FW",Augsburg,de Bundesliga,26,1997,20,9,763,8.5,0,0,0,0,0,0,0,0,0,0,0,0,0
1253,Mathias Jensen,dk DEN,MF,Brentford,eng Premier League,28,1996,24,8,862,9.6,0,2,2,0,0,0,2,0,0,0.21,0.21,0,0.21
1254,Moritz Jenz,de GER,DF,Mainz 05,de Bundesliga,25,1999,19,18,"1,600",17.8,0,0,0,0,0,0,4,0,0,0,0,0,0
1255,Gabriel Jesus,br BRA,FW,Arsenal,eng Premier League,27,1997,17,6,608,6.8,3,0,3,3,0,0,4,0,0.44,0,0.44,0.44,0.44
1256,Juan Jesus,br BRA,DF,Napoli,it Serie A,33,1991,15,12,"1,074",11.9,0,1,1,0,0,0,2,0,0,0.08,0.08,0,0.08
1257,Álex Jiménez,es ESP,"MF,DF",Milan,it Serie A,19,2005,22,14,"1,266",14.1,0,1,1,0,0,0,6,0,0,0.07,0.07,0,0.07
1258,Raúl Jiménez,mx MEX,FW,Fulham,eng Premier League,33,1991,38,30,"2,494",27.7,12,3,15,9,3,3,4,0,0.43,0.11,0.54,0.32,0.43
1259,Kim Jisoo,kr KOR,DF,Brentford,eng Premier League,19,2004,3,0,30,0.3,0,0,0,0,0,0,0,0,0,0,0,0,0
1260,João Pedro,br BRA,"FW,MF",Brighton,eng Premier League,22,2001,27,23,"1,948",21.6,10,6,16,5,5,5,4,1,0.46,0.28,0.74,0.23,0.51
1261,John Joe,ie IRL,MF,Getafe,es La Liga,20,2003,4,0,48,0.5,0,0,0,0,0,0,1,0,0,0,0,0,0
1262,John Joe,ie IRL,MF,Reims,fr Ligue 1,20,2003,13,5,545,6.1,0,0,0,0,0,0,0,0,0,0,0,0,0
1263,Joelinton,br BRA,"MF,FW",Newcastle United,eng Premier League,27,1996,29,29,"2,393",26.6,4,3,7,4,0,0,10,0,0.15,0.11,0.26,0.15,0.26
1264,Jofre,es ESP,MF,Espanyol,es La Liga,23,2001,37,26,"2,165",24.1,3,3,6,3,0,0,5,0,0.12,0.12,0.25,0.12,0.25
1265,Þórir Jóhann Helgason,is ISL,MF,Lecce,it Serie A,23,2000,21,13,"1,156",12.8,0,4,4,0,0,0,0,0,0,0.31,0.31,0,0.31
1266,Carl Johansson,se SWE,DF,Holstein Kiel,de Bundesliga,30,1994,10,7,568,6.3,0,0,0,0,0,0,0,1,0,0,0,0,0
1267,Ben Johnson,eng ENG,"MF,DF",Ipswich Town,eng Premier League,24,2000,23,14,"1,354",15,1,2,3,1,0,0,5,1,0.07,0.13,0.2,0.07,0.2
1268,Brennan Johnson,wls WAL,"FW,MF",Tottenham Hotspur,eng Premier League,23,2001,33,24,"2,177",24.2,11,3,14,11,0,0,5,0,0.45,0.12,0.58,0.45,0.58
1269,Karl-Johan Johnsson,se SWE,GK,Strasbourg,fr Ligue 1,34,1990,3,3,270,3,0,0,0,0,0,0,0,0,0,0,0,0,0
1270,Sam Johnstone,eng ENG,GK,Wolves,eng Premier League,31,1993,7,7,630,7,0,0,0,0,0,0,0,0,0,0,0,0,0
1271,Paul Joly,fr FRA,"DF,MF",Auxerre,fr Ligue 1,24,2000,26,10,"1,009",11.2,0,1,1,0,0,0,3,1,0,0.09,0.09,0,0.09
1272,Curtis Jones,eng ENG,"MF,DF",Liverpool,eng Premier League,23,2001,33,19,"1,712",19,3,3,6,3,0,0,3,1,0.16,0.16,0.32,0.16,0.32
1273,Frenkie de Jong,nl NED,MF,Barcelona,es La Liga,27,1997,26,9,"1,143",12.7,2,2,4,2,0,0,3,0,0.16,0.16,0.31,0.16,0.31
1274,Joan Jordán,es ESP,MF,Alavés,es La Liga,30,1994,25,15,"1,414",15.7,5,2,7,2,3,4,4,0,0.32,0.13,0.45,0.13,0.25
1275,Jorginho,it ITA,MF,Arsenal,eng Premier League,32,1991,15,9,704,7.8,0,0,0,0,0,0,5,0,0,0,0,0,0
Rk,Player,Nation,Pos,Squad,Comp,Age,Born,MP,Starts,Min,90s,Gls,Ast,G+A,G-PK,PK,PKatt,CrdY,CrdR,Gls,Ast,G+A,G-PK,G+A-PK
1276,Jesse Joronen,fi FIN,GK,Venezia,it Serie A,31,1993,8,7,703,7.8,0,0,0,0,0,0,0,0,0,0,0,0,0
1277,Jota,pt POR,MF,Rennes,fr Ligue 1,25,1999,9,3,334,3.7,1,0,1,1,0,0,0,0,0.27,0,0.27,0.27,0.27
1278,Diogo Jota,pt POR,FW,Liverpool,eng Premier League,27,1996,26,14,"1,196",13.3,6,3,9,6,0,0,2,0,0.45,0.23,0.68,0.45,0.68
1279,Antoine Joujou,fr FRA,"MF,FW",Le Havre,fr Ligue 1,21,2003,26,9,943,10.5,0,2,2,0,0,0,1,0,0,0.19,0.19,0,0.19
1280,Luka Jović,rs SRB,FW,Milan,it Serie A,26,1997,15,6,557,6.2,2,0,2,2,0,0,1,0,0.32,0,0.32,0.32,0.32
1281,Juanmi,es ESP,FW,Getafe,es La Liga,31,1993,13,8,696,7.7,0,0,0,0,0,0,2,0,0,0,0,0,0
1282,Juanmi,es ESP,MF,Real Betis,es La Liga,31,1993,11,2,244,2.7,0,0,0,0,0,0,2,0,0,0,0,0,0
1283,Juanpe,es ESP,DF,Girona,es La Liga,33,1991,12,8,727,8.1,0,0,0,0,0,0,2,0,0,0,0,0,0
1284,Jubal,br BRA,DF,Auxerre,fr Ligue 1,30,1993,30,30,"2,640",29.3,6,0,6,3,3,4,7,0,0.2,0,0.2,0.1,0.1
1285,Abdulai Juma Bah,sl SLE,DF,Valladolid,es La Liga,18,2006,12,10,864,9.6,0,0,0,0,0,0,1,0,0,0,0,0,0
1286,Abdulai Juma Bah,sl SLE,DF,Lens,fr Ligue 1,18,2006,10,8,686,7.6,0,0,0,0,0,0,2,0,0,0,0,0,0
1287,Anthony Jung,de GER,DF,Werder Bremen,de Bundesliga,32,1991,28,20,"1,898",21.1,0,0,0,0,0,0,1,0,0,0,0,0,0
1288,Luiz Lúcio Reis Júnior,br BRA,GK,Villarreal,es La Liga,23,2001,17,16,"1,458",16.2,0,0,0,0,0,0,2,0,0,0,0,0,0
1289,Hamed Junior Traorè,ci CIV,MF,Auxerre,fr Ligue 1,24,2000,26,26,"2,093",23.3,10,2,12,10,0,0,5,0,0.43,0.09,0.52,0.43,0.52
1290,Vinicius Júnior,br BRA,"FW,MF",Real Madrid,es La Liga,24,2000,30,24,"2,253",25,11,8,19,9,2,3,8,1,0.44,0.32,0.76,0.36,0.68
1291,Josip Juranović,hr CRO,"MF,DF",Union Berlin,de Bundesliga,28,1995,17,13,"1,159",12.9,0,1,1,0,0,0,4,0,0,0.08,0.08,0,0.08
1292,David Jurásek,cz CZE,"DF,MF",Hoffenheim,de Bundesliga,23,2000,14,6,619,6.9,0,1,1,0,0,0,0,0,0,0.15,0.15,0,0.15
1293,Stanko Jurić,hr CRO,MF,Valladolid,es La Liga,27,1996,26,19,"1,729",19.2,0,0,0,0,0,0,7,1,0,0,0,0,0
1294,James Justin,eng ENG,"DF,MF",Leicester City,eng Premier League,26,1998,36,34,"2,912",32.4,2,2,4,2,0,0,6,0,0.06,0.06,0.12,0.06,0.12
1295,Filip Jørgensen,dk DEN,GK,Chelsea,eng Premier League,22,2002,6,6,540,6,0,0,0,0,0,0,0,0,0,0,0,0,0
1296,Mohamed Kaba,fr FRA,MF,Lecce,it Serie A,22,2001,15,2,452,5,0,0,0,0,0,0,1,0,0,0,0,0,0
1297,Yusuf Kabadayı,de GER,FW,Augsburg,de Bundesliga,20,2004,5,0,71,0.8,1,0,1,1,0,0,0,0,1.27,0,1.27,1.27,1.27
1298,Almugera Kabar,de GER,DF,Dortmund,de Bundesliga,18,2006,5,1,137,1.5,0,0,0,0,0,0,2,1,0,0,0,0,0
1299,Christian Kabasele,be BEL,DF,Udinese,it Serie A,33,1991,16,12,"1,161",12.9,2,0,2,2,0,0,0,0,0.16,0,0.16,0.16,0.16
1300,Issa Kaboré,bf BFA,MF,Werder Bremen,de Bundesliga,23,2001,9,3,308,3.4,0,0,0,0,0,0,0,0,0,0,0,0,0
Rk,Player,Nation,Pos,Squad,Comp,Age,Born,MP,Starts,Min,90s,Gls,Ast,G+A,G-PK,PK,PKatt,CrdY,CrdR,Gls,Ast,G+A,G-PK,G+A-PK
1301,Yaya Kader Fofana,ml MLI,"MF,FW",Reims,fr Ligue 1,20,2004,12,8,634,7,1,1,2,1,0,0,4,0,0.14,0.14,0.28,0.14,0.28
1302,Pavel Kadeřábek,cz CZE,"MF,DF",Hoffenheim,de Bundesliga,32,1992,24,18,"1,576",17.5,2,0,2,2,0,0,6,0,0.11,0,0.11,0.11,0.11
1303,Tino Kadewere,zw ZIM,MF,Nantes,fr Ligue 1,28,1996,12,6,512,5.7,1,2,3,1,0,0,1,0,0.18,0.35,0.53,0.18,0.53
1304,Ferdi Kadioglu,tr TUR,"DF,MF",Brighton,eng Premier League,24,1999,6,5,385,4.3,1,0,1,1,0,0,1,0,0.23,0,0.23,0.23,0.23
1305,Arnaud Kalimuendo,fr FRA,FW,Rennes,fr Ligue 1,22,2002,33,31,"2,578",28.6,17,3,20,12,5,8,2,0,0.59,0.1,0.7,0.42,0.52
1306,Pierre Kalulu,fr FRA,DF,Juventus,it Serie A,24,2000,29,25,"2,337",26,1,0,1,1,0,0,2,1,0.04,0,0.04,0.04,0.04
1307,Justin-Noël Kalumba,fr FRA,FW,Angers,fr Ligue 1,19,2004,2,0,31,0.3,0,0,0,0,0,0,0,0,0,0,0,0,0
1308,Daichi Kamada,jp JPN,MF,Crystal Palace,eng Premier League,27,1996,34,15,"1,564",17.4,0,0,0,0,0,0,4,1,0,0,0,0,0
1309,Warren Kamanzi,no NOR,MF,Toulouse,fr Ligue 1,23,2000,24,11,"1,022",11.4,1,1,2,1,0,0,3,0,0.09,0.09,0.18,0.09,0.18
1310,Boubacar Kamara,fr FRA,"MF,DF",Aston Villa,eng Premier League,24,1999,26,20,"1,726",19.2,1,0,1,1,0,0,2,0,0.05,0,0.05,0.05,0.05
1311,Glen Kamara,fi FIN,MF,Rennes,fr Ligue 1,28,1995,13,8,662,7.4,0,1,1,0,0,0,0,0,0,0.14,0.14,0,0.14
1312,Hassane Kamara,ci CIV,"MF,DF",Udinese,it Serie A,30,1994,30,25,"2,001",22.2,1,4,5,1,0,0,8,1,0.04,0.18,0.22,0.04,0.22
1313,Noham Kamara,fr FRA,DF,Paris Saint-Germain,fr Ligue 1,17,2007,2,0,76,0.8,0,0,0,0,0,0,0,0,0,0,0,0,0
1314,Willy Kambwala,fr FRA,DF,Villarreal,es La Liga,19,2004,19,12,"1,117",12.4,0,0,0,0,0,0,1,1,0,0,0,0,0
1315,Jakub Kamiński,pl POL,"MF,DF",Wolfsburg,de Bundesliga,22,2002,22,12,"1,130",12.6,0,2,2,0,0,0,2,0,0,0.16,0.16,0,0.16
1316,Kevin Kampl,si SVN,MF,RB Leipzig,de Bundesliga,33,1990,26,18,"1,593",17.7,1,0,1,1,0,0,5,0,0.06,0,0.06,0.06,0.06
1317,Nordine Kandil,fr FRA,MF,Strasbourg,fr Ligue 1,22,2001,1,0,10,0.1,0,0,0,0,0,0,0,0,0,0,0,0,0
1318,Harry Kane,eng ENG,FW,Bayern Munich,de Bundesliga,31,1993,31,28,"2,381",26.5,26,9,35,17,9,9,5,0,0.98,0.34,1.32,0.64,0.98
1319,Lee Kang-in,kr KOR,"FW,MF",Paris Saint-Germain,fr Ligue 1,23,2001,30,19,"1,663",18.5,6,6,12,6,0,0,1,0,0.32,0.32,0.65,0.32,0.65
1320,Yann Karamoh,fr FRA,"MF,FW",Torino,it Serie A,26,1998,29,10,"1,046",11.6,0,1,1,0,0,0,2,0,0,0.09,0.09,0,0.09
1321,Atakan Karazor,tr TUR,MF,Stuttgart,de Bundesliga,27,1996,32,31,"2,618",29.1,2,4,6,2,0,0,10,1,0.07,0.14,0.21,0.07,0.21
1322,Jesper Karlsson,se SWE,"MF,FW",Bologna,it Serie A,26,1998,7,3,298,3.3,1,0,1,1,0,0,1,0,0.3,0,0.3,0.3,0.3
1323,Jesper Karlsson,se SWE,"MF,FW",Lecce,it Serie A,26,1998,13,6,495,5.5,1,0,1,0,1,1,2,0,0.18,0,0.18,0,0
1324,Jesper Karlström,se SWE,MF,Udinese,it Serie A,29,1995,37,36,"3,186",35.4,0,3,3,0,0,0,9,0,0,0.08,0.08,0,0.08
1325,Lior Kasa,il ISR,MF,Genoa,it Serie A,18,2005,8,2,230,2.6,0,0,0,0,0,0,2,0,0,0,0,0,0
Rk,Player,Nation,Pos,Squad,Comp,Age,Born,MP,Starts,Min,90s,Gls,Ast,G+A,G-PK,PK,PKatt,CrdY,CrdR,Gls,Ast,G+A,G-PK,G+A-PK
1326,Grigoris Kastanos,cy CYP,"MF,FW",Hellas Verona,it Serie A,26,1998,27,8,872,9.7,1,1,2,1,0,0,4,0,0.1,0.1,0.21,0.1,0.21
1327,Mikkel Kaufmann,dk DEN,"FW,MF",Heidenheim,de Bundesliga,23,2001,9,3,372,4.1,0,0,0,0,0,0,2,0,0,0,0,0,0
1328,Joachim Kayi Sanda,fr FRA,DF,Southampton,eng Premier League,17,2006,2,0,14,0.2,0,0,0,0,0,0,0,0,0,0,0,0,0
1329,Michael Kayode,it ITA,DF,Brentford,eng Premier League,20,2004,12,6,528,5.9,0,1,1,0,0,0,2,0,0,0.17,0.17,0,0.17
1330,Michael Kayode,it ITA,DF,Fiorentina,it Serie A,20,2004,5,1,127,1.4,0,0,0,0,0,0,0,0,0,0,0,0,0
1331,Moise Kean,it ITA,FW,Fiorentina,it Serie A,24,2000,32,31,"2,704",30,19,3,22,18,1,2,6,0,0.63,0.1,0.73,0.6,0.7
1332,Michael Keane,eng ENG,DF,Everton,eng Premier League,31,1993,14,11,"1,049",11.7,3,0,3,3,0,0,5,0,0.26,0,0.26,0.26,0.26
1333,Yassine Kechta,ma MAR,"MF,FW",Le Havre,fr Ligue 1,22,2002,31,25,"2,096",23.3,2,0,2,2,0,0,4,0,0.09,0,0.09,0.09,0.09
1334,Thilo Kehrer,de GER,DF,Monaco,fr Ligue 1,27,1996,27,27,"2,383",26.5,4,0,4,4,0,0,1,0,0.15,0,0.15,0.15,0.15
1335,Abdoulaye Keita,es ESP,MF,Getafe,es La Liga,21,2002,3,1,95,1.1,0,0,0,0,0,0,0,0,0,0,0,0,0
1336,Mandela Keita,be BEL,MF,Parma,it Serie A,22,2002,30,24,"1,826",20.3,0,2,2,0,0,0,6,1,0,0.1,0.1,0,0.1
1337,Yannik Keitel,de GER,MF,Stuttgart,de Bundesliga,24,2000,11,2,270,3,0,0,0,0,0,0,1,0,0,0,0,0,0
1338,Andu Kelati,de GER,MF,Holstein Kiel,de Bundesliga,21,2002,8,2,288,3.2,1,1,2,1,0,0,2,1,0.31,0.31,0.62,0.31,0.62
1339,Caoimhín Kelleher,ie IRL,GK,Liverpool,eng Premier League,25,1998,10,10,900,10,0,0,0,0,0,0,0,0,0,0,0,0,0
1340,Thomas Keller,de GER,"MF,DF",Heidenheim,de Bundesliga,24,1999,6,2,148,1.6,0,0,0,0,0,0,2,0,0,0,0,0,0
1341,Lloyd Kelly,eng ENG,DF,Newcastle United,eng Premier League,25,1998,10,4,303,3.4,0,1,1,0,0,0,2,0,0,0.3,0.3,0,0.3
1342,Lloyd Kelly,eng ENG,DF,Juventus,it Serie A,25,1998,12,11,"1,013",11.3,0,0,0,0,0,0,1,0,0,0,0,0,0
1343,Aljoscha Kemlein,de GER,MF,Union Berlin,de Bundesliga,19,2004,15,11,922,10.2,1,0,1,1,0,0,3,0,0.1,0,0.1,0.1,0.1
1344,Marc-Oliver Kempf,de GER,DF,Como,it Serie A,29,1995,31,30,"2,615",29.1,0,0,0,0,0,0,6,1,0,0,0,0,0
1345,Kenedy,br BRA,"FW,MF",Valladolid,es La Liga,28,1996,2,0,9,0.1,0,0,0,0,0,0,0,0,0,0,0,0,0
1346,Luca Kerber,de GER,MF,Heidenheim,de Bundesliga,22,2002,23,7,783,8.7,2,0,2,2,0,0,4,0,0.23,0,0.23,0.23,0.23
1347,Milos Kerkez,hu HUN,DF,Bournemouth,eng Premier League,20,2003,38,38,"3,336",37.1,2,5,7,2,0,0,4,0,0.05,0.13,0.19,0.05,0.19
1348,Reda Khadra,de GER,"FW,MF",Reims,fr Ligue 1,23,2001,4,0,78,0.9,0,0,0,0,0,0,0,0,0,0,0,0,0
1349,Bilal El Khannouss,ma MAR,MF,Leicester City,eng Premier League,20,2004,32,27,"2,182",24.2,2,3,5,2,0,0,4,0,0.08,0.12,0.21,0.08,0.21
1350,Wahbi Khazri,tn TUN,"FW,MF",Montpellier,fr Ligue 1,33,1991,30,10,"1,118",12.4,1,1,2,1,0,0,4,0,0.08,0.08,0.16,0.08,0.16
Rk,Player,Nation,Pos,Squad,Comp,Age,Born,MP,Starts,Min,90s,Gls,Ast,G+A,G-PK,PK,PKatt,CrdY,CrdR,Gls,Ast,G+A,G-PK,G+A-PK
1351,Rani Khedira,de GER,MF,Union Berlin,de Bundesliga,30,1994,32,31,"2,723",30.3,1,1,2,1,0,0,7,0,0.03,0.03,0.07,0.03,0.07
1352,Abdukodir Khusanov,uz UZB,DF,Manchester City,eng Premier League,20,2004,6,6,503,5.6,0,0,0,0,0,0,1,0,0,0,0,0,0
1353,Abdukodir Khusanov,uz UZB,DF,Lens,fr Ligue 1,20,2004,13,11,975,10.8,0,0,0,0,0,0,2,1,0,0,0,0,0
1354,Kialonda,ao ANG,DF,Lecce,it Serie A,26,1997,24,24,"2,144",23.8,0,1,1,0,0,0,3,0,0,0.04,0.04,0,0.04
1355,Kiké,es ESP,FW,Alavés,es La Liga,34,1989,35,29,"2,542",28.2,13,0,13,10,3,3,5,1,0.46,0,0.46,0.35,0.35
1356,Max Kilman,eng ENG,DF,West Ham United,eng Premier League,27,1997,38,38,"3,348",37.2,0,1,1,0,0,0,5,0,0,0.03,0.03,0,0.03
1357,Joshua Kimmich,de GER,MF,Bayern Munich,de Bundesliga,29,1995,33,32,"2,847",31.6,3,7,10,3,0,0,4,0,0.09,0.22,0.32,0.09,0.32
1358,Presnel Kimpembe,fr FRA,DF,Paris Saint-Germain,fr Ligue 1,28,1995,2,0,23,0.3,0,0,0,0,0,0,0,0,0,0,0,0,0
1359,Joshua King,eng ENG,MF,Fulham,eng Premier League,17,2007,8,1,130,1.4,0,0,0,0,0,0,0,0,0,0,0,0,0
1360,Joshua King,no NOR,"FW,MF",Toulouse,fr Ligue 1,32,1992,28,21,"1,673",18.6,6,3,9,6,0,0,2,0,0.32,0.16,0.48,0.32,0.48
1361,Tom King,wls WAL,GK,Wolves,eng Premier League,29,1995,1,0,1,0,0,0,0,0,0,0,0,0,0,0,0,0,0
1362,Antonín Kinský,cz CZE,GK,Tottenham Hotspur,eng Premier League,21,2003,6,6,540,6,0,0,0,0,0,0,0,0,0,0,0,0,0
1363,Cédric Kipré,ci CIV,DF,Reims,fr Ligue 1,27,1996,28,26,"2,190",24.3,0,1,1,0,0,0,4,2,0,0.04,0.04,0,0.04
1364,Jakub Kiwior,pl POL,DF,Arsenal,eng Premier League,24,2000,17,10,"1,122",12.5,1,0,1,1,0,0,1,0,0.08,0,0.08,0.08,0.08
1365,Tim Kleindienst,de GER,FW,Gladbach,de Bundesliga,28,1995,31,31,"2,737",30.4,16,7,23,15,1,2,5,1,0.53,0.23,0.76,0.49,0.72
1366,Lukas Klostermann,de GER,DF,RB Leipzig,de Bundesliga,28,1996,28,20,"1,838",20.4,1,0,1,1,0,0,5,0,0.05,0,0.05,0.05,0.05
1367,Justin Kluivert,nl NED,MF,Bournemouth,eng Premier League,25,1999,34,29,"2,340",26,12,6,18,6,6,6,8,0,0.46,0.23,0.69,0.23,0.46
1368,Ansgar Knauff,de GER,MF,Eintracht Frankfurt,de Bundesliga,22,2002,30,18,"1,597",17.7,4,5,9,4,0,0,3,0,0.23,0.28,0.51,0.23,0.51
1369,Magnus Knudsen,no NOR,MF,Holstein Kiel,de Bundesliga,23,2001,31,22,"1,850",20.6,0,1,1,0,0,0,7,0,0,0.05,0.05,0,0.05
1370,Gregor Kobel,ch SUI,GK,Dortmund,de Bundesliga,26,1997,32,32,"2,880",32,0,0,0,0,0,0,1,0,0,0,0,0,0
1371,Robin Koch,de GER,DF,Eintracht Frankfurt,de Bundesliga,28,1996,30,30,"2,586",28.7,3,0,3,3,0,0,3,0,0.1,0,0.1,0.1,0.1
1372,Hervé Koffi,bf BFA,GK,Lens,fr Ligue 1,27,1996,5,5,450,5,0,0,0,0,0,0,2,0,0,0,0,0,0
1373,Magnus Kofod Andersen,dk DEN,MF,Venezia,it Serie A,25,1999,14,7,695,7.7,1,1,2,1,0,0,1,0,0.13,0.13,0.26,0.13,0.26
1374,Derrick Köhn,gh GHA,"MF,DF",Werder Bremen,de Bundesliga,25,1999,27,14,"1,343",14.9,2,2,4,2,0,0,2,0,0.13,0.13,0.27,0.13,0.27
1375,Philipp Köhn,ch SUI,GK,Monaco,fr Ligue 1,26,1998,19,19,"1,710",19,0,0,0,0,0,0,1,0,0,0,0,0,0
Rk,Player,Nation,Pos,Squad,Comp,Age,Born,MP,Starts,Min,90s,Gls,Ast,G+A,G-PK,PK,PKatt,CrdY,CrdR,Gls,Ast,G+A,G-PK,G+A-PK
1376,Dominik Kohr,de GER,"DF,MF",Mainz 05,de Bundesliga,30,1994,28,28,"2,295",25.5,2,0,2,2,0,0,11,1,0.08,0,0.08,0.08,0.08
1377,Koka,eg EGY,FW,Le Havre,fr Ligue 1,31,1993,16,10,851,9.5,3,1,4,2,1,1,2,0,0.32,0.11,0.42,0.21,0.32
1378,Koke,es ESP,MF,Atlético Madrid,es La Liga,32,1992,32,20,"1,926",21.4,1,1,2,1,0,0,4,0,0.05,0.05,0.09,0.05,0.09
1379,Sead Kolašinac,ba BIH,DF,Atalanta,it Serie A,31,1993,23,23,"1,903",21.1,0,2,2,0,0,0,7,0,0,0.09,0.09,0,0.09
1380,Randal Kolo Muani,fr FRA,FW,Juventus,it Serie A,25,1998,16,13,"1,160",12.9,8,1,9,7,1,1,0,0,0.62,0.08,0.7,0.54,0.62
1381,Randal Kolo Muani,fr FRA,FW,Paris Saint-Germain,fr Ligue 1,25,1998,10,2,358,4,2,1,3,1,1,1,0,0,0.5,0.25,0.75,0.25,0.5
1382,Marco Komenda,hr CRO,DF,Holstein Kiel,de Bundesliga,27,1996,19,17,"1,307",14.5,0,0,0,0,0,0,3,0,0,0,0,0,0
1383,Mert Kömür,de GER,MF,Augsburg,de Bundesliga,19,2005,20,5,654,7.3,2,1,3,2,0,0,1,0,0.28,0.14,0.41,0.28,0.41
1384,Ibrahima Konaté,fr FRA,DF,Liverpool,eng Premier League,25,1999,31,30,"2,560",28.4,1,2,3,1,0,0,5,0,0.04,0.07,0.11,0.04,0.11
1385,Ismael Konate,it ITA,FW,Empoli,it Serie A,18,2006,12,0,116,1.3,0,1,1,0,0,0,0,0,0,0.78,0.78,0,0.78
1386,Geoffrey Kondogbia,cf CTA,"DF,MF",Marseille,fr Ligue 1,31,1993,25,22,"2,020",22.4,0,0,0,0,0,0,1,0,0,0,0,0,0
1387,Abdoul Koné,fr FRA,DF,Reims,fr Ligue 1,19,2005,4,1,133,1.5,0,0,0,0,0,0,0,0,0,0,0,0,0
1388,Amadou Koné,ml MLI,MF,Reims,fr Ligue 1,19,2005,24,17,"1,293",14.4,0,0,0,0,0,0,3,1,0,0,0,0,0
1389,Ismaël Koné,ca CAN,MF,Marseille,fr Ligue 1,22,2002,8,3,360,4,0,0,0,0,0,0,0,0,0,0,0,0,0
1390,Ismaël Koné,ca CAN,MF,Rennes,fr Ligue 1,22,2002,13,4,469,5.2,2,1,3,2,0,0,1,0,0.38,0.19,0.58,0.38,0.58
1391,Manu Koné,fr FRA,MF,Roma,it Serie A,23,2001,34,31,"2,572",28.6,2,1,3,2,0,0,6,0,0.07,0.03,0.1,0.07,0.1
1392,Ezri Konsa,eng ENG,DF,Aston Villa,eng Premier League,26,1997,34,33,"2,936",32.6,2,0,2,2,0,0,1,0,0.06,0,0.06,0.06,0.06
1393,Teun Koopmeiners,nl NED,MF,Juventus,it Serie A,26,1998,28,23,"1,994",22.2,3,3,6,3,0,0,3,0,0.14,0.14,0.27,0.14,0.27
1394,Kacper Koscierski,de GER,DF,Bochum,de Bundesliga,17,2007,1,0,7,0.1,0,0,0,0,0,0,0,0,0,0,0,0,0
1395,Odilon Kossounou,ci CIV,DF,Atalanta,it Serie A,23,2001,18,12,"1,125",12.5,0,0,0,0,0,0,1,0,0,0,0,0,0
1396,Christian Kouamé,ci CIV,"MF,FW",Fiorentina,it Serie A,26,1997,18,5,622,6.9,0,1,1,0,0,0,1,0,0,0.14,0.14,0,0.14
1397,Christian Kouamé,ci CIV,"FW,MF",Empoli,it Serie A,26,1997,8,5,507,5.6,1,0,1,1,0,0,0,0,0.18,0,0.18,0.18,0.18
1398,Henri Koudossou,de GER,MF,Augsburg,de Bundesliga,24,1999,21,4,748,8.3,0,0,0,0,0,0,1,0,0,0,0,0,0
1399,Konstantinos Koulierakis,gr GRE,DF,Wolfsburg,de Bundesliga,20,2003,30,28,"2,468",27.4,0,2,2,0,0,0,4,0,0,0.07,0.07,0,0.07
1400,Emmanuel Koum Mbondo,fr FRA,FW,Marseille,fr Ligue 1,18,2006,1,0,12,0.1,0,0,0,0,0,0,0,0,0,0,0,0,0
Rk,Player,Nation,Pos,Squad,Comp,Age,Born,MP,Starts,Min,90s,Gls,Ast,G+A,G-PK,PK,PKatt,CrdY,CrdR,Gls,Ast,G+A,G-PK,G+A-PK
1401,Jules Koundé,fr FRA,DF,Barcelona,es La Liga,25,1998,32,29,"2,605",28.9,2,3,5,2,0,0,4,0,0.07,0.1,0.17,0.07,0.17
1402,Boubakar Kouyaté,ml MLI,DF,Montpellier,fr Ligue 1,27,1997,11,8,756,8.4,0,0,0,0,0,0,6,1,0,0,0,0,0
1403,Mateo Kovačić,hr CRO,"MF,DF",Manchester City,eng Premier League,30,1994,31,25,"2,198",24.4,6,2,8,6,0,0,5,1,0.25,0.08,0.33,0.25,0.33
1404,Viktor Kovalenko,ua UKR,MF,Empoli,it Serie A,28,1996,6,0,77,0.9,0,0,0,0,0,0,0,0,0,0,0,0,0
1405,Matej Kovar,cz CZE,GK,Leverkusen,de Bundesliga,24,2000,5,5,450,5,0,0,0,0,0,0,0,0,0,0,0,0,0
1406,Mateusz Kowalski,pl POL,MF,Parma,it Serie A,19,2005,1,1,56,0.6,0,0,0,0,0,0,0,0,0,0,0,0,0
1407,Goduine Koyalipou,cf CTA,FW,Lens,fr Ligue 1,24,2000,15,12,885,9.8,4,0,4,4,0,0,0,0,0.41,0,0.41,0.41,0.41
1408,Caleb Kporha,eng ENG,DF,Crystal Palace,eng Premier League,18,2006,2,0,13,0.1,0,0,0,0,0,0,0,0,0,0,0,0,0
1409,Emil Krafth,se SWE,DF,Newcastle United,eng Premier League,29,1994,12,2,342,3.8,0,0,0,0,0,0,2,0,0,0,0,0,0
1410,Alex Král,cz CZE,MF,Espanyol,es La Liga,26,1998,37,29,"2,714",30.2,0,1,1,0,0,0,1,0,0,0.03,0.03,0,0.03
1411,Andrej Kramarić,hr CRO,MF,Hoffenheim,de Bundesliga,33,1991,32,32,"2,767",30.7,11,8,19,8,3,3,4,0,0.36,0.26,0.62,0.26,0.52
1412,Vladyslav Krapyvtsov,ua UKR,GK,Girona,es La Liga,19,2005,2,2,180,2,0,0,0,0,0,0,0,0,0,0,0,0,0
1413,Frans Krätzig,de GER,"MF,DF",Heidenheim,de Bundesliga,21,2003,16,15,"1,217",13.5,1,2,3,1,0,0,1,0,0.07,0.15,0.22,0.07,0.22
1414,Frans Krätzig,de GER,DF,Stuttgart,de Bundesliga,21,2003,1,1,56,0.6,0,0,0,0,0,0,0,0,0,0,0,0,0
1415,Tom Krauß,de GER,MF,Bochum,de Bundesliga,23,2001,14,13,"1,077",12,0,0,0,0,0,0,2,0,0,0,0,0,0
1416,Ladislav Krejčí,cz CZE,DF,Girona,es La Liga,25,1999,28,27,"2,440",27.1,2,0,2,2,0,0,9,0,0.07,0,0.07,0.07,0.07
1417,Rasmus Kristensen,dk DEN,"DF,MF",Eintracht Frankfurt,de Bundesliga,27,1997,30,28,"2,513",27.9,5,3,8,5,0,0,4,0,0.18,0.11,0.29,0.18,0.29
1418,Thomas Kristensen,dk DEN,DF,Udinese,it Serie A,22,2002,24,19,"1,754",19.5,1,0,1,1,0,0,5,0,0.05,0,0.05,0.05,0.05
1419,Nikola Krstović,me MNE,FW,Lecce,it Serie A,24,2000,37,37,"3,057",34,11,5,16,9,2,3,6,0,0.32,0.15,0.47,0.26,0.41
1420,Lukas Kübler,de GER,DF,Freiburg,de Bundesliga,31,1992,28,22,"1,842",20.5,5,1,6,5,0,0,5,0,0.24,0.05,0.29,0.24,0.29
1421,Takefusa Kubo,jp JPN,"MF,FW",Real Sociedad,es La Liga,23,2001,36,27,"2,372",26.4,5,0,5,5,0,0,5,0,0.19,0,0.19,0.19,0.19
1422,Mohammed Kudus,gh GHA,"MF,FW",West Ham United,eng Premier League,23,2000,32,31,"2,590",28.8,5,3,8,5,0,0,2,1,0.17,0.1,0.28,0.17,0.28
1423,Dejan Kulusevski,se SWE,"MF,FW",Tottenham Hotspur,eng Premier League,24,2000,32,27,"2,389",26.5,7,4,11,7,0,0,3,0,0.26,0.15,0.41,0.26,0.41
1424,Sael Kumbedi,fr FRA,DF,Lyon,fr Ligue 1,19,2005,14,12,951,10.6,0,0,0,0,0,0,2,0,0,0,0,0,0
1425,Marash Kumbulla,al ALB,DF,Espanyol,es La Liga,24,2000,35,34,"2,972",33,3,0,3,3,0,0,9,0,0.09,0,0.09,0.09,0.09
Rk,Player,Nation,Pos,Squad,Comp,Age,Born,MP,Starts,Min,90s,Gls,Ast,G+A,G-PK,PK,PKatt,CrdY,CrdR,Gls,Ast,G+A,G-PK,G+A-PK
1426,Jonah Kusi-Asare,se SWE,FW,Bayern Munich,de Bundesliga,17,2007,1,0,3,0,0,0,0,0,0,0,0,0,0,0,0,0,0
1427,Daler Kuzyaev,ru RUS,MF,Le Havre,fr Ligue 1,31,1993,12,6,567,6.3,1,0,1,1,0,0,1,0,0.16,0,0.16,0.16,0.16
1428,Khvicha Kvaratskhelia,ge GEO,"FW,MF",Napoli,it Serie A,23,2001,17,15,"1,178",13.1,5,3,8,4,1,1,1,0,0.38,0.23,0.61,0.31,0.53
1429,Khvicha Kvaratskhelia,ge GEO,FW,Paris Saint-Germain,fr Ligue 1,23,2001,14,11,916,10.2,4,3,7,4,0,0,0,0,0.39,0.29,0.69,0.39,0.69
1430,Moritz-Broni Kwarteng,gh GHA,MF,Bochum,de Bundesliga,26,1998,7,0,172,1.9,0,0,0,0,0,0,1,0,0,0,0,0,0
1431,Giorgos Kyriakopoulos,gr GRE,MF,Monza,it Serie A,28,1996,34,33,"2,845",31.6,2,4,6,2,0,0,5,0,0.06,0.13,0.19,0.06,0.19
1432,Luca de la Torre,us USA,MF,Celta Vigo,es La Liga,26,1998,1,0,4,0,0,0,0,0,0,0,0,0,0,0,0,0,0
1433,Rémy Labeau Lascary,gp GLP,"MF,FW",Lens,fr Ligue 1,21,2003,14,6,637,7.1,2,1,3,2,0,0,5,0,0.28,0.14,0.42,0.28,0.42
1434,Gaëtan Laborde,fr FRA,FW,Nice,fr Ligue 1,30,1994,28,20,"1,829",20.3,11,4,15,7,4,4,1,0,0.54,0.2,0.74,0.34,0.54
1435,Nediljko Labrović,hr CRO,GK,Augsburg,de Bundesliga,24,1999,15,15,"1,350",15,0,0,0,0,0,0,0,0,0,0,0,0,0
1436,Alexandre Lacazette,fr FRA,FW,Lyon,fr Ligue 1,33,1991,30,24,"2,051",22.8,15,2,17,10,5,6,5,0,0.66,0.09,0.75,0.44,0.53
1437,Younes Lachaab,fr FRA,MF,Lille,fr Ligue 1,19,2005,2,0,9,0.1,0,0,0,0,0,0,0,0,0,0,0,0,0
1438,Maxence Lacroix,fr FRA,DF,Crystal Palace,eng Premier League,24,2000,35,35,"3,116",34.6,1,1,2,1,0,0,5,0,0.03,0.03,0.06,0.03,0.06
1439,Alban Lafont,ci CIV,GK,Nantes,fr Ligue 1,25,1999,12,12,"1,080",12,0,0,0,0,0,0,1,0,0,0,0,0,0
1440,Yoel Lago,es ESP,DF,Celta Vigo,es La Liga,20,2004,8,7,583,6.5,0,1,1,0,0,0,2,0,0,0.15,0.15,0,0.15
1441,Konrad Laimer,at AUT,DF,Bayern Munich,de Bundesliga,27,1997,29,19,"1,699",18.9,2,2,4,2,0,0,8,0,0.11,0.11,0.21,0.11,0.21
1442,Stefan Lainer,at AUT,DF,Gladbach,de Bundesliga,31,1992,21,6,757,8.4,1,0,1,1,0,0,2,0,0.12,0,0.12,0.12,0.12
1443,Kenny Lala,mg MAD,DF,Brest,fr Ligue 1,32,1991,30,29,"2,686",29.8,3,2,5,0,3,3,5,0,0.1,0.07,0.17,0,0.07
1444,Adam Lallana,eng ENG,MF,Southampton,eng Premier League,36,1988,14,5,361,4,0,2,2,0,0,0,4,0,0,0.5,0.5,0,0.5
1445,Mathis Lambourde,fr FRA,FW,Hellas Verona,it Serie A,18,2006,7,0,89,1,1,0,1,1,0,0,1,0,1.01,0,1.01,1.01,1.01
1446,Mohamed Lamine Bayo,gn GUI,FW,Lille,fr Ligue 1,26,1998,12,4,309,3.4,2,1,3,2,0,0,1,0,0.58,0.29,0.87,0.58,0.87
1447,Tariq Lamptey,gh GHA,"DF,MF",Brighton,eng Premier League,23,2000,15,10,860,9.6,2,2,4,2,0,0,0,0,0.21,0.21,0.42,0.21,0.42
1448,Will Lankshear,eng ENG,FW,Tottenham Hotspur,eng Premier League,19,2005,3,0,11,0.1,0,0,0,0,0,0,0,0,0,0,0,0,0
1449,Gianluca Lapadula,pe PER,FW,Cagliari,it Serie A,34,1990,12,1,310,3.4,0,0,0,0,0,0,1,0,0,0,0,0,0
1450,Cyle Larin,ca CAN,FW,Mallorca,es La Liga,29,1995,32,21,"1,764",19.6,7,2,9,6,1,1,4,0,0.36,0.1,0.46,0.31,0.41
Rk,Player,Nation,Pos,Squad,Comp,Age,Born,MP,Starts,Min,90s,Gls,Ast,G+A,G-PK,PK,PKatt,CrdY,CrdR,Gls,Ast,G+A,G-PK,G+A-PK
1451,Gautier Larsonneur,fr FRA,GK,Saint-Étienne,fr Ligue 1,27,1997,34,34,"3,060",34,0,0,0,0,0,0,5,0,0,0,0,0,0
1452,Hugo Larsson,se SWE,MF,Eintracht Frankfurt,de Bundesliga,20,2004,33,28,"2,393",26.6,3,1,4,3,0,0,2,0,0.11,0.04,0.15,0.11,0.15
1453,Juanmi Latasa,es ESP,FW,Valladolid,es La Liga,23,2001,28,14,"1,398",15.5,3,0,3,3,0,0,6,1,0.19,0,0.19,0.19,0.19
1454,Toni Lato,es ESP,DF,Mallorca,es La Liga,26,1997,14,7,621,6.9,0,0,0,0,0,0,1,1,0,0,0,0,0
1455,Roméo Lavia,be BEL,MF,Chelsea,eng Premier League,20,2004,16,11,797,8.9,0,1,1,0,0,0,4,0,0,0.11,0.11,0,0.11
1456,Valentino Lazaro,at AUT,MF,Torino,it Serie A,28,1996,33,26,"2,307",25.6,0,6,6,0,0,0,6,0,0,0.23,0.23,0,0.23
1457,Darko Lazović,rs SRB,MF,Hellas Verona,it Serie A,33,1990,27,17,"1,459",16.2,2,3,5,1,1,1,0,0,0.12,0.19,0.31,0.06,0.25
1458,Manuel Lazzari,it ITA,DF,Lazio,it Serie A,30,1993,25,16,"1,406",15.6,0,1,1,0,0,0,3,0,0,0.06,0.06,0,0.06
1459,Julien Le Cardinal,fr FRA,DF,Brest,fr Ligue 1,26,1997,16,15,"1,378",15.3,0,1,1,0,0,0,3,0,0,0.07,0.07,0,0.07
1460,Jérémy Le Douaron,fr FRA,FW,Brest,fr Ligue 1,26,1998,2,1,102,1.1,0,0,0,0,0,0,0,0,0,0,0,0,0
1461,Enzo Le Fée,fr FRA,MF,Roma,it Serie A,24,2000,6,4,318,3.5,0,0,0,0,0,0,1,0,0,0,0,0,0
1462,Robin Le Normand,es ESP,DF,Atlético Madrid,es La Liga,27,1996,27,24,"2,151",23.9,1,0,1,1,0,0,8,0,0.04,0,0.04,0.04,0.04
1463,Nicola Leali,it ITA,GK,Genoa,it Serie A,31,1993,29,29,"2,610",29,0,0,0,0,0,0,1,0,0,0,0,0,0
1464,Rafael Leão,pt POR,"MF,FW",Milan,it Serie A,25,1999,34,25,"2,323",25.8,8,8,16,8,0,0,5,0,0.31,0.31,0.62,0.31,0.62
1465,Benjamin Lecomte,fr FRA,GK,Montpellier,fr Ligue 1,33,1991,30,30,"2,700",30,0,0,0,0,0,0,0,0,0,0,0,0,0
1466,Pierre Lees-Melou,fr FRA,MF,Brest,fr Ligue 1,31,1993,20,17,"1,526",17,2,2,4,2,0,0,7,0,0.12,0.12,0.24,0.12,0.24
1467,Jordan Lefort,fr FRA,DF,Angers,fr Ligue 1,30,1993,34,34,"3,060",34,0,1,1,0,0,0,3,0,0,0.03,0.03,0,0.03
1468,Diogo Leite,pt POR,DF,Union Berlin,de Bundesliga,25,1999,30,29,"2,546",28.3,1,2,3,1,0,0,3,0,0.04,0.07,0.11,0.04,0.11
1469,Maxim Leitsch,de GER,DF,Mainz 05,de Bundesliga,26,1998,14,6,674,7.5,1,0,1,1,0,0,2,0,0.13,0,0.13,0.13,0.13
1470,Florian Lejeune,fr FRA,DF,Rayo Vallecano,es La Liga,33,1991,37,37,"3,325",36.9,2,3,5,2,0,0,8,0,0.05,0.08,0.14,0.05,0.14
1471,Stefan Lekovic,rs SRB,DF,Monza,it Serie A,20,2004,7,3,367,4.1,0,0,0,0,0,0,0,0,0,0,0,0,0
1472,Iñigo Lekue,es ESP,DF,Athletic Club,es La Liga,31,1993,16,8,773,8.6,0,0,0,0,0,0,1,0,0,0,0,0,0
1473,Nunzio Lella,it ITA,MF,Venezia,it Serie A,24,2000,1,0,5,0.1,0,0,0,0,0,0,0,0,0,0,0,0,0
1474,Thomas Lemar,fr FRA,MF,Atlético Madrid,es La Liga,28,1995,5,0,85,0.9,0,0,0,0,0,0,0,0,0,0,0,0,0
1475,Félix Lemaréchal,fr FRA,"MF,FW",Strasbourg,fr Ligue 1,20,2003,27,20,"1,779",19.8,4,3,7,4,0,0,2,0,0.2,0.15,0.35,0.2,0.35
Rk,Player,Nation,Pos,Squad,Comp,Age,Born,MP,Starts,Min,90s,Gls,Ast,G+A,G-PK,PK,PKatt,CrdY,CrdR,Gls,Ast,G+A,G-PK,G+A-PK
1476,Mario Lemina,ga GAB,"MF,DF",Wolves,eng Premier League,30,1993,17,15,"1,364",15.2,1,3,4,1,0,0,4,0,0.07,0.2,0.26,0.07,0.26
1477,Clément Lenglet,fr FRA,DF,Atlético Madrid,es La Liga,29,1995,23,23,"1,972",21.9,2,1,3,2,0,0,9,0,0.09,0.05,0.14,0.09,0.14
1478,Bernd Leno,de GER,GK,Fulham,eng Premier League,32,1992,38,38,"3,420",38,0,1,1,0,0,0,5,0,0,0.03,0.03,0,0.03
1479,Donovan Léon,gf GUF,GK,Auxerre,fr Ligue 1,31,1992,32,32,"2,880",32,0,2,2,0,0,0,4,0,0,0.06,0.06,0,0.06
1480,Giovanni Leoni,it ITA,DF,Parma,it Serie A,17,2006,17,14,"1,199",13.3,1,0,1,1,0,0,3,1,0.08,0,0.08,0.08,0.08
1481,Esteban Lepaul,fr FRA,FW,Angers,fr Ligue 1,24,2000,28,18,"1,629",18.1,9,0,9,9,0,0,2,0,0.5,0,0.5,0.5,0.5
1482,Johann Lepenant,fr FRA,MF,Nantes,fr Ligue 1,21,2002,29,23,"2,048",22.8,2,1,3,2,0,0,3,0,0.09,0.04,0.13,0.09,0.13
1483,Jefferson Lerma,co COL,"MF,DF",Crystal Palace,eng Premier League,29,1994,33,26,"2,274",25.3,0,1,1,0,0,0,9,0,0,0.04,0.04,0,0.04
1484,Louis Leroux,fr FRA,"MF,DF",Nantes,fr Ligue 1,18,2006,16,8,816,9.1,2,1,3,2,0,0,1,0,0.22,0.11,0.33,0.22,0.33
1485,Robert Lewandowski,pl POL,FW,Barcelona,es La Liga,35,1988,34,32,"2,667",29.6,27,2,29,24,3,4,1,0,0.91,0.07,0.98,0.81,0.88
1486,Jamie Leweling,de GER,MF,Stuttgart,de Bundesliga,23,2001,27,22,"1,663",18.5,2,2,4,2,0,0,4,0,0.11,0.11,0.22,0.11,0.22
1487,Rico Lewis,eng ENG,"DF,MF",Manchester City,eng Premier League,19,2004,28,21,"1,893",21,1,2,3,1,0,0,5,1,0.05,0.1,0.14,0.05,0.14
1488,Keane Lewis-Potter,eng ENG,"DF,MF",Brentford,eng Premier League,23,2001,38,36,"3,093",34.4,1,3,4,1,0,0,7,0,0.03,0.09,0.12,0.03,0.12
1489,Myles Lewis-Skelly,eng ENG,DF,Arsenal,eng Premier League,17,2006,23,15,"1,369",15.2,1,0,1,1,0,0,3,2,0.07,0,0.07,0.07,0.07
1490,Ben Lhassine Kone,ci CIV,MF,Como,it Serie A,24,2000,4,0,51,0.6,0,0,0,0,0,0,1,0,0,0,0,0,0
1491,Mattia Liberali,it ITA,MF,Milan,it Serie A,17,2007,1,1,61,0.7,0,0,0,0,0,0,0,0,0,0,0,0,0
1492,Philipp Lienhart,at AUT,DF,Freiburg,de Bundesliga,28,1996,32,31,"2,770",30.8,1,0,1,1,0,0,5,0,0.03,0,0.03,0.03,0.03
1493,Matthijs de Ligt,nl NED,DF,Manchester Utd,eng Premier League,24,1999,29,25,"2,123",23.6,2,0,2,2,0,0,3,0,0.08,0,0.08,0.08,0.08
1494,Pedro Lima,br BRA,MF,Wolves,eng Premier League,18,2006,3,1,70,0.8,0,0,0,0,0,0,0,0,0,0,0,0,0
1495,Victor Lindelöf,se SWE,DF,Manchester Utd,eng Premier League,30,1994,16,6,704,7.8,0,0,0,0,0,0,1,0,0,0,0,0,0
1496,Jesper Lindstrøm,dk DEN,MF,Everton,eng Premier League,24,2000,25,15,"1,239",13.8,0,1,1,0,0,0,2,0,0,0.07,0.07,0,0.07
1497,Karol Linetty,pl POL,MF,Torino,it Serie A,29,1995,28,18,"1,540",17.1,1,0,1,1,0,0,6,0,0.06,0,0.06,0.06,0.06
1498,Samuel Lino,br BRA,MF,Atlético Madrid,es La Liga,24,1999,31,21,"1,552",17.2,3,4,7,3,0,0,3,0,0.17,0.23,0.41,0.17,0.41
1499,Pol Lirola,es ESP,DF,Marseille,fr Ligue 1,26,1997,19,5,680,7.6,1,2,3,1,0,0,1,1,0.13,0.26,0.4,0.13,0.4
1500,Dailon Livramento,cv CPV,"MF,FW",Hellas Verona,it Serie A,23,2001,29,8,940,10.4,1,1,2,1,0,0,2,1,0.1,0.1,0.19,0.1,0.19
Rk,Player,Nation,Pos,Squad,Comp,Age,Born,MP,Starts,Min,90s,Gls,Ast,G+A,G-PK,PK,PKatt,CrdY,CrdR,Gls,Ast,G+A,G-PK,G+A-PK
1501,Valentino Livramento,eng ENG,DF,Newcastle United,eng Premier League,21,2002,37,32,"2,840",31.6,0,1,1,0,0,0,1,0,0,0.03,0.03,0,0.03
1502,Marin Ljubicic,hr CRO,FW,Union Berlin,de Bundesliga,22,2002,13,1,281,3.1,1,1,2,1,0,0,1,0,0.32,0.32,0.64,0.32,0.64
1503,Javier Llabrés,es ESP,MF,Mallorca,es La Liga,21,2002,1,1,57,0.6,0,0,0,0,0,0,0,0,0,0,0,0,0
1504,Diego Llorente,es ESP,DF,Real Betis,es La Liga,30,1993,30,29,"2,519",28,2,0,2,2,0,0,4,0,0.07,0,0.07,0.07,0.07
1505,Marcos Llorente,es ESP,"DF,MF",Atlético Madrid,es La Liga,29,1995,33,28,"2,513",27.9,2,4,6,2,0,0,0,1,0.07,0.14,0.21,0.07,0.21
1506,Gautier Lloris,fr FRA,DF,Le Havre,fr Ligue 1,29,1995,31,31,"2,768",30.8,2,1,3,2,0,0,5,0,0.07,0.03,0.1,0.07,0.1
1507,Giovani Lo Celso,ar ARG,MF,Real Betis,es La Liga,28,1996,25,15,"1,457",16.2,8,3,11,6,2,3,4,0,0.49,0.19,0.68,0.37,0.56
1508,Stanislav Lobotka,sk SVK,MF,Napoli,it Serie A,29,1994,32,31,"2,636",29.3,0,1,1,0,0,0,3,0,0,0.03,0.03,0,0.03
1509,Manuel Locatelli,it ITA,MF,Juventus,it Serie A,26,1998,36,34,"2,822",31.4,2,2,4,1,1,1,9,0,0.06,0.06,0.13,0.03,0.1
1510,Bradley Locko,fr FRA,DF,Brest,fr Ligue 1,22,2002,2,1,97,1.1,0,0,0,0,0,0,1,0,0,0,0,0,0
1511,Ruben Loftus-Cheek,eng ENG,MF,Milan,it Serie A,28,1996,19,10,"1,037",11.5,0,0,0,0,0,0,3,0,0,0,0,0,0
1512,Elysée Logbo,fr FRA,FW,Le Havre,fr Ligue 1,20,2004,1,0,27,0.3,0,0,0,0,0,0,0,0,0,0,0,0,0
1513,Enzo Loiodice,fr FRA,MF,Las Palmas,es La Liga,23,2000,17,7,684,7.6,0,0,0,0,0,0,3,0,0,0,0,0,0
1514,Sean Longstaff,eng ENG,MF,Newcastle United,eng Premier League,26,1997,25,8,798,8.9,0,0,0,0,0,0,2,0,0,0,0,0,0
1515,Ademola Lookman,ng NGA,"MF,FW",Atalanta,it Serie A,26,1997,31,28,"2,247",25,15,5,20,14,1,1,4,0,0.6,0.2,0.8,0.56,0.76
1516,Anthony Lopes,pt POR,GK,Nantes,fr Ligue 1,33,1990,18,18,"1,563",17.4,0,0,0,0,0,0,2,0,0,0,0,0,0
1517,David López,es ESP,DF,Mallorca,es La Liga,21,2003,2,2,169,1.9,0,0,0,0,0,0,0,0,0,0,0,0,0
1518,David López,es ESP,DF,Girona,es La Liga,34,1989,29,27,"2,429",27,1,1,2,1,0,0,4,0,0.04,0.04,0.07,0.04,0.07
1519,Diego López,es ESP,MF,Valencia,es La Liga,22,2002,38,35,"2,737",30.4,8,5,13,8,0,0,3,0,0.26,0.16,0.43,0.26,0.43
1520,Fer López,es ESP,"FW,MF",Celta Vigo,es La Liga,20,2004,17,7,671,7.5,2,0,2,2,0,0,2,0,0.27,0,0.27,0.27,0.27
1521,Fermin López,es ESP,MF,Barcelona,es La Liga,21,2003,28,12,"1,252",13.9,6,5,11,6,0,0,4,1,0.43,0.36,0.79,0.43,0.79
1522,Javi López,es ESP,DF,Real Sociedad,es La Liga,22,2002,29,21,"1,936",21.5,0,0,0,0,0,0,4,0,0,0,0,0,0
1523,Pau López,es ESP,GK,Girona,es La Liga,29,1994,1,0,45,0.5,0,0,0,0,0,0,0,0,0,0,0,0,0
1524,Roberto López,es ESP,MF,Leganés,es La Liga,24,2000,13,3,396,4.4,0,1,1,0,0,0,0,0,0,0.23,0.23,0,0.23
1525,Unai López,es ESP,MF,Rayo Vallecano,es La Liga,28,1995,32,23,"1,707",19,3,1,4,3,0,0,9,1,0.16,0.05,0.21,0.16,0.21
Rk,Player,Nation,Pos,Squad,Comp,Age,Born,MP,Starts,Min,90s,Gls,Ast,G+A,G-PK,PK,PKatt,CrdY,CrdR,Gls,Ast,G+A,G-PK,G+A-PK
1526,Iker Losada,es ESP,"MF,FW",Celta Vigo,es La Liga,22,2001,12,4,358,4,1,0,1,1,0,0,2,0,0.25,0,0.25,0.25,0.25
1527,Iker Losada,es ESP,MF,Real Betis,es La Liga,22,2001,10,3,336,3.7,0,0,0,0,0,0,0,0,0,0,0,0,0
1528,Anthony Losilla,fr FRA,MF,Bochum,de Bundesliga,38,1986,21,13,"1,137",12.6,0,0,0,0,0,0,1,0,0,0,0,0,0
1529,Jordan Lotomba,ch SUI,"DF,MF",Nice,fr Ligue 1,25,1998,2,0,35,0.4,0,0,0,0,0,0,0,0,0,0,0,0,0
1530,Tom Louchet,fr FRA,"DF,MF",Nice,fr Ligue 1,21,2003,22,7,775,8.6,1,0,1,1,0,0,1,0,0.12,0,0.12,0.12,0.12
1531,Sandi Lovrić,si SVN,MF,Udinese,it Serie A,26,1998,36,31,"2,308",25.6,2,3,5,2,0,0,5,0,0.08,0.12,0.19,0.08,0.19
1532,Pol Lozano,es ESP,MF,Espanyol,es La Liga,24,1999,30,27,"1,943",21.6,0,1,1,0,0,0,12,0,0,0.05,0.05,0,0.05
1533,Lorenzo Lucca,it ITA,FW,Udinese,it Serie A,23,2000,33,27,"2,353",26.1,12,1,13,11,1,1,10,0,0.46,0.04,0.5,0.42,0.46
1534,Jhon Lucumí,co COL,DF,Bologna,it Serie A,26,1998,32,29,"2,614",29,0,1,1,0,0,0,8,1,0,0.03,0.03,0,0.03
1535,Yannik Lührs,de GER,DF,Dortmund,de Bundesliga,20,2003,3,1,127,1.4,0,0,0,0,0,0,0,0,0,0,0,0,0
1536,José Luis Gayà,es ESP,DF,Valencia,es La Liga,29,1995,23,22,"1,803",20,0,1,1,0,0,0,7,0,0,0.05,0.05,0,0.05
1537,José Luis Palomino,ar ARG,DF,Cagliari,it Serie A,34,1990,18,10,"1,081",12,1,0,1,1,0,0,3,0,0.08,0,0.08,0.08,0.08
1538,Douglas Luiz,br BRA,MF,Juventus,it Serie A,26,1998,19,3,529,5.9,0,0,0,0,0,0,2,0,0,0,0,0,0
1539,Romelu Lukaku,be BEL,FW,Napoli,it Serie A,31,1993,36,35,"2,843",31.6,14,10,24,11,3,4,4,0,0.44,0.32,0.76,0.35,0.66
1540,Castello Lukeba,fr FRA,DF,RB Leipzig,de Bundesliga,21,2002,23,18,"1,577",17.5,0,0,0,0,0,0,2,0,0,0,0,0,0
1541,Dodi Lukebakio,be BEL,"MF,FW",Sevilla,es La Liga,26,1997,38,36,"3,092",34.4,11,2,13,10,1,1,3,1,0.32,0.06,0.38,0.29,0.35
1542,Saša Lukić,rs SRB,MF,Fulham,eng Premier League,27,1996,30,28,"2,344",26,0,2,2,0,0,0,12,0,0,0.08,0.08,0,0.08
1543,Milos Lukovic,rs SRB,FW,Strasbourg,fr Ligue 1,18,2005,2,0,12,0.1,0,0,0,0,0,0,0,0,0,0,0,0,0
1544,Joe Lumley,eng ENG,GK,Southampton,eng Premier League,29,1995,3,3,270,3,0,0,0,0,0,0,0,0,0,0,0,0,0
1545,Daniel Luna,co COL,MF,Mallorca,es La Liga,21,2003,2,0,20,0.2,0,0,0,0,0,0,0,0,0,0,0,0,0
1546,Andriy Lunin,ua UKR,GK,Real Madrid,es La Liga,25,1999,7,7,630,7,0,1,1,0,0,0,0,0,0,0.14,0.14,0,0.14
1547,Massimo Luongo,au AUS,MF,Ipswich Town,eng Premier League,31,1992,11,2,201,2.2,0,0,0,0,0,0,0,0,0,0,0,0,0
1548,Sebastiano Luperto,it ITA,DF,Cagliari,it Serie A,27,1996,36,36,"3,240",36,1,3,4,1,0,0,4,0,0.03,0.08,0.11,0.03,0.11
1549,Zito Luvumbo,ao ANG,"FW,MF",Cagliari,it Serie A,22,2002,26,19,"1,606",17.8,2,2,4,2,0,0,2,0,0.11,0.11,0.22,0.11,0.22
1550,Babis Lykogiannis,gr GRE,DF,Bologna,it Serie A,30,1993,17,12,"1,048",11.6,0,4,4,0,0,0,3,0,0,0.34,0.34,0,0.34
Rk,Player,Nation,Pos,Squad,Comp,Age,Born,MP,Starts,Min,90s,Gls,Ast,G+A,G-PK,PK,PKatt,CrdY,CrdR,Gls,Ast,G+A,G-PK,G+A-PK
1551,Senne Lynen,be BEL,MF,Werder Bremen,de Bundesliga,25,1999,32,32,"2,733",30.4,0,1,1,0,0,0,9,0,0,0.03,0.03,0,0.03
1552,Mathias Løvik,no NOR,MF,Parma,it Serie A,20,2003,6,0,92,1,0,0,0,0,0,0,0,0,0,0,0,0,0
1553,Othmane Maamma,ma MAR,MF,Montpellier,fr Ligue 1,18,2005,12,2,361,4,1,1,2,1,0,0,1,0,0.25,0.25,0.5,0.25,0.5
1554,Ian Maatsen,nl NED,DF,Aston Villa,eng Premier League,22,2002,29,10,"1,139",12.7,1,2,3,1,0,0,2,0,0.08,0.16,0.24,0.08,0.24
1555,Alexis Mac Allister,ar ARG,MF,Liverpool,eng Premier League,25,1998,35,30,"2,599",28.9,5,5,10,5,0,0,6,0,0.17,0.17,0.35,0.17,0.35
1556,Deiver Machado,co COL,"DF,MF",Lens,fr Ligue 1,30,1993,27,20,"1,805",20.1,1,4,5,1,0,0,7,2,0.05,0.2,0.25,0.05,0.25
1557,Lanroy Machine,fr FRA,MF,Angers,fr Ligue 1,18,2005,2,0,8,0.1,0,0,0,0,0,0,0,0,0,0,0,0,0
1558,Shuto Machino,jp JPN,"FW,MF",Holstein Kiel,de Bundesliga,24,1999,32,23,"1,953",21.7,11,2,13,9,2,2,2,0,0.51,0.09,0.6,0.41,0.51
1559,Darwin Machís,ve VEN,"MF,FW",Valladolid,es La Liga,31,1993,18,7,639,7.1,0,1,1,0,0,0,0,0,0,0.14,0.14,0,0.14
1560,Yvann Macon,fr FRA,DF,Saint-Étienne,fr Ligue 1,25,1998,12,10,790,8.8,0,0,0,0,0,0,4,0,0,0,0,0,0
1561,James Maddison,eng ENG,MF,Tottenham Hotspur,eng Premier League,27,1996,31,21,"1,809",20.1,9,7,16,9,0,0,6,0,0.45,0.35,0.8,0.45,0.8
1562,Eros Maddy,nl NED,"FW,MF",Auxerre,fr Ligue 1,23,2001,2,0,15,0.2,0,0,0,0,0,0,1,0,0,0,0,0,0
1563,Noni Madueke,eng ENG,MF,Chelsea,eng Premier League,22,2002,32,27,"2,033",22.6,7,3,10,7,0,0,3,0,0.31,0.13,0.44,0.31,0.44
1564,Pablo Maffeo,es ESP,DF,Mallorca,es La Liga,27,1997,30,28,"2,368",26.3,0,2,2,0,0,0,7,0,0,0.08,0.08,0,0.08
1565,Gabriel Magalhães,br BRA,DF,Arsenal,eng Premier League,26,1997,28,28,"2,363",26.3,3,1,4,3,0,0,4,0,0.11,0.04,0.15,0.11,0.15
1566,Soungoutou Magassa,fr FRA,MF,Monaco,fr Ligue 1,20,2003,21,12,"1,025",11.4,0,1,1,0,0,0,5,1,0,0.09,0.09,0,0.09
1567,Edmond-Paris Maghoma,eng ENG,MF,Brentford,eng Premier League,23,2001,8,0,119,1.3,0,0,0,0,0,0,0,0,0,0,0,0,0
1568,Giangiacomo Magnani,it ITA,DF,Hellas Verona,it Serie A,28,1995,17,11,"1,065",11.8,1,0,1,1,0,0,2,0,0.08,0,0.08,0.08,0.08
1569,Hugo Magnetti,fr FRA,MF,Brest,fr Ligue 1,26,1998,32,27,"2,323",25.8,1,0,1,1,0,0,5,0,0.04,0,0.04,0.04,0.04
1570,Frank Magri,cm CMR,FW,Toulouse,fr Ligue 1,24,1999,31,17,"1,516",16.8,5,1,6,5,0,0,5,1,0.3,0.06,0.36,0.3,0.36
1571,Harry Maguire,eng ENG,DF,Manchester Utd,eng Premier League,31,1993,27,19,"1,758",19.5,1,0,1,1,0,0,7,0,0.05,0,0.05,0.05,0.05
1572,Jon Magunazelaia,es ESP,MF,Real Sociedad,es La Liga,23,2001,2,0,7,0.1,0,0,0,0,0,0,0,0,0,0,0,0,0
1573,Arne Maier,de GER,MF,Augsburg,de Bundesliga,25,1999,28,7,938,10.4,0,0,0,0,0,0,0,1,0,0,0,0,0
1574,Mike Maignan,fr FRA,GK,Milan,it Serie A,29,1995,37,37,"3,294",36.6,0,0,0,0,0,0,1,0,0,0,0,0,0
1575,Patrick Mainka,de GER,DF,Heidenheim,de Bundesliga,29,1994,34,34,"3,060",34,1,1,2,1,0,0,3,0,0.03,0.03,0.06,0.03,0.06
Rk,Player,Nation,Pos,Squad,Comp,Age,Born,MP,Starts,Min,90s,Gls,Ast,G+A,G-PK,PK,PKatt,CrdY,CrdR,Gls,Ast,G+A,G-PK,G+A-PK
1576,Kobbie Mainoo,eng ENG,MF,Manchester Utd,eng Premier League,19,2005,25,19,"1,651",18.3,0,0,0,0,0,0,5,0,0,0,0,0,0
1577,Ainsley Maitland-Niles,eng ENG,"DF,MF",Lyon,fr Ligue 1,26,1997,32,20,"1,985",22.1,1,4,5,1,0,0,1,0,0.05,0.18,0.23,0.05,0.23
1578,Radosław Majecki,pl POL,GK,Monaco,fr Ligue 1,24,1999,15,15,"1,350",15,0,0,0,0,0,0,1,0,0,0,0,0,0
1579,Lovro Majer,hr CRO,MF,Wolfsburg,de Bundesliga,26,1998,9,3,304,3.4,2,1,3,1,1,1,1,0,0.59,0.3,0.89,0.3,0.59
1580,Hamidou Makalou,ml MLI,MF,Brest,fr Ligue 1,18,2006,4,0,32,0.4,0,0,0,0,0,0,0,0,0,0,0,0,0
1581,Jordy Makengo,fr FRA,DF,Freiburg,de Bundesliga,22,2001,19,7,745,8.3,0,0,0,0,0,0,1,0,0,0,0,0,0
1582,Antoine Makoumbou,cg CGO,MF,Cagliari,it Serie A,26,1998,33,27,"2,150",23.9,0,3,3,0,0,0,4,1,0,0.13,0.13,0,0.13
1583,Nikola Maksimović,rs SRB,DF,Montpellier,fr Ligue 1,32,1991,7,7,581,6.5,0,0,0,0,0,0,2,0,0,0,0,0,0
1584,Tyrell Malacia,nl NED,MF,Manchester Utd,eng Premier League,24,1999,3,2,100,1.1,0,0,0,0,0,0,1,0,0,0,0,0,0
1585,Jarzinho Malanga,de GER,MF,Stuttgart,de Bundesliga,18,2006,1,0,2,0,0,0,0,0,0,0,0,0,0,0,0,0,0
1586,Julián Malatini,ar ARG,DF,Werder Bremen,de Bundesliga,23,2001,10,5,454,5,1,1,2,1,0,0,1,0,0.2,0.2,0.4,0.2,0.4
1587,Daniel Maldini,it ITA,"MF,FW",Monza,it Serie A,22,2001,20,16,"1,306",14.5,3,0,3,3,0,0,5,0,0.21,0,0.21,0.21,0.21
1588,Daniel Maldini,it ITA,MF,Atalanta,it Serie A,22,2001,10,2,258,2.9,3,0,3,3,0,0,0,0,1.05,0,1.05,1.05,1.05
1589,Youssef Maleh,ma MAR,MF,Empoli,it Serie A,25,1998,22,17,"1,510",16.8,0,1,1,0,0,0,5,1,0,0.06,0.06,0,0.06
1590,Donyell Malen,nl NED,MF,Aston Villa,eng Premier League,25,1999,14,2,305,3.4,3,0,3,3,0,0,0,0,0.89,0,0.89,0.89,0.89
1591,Donyell Malen,nl NED,MF,Dortmund,de Bundesliga,25,1999,14,6,614,6.8,3,0,3,3,0,0,1,0,0.44,0,0.44,0.44,0.44
1592,Ruslan Malinovskyi,ua UKR,MF,Genoa,it Serie A,31,1993,9,4,383,4.3,0,2,2,0,0,0,2,0,0,0.47,0.47,0,0.47
1593,Lennard Maloney,us USA,"MF,DF",Heidenheim,de Bundesliga,24,1999,11,10,760,8.4,0,0,0,0,0,0,1,0,0,0,0,0,0
1594,Lennard Maloney,us USA,"DF,MF",Mainz 05,de Bundesliga,24,1999,5,0,26,0.3,0,0,0,0,0,0,1,0,0,0,0,0,0
1595,Aaron Malouda,fr FRA,FW,Lille,fr Ligue 1,18,2005,1,0,2,0,0,0,0,0,0,0,0,0,0,0,0,0,0
1596,Giorgi Mamardashvili,ge GEO,GK,Valencia,es La Liga,23,2000,34,34,"3,060",34,0,0,0,0,0,0,2,0,0,0,0,0,0
1597,Dennis Man,ro ROU,"MF,FW",Parma,it Serie A,25,1998,33,23,"1,995",22.2,4,4,8,4,0,0,0,0,0.18,0.18,0.36,0.18,0.36
1598,Gianluca Mancini,it ITA,DF,Roma,it Serie A,28,1996,37,36,"3,143",34.9,2,0,2,2,0,0,8,0,0.06,0,0.06,0.06,0.06
1599,Steve Mandanda,fr FRA,GK,Rennes,fr Ligue 1,39,1985,18,17,"1,486",16.5,0,0,0,0,0,0,0,0,0,0,0,0,0
1600,Christos Mandas,gr GRE,GK,Lazio,it Serie A,22,2001,9,9,810,9,0,0,0,0,0,0,0,0,0,0,0,0,0
Rk,Player,Nation,Pos,Squad,Comp,Age,Born,MP,Starts,Min,90s,Gls,Ast,G+A,G-PK,PK,PKatt,CrdY,CrdR,Gls,Ast,G+A,G-PK,G+A-PK
1601,Reinildo Mandava,mz MOZ,"DF,MF",Atlético Madrid,es La Liga,30,1994,19,10,941,10.5,0,0,0,0,0,0,4,0,0,0,0,0,0
1602,Aïssa Mandi,dz ALG,DF,Lille,fr Ligue 1,32,1991,24,20,"1,733",19.3,0,0,0,0,0,0,3,0,0,0,0,0,0
1603,Rolando Mandragora,it ITA,MF,Fiorentina,it Serie A,27,1997,29,22,"1,931",21.5,4,3,7,3,1,1,7,0,0.19,0.14,0.33,0.14,0.28
1604,Mateus Mane,pt POR,FW,Wolves,eng Premier League,16,2007,1,0,2,0,0,0,0,0,0,0,0,0,0,0,0,0,0
1605,Orel Mangala,be BEL,MF,Everton,eng Premier League,26,1998,19,14,"1,261",14,1,0,1,1,0,0,2,0,0.07,0,0.07,0.07,0.07
1606,Orel Mangala,be BEL,MF,Lyon,fr Ligue 1,26,1998,1,1,67,0.7,0,0,0,0,0,0,0,0,0,0,0,0,0
1607,Ryan Manning,ie IRL,"DF,MF",Southampton,eng Premier League,28,1996,24,18,"1,462",16.2,0,1,1,0,0,0,2,0,0,0.06,0.06,0,0.06
1608,Javier Manquillo,es ESP,DF,Celta Vigo,es La Liga,30,1994,10,7,515,5.7,0,0,0,0,0,0,1,0,0,0,0,0,0
1609,Johan Manzambi,ch SUI,MF,Freiburg,de Bundesliga,18,2005,11,4,335,3.7,2,1,3,2,0,0,2,0,0.54,0.27,0.81,0.54,0.81
1610,Alberto Manzoni,it ITA,MF,Atalanta,it Serie A,19,2005,1,0,6,0.1,0,0,0,0,0,0,0,0,0,0,0,0,0
1611,Sekou Mara,fr FRA,"FW,MF",Strasbourg,fr Ligue 1,22,2002,25,7,768,8.5,1,1,2,1,0,0,2,0,0.12,0.12,0.23,0.12,0.23
1612,Alessandro Marcandalli,it ITA,DF,Genoa,it Serie A,21,2002,2,1,46,0.5,0,0,0,0,0,0,0,0,0,0,0,0,0
1613,Alessandro Marcandalli,it ITA,DF,Venezia,it Serie A,21,2002,8,5,354,3.9,0,0,0,0,0,0,2,0,0,0,0,0,0
1614,Marcão,br BRA,DF,Sevilla,es La Liga,28,1996,12,6,552,6.1,0,0,0,0,0,0,6,1,0,0,0,0,0
1615,Solly March,eng ENG,MF,Brighton,eng Premier League,30,1994,8,1,168,1.9,0,0,0,0,0,0,2,0,0,0,0,0,0
1616,Filip Marchwiński,pl POL,MF,Lecce,it Serie A,22,2002,1,0,15,0.2,0,0,0,0,0,0,0,0,0,0,0,0,0
1617,Óscar de Marcos,es ESP,DF,Athletic Club,es La Liga,35,1989,26,17,"1,564",17.4,0,4,4,0,0,0,0,0,0,0.23,0.23,0,0.23
1618,Alberto Marí,es ESP,FW,Valencia,es La Liga,23,2001,1,0,7,0.1,0,0,0,0,0,0,0,0,0,0,0,0,0
1619,Pablo Marí,es ESP,DF,Monza,it Serie A,30,1993,19,19,"1,628",18.1,0,0,0,0,0,0,4,1,0,0,0,0,0
1620,Pablo Marí,es ESP,DF,Fiorentina,it Serie A,30,1993,13,12,"1,098",12.2,0,0,0,0,0,0,2,0,0,0,0,0,0
1621,José María Giménez,uy URU,DF,Atlético Madrid,es La Liga,29,1995,27,20,"1,999",22.2,0,1,1,0,0,0,5,0,0,0.05,0.05,0,0.05
1622,Luca Marianucci,it ITA,DF,Empoli,it Serie A,20,2004,18,12,"1,069",11.9,0,0,0,0,0,0,0,1,0,0,0,0,0
1623,Mirko Marić,hr CRO,FW,Monza,it Serie A,29,1995,8,1,106,1.2,0,0,0,0,0,0,0,0,0,0,0,0,0
1624,Mirko Marić,hr CRO,FW,Venezia,it Serie A,29,1995,10,4,356,4,0,0,0,0,0,0,0,0,0,0,0,0,0
1625,Arkaitz Mariezkurrena,es ESP,FW,Real Sociedad,es La Liga,19,2005,9,1,241,2.7,2,0,2,2,0,0,1,0,0.75,0,0.75,0.75,0.75
Rk,Player,Nation,Pos,Squad,Comp,Age,Born,MP,Starts,Min,90s,Gls,Ast,G+A,G-PK,PK,PKatt,CrdY,CrdR,Gls,Ast,G+A,G-PK,G+A-PK
1626,Rafa Marín,es ESP,DF,Napoli,it Serie A,22,2002,4,1,142,1.6,0,0,0,0,0,0,1,0,0,0,0,0,0
1627,Pablo Marín,es ESP,MF,Real Sociedad,es La Liga,21,2003,23,14,"1,239",13.8,1,2,3,1,0,0,3,0,0.07,0.15,0.22,0.07,0.22
1628,Răzvan Marin,ro ROU,MF,Cagliari,it Serie A,28,1996,33,13,"1,406",15.6,3,2,5,1,2,2,4,0,0.19,0.13,0.32,0.06,0.19
1629,Guillermo Maripán,cl CHI,DF,Torino,it Serie A,30,1994,28,27,"2,340",26,1,1,2,1,0,0,4,1,0.04,0.04,0.08,0.04,0.08
1630,Mika Mármol,es ESP,DF,Las Palmas,es La Liga,23,2001,30,27,"2,399",26.7,0,1,1,0,0,0,5,0,0,0.04,0.04,0,0.04
1631,Omar Marmoush,eg EGY,"MF,FW",Manchester City,eng Premier League,25,1999,16,14,"1,175",13.1,7,0,7,7,0,0,0,0,0.54,0,0.54,0.54,0.54
1632,Omar Marmoush,eg EGY,"FW,MF",Eintracht Frankfurt,de Bundesliga,25,1999,17,17,"1,448",16.1,15,9,24,13,2,2,2,0,0.93,0.56,1.49,0.81,1.37
1633,Mario Maroto,es ESP,MF,Valladolid,es La Liga,20,2003,2,0,64,0.7,0,1,1,0,0,0,0,0,0,1.41,1.41,0,1.41
1634,Marquinhos,br BRA,DF,Paris Saint-Germain,fr Ligue 1,30,1994,22,19,"1,725",19.2,2,0,2,2,0,0,3,0,0.1,0,0.1,0.1,0.1
1635,Unai Marrero,es ESP,GK,Real Sociedad,es La Liga,22,2001,2,2,180,2,0,0,0,0,0,0,0,0,0,0,0,0,0
1636,Ange Martial Tia,ml MLI,MF,Reims,fr Ligue 1,17,2006,6,2,171,1.9,0,0,0,0,0,0,0,0,0,0,0,0,0
1637,Aarón Martín,es ESP,"DF,MF",Genoa,it Serie A,27,1997,36,35,"3,085",34.3,0,8,8,0,0,0,5,0,0,0.23,0.23,0,0.23
1638,Carlos Martín,es ESP,"MF,FW",Alavés,es La Liga,22,2002,26,16,"1,333",14.8,2,2,4,2,0,0,3,0,0.14,0.14,0.27,0.14,0.27
1639,Diego Martín,es ESP,FW,Las Palmas,es La Liga,20,2003,2,0,40,0.4,0,0,0,0,0,0,0,0,0,0,0,0,0
1640,Gerard Martín,es ESP,DF,Barcelona,es La Liga,22,2002,28,11,"1,038",11.5,1,3,4,1,0,0,2,0,0.09,0.26,0.35,0.09,0.35
1641,Iván Martín,es ESP,MF,Girona,es La Liga,25,1999,32,24,"2,039",22.7,1,1,2,1,0,0,1,0,0.04,0.04,0.09,0.04,0.09
1642,Jon Martin,es ESP,DF,Real Sociedad,es La Liga,18,2006,13,6,904,10,0,1,1,0,0,0,2,0,0,0.1,0.1,0,0.1
1643,Jonas Martin,fr FRA,MF,Brest,fr Ligue 1,34,1990,17,5,496,5.5,1,0,1,1,0,0,2,0,0.18,0,0.18,0.18,0.18
1644,Mario Martín,es ESP,MF,Valladolid,es La Liga,20,2004,30,20,"1,748",19.4,0,1,1,0,0,0,8,3,0,0.05,0.05,0,0.05
1645,Gabriel Martinelli,br BRA,"FW,MF",Arsenal,eng Premier League,23,2001,33,25,"2,290",25.4,8,4,12,8,0,0,1,0,0.31,0.16,0.47,0.31,0.47
1646,Arnau Martinez,es ESP,"DF,MF",Girona,es La Liga,21,2003,32,30,"2,624",29.2,2,2,4,2,0,0,3,0,0.07,0.07,0.14,0.07,0.14
1647,Emiliano Martínez,ar ARG,GK,Aston Villa,eng Premier League,31,1992,37,37,"3,194",35.5,0,0,0,0,0,0,5,1,0,0,0,0,0
1648,Iñigo Martínez,es ESP,DF,Barcelona,es La Liga,33,1991,28,28,"2,490",27.7,0,4,4,0,0,0,5,0,0,0.14,0.14,0,0.14
1649,Javi Martínez,es ESP,MF,Osasuna,es La Liga,24,1999,1,0,6,0.1,0,0,0,0,0,0,0,0,0,0,0,0,0
1650,Josep Martinez,es ESP,GK,Inter,it Serie A,26,1998,5,5,450,5,0,0,0,0,0,0,0,0,0,0,0,0,0
Rk,Player,Nation,Pos,Squad,Comp,Age,Born,MP,Starts,Min,90s,Gls,Ast,G+A,G-PK,PK,PKatt,CrdY,CrdR,Gls,Ast,G+A,G-PK,G+A-PK
1651,Lautaro Martínez,ar ARG,FW,Inter,it Serie A,26,1997,31,31,"2,564",28.5,12,3,15,12,0,0,1,0,0.42,0.11,0.53,0.42,0.53
1652,Lisandro Martínez,ar ARG,DF,Manchester Utd,eng Premier League,26,1998,20,20,"1,751",19.5,2,1,3,2,0,0,7,0,0.1,0.05,0.15,0.1,0.15
1653,Lucas Martínez Quarta,ar ARG,DF,Fiorentina,it Serie A,28,1996,8,4,351,3.9,1,0,1,1,0,0,1,0,0.26,0,0.26,0.26,0.26
1654,Ramón Martínez,es ESP,DF,Sevilla,es La Liga,21,2002,5,2,261,2.9,1,0,1,1,0,0,0,0,0.34,0,0.34,0.34,0.34
1655,Toni Martínez,es ESP,FW,Alavés,es La Liga,27,1997,28,9,"1,012",11.2,4,0,4,4,0,0,1,0,0.36,0,0.36,0.36,0.36
1656,Kevin Martins,it ITA,MF,Monza,it Serie A,19,2005,9,1,183,2,0,1,1,0,0,0,1,0,0,0.49,0.49,0,0.49
1657,Javi Martón,es ESP,FW,Athletic Club,es La Liga,25,1999,3,0,53,0.6,0,0,0,0,0,0,1,0,0,0,0,0,0
1658,Adam Marušić,me MNE,DF,Lazio,it Serie A,31,1992,35,26,"2,337",26,4,0,4,4,0,0,1,0,0.15,0,0.15,0.15,0.15
1659,Marvin,es ESP,"DF,MF",Las Palmas,es La Liga,24,2000,23,9,"1,038",11.5,0,0,0,0,0,0,4,0,0,0,0,0,0
1660,Omar Mascarell,gq EQG,MF,Mallorca,es La Liga,31,1993,32,21,"1,992",22.1,1,0,1,1,0,0,5,1,0.05,0,0.05,0.05,0.05
1661,Adam Masina,ma MAR,DF,Torino,it Serie A,30,1994,28,20,"1,919",21.3,1,2,3,1,0,0,5,0,0.05,0.09,0.14,0.05,0.14
1662,Patrizio Masini,it ITA,MF,Genoa,it Serie A,23,2001,26,16,"1,538",17.1,1,0,1,1,0,0,3,0,0.06,0,0.06,0.06,0.06
1663,Giorgos Masouras,gr GRE,FW,Bochum,de Bundesliga,30,1994,14,12,"1,055",11.7,2,1,3,2,0,0,1,0,0.17,0.09,0.26,0.17,0.26
1664,Erhan Mašović,rs SRB,"DF,MF",Bochum,de Bundesliga,25,1998,16,10,910,10.1,1,1,2,1,0,0,2,0,0.1,0.1,0.2,0.1,0.2
1665,Han-Noah Massengo,fr FRA,MF,Auxerre,fr Ligue 1,23,2001,17,11,"1,046",11.6,0,0,0,0,0,0,5,0,0,0,0,0,0
1666,Clinton Mata,ao ANG,DF,Lyon,fr Ligue 1,31,1992,29,27,"2,370",26.3,0,4,4,0,0,0,6,0,0,0.15,0.15,0,0.15
1667,Jaime Mata,es ESP,"MF,FW",Las Palmas,es La Liga,35,1988,30,4,656,7.3,0,0,0,0,0,0,9,0,0,0,0,0,0
1668,Igor Matanovic,hr CRO,FW,Eintracht Frankfurt,de Bundesliga,21,2003,16,2,312,3.5,1,0,1,1,0,0,0,0,0.29,0,0.29,0.29,0.29
1669,Pape Matar Sarr,sn SEN,MF,Tottenham Hotspur,eng Premier League,21,2002,36,22,"1,913",21.3,3,2,5,3,0,0,6,0,0.14,0.09,0.24,0.14,0.24
1670,Eliot Matazo,be BEL,MF,Monaco,fr Ligue 1,22,2002,3,1,68,0.8,0,0,0,0,0,0,0,0,0,0,0,0,0
1671,Jean-Philippe Mateta,fr FRA,FW,Crystal Palace,eng Premier League,27,1997,37,33,"2,648",29.4,14,2,16,12,2,2,2,0,0.48,0.07,0.54,0.41,0.48
1672,Nemanja Matić,rs SRB,MF,Lyon,fr Ligue 1,35,1988,29,25,"2,010",22.3,0,1,1,0,0,0,1,0,0,0.04,0.04,0,0.04
1673,Rudy Matondo,fr FRA,MF,Auxerre,fr Ligue 1,16,2008,5,0,66,0.7,0,0,0,0,0,0,1,0,0,0,0,0,0
1674,Chrislain Matsima,fr FRA,DF,Augsburg,de Bundesliga,22,2002,30,28,"2,551",28.3,1,1,2,1,0,0,4,0,0.04,0.04,0.07,0.04,0.07
1675,Jean Mattéo Bahoya,fr FRA,MF,Eintracht Frankfurt,de Bundesliga,19,2005,24,10,921,10.2,2,3,5,2,0,0,3,0,0.2,0.29,0.49,0.2,0.49
Rk,Player,Nation,Pos,Squad,Comp,Age,Born,MP,Starts,Min,90s,Gls,Ast,G+A,G-PK,PK,PKatt,CrdY,CrdR,Gls,Ast,G+A,G-PK,G+A-PK
1676,Alan Matturro,uy URU,DF,Genoa,it Serie A,19,2004,13,9,900,10,0,0,0,0,0,0,2,0,0,0,0,0,0
1677,Azor Matusiwa,nl NED,MF,Rennes,fr Ligue 1,26,1998,29,23,"2,078",23.1,1,3,4,1,0,0,3,0,0.04,0.13,0.17,0.04,0.17
1678,Neal Maupay,fr FRA,FW,Marseille,fr Ligue 1,27,1996,22,13,"1,042",11.6,4,4,8,4,0,0,3,1,0.35,0.35,0.69,0.35,0.69
1679,Maurides,br BRA,FW,St Pauli,de Bundesliga,30,1994,1,0,2,0,0,0,0,0,0,0,0,0,0,0,0,0,0
1680,Stephy Mavididi,eng ENG,MF,Leicester City,eng Premier League,26,1998,30,16,"1,615",17.9,4,1,5,4,0,0,2,0,0.22,0.06,0.28,0.22,0.28
1681,Konstantinos Mavropanos,gr GRE,DF,West Ham United,eng Premier League,26,1997,33,21,"2,045",22.7,0,0,0,0,0,0,6,1,0,0,0,0,0
1682,Christian Mawissa,fr FRA,DF,Monaco,fr Ligue 1,19,2005,22,17,"1,501",16.7,0,0,0,0,0,0,3,0,0,0,0,0,0
1683,Borja Mayoral,es ESP,FW,Getafe,es La Liga,27,1997,24,7,"1,114",12.4,5,1,6,4,1,1,0,0,0.4,0.08,0.48,0.32,0.4
1684,Senny Mayulu,fr FRA,MF,Paris Saint-Germain,fr Ligue 1,18,2006,20,8,808,9,2,2,4,2,0,0,1,0,0.22,0.22,0.45,0.22,0.45
1685,Noussair Mazraoui,ma MAR,"DF,MF",Manchester Utd,eng Premier League,26,1997,37,34,"2,838",31.5,0,1,1,0,0,0,3,0,0,0.03,0.03,0,0.03
1686,Andrea Mazza,it ITA,GK,Monza,it Serie A,20,2004,1,0,8,0.1,0,0,0,0,0,0,0,0,0,0,0,0,0
1687,Luca Mazzitelli,it ITA,MF,Como,it Serie A,28,1995,11,3,335,3.7,1,1,2,1,0,0,1,0,0.27,0.27,0.54,0.27,0.54
1688,Pasquale Mazzocchi,it ITA,"MF,DF",Napoli,it Serie A,29,1995,20,7,702,7.8,0,0,0,0,0,0,3,0,0,0,0,0,0
1689,Samuel Mbangula,be BEL,MF,Juventus,it Serie A,20,2004,23,7,709,7.9,3,3,6,3,0,0,1,0,0.38,0.38,0.76,0.38,0.76
1690,Ethan Mbappé,fr FRA,MF,Lille,fr Ligue 1,17,2006,10,1,222,2.5,0,0,0,0,0,0,3,0,0,0,0,0,0
1691,Kylian Mbappé,fr FRA,FW,Real Madrid,es La Liga,25,1998,34,34,"2,907",32.3,31,3,34,24,7,9,3,1,0.96,0.09,1.05,0.74,0.84
1692,Ibrahim Mbaye,sn SEN,FW,Paris Saint-Germain,fr Ligue 1,16,2008,9,4,340,3.8,1,1,2,1,0,0,0,0,0.26,0.26,0.53,0.26,0.53
1693,Bryan Mbeumo,cm CMR,"MF,FW",Brentford,eng Premier League,24,1999,38,38,"3,414",37.9,20,7,27,15,5,6,3,0,0.53,0.18,0.71,0.4,0.58
1694,Hianga'a Mbock,fr FRA,MF,Brest,fr Ligue 1,24,1999,1,0,21,0.2,0,0,0,0,0,0,0,0,0,0,0,0,0
1695,James Mcatee,eng ENG,MF,Manchester City,eng Premier League,21,2002,15,3,349,3.9,3,0,3,3,0,0,1,0,0.77,0,0.77,0.77,0.77
1696,Kasey McAteer,ie IRL,MF,Leicester City,eng Premier League,22,2001,18,9,852,9.5,1,1,2,1,0,0,3,0,0.11,0.11,0.21,0.11,0.21
1697,Oliver McBurnie,sct SCO,FW,Las Palmas,es La Liga,28,1996,34,20,"1,837",20.4,3,6,9,3,0,0,3,0,0.15,0.29,0.44,0.15,0.44
1698,Alex McCarthy,eng ENG,GK,Southampton,eng Premier League,34,1989,5,5,450,5,0,0,0,0,0,0,0,0,0,0,0,0,0
1699,John McGinn,sct SCO,MF,Aston Villa,eng Premier League,29,1994,34,27,"2,223",24.7,1,4,5,1,0,0,7,0,0.04,0.16,0.2,0.04,0.2
1700,Scott McKenna,sct SCO,DF,Las Palmas,es La Liga,27,1996,29,28,"2,466",27.4,0,0,0,0,0,0,5,1,0,0,0,0,0
Rk,Player,Nation,Pos,Squad,Comp,Age,Born,MP,Starts,Min,90s,Gls,Ast,G+A,G-PK,PK,PKatt,CrdY,CrdR,Gls,Ast,G+A,G-PK,G+A-PK
1701,Weston McKennie,us USA,"MF,DF",Juventus,it Serie A,25,1998,32,27,"2,310",25.7,2,4,6,2,0,0,3,0,0.08,0.16,0.23,0.08,0.23
1702,Mark McKenzie,us USA,DF,Toulouse,fr Ligue 1,25,1999,30,29,"2,496",27.7,1,1,2,1,0,0,1,1,0.04,0.04,0.07,0.04,0.07
1703,Dwight McNeil,eng ENG,MF,Everton,eng Premier League,24,1999,21,15,"1,371",15.2,4,6,10,4,0,0,1,0,0.26,0.39,0.66,0.26,0.66
1704,Scott McTominay,sct SCO,MF,Manchester Utd,eng Premier League,27,1996,2,0,19,0.2,0,0,0,0,0,0,0,0,0,0,0,0,0
1705,Scott McTominay,sct SCO,MF,Napoli,it Serie A,27,1996,34,33,"2,938",32.6,12,4,16,12,0,0,3,0,0.37,0.12,0.49,0.37,0.49
1706,Jakov Medić,hr CRO,DF,Bochum,de Bundesliga,25,1998,23,17,"1,603",17.8,1,0,1,1,0,0,2,0,0.06,0,0.06,0.06,0.06
1707,Facundo Medina,ar ARG,DF,Lens,fr Ligue 1,25,1999,29,29,"2,543",28.3,0,1,1,0,0,0,15,1,0,0.04,0.04,0,0.04
1708,Ben Mee,eng ENG,DF,Brentford,eng Premier League,34,1989,7,2,183,2,0,0,0,0,0,0,2,0,0,0,0,0,0
1709,Jayden Meghoma,eng ENG,DF,Brentford,eng Premier League,18,2006,1,0,5,0.1,0,0,0,0,0,0,0,0,0,0,0,0,0
1710,Henrik Meister,dk DEN,FW,Rennes,fr Ligue 1,20,2003,4,0,63,0.7,1,0,1,1,0,0,0,0,1.43,0,1.43,1.43,1.43
1711,Bamo Meïté,ci CIV,DF,Montpellier,fr Ligue 1,22,2001,7,6,424,4.7,0,0,0,0,0,0,2,1,0,0,0,0,0
1712,Bamo Meïté,ci CIV,DF,Marseille,fr Ligue 1,22,2001,3,0,26,0.3,0,0,0,0,0,0,0,0,0,0,0,0,0
1713,Kader Meïté,fr FRA,FW,Rennes,fr Ligue 1,16,2007,12,5,544,6,2,0,2,2,0,0,0,0,0.33,0,0.33,0.33,0.33
1714,Mateo Mejía,es ESP,FW,Sevilla,es La Liga,21,2003,1,0,11,0.1,0,0,0,0,0,0,0,0,0,0,0,0,0
1715,Farid El Melali,dz ALG,"MF,FW",Angers,fr Ligue 1,27,1997,32,22,"1,893",21,2,3,5,2,0,0,1,0,0.1,0.14,0.24,0.1,0.24
1716,Filippo Melegoni,it ITA,MF,Genoa,it Serie A,25,1999,3,1,89,1,0,1,1,0,0,0,0,0,0,1.01,1.01,0,1.01
1717,Arthur Melo,br BRA,MF,Girona,es La Liga,27,1996,15,10,941,10.5,0,0,0,0,0,0,2,0,0,0,0,0,0
1718,Nuno Mendes,pt POR,DF,Paris Saint-Germain,fr Ligue 1,22,2002,24,19,"1,676",18.6,1,3,4,1,0,0,3,0,0.05,0.16,0.21,0.05,0.21
1719,Brais Méndez,es ESP,"MF,FW",Real Sociedad,es La Liga,27,1997,27,19,"1,531",17,3,2,5,3,0,0,4,0,0.18,0.12,0.29,0.18,0.29
1720,Antoine Mendy,sn SEN,"DF,MF",Nice,fr Ligue 1,20,2004,18,8,825,9.2,0,0,0,0,0,0,2,0,0,0,0,0,0
1721,Ferland Mendy,fr FRA,DF,Real Madrid,es La Liga,29,1995,14,12,"1,005",11.2,0,1,1,0,0,0,1,1,0,0.09,0.09,0,0.09
1722,Nampalys Mendy,sn SEN,MF,Lens,fr Ligue 1,32,1992,10,7,588,6.5,0,1,1,0,0,0,2,0,0,0.15,0.15,0,0.15
1723,Nobel Mendy,fr FRA,DF,Real Betis,es La Liga,19,2004,2,1,108,1.2,0,0,0,0,0,0,1,0,0,0,0,0,0
1724,Gideon Mensah,gh GHA,"DF,MF",Auxerre,fr Ligue 1,26,1998,29,26,"2,280",25.3,0,1,1,0,0,0,2,0,0,0.04,0.04,0,0.04
1725,Alex Meret,it ITA,GK,Napoli,it Serie A,27,1997,34,34,"3,005",33.4,0,0,0,0,0,0,0,0,0,0,0,0,0
Rk,Player,Nation,Pos,Squad,Comp,Age,Born,MP,Starts,Min,90s,Gls,Ast,G+A,G-PK,PK,PKatt,CrdY,CrdR,Gls,Ast,G+A,G-PK,G+A-PK
1726,Mikel Merino,es ESP,"MF,FW",Arsenal,eng Premier League,28,1996,28,17,"1,586",17.6,7,2,9,7,0,0,4,1,0.4,0.11,0.51,0.4,0.51
1727,Quentin Merlin,fr FRA,"MF,DF",Marseille,fr Ligue 1,22,2002,27,21,"1,589",17.7,1,3,4,1,0,0,1,0,0.06,0.17,0.23,0.06,0.23
1728,Víctor Meseguer,es ESP,MF,Valladolid,es La Liga,25,1999,14,2,418,4.6,0,0,0,0,0,0,1,0,0,0,0,0,0
1729,Rafik Messali,fr FRA,MF,Toulouse,fr Ligue 1,21,2003,13,5,456,5.1,0,1,1,0,0,0,0,0,0,0.2,0.2,0,0.2
1730,Junior Messias,br BRA,"MF,FW",Genoa,it Serie A,33,1991,17,8,847,9.4,1,1,2,1,0,1,1,0,0.11,0.11,0.21,0.11,0.21
1731,Connor Metcalfe,au AUS,"MF,FW",St Pauli,de Bundesliga,24,1999,10,3,358,4,0,0,0,0,0,0,2,1,0,0,0,0,0
1732,Karol Mets,ee EST,DF,St Pauli,de Bundesliga,31,1993,10,10,900,10,0,0,0,0,0,0,1,0,0,0,0,0,0
1733,Thomas Meunier,be BEL,DF,Lille,fr Ligue 1,32,1991,30,21,"1,928",21.4,2,0,2,2,0,0,5,0,0.09,0,0.09,0.09,0.09
1734,Alexander Meyer,de GER,GK,Dortmund,de Bundesliga,33,1991,2,2,180,2,0,0,0,0,0,0,0,0,0,0,0,0,0
1735,Shumaira Mheuka,eng ENG,FW,Chelsea,eng Premier League,16,2007,1,0,1,0,0,0,0,0,0,0,0,0,0,0,0,0,0
1736,Lucas Michal,fr FRA,FW,Monaco,fr Ligue 1,19,2005,8,0,117,1.3,0,0,0,0,0,0,0,0,0,0,0,0,0
1737,Florian Micheler,at AUT,MF,Hoffenheim,de Bundesliga,19,2005,1,0,32,0.4,0,0,0,0,0,0,1,0,0,0,0,0,0
1738,Miguel,es ESP,FW,Leganés,es La Liga,24,1999,34,17,"1,724",19.2,1,3,4,0,1,2,3,0,0.05,0.16,0.21,0,0.16
1739,Valentin Mihaila,ro ROU,"MF,FW",Parma,it Serie A,24,2000,21,16,"1,288",14.3,0,3,3,0,0,0,2,0,0,0.21,0.21,0,0.21
1740,Georges Mikautadze,ge GEO,"FW,MF",Lyon,fr Ligue 1,23,2000,34,13,"1,449",16.1,11,6,17,8,3,4,2,0,0.68,0.37,1.06,0.5,0.87
1741,Igor Miladinović,rs SRB,MF,Saint-Étienne,fr Ligue 1,21,2003,3,0,26,0.3,0,0,0,0,0,0,0,0,0,0,0,0,0
1742,Nikola Milenković,rs SRB,DF,Nottingham Forest,eng Premier League,26,1997,37,37,"3,330",37,5,2,7,5,0,0,4,0,0.14,0.05,0.19,0.14,0.19
1743,Lewis Miley,eng ENG,MF,Newcastle United,eng Premier League,18,2006,14,1,313,3.5,1,0,1,1,0,0,0,0,0.29,0,0.29,0.29,0.29
1744,Vanja Milinković-Savić,rs SRB,GK,Torino,it Serie A,27,1997,37,37,"3,330",37,0,0,0,0,0,0,3,0,0,0,0,0,0
1745,Éder Militão,br BRA,DF,Real Madrid,es La Liga,26,1998,12,11,938,10.4,1,1,2,1,0,0,2,0,0.1,0.1,0.19,0.1,0.19
1746,Luis Milla,es ESP,MF,Getafe,es La Liga,29,1994,33,32,"2,875",31.9,1,4,5,0,1,1,6,0,0.03,0.13,0.16,0,0.13
1747,Pere Milla,es ESP,MF,Espanyol,es La Liga,31,1992,20,1,456,5.1,3,0,3,3,0,0,3,0,0.59,0,0.59,0.59,0.59
1748,Enzo Millot,fr FRA,MF,Stuttgart,de Bundesliga,22,2002,29,22,"1,843",20.5,6,5,11,6,0,1,9,0,0.29,0.24,0.54,0.29,0.54
1749,James Milner,eng ENG,MF,Brighton,eng Premier League,38,1986,4,3,170,1.9,0,0,0,0,0,0,1,0,0,0,0,0,0
1750,Kim Min-jae,kr KOR,DF,Bayern Munich,de Bundesliga,27,1996,27,27,"2,283",25.4,2,0,2,2,0,0,2,0,0.08,0,0.08,0.08,0.08
Rk,Player,Nation,Pos,Squad,Comp,Age,Born,MP,Starts,Min,90s,Gls,Ast,G+A,G-PK,PK,PKatt,CrdY,CrdR,Gls,Ast,G+A,G-PK,G+A-PK
1751,Yerry Mina,co COL,DF,Cagliari,it Serie A,29,1994,31,31,"2,569",28.5,1,0,1,1,0,0,6,1,0.04,0,0.04,0.04,0.04
1752,Takumi Minamino,jp JPN,MF,Monaco,fr Ligue 1,29,1995,31,27,"2,231",24.8,6,3,9,6,0,0,4,0,0.24,0.12,0.36,0.24,0.36
1753,Lucas Mincarelli,fr FRA,DF,Montpellier,fr Ligue 1,20,2004,10,8,715,7.9,1,0,1,1,0,0,0,0,0.13,0,0.13,0.13,0.13
1754,Tyrone Mings,eng ENG,DF,Aston Villa,eng Premier League,31,1993,14,12,"1,120",12.4,0,0,0,0,0,0,1,0,0,0,0,0,0
1755,Óscar Mingueza,es ESP,"MF,DF",Celta Vigo,es La Liga,25,1999,34,31,"2,729",30.3,4,6,10,4,0,0,6,1,0.13,0.2,0.33,0.13,0.33
1756,Kim Minsu,kr KOR,FW,Girona,es La Liga,18,2006,3,0,22,0.2,0,0,0,0,0,0,0,0,0,0,0,0,0
1757,Yankuba Minteh,gm GAM,MF,Brighton,eng Premier League,20,2004,32,20,"1,838",20.4,6,4,10,6,0,0,6,0,0.29,0.2,0.49,0.29,0.49
1758,Bojan Miovski,mk MKD,FW,Girona,es La Liga,25,1999,17,12,869,9.7,2,1,3,2,0,0,0,0,0.21,0.1,0.31,0.21,0.31
1759,Rafa Mir,es ESP,"FW,MF",Valencia,es La Liga,27,1997,20,5,753,8.4,1,2,3,1,0,0,4,0,0.12,0.24,0.36,0.12,0.36
1760,Juan Miranda,es ESP,DF,Bologna,it Serie A,24,2000,31,25,"2,277",25.3,0,6,6,0,0,0,4,1,0,0.24,0.24,0,0.24
1761,Fabio Miretti,it ITA,MF,Genoa,it Serie A,20,2003,25,22,"1,677",18.6,3,3,6,3,0,0,2,0,0.16,0.16,0.32,0.16,0.32
1762,Tyrick Mitchell,eng ENG,MF,Crystal Palace,eng Premier League,24,1999,37,37,"3,092",34.4,0,5,5,0,0,0,2,0,0,0.15,0.15,0,0.15
1763,Kaoru Mitoma,jp JPN,MF,Brighton,eng Premier League,27,1997,36,28,"2,603",28.9,10,4,14,10,0,0,1,0,0.35,0.14,0.48,0.35,0.48
1764,Maximilian Mittelstädt,de GER,"DF,MF",Stuttgart,de Bundesliga,27,1997,31,28,"2,469",27.4,1,7,8,1,0,0,5,0,0.04,0.26,0.29,0.04,0.29
1765,Koji Miyoshi,jp JPN,"MF,FW",Bochum,de Bundesliga,27,1997,15,6,464,5.2,1,0,1,1,0,0,0,1,0.19,0,0.19,0.19,0.19
1766,Henrikh Mkhitaryan,am ARM,MF,Inter,it Serie A,35,1989,32,30,"2,396",26.6,1,4,5,1,0,0,4,0,0.04,0.15,0.19,0.04,0.19
1767,Jakub Moder,pl POL,MF,Brighton,eng Premier League,25,1999,4,0,11,0.1,0,0,0,0,0,0,0,0,0,0,0,0,0
1768,Rui Modesto,ao ANG,MF,Udinese,it Serie A,24,1999,20,4,608,6.8,0,1,1,0,0,0,1,0,0,0.15,0.15,0,0.15
1769,Luka Modrić,hr CRO,MF,Real Madrid,es La Liga,38,1985,35,17,"1,827",20.3,2,6,8,2,0,0,7,0,0.1,0.3,0.39,0.1,0.39
1770,Max Moerstedt,de GER,"FW,MF",Hoffenheim,de Bundesliga,18,2006,12,5,451,5,0,0,0,0,0,0,2,0,0,0,0,0,0
1771,Terem Moffi,ng NGA,FW,Nice,fr Ligue 1,25,1999,5,0,58,0.6,1,0,1,1,0,0,0,0,1.55,0,1.55,1.55,1.55
1772,Mostafa Mohamed,eg EGY,FW,Nantes,fr Ligue 1,26,1997,30,11,"1,252",13.9,5,0,5,5,0,0,3,0,0.36,0,0.36,0.36,0.36
1773,Johan Mojica,co COL,DF,Mallorca,es La Liga,31,1992,36,30,"2,755",30.6,1,2,3,1,0,0,5,0,0.03,0.07,0.1,0.03,0.1
1774,David Mokwa,fr FRA,FW,Hoffenheim,de Bundesliga,20,2004,2,0,22,0.2,0,0,0,0,0,0,0,0,0,0,0,0,0
1775,Alberto Moleiro,es ESP,MF,Las Palmas,es La Liga,20,2003,35,32,"2,714",30.2,6,1,7,6,0,0,5,0,0.2,0.03,0.23,0.2,0.23
Rk,Player,Nation,Pos,Squad,Comp,Age,Born,MP,Starts,Min,90s,Gls,Ast,G+A,G-PK,PK,PKatt,CrdY,CrdR,Gls,Ast,G+A,G-PK,G+A-PK
1776,Nahuel Molina,ar ARG,DF,Atlético Madrid,es La Liga,26,1998,30,17,"1,590",17.7,0,3,3,0,0,0,1,0,0,0.17,0.17,0,0.17
1777,Florent Mollet,fr FRA,MF,Nantes,fr Ligue 1,32,1991,9,3,242,2.7,0,0,0,0,0,0,1,0,0,0,0,0,0
1778,Jon Moncayola,es ESP,MF,Osasuna,es La Liga,26,1998,32,26,"2,099",23.3,0,0,0,0,0,0,8,0,0,0,0,0,0
1779,Jeremy Monga,eng ENG,FW,Leicester City,eng Premier League,15,2009,7,0,112,1.2,0,0,0,0,0,0,0,0,0,0,0,0,0
1780,Gonzalo Montiel,ar ARG,DF,Sevilla,es La Liga,27,1997,6,1,113,1.3,0,0,0,0,0,0,1,0,0,0,0,0,0
1781,Lorenzo Montipò,it ITA,GK,Hellas Verona,it Serie A,28,1996,36,36,"3,240",36,0,0,0,0,0,0,0,0,0,0,0,0,0
1782,Mikey Moore,eng ENG,"MF,FW",Tottenham Hotspur,eng Premier League,16,2007,10,3,366,4.1,0,1,1,0,0,0,0,0,0,0.25,0.25,0,0.25
1783,Álvaro Morata,es ESP,"FW,MF",Milan,it Serie A,31,1992,16,13,"1,099",12.2,5,0,5,5,0,0,5,0,0.41,0,0.41,0.41,0.41
1784,Morato,br BRA,DF,Nottingham Forest,eng Premier League,23,2001,26,6,907,10.1,0,0,0,0,0,0,5,0,0,0,0,0,0
1785,Diego Moreira,be BEL,"MF,DF",Strasbourg,fr Ligue 1,19,2004,32,29,"2,568",28.5,2,7,9,2,0,0,4,1,0.07,0.25,0.32,0.07,0.32
1786,Alberto Moreno,es ESP,DF,Como,it Serie A,32,1992,24,21,"1,727",19.2,0,0,0,0,0,0,4,0,0,0,0,0,0
1787,Álex Moreno,es ESP,DF,Nottingham Forest,eng Premier League,31,1993,15,11,955,10.6,0,1,1,0,0,0,2,0,0,0.09,0.09,0,0.09
1788,Gerard Moreno,es ESP,FW,Villarreal,es La Liga,32,1992,17,6,721,8,3,2,5,0,3,3,0,0,0.37,0.25,0.62,0,0.25
1789,Matias Moreno,ar ARG,DF,Fiorentina,it Serie A,20,2003,4,2,144,1.6,0,0,0,0,0,0,0,0,0,0,0,0,0
1790,Xavier Moreno,es ESP,FW,Valladolid,es La Liga,19,2004,1,1,45,0.5,0,0,0,0,0,0,0,0,0,0,0,0,0
1791,Tete Morente,es ESP,"MF,FW",Lecce,it Serie A,27,1996,31,23,"2,021",22.5,3,2,5,3,0,0,5,0,0.13,0.09,0.22,0.13,0.22
1792,Mateu Morey,es ESP,DF,Mallorca,es La Liga,24,2000,16,8,741,8.2,0,0,0,0,0,0,1,0,0,0,0,0,0
1793,Ilaix Moriba,gn GUI,MF,Celta Vigo,es La Liga,21,2003,33,22,"2,132",23.7,1,1,2,1,0,0,9,1,0.04,0.04,0.08,0.04,0.08
1794,Manu Morlanes,es ESP,MF,Mallorca,es La Liga,25,1999,23,15,"1,338",14.9,0,0,0,0,0,0,7,0,0,0,0,0,0
1795,Nikola Moro,hr CRO,MF,Bologna,it Serie A,26,1998,22,15,"1,208",13.4,0,2,2,0,0,0,1,0,0,0.15,0.15,0,0.15
1796,Raúl Moro,es ESP,"MF,FW",Valladolid,es La Liga,21,2002,33,26,"2,341",26,4,5,9,4,0,0,2,0,0.15,0.19,0.35,0.15,0.35
1797,Sam Morsy,eg EGY,MF,Ipswich Town,eng Premier League,32,1991,33,31,"2,751",30.6,1,1,2,1,0,0,10,0,0.03,0.03,0.07,0.03,0.07
1798,Gabriel Moscardo,br BRA,MF,Reims,fr Ligue 1,18,2005,6,0,84,0.9,0,0,0,0,0,0,1,0,0,0,0,0,0
1799,Cristhian Mosquera,es ESP,DF,Valencia,es La Liga,20,2004,37,37,"3,319",36.9,1,0,1,1,0,0,6,0,0.03,0,0.03,0.03,0.03
1800,Daniel Mosquera,co COL,FW,Hellas Verona,it Serie A,24,1999,35,12,"1,375",15.3,5,1,6,5,0,0,4,0,0.33,0.07,0.39,0.33,0.39
Rk,Player,Nation,Pos,Squad,Comp,Age,Born,MP,Starts,Min,90s,Gls,Ast,G+A,G-PK,PK,PKatt,CrdY,CrdR,Gls,Ast,G+A,G-PK,G+A-PK
1801,Yerson Mosquera,co COL,DF,Wolves,eng Premier League,23,2001,5,5,441,4.9,0,0,0,0,0,0,2,0,0,0,0,0,0
1802,Dany Mota,pt POR,"MF,FW",Monza,it Serie A,26,1998,31,24,"2,104",23.4,5,2,7,5,0,0,3,0,0.21,0.09,0.3,0.21,0.3
1803,Yael Mouanga,fr FRA,DF,Montpellier,fr Ligue 1,19,2005,14,10,946,10.5,0,0,0,0,0,0,3,0,0,0,0,0,0
1804,Aimen Moueffek,fr FRA,MF,Saint-Étienne,fr Ligue 1,23,2001,22,13,"1,039",11.5,0,1,1,0,0,0,2,0,0,0.09,0.09,0,0.09
1805,Youssoufa Moukoko,de GER,FW,Nice,fr Ligue 1,19,2004,11,2,204,2.3,2,1,3,2,0,0,0,0,0.88,0.44,1.32,0.88,1.32
1806,Steve Mounié,bj BEN,MF,Augsburg,de Bundesliga,29,1994,16,1,347,3.9,1,0,1,1,0,0,2,0,0.26,0,0.26,0.26,0.26
1807,Mason Mount,eng ENG,"MF,FW",Manchester Utd,eng Premier League,25,1999,17,8,622,6.9,1,0,1,1,0,0,3,0,0.14,0,0.14,0.14,0.14
1808,Santiago Mouriño,uy URU,DF,Alavés,es La Liga,22,2002,25,20,"1,849",20.5,0,1,1,0,0,0,7,0,0,0.05,0.05,0,0.05
1809,Louis Mouton,fr FRA,MF,Saint-Étienne,fr Ligue 1,22,2002,24,12,"1,045",11.6,0,1,1,0,0,0,2,0,0,0.09,0.09,0,0.09
1810,Divin Mubama,eng ENG,FW,Manchester City,eng Premier League,19,2004,1,0,28,0.3,0,0,0,0,0,0,0,0,0,0,0,0,0
1811,Mykhailo Mudryk,ua UKR,MF,Chelsea,eng Premier League,23,2001,7,1,151,1.7,0,0,0,0,0,0,0,0,0,0,0,0,0
1812,Ngal'Ayel Mukau,cd COD,MF,Lille,fr Ligue 1,19,2004,22,14,"1,190",13.2,0,1,1,0,0,0,4,0,0,0.08,0.08,0,0.08
1813,Nordi Mukiele,fr FRA,"DF,MF",Leverkusen,de Bundesliga,26,1997,15,10,899,10,1,0,1,1,0,0,4,0,0.1,0,0.1,0.1,0.1
1814,Florian Müller,de GER,GK,Freiburg,de Bundesliga,26,1997,9,8,753,8.4,0,0,0,0,0,0,0,0,0,0,0,0,0
1815,Kevin Müller,de GER,GK,Heidenheim,de Bundesliga,33,1991,33,33,"2,939",32.7,0,0,0,0,0,0,0,0,0,0,0,0,0
1816,Marius Müller,de GER,GK,Wolfsburg,de Bundesliga,31,1993,6,5,475,5.3,0,0,0,0,0,0,0,0,0,0,0,0,0
1817,Thomas Müller,de GER,"MF,FW",Bayern Munich,de Bundesliga,34,1989,30,12,"1,225",13.6,1,4,5,1,0,0,3,0,0.07,0.29,0.37,0.07,0.37
1818,Abdul Mumin,gh GHA,DF,Rayo Vallecano,es La Liga,26,1998,24,24,"2,017",22.4,2,1,3,2,0,0,6,1,0.09,0.04,0.13,0.09,0.13
1819,Marshall Munetsi,zw ZIM,"MF,FW",Wolves,eng Premier League,28,1996,14,12,"1,078",12,2,1,3,2,0,0,0,0,0.17,0.08,0.25,0.17,0.25
1820,Marshall Munetsi,zw ZIM,MF,Reims,fr Ligue 1,28,1996,19,19,"1,692",18.8,4,2,6,4,0,0,5,0,0.21,0.11,0.32,0.21,0.32
1821,Rodrigo Muniz,br BRA,FW,Fulham,eng Premier League,23,2001,31,8,964,10.7,8,1,9,8,0,0,1,0,0.75,0.09,0.84,0.75,0.84
1822,Aihen Muñoz,es ESP,DF,Real Sociedad,es La Liga,26,1997,21,13,"1,098",12.2,0,0,0,0,0,0,5,0,0,0,0,0,0
1823,Álex Muñoz,es ESP,DF,Las Palmas,es La Liga,30,1994,21,18,"1,415",15.7,3,0,3,3,0,0,3,0,0.19,0,0.19,0.19,0.19
1824,Daniel Muñoz,co COL,MF,Crystal Palace,eng Premier League,28,1996,37,37,"3,228",35.9,4,5,9,4,0,0,10,0,0.11,0.14,0.25,0.11,0.25
1825,Iker Muñoz,es ESP,MF,Osasuna,es La Liga,21,2002,23,4,610,6.8,0,1,1,0,0,0,2,0,0,0.15,0.15,0,0.15
Rk,Player,Nation,Pos,Squad,Comp,Age,Born,MP,Starts,Min,90s,Gls,Ast,G+A,G-PK,PK,PKatt,CrdY,CrdR,Gls,Ast,G+A,G-PK,G+A-PK
1826,Javier Muñoz,es ESP,"MF,DF",Las Palmas,es La Liga,29,1995,35,28,"2,588",28.8,1,3,4,1,0,0,5,0,0.03,0.1,0.14,0.03,0.14
1827,Víctor Muñoz,es ESP,FW,Real Madrid,es La Liga,21,2003,2,0,36,0.4,0,0,0,0,0,0,0,0,0,0,0,0,0
1828,Arijanet Muric,xk KVX,GK,Ipswich Town,eng Premier League,25,1998,18,18,"1,620",18,0,0,0,0,0,0,1,0,0,0,0,0,0
1829,Murillo,br BRA,DF,Nottingham Forest,eng Premier League,22,2002,36,36,"3,188",35.4,2,0,2,2,0,0,6,0,0.06,0,0.06,0.06,0.06
1830,Vedat Muriqi,xk KVX,FW,Mallorca,es La Liga,30,1994,29,24,"2,058",22.9,7,2,9,5,2,3,1,2,0.31,0.09,0.39,0.22,0.31
1831,Jacob Murphy,eng ENG,"FW,MF",Newcastle United,eng Premier League,29,1995,35,31,"2,360",26.2,8,12,20,8,0,0,4,0,0.31,0.46,0.76,0.31,0.76
1832,Bob Murphy Omoregbe,it ITA,FW,Milan,it Serie A,20,2003,1,0,3,0,0,0,0,0,0,0,0,0,0,0,0,0,0
1833,Yunus Musah,us USA,"MF,FW",Milan,it Serie A,21,2002,29,19,"1,571",17.5,0,2,2,0,0,0,5,0,0,0.11,0.11,0,0.11
1834,Jamal Musiala,de GER,MF,Bayern Munich,de Bundesliga,21,2003,25,21,"1,798",20,12,2,14,12,0,0,3,0,0.6,0.1,0.7,0.6,0.7
1835,Florent Muslija,xk KVX,"FW,MF",Freiburg,de Bundesliga,26,1998,9,0,168,1.9,0,0,0,0,0,0,0,0,0,0,0,0,0
1836,Almoatasem Al Musrati,ly LBY,MF,Monaco,fr Ligue 1,28,1996,10,3,386,4.3,1,1,2,1,0,0,0,0,0.23,0.23,0.47,0.23,0.47
1837,Juan Musso,ar ARG,GK,Atalanta,it Serie A,30,1994,1,1,90,1,0,0,0,0,0,0,0,0,0,0,0,0,0
1838,Juan Musso,ar ARG,GK,Atlético Madrid,es La Liga,30,1994,2,2,180,2,0,0,0,0,0,0,0,0,0,0,0,0,0
1839,Kingstone Mutandwa,zm ZAM,FW,Cagliari,it Serie A,21,2003,6,0,127,1.4,0,0,0,0,0,0,0,0,0,0,0,0,0
1840,Junior Mwanga,fr FRA,MF,Le Havre,fr Ligue 1,21,2003,11,11,952,10.6,1,2,3,1,0,0,1,1,0.09,0.19,0.28,0.09,0.28
1841,Junior Mwanga,fr FRA,MF,Strasbourg,fr Ligue 1,21,2003,8,2,296,3.3,0,0,0,0,0,0,0,0,0,0,0,0,0
1842,Phillipp Mwene,at AUT,MF,Mainz 05,de Bundesliga,30,1994,32,32,"2,607",29,1,4,5,1,0,0,7,0,0.03,0.14,0.17,0.03,0.17
1843,Vitaliy Mykolenko,ua UKR,DF,Everton,eng Premier League,25,1999,35,35,"3,082",34.2,1,2,3,1,0,0,4,0,0.03,0.06,0.09,0.03,0.09
1844,Joakim Mæhle,dk DEN,"DF,MF",Wolfsburg,de Bundesliga,27,1997,28,25,"2,188",24.3,3,4,7,3,0,0,6,0,0.12,0.16,0.29,0.12,0.29
1845,Obite N'Dicka,ci CIV,DF,Roma,it Serie A,24,1999,38,38,"3,420",38,0,1,1,0,0,0,2,0,0,0.03,0.03,0,0.03
1846,Konan N'dri,ci CIV,MF,Lecce,it Serie A,23,2000,11,2,306,3.4,0,0,0,0,0,0,0,0,0,0,0,0,0
1847,Loïc N'Gatta,fr FRA,DF,Auxerre,fr Ligue 1,20,2003,2,0,13,0.1,0,0,0,0,0,0,1,0,0,0,0,0,0
1848,Nathan N'Goumou,cm CMR,MF,Gladbach,de Bundesliga,24,2000,19,9,828,9.2,2,1,3,2,0,0,0,0,0.22,0.11,0.33,0.22,0.33
1849,Djylian N'Guessan,fr FRA,FW,Saint-Étienne,fr Ligue 1,15,2008,8,3,181,2,0,0,0,0,0,0,0,0,0,0,0,0,0
1850,Stanley N'Soki,fr FRA,DF,Hoffenheim,de Bundesliga,25,1999,22,16,"1,308",14.5,0,0,0,0,0,0,3,1,0,0,0,0,0
Rk,Player,Nation,Pos,Squad,Comp,Age,Born,MP,Starts,Min,90s,Gls,Ast,G+A,G-PK,PK,PKatt,CrdY,CrdR,Gls,Ast,G+A,G-PK,G+A-PK
1851,Mickael Nade,fr FRA,DF,Saint-Étienne,fr Ligue 1,25,1999,26,25,"2,306",25.6,1,2,3,1,0,0,1,0,0.04,0.08,0.12,0.04,0.12
1852,Bilal Nadir,ma MAR,MF,Marseille,fr Ligue 1,20,2003,15,5,383,4.3,1,0,1,1,0,0,2,0,0.23,0,0.23,0.23,0.23
1853,Mahamadou Nagida,cm CMR,MF,Rennes,fr Ligue 1,19,2005,12,4,430,4.8,2,0,2,2,0,0,1,0,0.42,0,0.42,0.42,0.42
1854,Keito Nakamura,jp JPN,"MF,FW",Reims,fr Ligue 1,24,2000,32,31,"2,649",29.4,11,2,13,11,0,0,5,0,0.37,0.07,0.44,0.37,0.44
1855,Sebastian Nanasi,se SWE,"MF,FW",Strasbourg,fr Ligue 1,22,2002,31,26,"2,107",23.4,6,4,10,6,0,0,1,0,0.26,0.17,0.43,0.26,0.43
1856,Yael Nandjou,fr FRA,DF,Nice,fr Ligue 1,19,2005,3,2,154,1.7,0,0,0,0,0,0,0,0,0,0,0,0,0
1857,Nikolas Nartey,dk DEN,MF,Stuttgart,de Bundesliga,24,2000,1,0,22,0.2,0,0,0,0,0,0,0,0,0,0,0,0,0
1858,Matija Nastasić,rs SRB,DF,Leganés,es La Liga,31,1993,26,24,"2,110",23.4,1,0,1,1,0,0,3,0,0.04,0,0.04,0.04,0.04
1859,Natan,br BRA,DF,Real Betis,es La Liga,23,2001,31,23,"2,175",24.2,1,1,2,1,0,0,5,1,0.04,0.04,0.08,0.04,0.08
1860,Pau Navarro,es ESP,DF,Villarreal,es La Liga,19,2005,17,8,916,10.2,0,0,0,0,0,0,1,0,0,0,0,0,0
1861,Roberto Navarro,es ESP,MF,Mallorca,es La Liga,22,2002,23,15,"1,278",14.2,1,0,1,1,0,0,3,0,0.07,0,0.07,0.07,0.07
1862,Jesús Navas,es ESP,"MF,FW",Sevilla,es La Liga,38,1985,15,3,424,4.7,1,0,1,1,0,0,0,0,0.21,0,0.21,0.21,0.21
1863,Michel Ndary Adopo,fr FRA,MF,Cagliari,it Serie A,24,2000,35,27,"2,409",26.8,1,1,2,1,0,0,5,1,0.04,0.04,0.07,0.04,0.07
1864,Youssouf Ndayishimiye,bi BDI,DF,Nice,fr Ligue 1,25,1998,23,22,"1,932",21.5,3,0,3,3,0,0,5,0,0.14,0,0.14,0.14,0.14
1865,Iliman Ndiaye,sn SEN,"MF,FW",Everton,eng Premier League,24,2000,33,29,"2,430",27,9,0,9,7,2,2,3,0,0.33,0,0.33,0.26,0.26
1866,Junior Ndiaye,ae UAE,FW,Montpellier,fr Ligue 1,19,2005,15,4,441,4.9,0,0,0,0,0,0,0,0,0,0,0,0,0
1867,Rassoul Ndiaye,sn SEN,MF,Le Havre,fr Ligue 1,22,2001,27,11,"1,061",11.8,1,0,1,1,0,0,2,0,0.08,0,0.08,0.08,0.08
1868,Wilfred Ndidi,ng NGA,MF,Leicester City,eng Premier League,27,1996,28,28,"2,324",25.8,0,5,5,0,0,0,8,0,0,0.19,0.19,0,0.19
1869,Wilfried Ndollo,cm CMR,DF,Montpellier,fr Ligue 1,19,2005,8,3,401,4.5,0,0,0,0,0,0,0,0,0,0,0,0,0
1870,Tanguy Ndombele,fr FRA,MF,Nice,fr Ligue 1,27,1996,18,12,"1,131",12.6,1,2,3,1,0,0,2,0,0.08,0.16,0.24,0.08,0.24
1871,Cher Ndour,it ITA,MF,Fiorentina,it Serie A,20,2004,9,4,406,4.5,0,0,0,0,0,0,1,0,0,0,0,0,0
1872,Dan Ndoye,ch SUI,"MF,FW",Bologna,it Serie A,23,2000,30,26,"2,143",23.8,8,4,12,6,2,2,4,0,0.34,0.17,0.5,0.25,0.42
1873,Paul Nebel,de GER,MF,Mainz 05,de Bundesliga,21,2002,31,26,"2,345",26.1,10,4,14,10,0,0,5,1,0.38,0.15,0.54,0.38,0.54
1874,Kosta Nedeljković,rs SRB,DF,Aston Villa,eng Premier League,18,2005,5,0,126,1.4,0,0,0,0,0,0,0,0,0,0,0,0,0
1875,Kosta Nedeljković,rs SRB,"DF,MF",RB Leipzig,de Bundesliga,18,2005,10,6,479,5.3,0,0,0,0,0,0,1,0,0,0,0,0,0
Rk,Player,Nation,Pos,Squad,Comp,Age,Born,MP,Starts,Min,90s,Gls,Ast,G+A,G-PK,PK,PKatt,CrdY,CrdR,Gls,Ast,G+A,G-PK,G+A-PK
1876,Loïc Nego,hu HUN,"DF,MF",Le Havre,fr Ligue 1,33,1991,31,28,"2,459",27.3,0,0,0,0,0,0,4,0,0,0,0,0,0
1877,Ivan Nekić,hr CRO,DF,Holstein Kiel,de Bundesliga,23,2000,1,1,71,0.8,0,0,0,0,0,0,0,0,0,0,0,0,0
1878,Reiss Nelson,eng ENG,"FW,MF",Arsenal,eng Premier League,24,1999,1,0,3,0,0,0,0,0,0,0,0,0,0,0,0,0,0
1879,Reiss Nelson,eng ENG,MF,Fulham,eng Premier League,24,1999,11,5,487,5.4,1,1,2,1,0,0,1,0,0.18,0.18,0.37,0.18,0.37
1880,Victor Nelsson,dk DEN,DF,Roma,it Serie A,25,1998,4,1,187,2.1,0,0,0,0,0,0,0,0,0,0,0,0,0
1881,David Nemeth,at AUT,DF,St Pauli,de Bundesliga,23,2001,24,24,"2,137",23.7,0,1,1,0,0,0,3,0,0,0.04,0.04,0,0.04
1882,David Neres,br BRA,FW,Napoli,it Serie A,27,1997,28,13,"1,283",14.3,2,4,6,2,0,0,1,0,0.14,0.28,0.42,0.14,0.42
1883,Neto,br BRA,GK,Bournemouth,eng Premier League,35,1989,2,2,180,2,0,0,0,0,0,0,0,0,0,0,0,0,0
1884,Pedro Neto,pt POR,"MF,FW",Chelsea,eng Premier League,24,2000,35,24,"2,269",25.2,4,6,10,4,0,0,8,0,0.16,0.24,0.4,0.16,0.4
1885,Luca Netz,de GER,DF,Gladbach,de Bundesliga,21,2003,24,8,969,10.8,0,2,2,0,0,0,2,0,0,0.19,0.19,0,0.19
1886,Manuel Neuer,de GER,GK,Bayern Munich,de Bundesliga,38,1986,22,22,"1,980",22,0,0,0,0,0,0,0,0,0,0,0,0,0
1887,Florian Neuhaus,de GER,MF,Gladbach,de Bundesliga,27,1997,18,2,382,4.2,0,1,1,0,0,0,1,0,0,0.24,0.24,0,0.24
1888,João Neves,pt POR,"MF,DF",Paris Saint-Germain,fr Ligue 1,19,2004,29,22,"1,844",20.5,3,8,11,3,0,0,1,0,0.15,0.39,0.54,0.15,0.54
1889,Yvan Neyou,cm CMR,MF,Leganés,es La Liga,27,1997,30,27,"2,312",25.7,1,1,2,1,0,0,14,0,0.04,0.04,0.08,0.04,0.08
1890,Cyril Ngonge,be BEL,FW,Napoli,it Serie A,24,2000,18,1,216,2.4,0,0,0,0,0,0,2,0,0,0,0,0,0
1891,Mikayil Ngor Faye,sn SEN,DF,Rennes,fr Ligue 1,20,2004,11,7,688,7.6,0,0,0,0,0,0,1,1,0,0,0,0,0
1892,Steve Ngoura,fr FRA,FW,Le Havre,fr Ligue 1,19,2005,8,2,289,3.2,1,0,1,1,0,0,0,0,0.31,0,0.31,0.31,0.31
1893,Bernard Nguene,cm CMR,FW,Nice,fr Ligue 1,17,2006,1,0,13,0.1,0,0,0,0,0,0,0,0,0,0,0,0,0
1894,Moussa Niakhate,sn SEN,DF,Lyon,fr Ligue 1,28,1996,31,30,"2,726",30.3,0,0,0,0,0,0,2,0,0,0,0,0,0
1895,Abdoulaye Niakhate Ndiaye,sn SEN,DF,Brest,fr Ligue 1,22,2002,22,19,"1,707",19,1,0,1,1,0,0,4,1,0.05,0,0.05,0.05,0.05
1896,Ibrahima Niane,sn SEN,FW,Angers,fr Ligue 1,25,1999,24,8,943,10.5,3,1,4,2,1,1,0,0,0.29,0.1,0.38,0.19,0.29
1897,Tanguy Nianzou,fr FRA,DF,Sevilla,es La Liga,22,2002,6,6,518,5.8,0,0,0,0,0,0,3,1,0,0,0,0,0
1898,Cheikh Niasse,sn SEN,MF,Hellas Verona,it Serie A,24,2000,11,8,755,8.4,0,0,0,0,0,0,4,0,0,0,0,0,0
1899,Rasmus Nicolaisen,dk DEN,DF,Toulouse,fr Ligue 1,27,1997,7,7,623,6.9,0,1,1,0,0,0,0,0,0,0.14,0.14,0,0.14
1900,Moritz Nicolas,de GER,GK,Gladbach,de Bundesliga,26,1997,19,19,"1,639",18.2,0,0,0,0,0,0,0,0,0,0,0,0,0
Rk,Player,Nation,Pos,Squad,Comp,Age,Born,MP,Starts,Min,90s,Gls,Ast,G+A,G-PK,PK,PKatt,CrdY,CrdR,Gls,Ast,G+A,G-PK,G+A-PK
1901,Hans Nicolussi Caviglia,it ITA,MF,Venezia,it Serie A,24,2000,35,33,"2,861",31.8,4,2,6,4,0,0,7,1,0.13,0.06,0.19,0.13,0.19
1902,Julian Niehues,de GER,MF,Heidenheim,de Bundesliga,23,2001,8,0,154,1.7,0,0,0,0,0,0,1,0,0,0,0,0,0
1903,Oliver Nielsen,dk DEN,DF,Lazio,it Serie A,21,2003,2,0,35,0.4,0,0,0,0,0,0,1,0,0,0,0,0,0
1904,Saúl Ñíguez,es ESP,MF,Sevilla,es La Liga,29,1994,24,17,"1,553",17.3,1,6,7,1,0,0,8,1,0.06,0.35,0.41,0.06,0.41
1905,Tamás Nikitscher,hu HUN,"MF,DF",Valladolid,es La Liga,24,1999,13,9,858,9.5,0,0,0,0,0,0,2,0,0,0,0,0,0
1906,Adrian Niño,es ESP,FW,Atlético Madrid,es La Liga,20,2004,1,0,12,0.1,0,0,0,0,0,0,0,0,0,0,0,0,0
1907,Alieu Njie,se SWE,FW,Torino,it Serie A,19,2005,16,0,394,4.4,1,0,1,1,0,0,1,0,0.23,0,0.23,0.23,0.23
1908,Justin Njinmah,de GER,"FW,MF",Werder Bremen,de Bundesliga,23,2000,26,10,952,10.6,3,2,5,3,0,0,1,0,0.28,0.19,0.47,0.28,0.47
1909,Eddie Nketiah,eng ENG,"FW,MF",Crystal Palace,eng Premier League,25,1999,29,9,"1,034",11.5,3,1,4,3,0,0,6,1,0.26,0.09,0.35,0.26,0.35
1910,Niels Nkounkou,fr FRA,"MF,DF",Eintracht Frankfurt,de Bundesliga,23,2000,12,4,382,4.2,0,0,0,0,0,0,1,0,0,0,0,0,0
1911,Christopher Nkunku,fr FRA,"MF,FW",Chelsea,eng Premier League,26,1997,27,9,921,10.2,3,2,5,3,0,0,2,0,0.29,0.2,0.49,0.29,0.49
1912,Felix Nmecha,de GER,MF,Dortmund,de Bundesliga,23,2000,26,19,"1,509",16.8,4,1,5,4,0,0,3,0,0.24,0.06,0.3,0.24,0.3
1913,Lukas Nmecha,de GER,FW,Wolfsburg,de Bundesliga,25,1998,19,3,467,5.2,3,0,3,3,0,0,1,0,0.58,0,0.58,0.58,0.58
1914,Arnaud Nordin,fr FRA,"MF,FW",Montpellier,fr Ligue 1,26,1998,16,14,"1,166",13,4,1,5,3,1,2,2,0,0.31,0.08,0.39,0.23,0.31
1915,Arnaud Nordin,fr FRA,"FW,MF",Mainz 05,de Bundesliga,26,1998,6,0,80,0.9,0,0,0,0,0,0,0,0,0,0,0,0,0
1916,Brooke Norton-Cuffy,eng ENG,"MF,DF",Genoa,it Serie A,20,2004,14,8,719,8,0,0,0,0,0,0,0,0,0,0,0,0,0
1917,Tijjani Noslin,nl NED,"MF,FW",Lazio,it Serie A,25,1999,30,8,861,9.6,2,2,4,2,0,0,2,0,0.21,0.21,0.42,0.21,0.42
1918,Hugo Novoa,es ESP,"MF,DF",Alavés,es La Liga,21,2003,5,2,237,2.6,0,0,0,0,0,0,0,0,0,0,0,0,0
1919,Plamedi Nsingi,,FW,Nantes,fr Ligue 1,23,2000,1,0,16,0.2,0,0,0,0,0,0,0,0,0,0,0,0,0
1920,Randy Nteka,ao ANG,FW,Rayo Vallecano,es La Liga,26,1997,24,16,"1,129",12.5,3,0,3,3,0,0,6,0,0.24,0,0.24,0.24,0.24
1921,Ernest Nuamah,gh GHA,"MF,FW",Lyon,fr Ligue 1,20,2003,23,13,"1,052",11.7,3,1,4,3,0,0,2,0,0.26,0.09,0.34,0.26,0.34
1922,Alexander Nübel,de GER,GK,Stuttgart,de Bundesliga,27,1996,34,34,"3,060",34,0,1,1,0,0,0,0,0,0,0.03,0.03,0,0.03
1923,Gustavo Nunes,br BRA,MF,Brentford,eng Premier League,18,2005,3,0,12,0.1,0,0,0,0,0,0,0,0,0,0,0,0,0
1924,Matheus Nunes,pt POR,"DF,MF",Manchester City,eng Premier League,25,1998,26,19,"1,674",18.6,1,6,7,1,0,0,4,0,0.05,0.32,0.38,0.05,0.38
1925,Darwin Núñez,uy URU,FW,Liverpool,eng Premier League,25,1999,30,8,"1,133",12.6,5,2,7,5,0,0,8,0,0.4,0.16,0.56,0.4,0.56
Rk,Player,Nation,Pos,Squad,Comp,Age,Born,MP,Starts,Min,90s,Gls,Ast,G+A,G-PK,PK,PKatt,CrdY,CrdR,Gls,Ast,G+A,G-PK,G+A-PK
1926,Unai Núñez,es ESP,DF,Athletic Club,es La Liga,27,1997,10,7,645,7.2,0,0,0,0,0,0,4,0,0,0,0,0,0
1927,Antonio Nusa,no NOR,"MF,DF",RB Leipzig,de Bundesliga,19,2005,25,16,"1,558",17.3,3,3,6,3,0,0,0,0,0.17,0.17,0.35,0.17,0.35
1928,Ethan Nwaneri,eng ENG,"FW,MF",Arsenal,eng Premier League,17,2007,26,11,895,9.9,4,2,6,4,0,0,1,0,0.4,0.2,0.6,0.4,0.6
1929,Ørjan Nyland,no NOR,GK,Sevilla,es La Liga,33,1990,30,30,"2,673",29.7,0,0,0,0,0,0,2,0,0,0,0,0,0
1930,Allan Nyom,cm CMR,"MF,DF",Getafe,es La Liga,36,1988,20,10,887,9.9,1,2,3,1,0,0,4,0,0.1,0.2,0.3,0.1,0.3
1931,Rabby Nzingoula,fr FRA,MF,Montpellier,fr Ligue 1,18,2005,27,20,"1,689",18.8,1,0,1,1,0,0,11,0,0.05,0,0.05,0.05,0.05
1932,M'Bala Nzola,ao ANG,FW,Lens,fr Ligue 1,27,1996,21,16,"1,460",16.2,6,1,7,6,0,0,3,1,0.37,0.06,0.43,0.37,0.43
1933,Marwann Nzuzi,fr FRA,DF,Saint-Étienne,fr Ligue 1,20,2004,2,2,125,1.4,0,0,0,0,0,0,2,0,0,0,0,0,0
1934,Christian Nørgaard,dk DEN,MF,Brentford,eng Premier League,30,1994,34,34,"2,819",31.3,5,4,9,5,0,0,8,1,0.16,0.13,0.29,0.16,0.29
1935,Jake O'Brien,ie IRL,DF,Everton,eng Premier League,23,2001,20,17,"1,571",17.5,2,0,2,2,0,0,5,0,0.11,0,0.11,0.11,0.11
1936,Matt O'Riley,dk DEN,MF,Brighton,eng Premier League,23,2000,21,11,938,10.4,2,2,4,1,1,1,1,0,0.19,0.19,0.38,0.1,0.29
1937,Dara O'Shea,ie IRL,DF,Ipswich Town,eng Premier League,25,1999,35,35,"3,122",34.7,0,2,2,0,0,0,6,0,0,0.06,0.06,0,0.06
1938,Adam Obert,sk SVK,"DF,MF",Cagliari,it Serie A,21,2002,21,13,"1,077",12,1,1,2,1,0,0,4,0,0.08,0.08,0.17,0.08,0.17
1939,Chidozie Obi-Martin,dk DEN,FW,Manchester Utd,eng Premier League,16,2007,7,1,165,1.8,0,0,0,0,0,0,1,0,0,0,0,0,0
1940,Jan Oblak,si SVN,GK,Atlético Madrid,es La Liga,31,1993,36,36,"3,240",36,0,0,0,0,0,0,0,0,0,0,0,0,0
1941,Lucas Ocampos,ar ARG,"MF,FW",Sevilla,es La Liga,30,1994,2,2,175,1.9,0,1,1,0,0,0,0,0,0,0.51,0.51,0,0.51
1942,Jens Odgaard,dk DEN,MF,Bologna,it Serie A,25,1999,29,24,"1,952",21.7,6,1,7,6,0,0,1,0,0.28,0.05,0.32,0.28,0.32
1943,Wilson Odobert,fr FRA,"FW,MF",Tottenham Hotspur,eng Premier League,19,2004,16,9,850,9.4,1,0,1,1,0,0,0,0,0.11,0,0.11,0.11,0.11
1944,David Odogu,de GER,DF,Wolfsburg,de Bundesliga,18,2006,3,2,195,2.2,0,0,0,0,0,0,0,0,0,0,0,0,0
1945,Álvaro Odriozola,es ESP,DF,Real Sociedad,es La Liga,28,1995,2,0,43,0.5,0,0,0,0,0,0,1,0,0,0,0,0,0
1946,Tim Oermann,de GER,DF,Bochum,de Bundesliga,20,2003,29,26,"2,213",24.6,0,2,2,0,0,0,0,0,0,0.08,0.08,0,0.08
1947,Chiedozie Ogbene,ie IRL,MF,Ipswich Town,eng Premier League,27,1997,5,3,238,2.6,0,0,0,0,0,0,0,0,0,0,0,0,0
1948,Ifechukwu Ogbus,ch SUI,DF,Freiburg,de Bundesliga,18,2005,2,0,19,0.2,0,0,0,0,0,0,0,0,0,0,0,0,0
1949,Thiago Ojeda,ar ARG,MF,Villarreal,es La Liga,21,2003,1,0,8,0.1,0,0,0,0,0,0,1,0,0,0,0,0,0
1950,Hamzat Ojediran,ng NGA,MF,Lens,fr Ligue 1,20,2003,17,1,416,4.6,1,0,1,1,0,0,5,0,0.22,0,0.22,0.22,0.22
Rk,Player,Nation,Pos,Squad,Comp,Age,Born,MP,Starts,Min,90s,Gls,Ast,G+A,G-PK,PK,PKatt,CrdY,CrdR,Gls,Ast,G+A,G-PK,G+A-PK
1951,Noah Okafor,ch SUI,"FW,MF",Napoli,it Serie A,24,2000,4,0,40,0.4,0,0,0,0,0,0,0,0,0,0,0,0,0
1952,Noah Okafor,ch SUI,"FW,MF",Milan,it Serie A,24,2000,11,5,414,4.6,1,0,1,1,0,0,0,0,0.22,0,0.22,0.22,0.22
1953,Caleb Okoli,it ITA,DF,Leicester City,eng Premier League,23,2001,19,12,"1,125",12.5,1,0,1,1,0,0,4,0,0.08,0,0.08,0.08,0.08
1954,Yllan Okou,fr FRA,DF,Hellas Verona,it Serie A,21,2002,1,0,2,0,0,0,0,0,0,0,0,0,0,0,0,0,0
1955,Maduka Okoye,ng NGA,GK,Udinese,it Serie A,24,1999,25,25,"2,250",25,0,0,0,0,0,0,1,0,0,0,0,0,0
1956,Joseph Okumu,ke KEN,DF,Reims,fr Ligue 1,27,1997,22,20,"1,695",18.8,1,0,1,1,0,0,5,1,0.05,0,0.05,0.05,0.05
1957,Aingeru Olabarrieta,es ESP,MF,Athletic Club,es La Liga,18,2005,1,1,54,0.6,0,0,0,0,0,0,0,0,0,0,0,0,0
1958,Kazeem Olaigbe,be BEL,"MF,FW",Rennes,fr Ligue 1,21,2003,10,3,299,3.3,0,2,2,0,0,0,0,0,0,0.6,0.6,0,0.6
1959,Olasagasti,es ESP,MF,Real Sociedad,es La Liga,23,2000,22,7,857,9.5,1,1,2,1,0,0,2,0,0.11,0.11,0.21,0.11,0.21
1960,Ben Old,nz NZL,"MF,FW",Saint-Étienne,fr Ligue 1,21,2002,13,4,528,5.9,0,0,0,0,0,0,0,0,0,0,0,0,0
1961,Finn Ole Becker,de GER,MF,Hoffenheim,de Bundesliga,24,2000,13,7,670,7.4,0,1,1,0,0,0,1,0,0,0.13,0.13,0,0.13
1962,Michael Olise,fr FRA,MF,Bayern Munich,de Bundesliga,22,2001,34,28,"2,334",25.9,12,15,27,12,0,0,3,0,0.46,0.58,1.04,0.46,1.04
1963,Brian Oliván,es ESP,DF,Espanyol,es La Liga,30,1994,17,12,"1,017",11.3,0,1,1,0,0,0,2,0,0,0.09,0.09,0,0.09
1964,Lucas Oliveira Rosa,br BRA,DF,Valladolid,es La Liga,24,2000,21,21,"1,890",21,0,1,1,0,0,0,6,0,0,0.05,0.05,0,0.05
1965,Mathías Olivera,uy URU,DF,Napoli,it Serie A,26,1997,32,26,"2,370",26.3,0,2,2,0,0,0,4,0,0,0.08,0.08,0,0.08
1966,Dani Olmo,es ESP,MF,Barcelona,es La Liga,26,1998,25,13,"1,212",13.5,10,3,13,8,2,2,1,0,0.74,0.22,0.97,0.59,0.82
1967,Robin Olsen,se SWE,GK,Aston Villa,eng Premier League,34,1990,4,1,226,2.5,0,0,0,0,0,0,0,0,0,0,0,0,0
1968,Warmed Omari,km COM,DF,Lyon,fr Ligue 1,24,2000,1,0,8,0.1,0,0,0,0,0,0,0,0,0,0,0,0,0
1969,Becir Omeragic,ch SUI,DF,Montpellier,fr Ligue 1,22,2002,22,21,"1,799",20,0,0,0,0,0,0,1,0,0,0,0,0,0
1970,Jonas Omlin,ch SUI,GK,Gladbach,de Bundesliga,30,1994,12,11,978,10.9,0,0,0,0,0,0,0,1,0,0,0,0,0
1971,Andrew Omobamidele,ie IRL,DF,Strasbourg,fr Ligue 1,22,2002,10,6,539,6,0,0,0,0,0,0,5,1,0,0,0,0,0
1972,Ado Onaiwu,jp JPN,"MF,FW",Auxerre,fr Ligue 1,28,1995,31,9,957,10.6,4,1,5,4,0,0,1,1,0.38,0.09,0.47,0.38,0.47
1973,Amadou Onana,be BEL,MF,Aston Villa,eng Premier League,22,2001,26,20,"1,617",18,3,0,3,3,0,0,4,0,0.17,0,0.17,0.17,0.17
1974,André Onana,cm CMR,GK,Manchester Utd,eng Premier League,28,1996,34,34,"3,060",34,0,0,0,0,0,0,0,0,0,0,0,0,0
1975,Jean Onana,cm CMR,MF,Genoa,it Serie A,24,2000,9,2,304,3.4,0,0,0,0,0,0,1,0,0,0,0,0,0
Rk,Player,Nation,Pos,Squad,Comp,Age,Born,MP,Starts,Min,90s,Gls,Ast,G+A,G-PK,PK,PKatt,CrdY,CrdR,Gls,Ast,G+A,G-PK,G+A-PK
1976,Jacob Ondrejka,se SWE,MF,Parma,it Serie A,21,2002,12,3,422,4.7,5,0,5,5,0,0,0,0,1.07,0,1.07,1.07,1.07
1977,Karim Onisiwo,at AUT,MF,Mainz 05,de Bundesliga,32,1992,6,1,110,1.2,0,0,0,0,0,0,0,0,0,0,0,0,0
1978,Paul Onuachu,ng NGA,FW,Southampton,eng Premier League,30,1994,25,11,"1,050",11.7,4,1,5,4,0,0,4,0,0.34,0.09,0.43,0.34,0.43
1979,Frank Onyeka,ng NGA,MF,Brentford,eng Premier League,26,1998,2,0,25,0.3,0,0,0,0,0,0,0,0,0,0,0,0,0
1980,Frank Onyeka,ng NGA,MF,Augsburg,de Bundesliga,26,1998,31,30,"2,586",28.7,0,1,1,0,0,0,8,0,0,0.03,0.03,0,0.03
1981,Loïs Openda,be BEL,FW,RB Leipzig,de Bundesliga,24,2000,33,28,"2,453",27.3,9,5,14,9,0,1,5,1,0.33,0.18,0.51,0.33,0.51
1982,Christopher Operi,ci CIV,"MF,DF",Le Havre,fr Ligue 1,27,1997,13,13,"1,169",13,0,2,2,0,0,0,2,1,0,0.15,0.15,0,0.15
1983,Fredrik Oppegard,no NOR,"MF,DF",Auxerre,fr Ligue 1,21,2002,9,2,273,3,0,0,0,0,0,0,0,0,0,0,0,0,0
1984,Victor Orakpo,ng NGA,FW,Nice,fr Ligue 1,18,2006,4,0,36,0.4,0,0,0,0,0,0,0,0,0,0,0,0,0
1985,Ike Orazi,ie IRL,FW,Reims,fr Ligue 1,17,2007,1,0,3,0,0,0,0,0,0,0,0,0,0,0,0,0,0
1986,Gift Orban,ng NGA,FW,Lyon,fr Ligue 1,22,2002,3,2,186,2.1,2,0,2,2,0,0,1,0,0.97,0,0.97,0.97,0.97
1987,Gift Orban,ng NGA,FW,Hoffenheim,de Bundesliga,22,2002,13,7,687,7.6,4,0,4,4,0,0,2,0,0.52,0,0.52,0.52,0.52
1988,Willi Orban,hu HUN,DF,RB Leipzig,de Bundesliga,31,1992,25,25,"2,222",24.7,5,0,5,5,0,0,4,2,0.2,0,0.2,0.2,0.2
1989,Ivan Ordets,ua UKR,DF,Bochum,de Bundesliga,32,1992,22,21,"1,861",20.7,0,0,0,0,0,0,6,0,0,0,0,0,0
1990,Lewis Orford,eng ENG,MF,West Ham United,eng Premier League,18,2006,2,0,49,0.5,0,0,0,0,0,0,0,0,0,0,0,0,0
1991,Gaetano Oristanio,it ITA,"FW,MF",Venezia,it Serie A,21,2002,37,29,"2,315",25.7,3,3,6,3,0,0,3,0,0.12,0.12,0.23,0.12,0.23
1992,Aimar Oroz,es ESP,MF,Osasuna,es La Liga,22,2001,37,35,"2,966",33,5,4,9,4,1,1,8,0,0.15,0.12,0.27,0.12,0.24
1993,Riccardo Orsolini,it ITA,"MF,FW",Bologna,it Serie A,27,1997,30,23,"1,878",20.9,15,4,19,12,3,3,2,0,0.72,0.19,0.91,0.58,0.77
1994,Stefan Ortega,de GER,GK,Manchester City,eng Premier League,31,1992,13,12,"1,100",12.2,0,0,0,0,0,0,1,0,0,0,0,0,0
1995,Ángel Ortíz,es ESP,DF,Real Betis,es La Liga,20,2004,5,4,353,3.9,0,1,1,0,0,0,0,0,0,0.25,0.25,0,0.25
1996,Gabriel Osei Misehouy,nl NED,FW,Girona,es La Liga,19,2005,9,1,257,2.9,1,0,1,1,0,0,0,0,0.35,0,0.35,0.35,0.35
1997,Gabriel Osho,ng NGA,DF,Auxerre,fr Ligue 1,25,1998,20,20,"1,654",18.4,1,0,1,1,0,0,1,1,0.05,0,0.05,0.05,0.05
1998,Yordan Osorio,ve VEN,DF,Parma,it Serie A,30,1994,3,2,172,1.9,0,0,0,0,0,0,0,0,0,0,0,0,0
1999,Patrick Osterhage,de GER,MF,Freiburg,de Bundesliga,24,2000,30,27,"2,267",25.2,1,0,1,1,0,0,6,1,0.04,0,0.04,0.04,0.04
2000,William Osula,dk DEN,FW,Newcastle United,eng Premier League,20,2003,14,0,134,1.5,1,0,1,1,0,0,0,0,0.67,0,0.67,0.67,0.67
Rk,Player,Nation,Pos,Squad,Comp,Age,Born,MP,Starts,Min,90s,Gls,Ast,G+A,G-PK,PK,PKatt,CrdY,CrdR,Gls,Ast,G+A,G-PK,G+A-PK
2001,Jibril Othman,tn TUN,FW,Saint-Étienne,fr Ligue 1,20,2004,1,0,5,0.1,0,0,0,0,0,0,0,0,0,0,0,0,0
2002,Sebastian Otoa,dk DEN,DF,Genoa,it Serie A,20,2004,3,3,179,2,0,0,0,0,0,0,1,1,0,0,0,0,0
2003,David Otorbi,es ESP,FW,Valencia,es La Liga,16,2007,1,0,14,0.2,0,0,0,0,0,0,0,0,0,0,0,0,0
2004,Abdoul Ouattara,fr FRA,"MF,FW",Strasbourg,fr Ligue 1,18,2005,17,3,471,5.2,1,1,2,1,0,0,1,0,0.19,0.19,0.38,0.19,0.38
2005,Dango Ouattara,bf BFA,"MF,FW",Bournemouth,eng Premier League,22,2002,32,21,"2,005",22.3,7,4,11,7,0,0,3,0,0.31,0.18,0.49,0.31,0.49
2006,Kassoum Ouattara,fr FRA,"MF,DF",Monaco,fr Ligue 1,19,2004,12,5,391,4.3,0,1,1,0,0,0,2,0,0,0.23,0.23,0,0.23
2007,Remi Oudin,fr FRA,MF,Lecce,it Serie A,27,1996,11,3,299,3.3,0,0,0,0,0,0,1,0,0,0,0,0,0
2008,Assan Ouedraogo,de GER,MF,RB Leipzig,de Bundesliga,18,2006,3,0,50,0.6,0,0,0,0,0,0,0,0,0,0,0,0,0
2009,Zinédine Ould Khaled,fr FRA,MF,Angers,fr Ligue 1,24,2000,10,4,343,3.8,0,0,0,0,0,0,1,0,0,0,0,0,0
2010,Cheick Oumar Conde,gn GUI,MF,Venezia,it Serie A,24,2000,9,1,151,1.7,0,0,0,0,0,0,2,0,0,0,0,0,0
2011,Jesús Owono,gq EQG,GK,Alavés,es La Liga,23,2001,6,5,487,5.4,0,0,0,0,0,0,0,0,0,0,0,0,0
2012,Beres Owusu,fr FRA,DF,Saint-Étienne,fr Ligue 1,20,2003,1,1,90,1,0,0,0,0,0,0,0,0,0,0,0,0,0
2013,Elisha Owusu,gh GHA,MF,Auxerre,fr Ligue 1,26,1997,28,28,"2,344",26,1,3,4,1,0,0,7,0,0.04,0.12,0.15,0.04,0.15
2014,Mikel Oyarzabal,es ESP,FW,Real Sociedad,es La Liga,27,1997,35,28,"2,250",25,9,3,12,5,4,4,4,1,0.36,0.12,0.48,0.2,0.32
2015,Daniel Oyegoke,eng ENG,DF,Hellas Verona,it Serie A,21,2003,5,0,103,1.1,0,0,0,0,0,0,1,0,0,0,0,0,0
2016,Salih Özcan,tr TUR,MF,Wolfsburg,de Bundesliga,26,1998,11,3,353,3.9,0,0,0,0,0,0,0,0,0,0,0,0,0
2017,Salih Özcan,tr TUR,MF,Dortmund,de Bundesliga,26,1998,11,3,391,4.3,0,0,0,0,0,0,0,0,0,0,0,0,0
2018,Cenk Özkacar,tr TUR,DF,Valladolid,es La Liga,23,2000,11,8,757,8.4,0,0,0,0,0,0,1,0,0,0,0,0,0
2019,Nico O’Reilly,eng ENG,DF,Manchester City,eng Premier League,19,2005,9,6,528,5.9,2,0,2,2,0,0,0,0,0.34,0,0.34,0.34,0.34
2020,Jon Pacheco,es ESP,DF,Real Sociedad,es La Liga,23,2001,14,9,854,9.5,0,0,0,0,0,0,3,0,0,0,0,0,0
2021,Willian Pacho,ec ECU,DF,Paris Saint-Germain,fr Ligue 1,22,2001,28,23,"2,132",23.7,0,1,1,0,0,0,2,0,0,0.04,0.04,0,0.04
2022,Daniele Padelli,it ITA,GK,Udinese,it Serie A,38,1985,1,1,90,1,0,0,0,0,0,0,0,0,0,0,0,0,0
2023,Alex Padilla,es ESP,GK,Athletic Club,es La Liga,20,2003,5,3,321,3.6,0,0,0,0,0,0,0,0,0,0,0,0,0
2024,Simone Pafundi,it ITA,FW,Udinese,it Serie A,18,2006,9,0,116,1.3,0,0,0,0,0,0,0,0,0,0,0,0,0
2025,Exequiel Palacios,ar ARG,MF,Leverkusen,de Bundesliga,25,1998,24,11,"1,155",12.8,1,6,7,1,0,0,2,0,0.08,0.47,0.55,0.08,0.55
Rk,Player,Nation,Pos,Squad,Comp,Age,Born,MP,Starts,Min,90s,Gls,Ast,G+A,G-PK,PK,PKatt,CrdY,CrdR,Gls,Ast,G+A,G-PK,G+A-PK
2026,Tomás Palacios,ar ARG,DF,Monza,it Serie A,21,2003,8,5,446,5,0,0,0,0,0,0,2,0,0,0,0,0,0
2027,Tomás Palacios,ar ARG,DF,Inter,it Serie A,21,2003,2,0,11,0.1,0,0,0,0,0,0,0,0,0,0,0,0,0
2028,Isaac Palazón Camacho,es ESP,"MF,FW",Rayo Vallecano,es La Liga,29,1994,35,25,"2,162",24,4,4,8,4,0,0,5,0,0.17,0.17,0.33,0.17,0.33
2029,Alberto Paleari,it ITA,GK,Torino,it Serie A,31,1992,1,1,90,1,0,0,0,0,0,0,0,0,0,0,0,0,0
2030,Marco Palestra,it ITA,MF,Atalanta,it Serie A,19,2005,9,2,222,2.5,0,0,0,0,0,0,0,0,0,0,0,0,0
2031,João Palhinha,pt POR,MF,Bayern Munich,de Bundesliga,29,1995,17,6,673,7.5,0,0,0,0,0,0,2,1,0,0,0,0,0
2032,Nicolas Pallois,fr FRA,DF,Nantes,fr Ligue 1,36,1987,26,23,"2,017",22.4,0,2,2,0,0,0,9,0,0,0.09,0.09,0,0.09
2033,Matteo Palma,de GER,DF,Udinese,it Serie A,16,2008,1,0,5,0.1,0,0,0,0,0,0,0,0,0,0,0,0,0
2034,Alex Palmer,eng ENG,GK,Ipswich Town,eng Premier League,27,1996,13,13,"1,170",13,0,0,0,0,0,0,2,0,0,0,0,0,0
2035,Cole Palmer,eng ENG,MF,Chelsea,eng Premier League,22,2002,37,36,"3,191",35.5,15,8,23,11,4,5,7,0,0.42,0.23,0.65,0.31,0.54
2036,Emerson Palmieri,it ITA,"DF,MF",West Ham United,eng Premier League,29,1994,31,26,"2,113",23.5,2,1,3,2,0,0,5,0,0.09,0.04,0.13,0.09,0.13
2037,Mats Pannewig,de GER,MF,Bochum,de Bundesliga,19,2004,14,2,267,3,0,0,0,0,0,0,1,0,0,0,0,0,0
2038,Lucas Paquetá,br BRA,"MF,FW",West Ham United,eng Premier League,26,1997,33,27,"2,380",26.4,4,0,4,2,2,2,10,0,0.15,0,0.15,0.08,0.08
2039,Aitor Paredes,es ESP,DF,Athletic Club,es La Liga,24,2000,23,21,"1,812",20.1,3,0,3,3,0,0,4,1,0.15,0,0.15,0.15,0.15
2040,Kevin Paredes,us USA,MF,Wolfsburg,de Bundesliga,21,2003,2,2,123,1.4,0,1,1,0,0,0,1,0,0,0.73,0.73,0,0.73
2041,Leandro Paredes,ar ARG,MF,Roma,it Serie A,30,1994,22,15,"1,373",15.3,3,1,4,1,2,2,4,0,0.2,0.07,0.26,0.07,0.13
2042,Daniel Parejo,es ESP,MF,Villarreal,es La Liga,35,1989,36,26,"2,273",25.3,3,3,6,2,1,2,8,0,0.12,0.12,0.24,0.08,0.2
2043,Iago Parente,es ESP,DF,Valladolid,es La Liga,18,2006,1,1,71,0.8,0,0,0,0,0,0,0,0,0,0,0,0,0
2044,Fabiano Parisi,it ITA,"MF,DF",Fiorentina,it Serie A,23,2000,26,11,"1,124",12.5,2,0,2,2,0,0,3,0,0.16,0,0.16,0.16,0.16
2045,Thomas Partey,gh GHA,"MF,DF",Arsenal,eng Premier League,31,1993,35,31,"2,797",31.1,4,2,6,4,0,0,4,0,0.13,0.06,0.19,0.13,0.19
2046,Mario Pašalić,hr CRO,MF,Atalanta,it Serie A,29,1995,34,23,"1,967",21.9,3,4,7,3,0,1,1,0,0.14,0.18,0.32,0.14,0.32
2047,Álvaro Pascual,es ESP,FW,Sevilla,es La Liga,22,2002,8,4,408,4.5,1,0,1,1,0,0,1,0,0.22,0,0.22,0.22,0.22
2048,Felix Passlack,de GER,"MF,DF",Bochum,de Bundesliga,26,1998,31,30,"2,334",25.9,1,6,7,1,0,0,4,0,0.04,0.23,0.27,0.04,0.27
2049,Patric,es ESP,DF,Lazio,it Serie A,31,1993,10,5,607,6.7,1,0,1,1,0,0,2,0,0.15,0,0.15,0.15,0.15
2050,Rui Patrício,pt POR,GK,Atalanta,it Serie A,36,1988,3,3,270,3,0,0,0,0,0,0,0,0,0,0,0,0,0
Rk,Player,Nation,Pos,Squad,Comp,Age,Born,MP,Starts,Min,90s,Gls,Ast,G+A,G-PK,PK,PKatt,CrdY,CrdR,Gls,Ast,G+A,G-PK,G+A-PK
2051,Nathan Patterson,sct SCO,DF,Everton,eng Premier League,22,2001,10,3,347,3.9,0,1,1,0,0,0,1,0,0,0.26,0.26,0,0.26
2052,Benjamin Pavard,fr FRA,DF,Inter,it Serie A,28,1996,23,18,"1,584",17.6,0,1,1,0,0,0,4,0,0,0.06,0.06,0,0.06
2053,Aleksandar Pavlovic,de GER,MF,Bayern Munich,de Bundesliga,20,2004,21,18,"1,451",16.1,1,0,1,1,0,0,2,0,0.06,0,0.06,0.06,0.06
2054,Strahinja Pavlović,rs SRB,DF,Milan,it Serie A,23,2001,24,21,"1,864",20.7,2,1,3,2,0,0,3,1,0.1,0.05,0.14,0.1,0.14
2055,Leonardo Pavoletti,it ITA,FW,Cagliari,it Serie A,35,1988,26,1,445,4.9,2,0,2,2,0,0,5,0,0.4,0,0.4,0.4,0.4
2056,Martín Payero,ar ARG,MF,Udinese,it Serie A,25,1998,25,16,"1,381",15.3,1,1,2,1,0,0,5,0,0.07,0.07,0.13,0.07,0.13
2057,Nicolas Pays,fr FRA,"MF,FW",Montpellier,fr Ligue 1,20,2003,9,4,447,5,0,0,0,0,0,0,0,0,0,0,0,0,0
2058,Nicolás Paz,ar ARG,"MF,FW",Como,it Serie A,19,2004,35,30,"2,687",29.9,6,8,14,6,0,1,6,0,0.2,0.27,0.47,0.2,0.47
2059,Mads Pedersen,dk DEN,DF,Augsburg,de Bundesliga,27,1996,7,2,235,2.6,0,0,0,0,0,0,0,0,0,0,0,0,0
2060,Marcus Pedersen,no NOR,"MF,DF",Torino,it Serie A,24,2000,29,15,"1,362",15.1,0,0,0,0,0,0,3,0,0,0,0,0,0
2061,Alfonso Pedraza,es ESP,"DF,MF",Villarreal,es La Liga,28,1996,12,4,460,5.1,0,2,2,0,0,0,0,0,0,0.39,0.39,0,0.39
2062,Pedri,es ESP,MF,Barcelona,es La Liga,21,2002,37,35,"2,879",32,4,5,9,4,0,0,3,0,0.13,0.16,0.28,0.13,0.28
2063,Pedro,es ESP,"MF,FW",Lazio,it Serie A,37,1987,30,6,"1,102",12.2,10,1,11,8,2,2,2,0,0.82,0.08,0.9,0.65,0.74
2064,Kévin Pedro,fr FRA,DF,Saint-Étienne,fr Ligue 1,18,2006,1,0,10,0.1,0,0,0,0,0,0,0,0,0,0,0,0,0
2065,Adrià Pedrosa,es ESP,DF,Sevilla,es La Liga,26,1998,31,27,"2,298",25.5,1,1,2,1,0,0,7,0,0.04,0.04,0.08,0.04,0.08
2066,Jordan Pefok,us USA,FW,Reims,fr Ligue 1,28,1996,7,6,380,4.2,1,0,1,1,0,0,0,0,0.24,0,0.24,0.24,0.24
2067,Jordan Pefok,us USA,FW,Union Berlin,de Bundesliga,28,1996,18,10,908,10.1,0,1,1,0,0,0,2,0,0,0.1,0.1,0,0.1
2068,Pejiño,es ESP,MF,Las Palmas,es La Liga,28,1996,1,0,16,0.2,0,0,0,0,0,0,0,0,0,0,0,0,0
2069,Pietro Pellegri,it ITA,FW,Empoli,it Serie A,23,2001,11,5,414,4.6,3,0,3,3,0,0,2,0,0.65,0,0.65,0.65,0.65
2070,Lorenzo Pellegrini,it ITA,MF,Roma,it Serie A,28,1996,25,20,"1,626",18.1,2,1,3,1,1,1,4,0,0.11,0.06,0.17,0.06,0.11
2071,Luca Pellegrini,it ITA,DF,Lazio,it Serie A,25,1999,22,10,"1,067",11.9,0,4,4,0,0,0,5,0,0,0.34,0.34,0,0.34
2072,Mateo Pellegrino,ar ARG,FW,Parma,it Serie A,23,2001,13,8,737,8.2,3,1,4,3,0,0,2,0,0.37,0.12,0.49,0.37,0.49
2073,Théo Pellenard,fr FRA,DF,Auxerre,fr Ligue 1,30,1994,2,0,45,0.5,0,0,0,0,0,0,0,0,0,0,0,0,0
2074,Andy Pelmard,mg MAD,DF,Lecce,it Serie A,24,2000,3,1,129,1.4,0,0,0,0,0,0,1,0,0,0,0,0,0
2075,Andy Pelmard,mg MAD,DF,Las Palmas,es La Liga,24,2000,4,2,205,2.3,0,0,0,0,0,0,1,0,0,0,0,0,0
Rk,Player,Nation,Pos,Squad,Comp,Age,Born,MP,Starts,Min,90s,Gls,Ast,G+A,G-PK,PK,PKatt,CrdY,CrdR,Gls,Ast,G+A,G-PK,G+A-PK
2076,Timothee Pembele,fr FRA,"DF,MF",Le Havre,fr Ligue 1,21,2002,20,12,"1,113",12.4,1,0,1,1,0,0,3,0,0.08,0,0.08,0.08,0.08
2077,Faris Pemi Moumbagna,cm CMR,FW,Marseille,fr Ligue 1,24,2000,1,0,8,0.1,0,0,0,0,0,0,0,0,0,0,0,0,0
2078,Iñaki Peña,es ESP,GK,Barcelona,es La Liga,25,1999,16,15,"1,396",15.5,0,0,0,0,0,0,1,0,0,0,0,0,0
2079,Rubén Peña,es ESP,"FW,DF",Osasuna,es La Liga,33,1991,25,7,775,8.6,0,0,0,0,0,0,1,0,0,0,0,0,0
2080,Nicolas Pépé,ci CIV,"FW,MF",Villarreal,es La Liga,29,1995,28,15,"1,500",16.7,3,6,9,3,0,0,3,0,0.18,0.36,0.54,0.18,0.54
2081,Peque,es ESP,"MF,FW",Sevilla,es La Liga,21,2002,26,14,"1,134",12.6,1,1,2,1,0,0,1,0,0.08,0.08,0.16,0.08,0.16
2082,Sergiu Perciun,md MDA,MF,Torino,it Serie A,18,2006,5,0,152,1.7,0,0,0,0,0,0,0,0,0,0,0,0,0
2083,Óscar Perea,co COL,MF,Strasbourg,fr Ligue 1,18,2005,2,0,14,0.2,0,0,0,0,0,0,0,0,0,0,0,0,0
2084,Andreas Pereira,br BRA,MF,Fulham,eng Premier League,28,1996,33,25,"2,013",22.4,2,4,6,2,0,1,7,0,0.09,0.18,0.27,0.09,0.27
2085,Mathias Pereira Lage,pt POR,"MF,FW",Brest,fr Ligue 1,27,1996,29,18,"1,571",17.5,2,7,9,2,0,0,4,0,0.11,0.4,0.52,0.11,0.52
2086,Pedro Pereira,pt POR,"MF,DF",Monza,it Serie A,26,1998,35,32,"2,665",29.6,1,3,4,1,0,0,10,0,0.03,0.1,0.14,0.03,0.14
2087,Ricardo Pereira,pt POR,DF,Leicester City,eng Premier League,30,1993,10,4,388,4.3,0,0,0,0,0,0,1,0,0,0,0,0,0
2088,Gastón Pereiro,uy URU,"FW,MF",Genoa,it Serie A,29,1995,2,0,31,0.3,0,0,0,0,0,0,0,0,0,0,0,0,0
2089,Daniel Peretz,il ISR,GK,Bayern Munich,de Bundesliga,24,2000,3,3,270,3,0,0,0,0,0,0,1,0,0,0,0,0,0
2090,Ayoze Pérez,es ESP,FW,Villarreal,es La Liga,31,1993,30,22,"1,970",21.9,19,2,21,19,0,0,4,0,0.87,0.09,0.96,0.87,0.96
2091,Carles Pérez,es ESP,MF,Getafe,es La Liga,26,1998,27,15,"1,431",15.9,3,0,3,3,0,0,2,0,0.19,0,0.19,0.19,0.19
2092,Francisco Perez,es ESP,MF,Valencia,es La Liga,21,2002,26,4,570,6.3,0,0,0,0,0,0,1,0,0,0,0,0,0
2093,Kike Pérez,es ESP,MF,Venezia,it Serie A,27,1997,16,13,"1,114",12.4,1,0,1,1,0,0,4,0,0.08,0,0.08,0.08,0.08
2094,Kike Pérez,es ESP,MF,Valladolid,es La Liga,27,1997,19,14,"1,191",13.2,2,0,2,2,0,0,6,0,0.15,0,0.15,0.15,0.15
2095,Luis Pérez,es ESP,DF,Valladolid,es La Liga,29,1995,30,28,"2,558",28.4,0,0,0,0,0,0,2,0,0,0,0,0,0
2096,Nehuén Pérez,ar ARG,DF,Udinese,it Serie A,24,2000,2,2,180,2,0,0,0,0,0,0,0,0,0,0,0,0,0
2097,Simone Perilli,it ITA,GK,Hellas Verona,it Serie A,29,1995,2,2,180,2,0,0,0,0,0,0,0,0,0,0,0,0,0
2098,Mattia Perin,it ITA,GK,Juventus,it Serie A,31,1992,5,5,450,5,0,0,0,0,0,0,0,0,0,0,0,0,0
2099,Romain Perraud,fr FRA,DF,Real Betis,es La Liga,26,1997,28,22,"2,002",22.2,2,2,4,2,0,0,8,1,0.09,0.09,0.18,0.09,0.18
2100,Lucas Perri,br BRA,GK,Lyon,fr Ligue 1,26,1997,33,33,"2,970",33,0,0,0,0,0,0,1,0,0,0,0,0,0
Rk,Player,Nation,Pos,Squad,Comp,Age,Born,MP,Starts,Min,90s,Gls,Ast,G+A,G-PK,PK,PKatt,CrdY,CrdR,Gls,Ast,G+A,G-PK,G+A-PK
2101,Gaëtan Perrin,fr FRA,MF,Auxerre,fr Ligue 1,28,1996,34,31,"2,691",29.9,10,11,21,10,0,0,2,0,0.33,0.37,0.7,0.33,0.7
2102,Máximo Perrone,ar ARG,MF,Como,it Serie A,21,2003,26,20,"1,857",20.6,0,3,3,0,0,0,6,0,0,0.15,0.15,0,0.15
2103,Noah Pesch,hr CRO,FW,Gladbach,de Bundesliga,19,2005,1,0,6,0.1,0,0,0,0,0,0,0,0,0,0,0,0,0
2104,Matteo Pessina,it ITA,MF,Monza,it Serie A,27,1997,11,10,854,9.5,0,0,0,0,0,0,2,0,0,0,0,0,0
2105,Andrea Petagna,it ITA,FW,Monza,it Serie A,29,1995,13,2,335,3.7,0,0,0,0,0,0,1,0,0,0,0,0,0
2106,Prosper Peter,ng NGA,FW,Angers,fr Ligue 1,16,2007,2,0,27,0.3,0,0,0,0,0,0,0,0,0,0,0,0,0
2107,Léo Pétrot,fr FRA,DF,Saint-Étienne,fr Ligue 1,27,1997,31,29,"2,634",29.3,0,3,3,0,0,0,4,0,0,0.1,0.1,0,0.1
2108,Đorđe Petrović,rs SRB,GK,Strasbourg,fr Ligue 1,24,1999,31,31,"2,790",31,0,0,0,0,0,0,2,0,0,0,0,0,0
2109,Giuseppe Pezzella,it ITA,MF,Empoli,it Serie A,26,1997,35,34,"2,878",32,0,3,3,0,0,0,7,0,0,0.09,0.09,0,0.09
2110,Valentín Pezzolesi,es ESP,DF,Las Palmas,es La Liga,17,2007,1,0,6,0.1,0,0,0,0,0,0,0,0,0,0,0,0,0
2111,Luca Philipp,de GER,GK,Hoffenheim,de Bundesliga,23,2000,6,6,540,6,0,0,0,0,0,0,0,0,0,0,0,0,0
2112,Maximilian Philipp,de GER,"FW,MF",Freiburg,de Bundesliga,30,1994,2,0,17,0.2,0,0,0,0,0,0,0,0,0,0,0,0,0
2113,Kalvin Phillips,eng ENG,MF,Ipswich Town,eng Premier League,28,1995,19,14,"1,237",13.7,0,0,0,0,0,0,6,1,0,0,0,0,0
2114,Jaden Philogene Bidace,eng ENG,MF,Aston Villa,eng Premier League,22,2002,11,2,332,3.7,0,0,0,0,0,0,4,1,0,0,0,0,0
2115,Jaden Philogene Bidace,eng ENG,MF,Ipswich Town,eng Premier League,22,2002,10,5,474,5.3,2,0,2,2,0,0,1,0,0.38,0,0.38,0.38,0.38
2116,Pica,es ESP,DF,Alavés,es La Liga,22,2002,9,5,499,5.5,0,0,0,0,0,0,1,0,0,0,0,0,0
2117,Roberto Piccoli,it ITA,FW,Cagliari,it Serie A,23,2001,37,37,"3,127",34.7,10,1,11,9,1,1,6,0,0.29,0.03,0.32,0.26,0.29
2118,Benedikt Pichler,at AUT,FW,Holstein Kiel,de Bundesliga,27,1997,18,7,785,8.7,1,2,3,1,0,0,1,0,0.11,0.23,0.34,0.11,0.34
2119,Jordan Pickford,eng ENG,GK,Everton,eng Premier League,30,1994,38,38,"3,420",38,0,1,1,0,0,0,7,0,0,0.03,0.03,0,0.03
2120,Amos Pieper,de GER,DF,Werder Bremen,de Bundesliga,26,1998,23,16,"1,498",16.6,0,0,0,0,0,0,3,0,0,0,0,0,0
2121,Marvin Pieringer,de GER,FW,Heidenheim,de Bundesliga,24,1999,31,26,"2,206",24.5,7,4,11,4,3,3,7,0,0.29,0.16,0.45,0.16,0.33
2122,Nicholas Pierini,it ITA,FW,Venezia,it Serie A,25,1998,2,0,83,0.9,0,0,0,0,0,0,0,0,0,0,0,0,0
2123,Santiago Pierotti,ar ARG,"MF,FW",Lecce,it Serie A,23,2001,36,22,"1,937",21.5,4,2,6,4,0,0,6,1,0.19,0.09,0.28,0.19,0.28
2124,Balthazar Pierret,fr FRA,MF,Lecce,it Serie A,24,2000,30,21,"1,723",19.1,0,0,0,0,0,0,2,0,0,0,0,0,0
2125,Andrea Pinamonti,it ITA,FW,Genoa,it Serie A,25,1999,36,33,"2,850",31.7,10,1,11,10,0,1,4,0,0.32,0.03,0.35,0.32,0.35
Rk,Player,Nation,Pos,Squad,Comp,Age,Born,MP,Starts,Min,90s,Gls,Ast,G+A,G-PK,PK,PKatt,CrdY,CrdR,Gls,Ast,G+A,G-PK,G+A-PK
2126,Ethan Pinnock,jm JAM,DF,Brentford,eng Premier League,31,1993,22,21,"1,913",21.3,2,0,2,2,0,0,2,0,0.09,0,0.09,0.09,0.09
2127,Yeremi Pino,es ESP,MF,Villarreal,es La Liga,21,2002,34,25,"1,934",21.5,4,7,11,4,0,0,11,0,0.19,0.33,0.51,0.19,0.51
2128,Nicola Pintus,it ITA,DF,Cagliari,it Serie A,19,2005,1,0,4,0,0,0,0,0,0,0,0,0,0,0,0,0,0
2129,Niccolò Pisilli,it ITA,MF,Roma,it Serie A,19,2004,28,11,"1,227",13.6,2,1,3,2,0,0,7,0,0.15,0.07,0.22,0.15,0.22
2130,Damián Pizarro,cl CHI,FW,Udinese,it Serie A,19,2005,2,0,16,0.2,0,0,0,0,0,0,0,0,0,0,0,0,0
2131,Semuel Pizzignacco,it ITA,GK,Monza,it Serie A,22,2001,9,8,736,8.2,0,0,0,0,0,0,0,0,0,0,0,0,0
2132,Alassane Pléa,fr FRA,MF,Gladbach,de Bundesliga,31,1993,30,24,"1,902",21.1,11,4,15,10,1,1,3,0,0.52,0.19,0.71,0.47,0.66
2133,Tommaso Pobega,it ITA,MF,Bologna,it Serie A,25,1999,21,13,"1,178",13.1,2,2,4,2,0,0,6,2,0.15,0.15,0.31,0.15,0.31
2134,Daniel Podence,pt POR,"FW,MF",Wolves,eng Premier League,28,1995,2,0,48,0.5,0,0,0,0,0,0,0,0,0,0,0,0,0
2135,Joel Pohjanpalo,fi FIN,FW,Venezia,it Serie A,29,1994,20,19,"1,603",17.8,6,0,6,3,3,4,1,0,0.34,0,0.34,0.17,0.17
2136,Matteo Politano,it ITA,"FW,MF",Napoli,it Serie A,30,1993,37,34,"2,804",31.2,3,4,7,3,0,0,3,0,0.1,0.13,0.22,0.1,0.22
2137,Alfie Pond,eng ENG,DF,Wolves,eng Premier League,20,2004,1,0,1,0,0,0,0,0,0,0,0,0,0,0,0,0,0
2138,Marin Pongračić,hr CRO,DF,Fiorentina,it Serie A,26,1997,20,14,"1,367",15.2,0,0,0,0,0,0,3,1,0,0,0,0,0
2139,Nick Pope,eng ENG,GK,Newcastle United,eng Premier League,32,1992,28,28,"2,520",28,0,0,0,0,0,0,2,0,0,0,0,0,0
2140,Finn Porath,de GER,MF,Holstein Kiel,de Bundesliga,27,1997,31,20,"1,970",21.9,2,3,5,2,0,0,3,0,0.09,0.14,0.23,0.09,0.23
2141,Pedro Porro,es ESP,DF,Tottenham Hotspur,eng Premier League,24,1999,33,28,"2,610",29,2,6,8,2,0,0,5,0,0.07,0.21,0.28,0.07,0.28
2142,Portu,es ESP,"FW,MF",Girona,es La Liga,32,1992,27,6,779,8.7,1,2,3,1,0,0,4,0,0.12,0.23,0.35,0.12,0.35
2143,Stefan Posch,at AUT,DF,Bologna,it Serie A,27,1997,14,7,714,7.9,0,0,0,0,0,0,1,0,0,0,0,0,0
2144,Stefan Posch,at AUT,DF,Atalanta,it Serie A,27,1997,5,4,387,4.3,0,0,0,0,0,0,0,0,0,0,0,0,0
2145,Tom Pouilly,fr FRA,DF,Lens,fr Ligue 1,21,2003,10,2,273,3,0,0,0,0,0,0,1,0,0,0,0,0,0
2146,Yussuf Poulsen,dk DEN,"MF,FW",RB Leipzig,de Bundesliga,30,1994,22,2,378,4.2,2,0,2,2,0,0,1,0,0.48,0,0.48,0.48,0.48
2147,Beñat Prados,es ESP,MF,Athletic Club,es La Liga,23,2001,30,21,"1,715",19.1,1,0,1,1,0,0,7,0,0.05,0,0.05,0.05,0.05
2148,Alexander Prass,at AUT,"MF,DF",Hoffenheim,de Bundesliga,23,2001,23,19,"1,566",17.4,0,1,1,0,0,0,1,0,0,0.06,0.06,0,0.06
2149,Matteo Prati,it ITA,MF,Cagliari,it Serie A,20,2003,12,8,570,6.3,0,0,0,0,0,0,1,0,0,0,0,0,0
2150,Abdón Prats,es ESP,"FW,MF",Mallorca,es La Liga,31,1992,24,3,456,5.1,2,0,2,1,1,1,4,0,0.39,0,0.39,0.2,0.2
Rk,Player,Nation,Pos,Squad,Comp,Age,Born,MP,Starts,Min,90s,Gls,Ast,G+A,G-PK,PK,PKatt,CrdY,CrdR,Gls,Ast,G+A,G-PK,G+A-PK
2151,David Preu,de GER,MF,Union Berlin,de Bundesliga,19,2004,5,1,121,1.3,0,0,0,0,0,0,1,0,0,0,0,0,0
2152,Grischa Prömel,de GER,MF,Hoffenheim,de Bundesliga,29,1995,2,2,174,1.9,0,0,0,0,0,0,0,0,0,0,0,0,0
2153,Ivan Provedel,it ITA,GK,Lazio,it Serie A,30,1994,29,29,"2,610",29,0,0,0,0,0,0,0,0,0,0,0,0,0
2154,Ivan Prtajin,hr CRO,FW,Union Berlin,de Bundesliga,28,1996,5,2,161,1.8,0,0,0,0,0,0,0,0,0,0,0,0,0
2155,Javi Puado,es ESP,"MF,FW",Espanyol,es La Liga,26,1998,35,35,"2,974",33,12,4,16,7,5,5,8,0,0.36,0.12,0.48,0.21,0.33
2156,Tymoteusz Puchacz,pl POL,MF,Holstein Kiel,de Bundesliga,25,1999,10,5,396,4.4,0,1,1,0,0,0,0,0,0,0.23,0.23,0,0.23
2157,Diego Pugno,it ITA,DF,Juventus,it Serie A,18,2006,1,0,7,0.1,0,0,0,0,0,0,0,0,0,0,0,0,0
2158,Christian Pulisic,us USA,"MF,FW",Milan,it Serie A,25,1998,34,29,"2,478",27.5,11,9,20,8,3,4,1,0,0.4,0.33,0.73,0.29,0.62
2159,Jarell Quansah,eng ENG,DF,Liverpool,eng Premier League,21,2003,13,4,495,5.5,0,0,0,0,0,0,2,0,0,0,0,0,0
2160,Leopold Querfeld,at AUT,DF,Union Berlin,de Bundesliga,20,2003,27,17,"1,747",19.4,2,2,4,2,0,0,8,0,0.1,0.1,0.21,0.1,0.21
2161,Dani Raba,es ESP,"MF,FW",Leganés,es La Liga,28,1995,29,24,"1,879",20.9,8,6,14,4,4,5,6,0,0.38,0.29,0.67,0.19,0.48
2162,Adrien Rabiot,fr FRA,MF,Marseille,fr Ligue 1,29,1995,29,27,"2,485",27.6,9,4,13,9,0,0,4,0,0.33,0.14,0.47,0.33,0.47
2163,Ionuț Radu,ro ROU,GK,Venezia,it Serie A,27,1997,15,15,"1,350",15,0,0,0,0,0,0,1,0,0,0,0,0,0
2164,Hamza Rafia,tn TUN,MF,Lecce,it Serie A,25,1999,18,14,"1,058",11.8,0,0,0,0,0,0,4,0,0,0,0,0,0
2165,Arnau Rafús,es ESP,GK,Valladolid,es La Liga,21,2003,1,1,90,1,0,0,0,0,0,0,0,0,0,0,0,0,0
2166,Antonio Raillo,es ESP,DF,Mallorca,es La Liga,32,1991,36,36,"3,207",35.6,2,0,2,2,0,0,7,1,0.06,0,0.06,0.06,0.06
2167,Antonio Raimondo,it ITA,FW,Venezia,it Serie A,20,2004,9,0,94,1,0,0,0,0,0,0,0,0,0,0,0,0,0
2168,Ylber Ramadani,al ALB,MF,Lecce,it Serie A,28,1996,29,21,"1,807",20.1,1,1,2,1,0,0,4,0,0.05,0.05,0.1,0.05,0.1
2169,Benito Ramírez,es ESP,"MF,DF",Las Palmas,es La Liga,29,1995,19,2,478,5.3,0,0,0,0,0,0,2,1,0,0,0,0,0
2170,Sandro Ramírez,es ESP,"MF,FW",Las Palmas,es La Liga,29,1995,31,25,"2,034",22.6,9,3,12,8,1,1,6,0,0.4,0.13,0.53,0.35,0.49
2171,Jacobo Ramón,es ESP,DF,Real Madrid,es La Liga,19,2005,3,2,204,2.3,1,0,1,1,0,0,1,0,0.44,0,0.44,0.44,0.44
2172,Gonçalo Ramos,pt POR,FW,Paris Saint-Germain,fr Ligue 1,23,2001,22,12,"1,066",11.8,10,3,13,8,2,3,1,0,0.84,0.25,1.1,0.68,0.93
2173,Aaron Ramsdale,eng ENG,GK,Southampton,eng Premier League,26,1998,30,30,"2,700",30,0,0,0,0,0,0,2,0,0,0,0,0,0
2174,Jacob Ramsey,eng ENG,MF,Aston Villa,eng Premier League,23,2001,29,19,"1,623",18,1,3,4,1,0,0,4,1,0.06,0.17,0.22,0.06,0.22
2175,Luca Ranieri,it ITA,DF,Fiorentina,it Serie A,25,1999,36,35,"3,071",34.1,1,3,4,1,0,0,7,0,0.03,0.09,0.12,0.03,0.12
Rk,Player,Nation,Pos,Squad,Comp,Age,Born,MP,Starts,Min,90s,Gls,Ast,G+A,G-PK,PK,PKatt,CrdY,CrdR,Gls,Ast,G+A,G-PK,G+A-PK
2176,Grant Ranos,am ARM,FW,Gladbach,de Bundesliga,21,2003,2,0,20,0.2,0,0,0,0,0,0,1,0,0,0,0,0,0
2177,Lilian Raolisoa,fr FRA,"DF,MF",Angers,fr Ligue 1,24,2000,29,14,"1,318",14.6,0,3,3,0,0,0,1,2,0,0.2,0.2,0,0.2
2178,Raphinha,br BRA,"MF,FW",Barcelona,es La Liga,27,1996,36,32,"2,839",31.5,18,9,27,16,2,2,4,0,0.57,0.29,0.86,0.51,0.79
2179,Marcus Rashford,eng ENG,MF,Manchester Utd,eng Premier League,26,1997,15,12,978,10.9,4,1,5,4,0,0,2,0,0.37,0.09,0.46,0.37,0.46
2180,Marcus Rashford,eng ENG,"FW,MF",Aston Villa,eng Premier League,26,1997,10,4,444,4.9,2,2,4,1,1,1,0,0,0.41,0.41,0.81,0.2,0.61
2181,Giacomo Raspadori,it ITA,"FW,MF",Napoli,it Serie A,24,2000,26,11,"1,103",12.3,6,1,7,6,0,0,1,0,0.49,0.08,0.57,0.49,0.57
2182,Andrei Ratiu,ro ROU,"DF,MF",Rayo Vallecano,es La Liga,26,1998,35,34,"3,065",34.1,2,3,5,2,0,0,5,0,0.06,0.09,0.15,0.06,0.15
2183,Raúl,es ESP,FW,Osasuna,es La Liga,23,2000,32,5,750,8.3,4,0,4,4,0,0,1,0,0.48,0,0.48,0.48,0.48
2184,David Raum,de GER,"MF,DF",RB Leipzig,de Bundesliga,26,1998,22,21,"1,783",19.8,1,5,6,1,0,0,5,0,0.05,0.25,0.3,0.05,0.3
2185,Federico Ravaglia,it ITA,GK,Bologna,it Serie A,24,1999,12,11,"1,056",11.7,0,0,0,0,0,0,0,0,0,0,0,0,0
2186,Rayan Raveloson,mg MAD,"MF,DF",Auxerre,fr Ligue 1,27,1997,13,7,724,8,1,0,1,1,0,0,3,0,0.12,0,0.12,0.12,0.12
2187,David Raya,es ESP,GK,Arsenal,eng Premier League,28,1995,38,38,"3,420",38,0,0,0,0,0,0,3,0,0,0,0,0,0
2188,Abde Rebbach,dz ALG,"MF,FW",Alavés,es La Liga,25,1998,8,4,385,4.3,0,0,0,0,0,0,1,0,0,0,0,0,0
2189,Ante Rebić,hr CRO,"FW,MF",Lecce,it Serie A,30,1993,27,7,788,8.8,1,0,1,1,0,0,3,2,0.11,0,0.11,0.11,0.11
2190,Harrison Reed,eng ENG,MF,Fulham,eng Premier League,29,1995,12,0,108,1.2,0,0,0,0,0,0,2,0,0,0,0,0,0
2191,Remy Rees-Dottin,eng ENG,FW,Bournemouth,eng Premier League,18,2006,1,0,1,0,0,0,0,0,0,0,0,0,0,0,0,0,0
2192,Sergio Reguilón,es ESP,DF,Tottenham Hotspur,eng Premier League,27,1996,4,1,196,2.2,0,0,0,0,0,0,2,0,0,0,0,0,0
2193,Tijjani Reijnders,nl NED,MF,Milan,it Serie A,26,1998,37,36,"3,128",34.8,10,4,14,10,0,0,2,1,0.29,0.12,0.4,0.29,0.4
2194,Pepe Reina,es ESP,GK,Como,it Serie A,41,1982,12,12,"1,034",11.5,0,0,0,0,0,0,0,1,0,0,0,0,0
2195,Vitor Reis,br BRA,DF,Manchester City,eng Premier League,18,2006,1,0,1,0,0,0,0,0,0,0,0,0,0,0,0,0,0
2196,Rocco Reitz,de GER,MF,Gladbach,de Bundesliga,22,2002,27,21,"1,830",20.3,2,1,3,2,0,0,1,0,0.1,0.05,0.15,0.1,0.15
2197,Nicolai Remberg,de GER,MF,Holstein Kiel,de Bundesliga,24,2000,32,26,"2,417",26.9,0,1,1,0,0,0,11,0,0,0.04,0.04,0,0.04
2198,Álex Remiro,es ESP,GK,Real Sociedad,es La Liga,29,1995,36,36,"3,240",36,0,0,0,0,0,0,0,0,0,0,0,0,0
2199,Devyne Rensch,nl NED,"MF,DF",Roma,it Serie A,21,2003,14,5,469,5.2,0,1,1,0,0,0,0,0,0,0.19,0.19,0,0.19
2200,Daniel Requena,es ESP,MF,Villarreal,es La Liga,20,2004,1,0,10,0.1,0,0,0,0,0,0,0,0,0,0,0,0,0
Rk,Player,Nation,Pos,Squad,Comp,Age,Born,MP,Starts,Min,90s,Gls,Ast,G+A,G-PK,PK,PKatt,CrdY,CrdR,Gls,Ast,G+A,G-PK,G+A-PK
2201,Guillaume Restes,fr FRA,GK,Toulouse,fr Ligue 1,19,2005,29,29,"2,543",28.3,0,1,1,0,0,0,2,0,0,0.04,0.04,0,0.04
2202,Mateo Retegui,it ITA,FW,Atalanta,it Serie A,25,1999,36,32,"2,383",26.5,25,8,33,21,4,5,3,0,0.94,0.3,1.25,0.79,1.1
2203,Elvis Rexhbeçaj,xk KVX,MF,Augsburg,de Bundesliga,26,1997,27,22,"1,785",19.8,1,1,2,1,0,0,8,0,0.05,0.05,0.1,0.05,0.1
2204,Gio Reyna,us USA,MF,Dortmund,de Bundesliga,21,2002,16,3,350,3.9,2,0,2,2,0,0,3,0,0.51,0,0.51,0.51,0.51
2205,Chadi Riad,ma MAR,DF,Crystal Palace,eng Premier League,21,2003,1,1,90,1,0,0,0,0,0,0,0,0,0,0,0,0,0
2206,Alexsandro Ribeiro,br BRA,DF,Lille,fr Ligue 1,24,1999,30,30,"2,700",30,1,1,2,1,0,0,10,0,0.03,0.03,0.07,0.03,0.07
2207,Samuele Ricci,it ITA,MF,Torino,it Serie A,22,2001,34,34,"2,825",31.4,1,1,2,1,0,0,8,1,0.03,0.03,0.06,0.03,0.06
2208,Declan Rice,eng ENG,MF,Arsenal,eng Premier League,25,1999,35,33,"2,825",31.4,4,7,11,4,0,0,7,1,0.13,0.22,0.35,0.13,0.35
2209,Chris Richards,us USA,DF,Crystal Palace,eng Premier League,24,2000,24,22,"1,922",21.4,1,0,1,1,0,0,4,1,0.05,0,0.05,0.05,0.05
2210,Amir Richardson,ma MAR,MF,Fiorentina,it Serie A,22,2002,27,10,"1,099",12.2,1,1,2,1,0,0,6,0,0.08,0.08,0.16,0.08,0.16
2211,Richarlison,br BRA,FW,Tottenham Hotspur,eng Premier League,27,1997,15,4,504,5.6,4,1,5,4,0,0,2,0,0.71,0.18,0.89,0.71,0.89
2212,Diego Rico,es ESP,DF,Getafe,es La Liga,31,1993,33,32,"2,819",31.3,0,3,3,0,0,0,9,1,0,0.1,0.1,0,0.1
2213,Fabian Rieder,ch SUI,MF,Stuttgart,de Bundesliga,22,2002,21,8,867,9.6,1,3,4,1,0,0,1,0,0.1,0.31,0.42,0.1,0.42
2214,Lasse Rieß,de GER,GK,Mainz 05,de Bundesliga,23,2001,2,2,180,2,0,0,0,0,0,0,0,0,0,0,0,0,0
2215,Luis Rioja,es ESP,MF,Alavés,es La Liga,30,1993,1,0,23,0.3,0,0,0,0,0,0,0,0,0,0,0,0,0
2216,Luis Rioja,es ESP,MF,Valencia,es La Liga,30,1993,36,33,"2,831",31.5,5,3,8,3,2,2,6,0,0.16,0.1,0.25,0.1,0.19
2217,Rodrigo Riquelme,es ESP,"MF,DF",Atlético Madrid,es La Liga,24,2000,16,4,516,5.7,0,1,1,0,0,0,0,0,0,0.17,0.17,0,0.17
2218,Alberto Risco,es ESP,MF,Getafe,es La Liga,18,2005,5,0,69,0.8,0,0,0,0,0,0,0,0,0,0,0,0,0
2219,Mihailo Ristić,rs SRB,"MF,DF",Celta Vigo,es La Liga,28,1995,10,6,429,4.8,0,1,1,0,0,0,1,0,0,0.21,0.21,0,0.21
2220,Lars Ritzka,de GER,"MF,DF",St Pauli,de Bundesliga,26,1998,21,11,922,10.2,1,0,1,1,0,0,1,0,0.1,0,0.1,0.1,0.1
2221,Gorka Rivera Alonso,es ESP,DF,Getafe,es La Liga,19,2004,1,0,20,0.2,0,0,0,0,0,0,0,0,0,0,0,0,0
2222,Sergi Roberto,es ESP,MF,Como,it Serie A,32,1992,13,8,696,7.7,0,1,1,0,0,0,4,0,0,0.13,0.13,0,0.13
2223,Andrew Robertson,sct SCO,DF,Liverpool,eng Premier League,30,1994,33,29,"2,482",27.6,0,1,1,0,0,0,3,1,0,0.04,0.04,0,0.04
2224,Antonee Robinson,us USA,"DF,MF",Fulham,eng Premier League,26,1997,36,35,"3,167",35.2,0,10,10,0,0,0,8,0,0,0.28,0.28,0,0.28
2225,Jay Robinson,eng ENG,MF,Southampton,eng Premier League,17,2007,4,1,137,1.5,0,0,0,0,0,0,0,0,0,0,0,0,0
Rk,Player,Nation,Pos,Squad,Comp,Age,Born,MP,Starts,Min,90s,Gls,Ast,G+A,G-PK,PK,PKatt,CrdY,CrdR,Gls,Ast,G+A,G-PK,G+A-PK
2226,Marc Roca,es ESP,MF,Real Betis,es La Liga,27,1996,14,11,906,10.1,2,2,4,2,0,0,4,0,0.2,0.2,0.4,0.2,0.4
2227,Rodri,es ESP,MF,Manchester City,eng Premier League,28,1996,3,1,73,0.8,0,0,0,0,0,0,0,0,0,0,0,0,0
2228,Rodri,es ESP,MF,Real Betis,es La Liga,24,2000,3,1,118,1.3,0,0,0,0,0,0,0,0,0,0,0,0,0
2229,Adrian Rodriguez,es ESP,GK,Alavés,es La Liga,23,2000,2,1,122,1.4,0,0,0,0,0,0,1,0,0,0,0,0,0
2230,Alejandro Rodriguez,pt POR,FW,Lyon,fr Ligue 1,16,2008,1,0,20,0.2,0,0,0,0,0,0,0,0,0,0,0,0,0
2231,Álvaro Rodríguez,uy URU,FW,Getafe,es La Liga,20,2004,22,7,852,9.5,2,0,2,2,0,0,6,0,0.21,0,0.21,0.21,0.21
2232,Óscar Rodríguez Arnaiz,es ESP,MF,Leganés,es La Liga,26,1998,29,12,"1,330",14.8,1,4,5,1,0,0,6,1,0.07,0.27,0.34,0.07,0.34
2233,Arturo Rodríguez,es ESP,FW,Las Palmas,es La Liga,17,2006,1,0,21,0.2,0,0,0,0,0,0,0,0,0,0,0,0,0
2234,Damián Rodríguez,es ESP,MF,Celta Vigo,es La Liga,21,2003,17,10,927,10.3,0,0,0,0,0,0,3,0,0,0,0,0,0
2235,Dani Rodríguez,es ESP,"MF,FW",Mallorca,es La Liga,36,1988,37,26,"2,162",24,4,7,11,4,0,0,5,0,0.17,0.29,0.46,0.17,0.46
2236,Daniel Rodriguez,es ESP,MF,Barcelona,es La Liga,18,2005,1,1,37,0.4,0,0,0,0,0,0,0,0,0,0,0,0,0
2237,Guido Rodríguez,ar ARG,MF,West Ham United,eng Premier League,30,1994,23,16,"1,149",12.8,0,1,1,0,0,0,6,0,0,0.08,0.08,0,0.08
2238,James Rodríguez,co COL,MF,Rayo Vallecano,es La Liga,33,1991,6,1,140,1.6,0,0,0,0,0,0,1,0,0,0,0,0,0
2239,Javi Rodríguez,es ESP,DF,Celta Vigo,es La Liga,21,2003,36,26,"2,514",27.9,3,2,5,3,0,0,7,0,0.11,0.07,0.18,0.11,0.18
2240,Jesus Rodríguez,es ESP,MF,Real Betis,es La Liga,18,2005,21,15,"1,111",12.3,2,0,2,2,0,0,0,0,0.16,0,0.16,0.16,0.16
2241,Kirian Rodríguez,es ESP,MF,Las Palmas,es La Liga,28,1996,21,21,"1,758",19.5,0,3,3,0,0,0,2,0,0,0.15,0.15,0,0.15
2242,Ricardo Rodríguez,ch SUI,DF,Real Betis,es La Liga,31,1992,18,15,"1,274",14.2,0,1,1,0,0,0,0,0,0,0.07,0.07,0,0.07
2243,Rodrygo,br BRA,"MF,FW",Real Madrid,es La Liga,23,2001,30,22,"1,928",21.4,6,5,11,6,0,0,0,0,0.28,0.23,0.51,0.28,0.51
2244,Mads Roerslev,dk DEN,DF,Brentford,eng Premier League,25,1999,19,11,"1,101",12.2,0,2,2,0,0,0,2,0,0,0.16,0.16,0,0.16
2245,Mads Roerslev,dk DEN,DF,Wolfsburg,de Bundesliga,25,1999,7,2,298,3.3,0,0,0,0,0,0,0,0,0,0,0,0,0
2246,Morgan Rogers,eng ENG,MF,Aston Villa,eng Premier League,22,2002,37,37,"3,114",34.6,8,10,18,8,0,0,10,0,0.23,0.29,0.52,0.23,0.52
2247,Merlin Röhl,de GER,MF,Freiburg,de Bundesliga,22,2002,19,11,965,10.7,0,1,1,0,0,0,2,0,0,0.09,0.09,0,0.09
2248,Alessio Romagnoli,it ITA,DF,Lazio,it Serie A,29,1995,32,31,"2,672",29.7,2,0,2,2,0,0,4,2,0.07,0,0.07,0.07,0.07
2249,Leo Román,es ESP,GK,Mallorca,es La Liga,24,2000,7,7,630,7,0,0,0,0,0,0,0,0,0,0,0,0,0
2250,Carlos Romero,es ESP,"DF,MF",Espanyol,es La Liga,22,2001,34,28,"2,554",28.4,2,1,3,2,0,0,7,0,0.07,0.04,0.11,0.07,0.11
Rk,Player,Nation,Pos,Squad,Comp,Age,Born,MP,Starts,Min,90s,Gls,Ast,G+A,G-PK,PK,PKatt,CrdY,CrdR,Gls,Ast,G+A,G-PK,G+A-PK
2251,Cristian Romero,ar ARG,DF,Tottenham Hotspur,eng Premier League,26,1998,18,18,"1,416",15.7,1,0,1,1,0,0,3,0,0.06,0,0.06,0.06,0.06
2252,Isaac Romero,es ESP,FW,Sevilla,es La Liga,24,2000,31,26,"2,156",24,4,2,6,4,0,1,10,1,0.17,0.08,0.25,0.17,0.25
2253,Luka Romero,ar ARG,"MF,FW",Alavés,es La Liga,19,2004,6,2,199,2.2,0,0,0,0,0,1,0,0,0,0,0,0,0
2254,Oriol Romeu,es ESP,MF,Girona,es La Liga,32,1991,25,17,"1,356",15.1,0,0,0,0,0,0,5,0,0,0,0,0,0
2255,Valentin Rongier,fr FRA,"MF,DF",Marseille,fr Ligue 1,29,1994,25,17,"1,562",17.4,3,1,4,3,0,0,5,0,0.17,0.06,0.23,0.17,0.23
2256,Marten de Roon,nl NED,"MF,DF",Atalanta,it Serie A,33,1991,36,34,"3,058",34,4,4,8,4,0,0,5,0,0.12,0.12,0.24,0.12,0.24
2257,Vitor Roque,br BRA,FW,Real Betis,es La Liga,19,2005,22,14,"1,235",13.7,4,0,4,4,0,0,4,0,0.29,0,0.29,0.29,0.29
2258,Pablo Rosario,do DOM,"MF,DF",Nice,fr Ligue 1,27,1997,29,21,"1,775",19.7,3,1,4,2,1,1,6,1,0.15,0.05,0.2,0.1,0.15
2259,Lasse Rosenboom,de GER,MF,Holstein Kiel,de Bundesliga,22,2002,26,21,"1,734",19.3,2,2,4,2,0,0,3,0,0.1,0.1,0.21,0.1,0.21
2260,Max Rosenfelder,de GER,DF,Freiburg,de Bundesliga,21,2003,25,13,"1,249",13.9,1,0,1,1,0,0,2,0,0.07,0,0.07,0.07,0.07
2261,Valentin Rosier,fr FRA,DF,Leganés,es La Liga,27,1996,32,28,"2,595",28.8,1,2,3,1,0,0,8,0,0.03,0.07,0.1,0.03,0.1
2262,Tom Rothe,de GER,"MF,DF",Union Berlin,de Bundesliga,19,2004,26,19,"1,670",18.6,3,3,6,3,0,0,4,1,0.16,0.16,0.32,0.16,0.32
2263,Anthony Rouault,fr FRA,DF,Rennes,fr Ligue 1,23,2001,11,11,972,10.8,0,0,0,0,0,0,3,0,0,0,0,0,0
2264,Anthony Rouault,fr FRA,DF,Stuttgart,de Bundesliga,23,2001,18,14,"1,212",13.5,1,0,1,1,0,0,1,0,0.07,0,0.07,0.07,0.07
2265,Jonas Rouhi,se SWE,DF,Juventus,it Serie A,20,2004,5,1,210,2.3,0,0,0,0,0,0,0,0,0,0,0,0,0
2266,Jérôme Roussillon,fr FRA,DF,Union Berlin,de Bundesliga,31,1993,7,1,136,1.5,0,0,0,0,0,0,0,0,0,0,0,0,0
2267,Nicolò Rovella,it ITA,MF,Lazio,it Serie A,22,2001,33,31,"2,718",30.2,0,3,3,0,0,0,13,0,0,0.1,0.1,0,0.1
2268,Jonathan Rowe,eng ENG,"MF,FW",Marseille,fr Ligue 1,21,2003,28,6,807,9,3,3,6,3,0,0,2,0,0.33,0.33,0.67,0.33,0.67
2269,Amir Rrahmani,xk KVX,DF,Napoli,it Serie A,30,1994,38,38,"3,406",37.8,1,3,4,1,0,0,2,0,0.03,0.08,0.11,0.03,0.11
2270,Tommaso Rubino,it ITA,FW,Fiorentina,it Serie A,17,2006,1,0,8,0.1,0,0,0,0,0,0,0,0,0,0,0,0,0
2271,Antonio Rüdiger,de GER,DF,Real Madrid,es La Liga,31,1993,29,26,"2,291",25.5,0,0,0,0,0,0,3,0,0,0,0,0,0
2272,Matteo Ruggeri,it ITA,"MF,DF",Atalanta,it Serie A,22,2002,30,19,"1,751",19.5,0,3,3,0,0,0,2,0,0,0.15,0.15,0,0.15
2273,Aitor Ruibal,es ESP,"DF,FW",Real Betis,es La Liga,28,1996,29,13,"1,313",14.6,1,3,4,1,0,0,5,0,0.07,0.21,0.27,0.07,0.27
2274,Abel Ruiz,es ESP,FW,Girona,es La Liga,24,2000,23,17,"1,346",15,4,0,4,3,1,2,3,0,0.27,0,0.27,0.2,0.2
2275,Ferrán Ruiz,es ESP,DF,Girona,es La Liga,21,2003,1,0,18,0.2,0,0,0,0,0,0,0,0,0,0,0,0,0
Rk,Player,Nation,Pos,Squad,Comp,Age,Born,MP,Starts,Min,90s,Gls,Ast,G+A,G-PK,PK,PKatt,CrdY,CrdR,Gls,Ast,G+A,G-PK,G+A-PK
2276,Fabián Ruiz Peña,es ESP,MF,Paris Saint-Germain,fr Ligue 1,28,1996,30,21,"1,923",21.4,4,5,9,4,0,0,1,0,0.19,0.23,0.42,0.19,0.42
2277,Gerónimo Rulli,ar ARG,GK,Marseille,fr Ligue 1,32,1992,34,34,"3,060",34,0,0,0,0,0,0,1,0,0,0,0,0,0
2278,Georginio Rutter,fr FRA,"MF,FW",Brighton,eng Premier League,22,2002,28,19,"1,656",18.4,5,3,8,5,0,0,2,0,0.27,0.16,0.43,0.27,0.43
2279,Mathew Ryan,au AUS,GK,Lens,fr Ligue 1,32,1992,14,14,"1,260",14,0,0,0,0,0,0,0,0,0,0,0,0,0
2280,Julian Ryerson,no NOR,"DF,MF",Dortmund,de Bundesliga,26,1997,29,27,"2,259",25.1,2,3,5,2,0,0,6,1,0.08,0.12,0.2,0.08,0.2
2281,Frederik Rønnow,dk DEN,GK,Union Berlin,de Bundesliga,31,1992,28,28,"2,520",28,0,0,0,0,0,0,2,0,0,0,0,0,0
2282,José Sá,pt POR,GK,Wolves,eng Premier League,31,1993,29,29,"2,609",29,0,0,0,0,0,0,2,0,0,0,0,0,0
2283,Elias Saad,tn TUN,"FW,MF",St Pauli,de Bundesliga,24,1999,18,10,900,10,3,2,5,3,0,0,1,0,0.3,0.2,0.5,0.3,0.5
2284,Youssouf Sabaly,sn SEN,DF,Real Betis,es La Liga,31,1993,22,20,"1,581",17.6,0,1,1,0,0,0,1,0,0,0.06,0.06,0,0.06
2285,Emmanuel Sabbi,us USA,"MF,FW",Le Havre,fr Ligue 1,26,1997,15,7,653,7.3,0,0,0,0,0,0,1,0,0,0,0,0,0
2286,Stefano Sabelli,it ITA,"DF,MF",Genoa,it Serie A,31,1993,34,23,"2,058",22.9,0,2,2,0,0,0,3,0,0,0.09,0.09,0,0.09
2287,Marcel Sabitzer,at AUT,MF,Dortmund,de Bundesliga,30,1994,26,18,"1,616",18,1,0,1,1,0,0,3,0,0.06,0,0.06,0.06,0.06
2288,Falaye Sacko,ml MLI,DF,Montpellier,fr Ligue 1,29,1995,16,14,"1,233",13.7,0,1,1,0,0,0,1,0,0,0.07,0.07,0,0.07
2289,Umar Sadiq,ng NGA,FW,Valencia,es La Liga,27,1997,16,9,825,9.2,5,0,5,5,0,0,4,0,0.55,0,0.55,0.55,0.55
2290,Umar Sadiq,ng NGA,FW,Real Sociedad,es La Liga,27,1997,7,2,227,2.5,0,0,0,0,0,0,1,0,0,0,0,0,0
2291,Alexis Saelemaekers,be BEL,"MF,FW",Roma,it Serie A,25,1999,22,17,"1,389",15.4,7,3,10,7,0,0,4,0,0.45,0.19,0.65,0.45,0.65
2292,Alexis Saelemaekers,be BEL,DF,Milan,it Serie A,25,1999,1,1,90,1,0,0,0,0,0,0,0,0,0,0,0,0,0
2293,Jorge Sáenz,es ESP,DF,Leganés,es La Liga,27,1996,23,19,"1,690",18.8,1,0,1,1,0,0,4,1,0.05,0,0.05,0.05,0.05
2294,Matvei Safonov,ru RUS,GK,Paris Saint-Germain,fr Ligue 1,25,1999,10,9,879,9.8,0,0,0,0,0,0,0,0,0,0,0,0,0
2295,Modibo Sagnan,ml MLI,DF,Montpellier,fr Ligue 1,25,1999,27,24,"2,141",23.8,2,0,2,2,0,0,10,0,0.08,0,0.08,0.08,0.08
2296,Richie Sagrado,be BEL,"MF,DF",Venezia,it Serie A,20,2004,3,3,140,1.6,0,0,0,0,0,0,1,0,0,0,0,0,0
2297,Osame Sahraoui,ma MAR,MF,Lille,fr Ligue 1,23,2001,30,10,"1,293",14.4,3,3,6,3,0,0,1,0,0.21,0.21,0.42,0.21,0.42
2298,Wesley Saïd,fr FRA,FW,Lens,fr Ligue 1,29,1995,24,11,905,10.1,3,0,3,3,0,0,4,0,0.3,0,0.3,0.3,0.3
2299,Théo Sainte-Luce,fr FRA,DF,Montpellier,fr Ligue 1,25,1998,16,11,"1,018",11.3,1,0,1,1,0,0,3,0,0.09,0,0.09,0.09,0.09
2300,Bukayo Saka,eng ENG,"FW,MF",Arsenal,eng Premier League,22,2001,25,20,"1,729",19.2,6,10,16,5,1,1,3,0,0.31,0.52,0.83,0.26,0.78
Rk,Player,Nation,Pos,Squad,Comp,Age,Born,MP,Starts,Min,90s,Gls,Ast,G+A,G-PK,PK,PKatt,CrdY,CrdR,Gls,Ast,G+A,G-PK,G+A-PK
2301,Faik Sakar,de GER,MF,RB Leipzig,de Bundesliga,16,2008,1,0,1,0,0,0,0,0,0,0,0,0,0,0,0,0,0
2302,Marco Sala,it ITA,DF,Como,it Serie A,25,1999,8,3,261,2.9,0,0,0,0,0,0,3,0,0,0,0,0,0
2303,Marco Sala,it ITA,"DF,MF",Lecce,it Serie A,25,1999,2,0,72,0.8,0,0,0,0,0,0,0,0,0,0,0,0,0
2304,Ibrahim Salah,ma MAR,"MF,FW",Brest,fr Ligue 1,22,2001,12,4,358,4,1,1,2,1,0,0,0,0,0.25,0.25,0.5,0.25,0.5
2305,Mohamed Salah,eg EGY,MF,Liverpool,eng Premier League,32,1992,38,38,"3,371",37.5,29,18,47,20,9,9,1,0,0.77,0.48,1.25,0.53,1.01
2306,Anass Salah-Eddine,ma MAR,MF,Roma,it Serie A,22,2002,3,2,152,1.7,0,1,1,0,0,0,0,0,0,0.59,0.59,0,0.59
2307,Amine Salama,fr FRA,FW,Reims,fr Ligue 1,24,2000,17,2,373,4.1,0,0,0,0,0,0,0,0,0,0,0,0,0
2308,Jan Salas,es ESP,MF,Mallorca,es La Liga,18,2005,4,0,43,0.5,0,0,0,0,0,0,0,0,0,0,0,0,0
2309,Kike Salas,es ESP,DF,Sevilla,es La Liga,22,2002,31,25,"2,238",24.9,3,2,5,3,0,0,6,0,0.12,0.08,0.2,0.12,0.2
2310,Manolis Saliakas,gr GRE,MF,St Pauli,de Bundesliga,27,1996,30,26,"2,314",25.7,2,1,3,2,0,0,4,0,0.08,0.04,0.12,0.08,0.12
2311,William Saliba,fr FRA,DF,Arsenal,eng Premier League,23,2001,35,35,"3,039",33.8,2,0,2,2,0,0,2,1,0.06,0,0.06,0.06,0.06
2312,Mohammed Salisu,gh GHA,DF,Monaco,fr Ligue 1,25,1999,15,11,"1,023",11.4,1,0,1,1,0,0,2,0,0.09,0,0.09,0.09,0.09
2313,Roland Sallai,hu HUN,"DF,FW",Freiburg,de Bundesliga,27,1997,2,0,46,0.5,0,0,0,0,0,0,0,0,0,0,0,0,0
2314,Yoann Salmier,gf GUF,DF,Le Havre,fr Ligue 1,31,1992,13,9,797,8.9,0,0,0,0,0,0,3,0,0,0,0,0,0
2315,Lazar Samardzic,rs SRB,MF,Atalanta,it Serie A,22,2002,31,7,"1,169",13,2,1,3,2,0,0,3,0,0.15,0.08,0.23,0.15,0.23
2316,Diadie Samassékou,ml MLI,MF,Hoffenheim,de Bundesliga,28,1996,8,6,290,3.2,0,0,0,0,0,0,0,0,0,0,0,0,0
2317,Mama Samba Baldé,gw GNB,"FW,MF",Lyon,fr Ligue 1,28,1995,2,0,33,0.4,0,0,0,0,0,0,0,0,0,0,0,0,0
2318,Mama Samba Baldé,gw GNB,"FW,MF",Brest,fr Ligue 1,28,1995,27,12,"1,149",12.8,2,3,5,2,0,0,4,0,0.16,0.23,0.39,0.16,0.39
2319,Brice Samba,fr FRA,GK,Rennes,fr Ligue 1,30,1994,17,17,"1,529",17,0,0,0,0,0,0,3,0,0,0,0,0,0
2320,Brice Samba,fr FRA,GK,Lens,fr Ligue 1,30,1994,15,15,"1,350",15,0,0,0,0,0,0,1,0,0,0,0,0,0
2321,Albert Sambi Lokonga,be BEL,MF,Sevilla,es La Liga,24,1999,22,16,"1,471",16.3,0,2,2,0,0,0,4,0,0,0.12,0.12,0,0.12
2322,Junior Sambia,fr FRA,MF,Empoli,it Serie A,27,1996,17,2,387,4.3,0,0,0,0,0,0,0,0,0,0,0,0,0
2323,Chuky san jose,es ESP,"MF,FW",Valladolid,es La Liga,20,2004,18,9,728,8.1,2,0,2,2,0,0,1,0,0.25,0,0.25,0.25,0.25
2324,Antonio Sanabria,py PAR,FW,Torino,it Serie A,28,1996,26,16,"1,318",14.6,2,1,3,2,0,1,2,0,0.14,0.07,0.2,0.14,0.2
2325,Oihan Sancet,es ESP,MF,Athletic Club,es La Liga,24,2000,29,19,"1,620",18,15,1,16,12,3,3,2,0,0.83,0.06,0.89,0.67,0.72
Rk,Player,Nation,Pos,Squad,Comp,Age,Born,MP,Starts,Min,90s,Gls,Ast,G+A,G-PK,PK,PKatt,CrdY,CrdR,Gls,Ast,G+A,G-PK,G+A-PK
2326,Alexis Sánchez,cl CHI,FW,Udinese,it Serie A,35,1988,13,6,437,4.9,0,0,0,0,0,0,0,0,0,0,0,0,0
2327,Antonio Sánchez,es ESP,"MF,DF",Mallorca,es La Liga,27,1997,33,12,"1,395",15.5,0,0,0,0,0,0,3,0,0,0,0,0,0
2328,Iván Sánchez,es ESP,MF,Valladolid,es La Liga,31,1992,32,11,"1,404",15.6,2,1,3,2,0,0,4,0,0.13,0.06,0.19,0.13,0.19
2329,Javi Sánchez,es ESP,DF,Valladolid,es La Liga,27,1997,25,25,"2,026",22.5,2,0,2,2,0,0,6,0,0.09,0,0.09,0.09,0.09
2330,Juanlu Sánchez,es ESP,"MF,DF",Sevilla,es La Liga,20,2003,32,18,"1,722",19.1,4,4,8,4,0,0,6,1,0.21,0.21,0.42,0.21,0.42
2331,Manu Sánchez,es ESP,DF,Alavés,es La Liga,23,2000,33,30,"2,634",29.3,1,0,1,1,0,0,6,1,0.03,0,0.03,0.03,0.03
2332,Robert Sánchez,es ESP,GK,Chelsea,eng Premier League,26,1997,32,32,"2,880",32,0,0,0,0,0,0,5,0,0,0,0,0,0
2333,Jadon Sancho,eng ENG,MF,Chelsea,eng Premier League,24,2000,31,19,"1,764",19.6,3,4,7,3,0,0,2,0,0.15,0.2,0.36,0.15,0.36
2334,Philipp Sander,de GER,MF,Gladbach,de Bundesliga,26,1998,27,16,"1,400",15.6,1,0,1,1,0,0,2,0,0.06,0,0.06,0.06,0.06
2335,James Sands,us USA,MF,St Pauli,de Bundesliga,24,2000,7,5,453,5,0,0,0,0,0,0,1,0,0,0,0,0,0
2336,Leroy Sané,de GER,MF,Bayern Munich,de Bundesliga,28,1996,30,17,"1,637",18.2,11,5,16,11,0,0,2,0,0.6,0.27,0.88,0.6,0.88
2337,Arouna Sangante,sn SEN,DF,Le Havre,fr Ligue 1,22,2002,16,16,"1,244",13.8,3,0,3,3,0,0,4,1,0.22,0,0.22,0.22,0.22
2338,Ibrahim Sangaré,ci CIV,MF,Nottingham Forest,eng Premier League,26,1997,13,7,590,6.6,0,1,1,0,0,0,3,0,0,0.15,0.15,0,0.15
2339,Nhoa Sangui,fr FRA,"DF,MF",Reims,fr Ligue 1,18,2006,26,10,"1,158",12.9,0,2,2,0,0,0,3,0,0,0.16,0.16,0,0.16
2340,Maroan Sannadi,ma MAR,FW,Athletic Club,es La Liga,23,2001,16,7,754,8.4,1,1,2,1,0,0,0,0,0.12,0.12,0.24,0.12,0.24
2341,Kaishu Sano,jp JPN,MF,Mainz 05,de Bundesliga,23,2000,34,34,"3,043",33.8,0,0,0,0,0,0,3,0,0,0,0,0,0
2342,Morgan Sanson,fr FRA,MF,Nice,fr Ligue 1,29,1994,6,3,235,2.6,3,0,3,3,0,0,0,0,1.15,0,1.15,1.15,1.15
2343,Nicola Sansone,it ITA,"FW,MF",Lecce,it Serie A,32,1991,5,0,65,0.7,0,0,0,0,0,0,1,0,0,0,0,0,0
2344,Baptiste Santamaria,fr FRA,MF,Nice,fr Ligue 1,29,1995,13,11,927,10.3,0,0,0,0,0,0,1,0,0,0,0,0,0
2345,Baptiste Santamaria,fr FRA,MF,Rennes,fr Ligue 1,29,1995,10,5,482,5.4,0,1,1,0,0,0,1,0,0,0.19,0.19,0,0.19
2346,Yellu Santiago,es ESP,MF,Getafe,es La Liga,20,2004,19,4,372,4.1,0,0,0,0,0,0,5,0,0,0,0,0,0
2347,Andrey Santos,br BRA,MF,Strasbourg,fr Ligue 1,20,2004,32,32,"2,855",31.7,10,3,13,10,0,0,8,0,0.32,0.09,0.41,0.32,0.41
2348,Kauã Santos,br BRA,GK,Eintracht Frankfurt,de Bundesliga,21,2003,9,8,765,8.5,0,0,0,0,0,0,0,0,0,0,0,0,0
2349,Tiago Santos,pt POR,"DF,MF",Lille,fr Ligue 1,22,2002,7,4,404,4.5,0,0,0,0,0,0,1,0,0,0,0,0,0
2350,Pablo Sarabia,es ESP,MF,Wolves,eng Premier League,32,1992,23,7,814,9,3,2,5,3,0,0,3,0,0.33,0.22,0.55,0.33,0.55
Rk,Player,Nation,Pos,Squad,Comp,Age,Born,MP,Starts,Min,90s,Gls,Ast,G+A,G-PK,PK,PKatt,CrdY,CrdR,Gls,Ast,G+A,G-PK,G+A-PK
2351,Jeremy Sarmiento,ec ECU,MF,Brighton,eng Premier League,22,2002,1,0,9,0.1,0,0,0,0,0,0,0,0,0,0,0,0,0
2352,Amin Sarr,se SWE,FW,Hellas Verona,it Serie A,23,2001,32,25,"1,907",21.2,4,1,5,4,0,0,1,0,0.19,0.05,0.24,0.19,0.24
2353,Ismaila Sarr,sn SEN,MF,Crystal Palace,eng Premier League,26,1998,38,30,"2,711",30.1,8,6,14,8,0,0,4,0,0.27,0.2,0.46,0.27,0.46
2354,Malang Sarr,fr FRA,DF,Lens,fr Ligue 1,25,1999,21,15,"1,385",15.4,0,0,0,0,0,0,0,0,0,0,0,0,0
2355,Mamadou Sarr,sn SEN,DF,Strasbourg,fr Ligue 1,18,2005,27,27,"2,365",26.3,0,1,1,0,0,0,4,0,0,0.04,0.04,0,0.04
2356,Martin Satriano,uy URU,FW,Lens,fr Ligue 1,23,2001,7,0,88,1,0,0,0,0,0,0,0,0,0,0,0,0,0
2357,Razvan Sava,ro ROU,GK,Udinese,it Serie A,22,2002,12,12,"1,080",12,0,0,0,0,0,0,1,0,0,0,0,0,0
2358,Téji Savanier,fr FRA,MF,Montpellier,fr Ligue 1,32,1991,31,27,"2,363",26.3,2,5,7,0,2,2,4,1,0.08,0.19,0.27,0,0.19
2359,Sávio,br BRA,"MF,FW",Manchester City,eng Premier League,20,2004,29,21,"1,766",19.6,1,8,9,1,0,0,3,0,0.05,0.41,0.46,0.05,0.46
2360,Nicolò Savona,it ITA,DF,Juventus,it Serie A,21,2003,28,19,"1,724",19.2,2,1,3,2,0,0,5,0,0.1,0.05,0.16,0.1,0.16
2361,Saba Sazonov,ge GEO,DF,Torino,it Serie A,22,2002,1,0,3,0,0,0,0,0,0,0,0,0,0,0,0,0,0
2362,Joe Scally,us USA,DF,Gladbach,de Bundesliga,21,2002,32,30,"2,578",28.6,0,0,0,0,0,0,6,0,0,0,0,0,0
2363,Giorgio Scalvini,it ITA,DF,Atalanta,it Serie A,20,2003,6,4,272,3,0,0,0,0,0,0,2,0,0,0,0,0,0
2364,Gianluca Scamacca,it ITA,FW,Atalanta,it Serie A,25,1999,1,0,6,0.1,0,0,0,0,0,0,0,0,0,0,0,0,0
2365,Oliver Scarles,eng ENG,"MF,DF",West Ham United,eng Premier League,18,2005,15,7,665,7.4,0,0,0,0,0,0,1,0,0,0,0,0,0
2366,Dane Scarlett,eng ENG,FW,Tottenham Hotspur,eng Premier League,20,2004,3,0,34,0.4,0,1,1,0,0,0,0,0,0,2.65,2.65,0,2.65
2367,Kevin Schade,de GER,"MF,FW",Brentford,eng Premier League,22,2001,38,26,"2,293",25.5,11,2,13,11,0,0,3,0,0.43,0.08,0.51,0.43,0.51
2368,András Schäfer,hu HUN,MF,Union Berlin,de Bundesliga,25,1999,26,17,"1,534",17,1,1,2,1,0,0,3,0,0.06,0.06,0.12,0.06,0.12
2369,Fabian Schär,ch SUI,DF,Newcastle United,eng Premier League,32,1991,34,33,"2,934",32.6,4,0,4,4,0,0,9,1,0.12,0,0.12,0.12,0.12
2370,Patrik Schick,cz CZE,FW,Leverkusen,de Bundesliga,28,1996,31,19,"1,684",18.7,21,0,21,20,1,1,4,0,1.12,0,1.12,1.07,1.07
2371,Stefan Schimmer,de GER,FW,Heidenheim,de Bundesliga,30,1994,13,0,247,2.7,0,0,0,0,0,0,1,0,0,0,0,0,0
2372,Joël Schingtienne,be BEL,DF,Venezia,it Serie A,21,2002,16,12,"1,122",12.5,0,0,0,0,0,0,2,0,0,0,0,0,0
2373,Xaver Schlager,at AUT,MF,RB Leipzig,de Bundesliga,26,1997,4,2,181,2,0,0,0,0,0,0,1,0,0,0,0,0,0
2374,Keven Schlotterbeck,de GER,DF,Augsburg,de Bundesliga,27,1997,18,15,"1,297",14.4,3,1,4,3,0,0,4,1,0.21,0.07,0.28,0.21,0.28
2375,Nico Schlotterbeck,de GER,DF,Dortmund,de Bundesliga,24,1999,23,23,"1,982",22,0,4,4,0,0,0,7,2,0,0.18,0.18,0,0.18
Rk,Player,Nation,Pos,Squad,Comp,Age,Born,MP,Starts,Min,90s,Gls,Ast,G+A,G-PK,PK,PKatt,CrdY,CrdR,Gls,Ast,G+A,G-PK,G+A-PK
2376,Jeffrey Schlupp,gh GHA,"DF,FW",Crystal Palace,eng Premier League,31,1992,12,0,103,1.1,0,0,0,0,0,0,0,0,0,0,0,0,0
2377,Romano Schmid,at AUT,MF,Werder Bremen,de Bundesliga,24,2000,32,32,"2,834",31.5,5,4,9,4,1,1,4,0,0.16,0.13,0.29,0.13,0.25
2378,Niklas Schmidt,de GER,MF,Toulouse,fr Ligue 1,26,1998,9,2,205,2.3,0,1,1,0,0,0,0,0,0,0.44,0.44,0,0.44
2379,Jan Schöppner,de GER,MF,Heidenheim,de Bundesliga,25,1999,33,32,"2,681",29.8,4,3,7,4,0,0,8,0,0.13,0.1,0.23,0.13,0.23
2380,Marvin Schulz,de GER,"DF,MF",Holstein Kiel,de Bundesliga,29,1995,12,3,306,3.4,0,0,0,0,0,0,3,0,0,0,0,0,0
2381,Alexander Schwolow,de GER,GK,Union Berlin,de Bundesliga,32,1992,6,6,540,6,0,0,0,0,0,0,0,0,0,0,0,0,0
2382,Léo Scienza,br BRA,"MF,FW",Heidenheim,de Bundesliga,25,1998,25,13,"1,153",12.8,3,3,6,3,0,0,1,0,0.23,0.23,0.47,0.23,0.47
2383,Alex Scott,eng ENG,MF,Bournemouth,eng Premier League,20,2003,20,8,755,8.4,0,0,0,0,0,0,3,0,0,0,0,0,0
2384,Simone Scuffet,it ITA,GK,Cagliari,it Serie A,28,1996,13,13,"1,170",13,0,0,0,0,0,0,0,0,0,0,0,0,0
2385,Simone Scuffet,it ITA,GK,Napoli,it Serie A,28,1996,1,1,90,1,0,0,0,0,0,0,0,0,0,0,0,0,0
2386,Jérémy Sebas,mq MTQ,MF,Strasbourg,fr Ligue 1,21,2003,13,1,190,2.1,0,0,0,0,0,0,0,0,0,0,0,0,0
2387,Aleksandar Sedlar,rs SRB,DF,Alavés,es La Liga,32,1991,9,7,594,6.6,0,0,0,0,0,0,1,1,0,0,0,0,0
2388,Jacopo Seghetti,it ITA,GK,Empoli,it Serie A,19,2005,1,1,90,1,0,0,0,0,0,0,0,0,0,0,0,0,0
2389,Alidu Seidu,gh GHA,DF,Rennes,fr Ligue 1,24,2000,11,10,803,8.9,0,0,0,0,0,0,4,0,0,0,0,0,0
2390,Nicolas Seiwald,at AUT,"MF,DF",RB Leipzig,de Bundesliga,23,2001,30,20,"2,084",23.2,0,0,0,0,0,0,2,0,0,0,0,0,0
2391,Hiroki Sekine,jp JPN,DF,Reims,fr Ligue 1,21,2002,15,9,887,9.9,0,0,0,0,0,0,1,0,0,0,0,0,0
2392,Matz Sels,be BEL,GK,Nottingham Forest,eng Premier League,32,1992,38,38,"3,420",38,0,0,0,0,0,0,4,0,0,0,0,0,0
2393,Nélson Semedo,pt POR,"MF,DF",Wolves,eng Premier League,30,1993,34,32,"2,886",32.1,0,4,4,0,0,0,8,0,0,0.12,0.12,0,0.12
2394,Antoine Semenyo,gh GHA,MF,Bournemouth,eng Premier League,24,2000,37,36,"3,203",35.6,11,5,16,11,0,0,9,0,0.31,0.14,0.45,0.31,0.45
2395,Marvin Senaya,tg TOG,DF,Strasbourg,fr Ligue 1,23,2001,10,1,227,2.5,0,0,0,0,0,0,3,0,0,0,0,0,0
2396,Marcos Senesi,ar ARG,DF,Bournemouth,eng Premier League,27,1997,17,13,"1,106",12.3,0,0,0,0,0,0,5,0,0,0,0,0,0
2397,Stefano Sensi,it ITA,MF,Monza,it Serie A,28,1995,12,2,274,3,1,0,1,0,1,1,0,0,0.33,0,0.33,0,0
2398,Suat Serdar,de GER,MF,Hellas Verona,it Serie A,27,1997,22,16,"1,376",15.3,2,1,3,2,0,0,4,1,0.13,0.07,0.2,0.13,0.2
2399,Sergi,es ESP,DF,Leganés,es La Liga,32,1992,36,33,"2,957",32.9,2,0,2,2,0,0,2,1,0.06,0,0.06,0.06,0.06
2400,Nicolás Serrano,es ESP,MF,Athletic Club,es La Liga,21,2003,4,1,112,1.2,0,0,0,0,0,0,0,0,0,0,0,0,0
Rk,Player,Nation,Pos,Squad,Comp,Age,Born,MP,Starts,Min,90s,Gls,Ast,G+A,G-PK,PK,PKatt,CrdY,CrdR,Gls,Ast,G+A,G-PK,G+A-PK
2401,Benjamin Šeško,si SVN,"FW,MF",RB Leipzig,de Bundesliga,21,2003,33,30,"2,380",26.4,13,5,18,11,2,2,2,1,0.49,0.19,0.68,0.42,0.61
2402,Ryan Sessegnon,eng ENG,"MF,DF",Fulham,eng Premier League,24,2000,16,7,580,6.4,4,2,6,4,0,0,1,0,0.62,0.31,0.93,0.62,0.93
2403,Stephan El Shaarawy,it ITA,"MF,FW",Roma,it Serie A,31,1992,31,12,"1,098",12.2,3,4,7,3,0,0,2,0,0.25,0.33,0.57,0.25,0.57
2404,Luke Shaw,eng ENG,DF,Manchester Utd,eng Premier League,29,1995,7,4,349,3.9,0,0,0,0,0,0,1,0,0,0,0,0,0
2405,Alen Sherri,al ALB,GK,Cagliari,it Serie A,26,1997,7,7,621,6.9,0,0,0,0,0,0,0,0,0,0,0,0,0
2406,Eldor Shomurodov,uz UZB,FW,Roma,it Serie A,29,1995,27,11,"1,097",12.2,4,4,8,4,0,0,1,0,0.33,0.33,0.66,0.33,0.66
2407,Djibril Sidibé,fr FRA,DF,Toulouse,fr Ligue 1,32,1992,28,24,"2,101",23.3,0,3,3,0,0,0,1,0,0,0.13,0.13,0,0.13
2408,Armindo Sieb,de GER,"MF,FW",Mainz 05,de Bundesliga,21,2003,27,5,762,8.5,2,2,4,2,0,0,2,0,0.24,0.24,0.47,0.24,0.47
2409,Benjamin Siegrist,ch SUI,GK,Genoa,it Serie A,32,1992,2,2,152,1.7,0,0,0,0,0,0,0,0,0,0,0,0,0
2410,Vincent Sierro,ch SUI,MF,Toulouse,fr Ligue 1,28,1995,29,27,"2,402",26.7,5,1,6,3,2,2,4,0,0.19,0.04,0.22,0.11,0.15
2411,Tim Siersleben,de GER,DF,Heidenheim,de Bundesliga,24,2000,16,14,"1,182",13.1,0,0,0,0,0,0,4,0,0,0,0,0,0
2412,Zain Silcott-Duberry,ms MSR,MF,Bournemouth,eng Premier League,19,2005,1,0,1,0,0,0,0,0,0,0,0,0,0,0,0,0,0
2413,Kiliann Sildillia,fr FRA,DF,Freiburg,de Bundesliga,22,2002,21,8,801,8.9,2,0,2,2,0,0,2,0,0.22,0,0.22,0.22,0.22
2414,André Silva,pt POR,FW,Werder Bremen,de Bundesliga,28,1995,7,4,375,4.2,1,0,1,0,1,2,1,0,0.24,0,0.24,0,0
2415,André Silva,pt POR,FW,RB Leipzig,de Bundesliga,28,1995,8,0,132,1.5,1,2,3,0,1,1,0,0,0.68,1.36,2.05,0,1.36
2416,Bernardo Silva,pt POR,MF,Manchester City,eng Premier League,29,1994,33,29,"2,670",29.7,4,4,8,4,0,0,7,0,0.13,0.13,0.27,0.13,0.27
2417,Caio Henrique Oliveira Silva,br BRA,DF,Monaco,fr Ligue 1,27,1997,27,21,"1,929",21.4,0,6,6,0,0,0,3,0,0,0.28,0.28,0,0.28
2418,Fábio Silva,pt POR,FW,Las Palmas,es La Liga,22,2002,24,22,"1,866",20.7,10,3,13,8,2,3,7,0,0.48,0.14,0.63,0.39,0.53
2419,Jota Silva,pt POR,MF,Nottingham Forest,eng Premier League,24,1999,31,5,854,9.5,3,1,4,3,0,0,5,0,0.32,0.11,0.42,0.32,0.42
2420,Eric da Silva Moreira,de GER,DF,Nottingham Forest,eng Premier League,18,2006,2,0,30,0.3,0,0,0,0,0,0,0,0,0,0,0,0,0
2421,Rui Silva,pt POR,GK,Real Betis,es La Liga,30,1994,15,15,"1,350",15,0,0,0,0,0,0,1,0,0,0,0,0,0
2422,Marco Silvestri,it ITA,GK,Empoli,it Serie A,33,1991,5,5,450,5,0,0,0,0,0,0,0,0,0,0,0,0,0
2423,Abdallah Sima,sn SEN,"FW,MF",Brest,fr Ligue 1,23,2001,27,14,"1,238",13.8,7,2,9,7,0,0,2,0,0.51,0.15,0.65,0.51,0.65
2424,Mohamed Simakan,fr FRA,DF,RB Leipzig,de Bundesliga,24,2000,1,1,54,0.6,0,0,0,0,0,0,0,0,0,0,0,0,0
2425,Giovanni Simeone,ar ARG,FW,Napoli,it Serie A,29,1995,30,1,419,4.7,1,1,2,1,0,0,1,0,0.21,0.21,0.43,0.21,0.43
Rk,Player,Nation,Pos,Squad,Comp,Age,Born,MP,Starts,Min,90s,Gls,Ast,G+A,G-PK,PK,PKatt,CrdY,CrdR,Gls,Ast,G+A,G-PK,G+A-PK
2426,Giuliano Simeone,ar ARG,MF,Atlético Madrid,es La Liga,21,2002,33,26,"1,926",21.4,2,6,8,2,0,0,4,0,0.09,0.28,0.37,0.09,0.37
2427,Moses Simon,ng NGA,"FW,MF",Nantes,fr Ligue 1,29,1995,32,31,"2,609",29,8,10,18,4,4,4,2,0,0.28,0.34,0.62,0.14,0.48
2428,Unai Simón,es ESP,GK,Athletic Club,es La Liga,27,1997,21,21,"1,890",21,0,0,0,0,0,0,0,0,0,0,0,0,0
2429,Xavi Simons,nl NED,MF,RB Leipzig,de Bundesliga,21,2003,25,25,"2,150",23.9,10,6,16,10,0,0,5,0,0.42,0.25,0.67,0.42,0.67
2430,Jahmai Simpson-Pusey,eng ENG,DF,Manchester City,eng Premier League,18,2005,2,1,96,1.1,0,0,0,0,0,0,1,0,0,0,0,0,0
2431,Danel Sinani,lu LUX,"FW,MF",St Pauli,de Bundesliga,27,1997,26,14,"1,250",13.9,2,2,4,2,0,0,3,0,0.14,0.14,0.29,0.14,0.29
2432,Lassine Sinayoko,ml MLI,"FW,MF",Auxerre,fr Ligue 1,24,1999,34,25,"2,299",25.5,5,8,13,4,1,1,5,0,0.2,0.31,0.51,0.16,0.47
2433,Wilfried Singo,ci CIV,DF,Monaco,fr Ligue 1,23,2000,27,23,"2,096",23.3,1,2,3,1,0,0,4,0,0.04,0.09,0.13,0.04,0.13
2434,Luis Sinisterra,co COL,MF,Bournemouth,eng Premier League,25,1999,12,1,236,2.6,1,1,2,1,0,0,0,0,0.38,0.38,0.76,0.38,0.76
2435,Daley Sinkgraven,nl NED,DF,Las Palmas,es La Liga,29,1995,2,1,91,1,0,0,0,0,0,0,0,0,0,0,0,0,0
2436,Tobias Sippel,de GER,GK,Gladbach,de Bundesliga,36,1988,1,0,59,0.7,0,0,0,0,0,0,0,0,0,0,0,0,0
2437,Jailson Siqueira,br BRA,DF,Celta Vigo,es La Liga,28,1995,13,6,614,6.8,0,0,0,0,0,0,2,0,0,0,0,0,0
2438,Ayanda Sishuba,be BEL,MF,Rennes,fr Ligue 1,19,2005,1,0,3,0,0,0,0,0,0,0,0,0,0,0,0,0,0
2439,Ibrahim Sissoko,ml MLI,FW,Saint-Étienne,fr Ligue 1,28,1995,20,8,819,9.1,3,1,4,2,1,1,1,0,0.33,0.11,0.44,0.22,0.33
2440,Ibrahima Sissoko,ml MLI,MF,Bochum,de Bundesliga,26,1997,32,30,"2,610",29,2,1,3,2,0,0,11,1,0.07,0.03,0.1,0.07,0.1
2441,Niama Sissoko,ml MLI,FW,Reims,fr Ligue 1,18,2005,4,0,47,0.5,0,0,0,0,0,0,0,0,0,0,0,0,0
2442,Antonio Sivera,es ESP,GK,Alavés,es La Liga,27,1996,32,32,"2,810",31.2,0,0,0,0,0,0,6,1,0,0,0,0,0
2443,Tim Skarke,de GER,"FW,MF",Union Berlin,de Bundesliga,27,1996,33,11,"1,164",12.9,0,2,2,0,0,0,1,0,0,0.15,0.15,0,0.15
2444,Ellyes Skhiri,tn TUN,MF,Eintracht Frankfurt,de Bundesliga,29,1995,30,26,"2,231",24.8,1,2,3,1,0,0,6,0,0.04,0.08,0.12,0.04,0.12
2445,Oliver Skipp,eng ENG,MF,Leicester City,eng Premier League,23,2000,24,10,"1,129",12.5,0,0,0,0,0,0,8,0,0,0,0,0,0
2446,Leo Skiri Østigård,no NOR,DF,Rennes,fr Ligue 1,24,1999,16,14,"1,227",13.6,1,0,1,1,0,0,4,0,0.07,0,0.07,0.07,0.07
2447,Leo Skiri Østigård,no NOR,DF,Hoffenheim,de Bundesliga,24,1999,11,11,927,10.3,0,0,0,0,0,0,0,1,0,0,0,0,0
2448,Łukasz Skorupski,pl POL,GK,Bologna,it Serie A,33,1991,27,27,"2,364",26.3,0,0,0,0,0,0,1,0,0,0,0,0,0
2449,Andreas Skov Olsen,dk DEN,"MF,FW",Wolfsburg,de Bundesliga,24,1999,12,4,535,5.9,1,1,2,1,0,0,0,0,0.17,0.17,0.34,0.17,0.34
2450,Robert Skov,dk DEN,"MF,DF",Union Berlin,de Bundesliga,28,1996,15,11,852,9.5,2,2,4,1,1,1,1,0,0.21,0.21,0.42,0.11,0.32
Rk,Player,Nation,Pos,Squad,Comp,Age,Born,MP,Starts,Min,90s,Gls,Ast,G+A,G-PK,PK,PKatt,CrdY,CrdR,Gls,Ast,G+A,G-PK,G+A-PK
2451,Milan Škriniar,sk SVK,DF,Paris Saint-Germain,fr Ligue 1,29,1995,5,4,382,4.2,0,0,0,0,0,0,1,0,0,0,0,0,0
2452,Steven Skrzybski,de GER,"FW,MF",Holstein Kiel,de Bundesliga,31,1992,24,15,"1,323",14.7,6,3,9,5,1,1,0,0,0.41,0.2,0.61,0.34,0.54
2453,Naatan Skyttä,fi FIN,MF,Toulouse,fr Ligue 1,22,2002,1,0,5,0.1,0,0,0,0,0,0,0,0,0,0,0,0,0
2454,William Smallbone,ie IRL,MF,Southampton,eng Premier League,24,2000,18,6,690,7.7,1,0,1,1,0,0,1,0,0.13,0,0.13,0.13,0.13
2455,Adam Smith,eng ENG,DF,Bournemouth,eng Premier League,33,1991,25,19,"1,590",17.7,0,0,0,0,0,0,7,0,0,0,0,0,0
2456,Eric Smith,se SWE,"DF,MF",St Pauli,de Bundesliga,27,1997,32,32,"2,827",31.4,1,1,2,1,0,0,7,0,0.03,0.03,0.06,0.03,0.06
2457,Justin Smith,ca CAN,MF,Espanyol,es La Liga,21,2003,5,3,209,2.3,0,0,0,0,0,0,0,0,0,0,0,0,0
2458,Emile Smith Rowe,eng ENG,MF,Fulham,eng Premier League,24,2000,34,25,"2,043",22.7,6,3,9,6,0,0,3,0,0.26,0.13,0.4,0.26,0.4
2459,Ivan Smolčić,hr CRO,DF,Como,it Serie A,23,2000,9,7,630,7,0,0,0,0,0,0,2,0,0,0,0,0,0
2460,Eduard Sobol,ua UKR,"DF,MF",Strasbourg,fr Ligue 1,29,1995,10,0,95,1.1,0,0,0,0,0,0,2,0,0,0,0,0,0
2461,Simon Sohm,ch SUI,MF,Parma,it Serie A,23,2001,37,36,"2,989",33.2,4,0,4,4,0,0,6,0,0.12,0,0.12,0.12,0.12
2462,Alex Sola,es ESP,MF,Getafe,es La Liga,25,1999,19,13,"1,029",11.4,0,1,1,0,0,0,4,0,0,0.09,0.09,0,0.09
2463,Arnau Solà,es ESP,DF,Villarreal,es La Liga,21,2003,1,0,13,0.1,0,0,0,0,0,0,0,0,0,0,0,0,0
2464,Dominic Solanke,eng ENG,FW,Tottenham Hotspur,eng Premier League,26,1997,27,25,"2,201",24.5,9,3,12,8,1,1,0,0,0.37,0.12,0.49,0.33,0.45
2465,Ola Solbakken,no NOR,"MF,FW",Empoli,it Serie A,25,1998,21,8,760,8.4,0,0,0,0,0,0,2,0,0,0,0,0,0
2466,Carlos Soler,es ESP,MF,West Ham United,eng Premier League,27,1997,31,14,"1,409",15.7,1,1,2,1,0,0,6,0,0.06,0.06,0.13,0.06,0.13
2467,Julio Soler,ar ARG,DF,Bournemouth,eng Premier League,19,2005,3,0,11,0.1,0,0,0,0,0,0,0,0,0,0,0,0,0
2468,Oumar Solet,fr FRA,DF,Udinese,it Serie A,24,2000,19,19,"1,672",18.6,1,2,3,1,0,0,3,1,0.05,0.11,0.16,0.05,0.16
2469,Jhon Solis,co COL,MF,Girona,es La Liga,19,2004,19,3,535,5.9,1,0,1,1,0,0,3,0,0.17,0,0.17,0.17,0.17
2470,Daniele Sommariva,it ITA,GK,Genoa,it Serie A,27,1997,1,0,28,0.3,0,0,0,0,0,0,0,0,0,0,0,0,0
2471,Yann Sommer,ch SUI,GK,Inter,it Serie A,35,1988,33,33,"2,970",33,0,0,0,0,0,0,0,0,0,0,0,0,0
2472,David Soria,es ESP,GK,Getafe,es La Liga,31,1993,38,38,"3,420",38,0,0,0,0,0,0,2,0,0,0,0,0,0
2473,Juan Soriano,es ESP,GK,Leganés,es La Liga,26,1997,6,6,540,6,0,0,0,0,0,0,1,1,0,0,0,0,0
2474,Borna Sosa,hr CRO,"MF,DF",Torino,it Serie A,26,1998,19,14,"1,181",13.1,0,0,0,0,0,0,0,0,0,0,0,0,0
2475,Ramón Sosa,py PAR,MF,Nottingham Forest,eng Premier League,24,1999,19,1,295,3.3,1,0,1,1,0,0,1,0,0.31,0,0.31,0.31,0.31
Rk,Player,Nation,Pos,Squad,Comp,Age,Born,MP,Starts,Min,90s,Gls,Ast,G+A,G-PK,PK,PKatt,CrdY,CrdR,Gls,Ast,G+A,G-PK,G+A-PK
2476,Hugo Sotelo,es ESP,MF,Celta Vigo,es La Liga,20,2003,24,15,"1,254",13.9,0,0,0,0,0,0,5,0,0,0,0,0,0
2477,Florian Sotoca,fr FRA,"FW,MF",Lens,fr Ligue 1,33,1990,31,22,"1,794",19.9,1,1,2,1,0,0,2,1,0.05,0.05,0.1,0.05,0.1
2478,Riccardo Sottil,it ITA,MF,Fiorentina,it Serie A,25,1999,18,8,833,9.3,1,1,2,1,0,0,1,0,0.11,0.11,0.22,0.11,0.22
2479,Riccardo Sottil,it ITA,MF,Milan,it Serie A,25,1999,6,1,123,1.4,0,0,0,0,0,0,0,0,0,0,0,0,0
2480,Tomáš Souček,cz CZE,MF,West Ham United,eng Premier League,29,1995,35,30,"2,567",28.5,9,1,10,9,0,0,8,0,0.32,0.04,0.35,0.32,0.35
2481,Matìas Soulé,ar ARG,MF,Roma,it Serie A,21,2003,27,22,"1,781",19.8,5,5,10,5,0,0,3,0,0.25,0.25,0.51,0.25,0.51
2482,Boubakary Soumaré,fr FRA,MF,Leicester City,eng Premier League,25,1999,31,25,"2,171",24.1,0,0,0,0,0,0,8,0,0,0,0,0,0
2483,Issa Soumaré,sn SEN,"MF,FW",Le Havre,fr Ligue 1,23,2000,29,21,"1,902",21.1,5,4,9,5,0,0,0,0,0.24,0.19,0.43,0.24,0.43
2484,Djibril Sow,ch SUI,MF,Sevilla,es La Liga,27,1997,30,24,"2,062",22.9,2,1,3,2,0,0,5,0,0.09,0.04,0.13,0.09,0.13
2485,Saidou Sow,gn GUI,DF,Strasbourg,fr Ligue 1,22,2002,12,11,"1,018",11.3,0,1,1,0,0,0,2,0,0,0.09,0.09,0,0.09
2486,Saidou Sow,gn GUI,DF,Nantes,fr Ligue 1,22,2002,9,9,799,8.9,1,0,1,1,0,0,1,0,0.11,0,0.11,0.11,0.11
2487,Djed Spence,eng ENG,DF,Tottenham Hotspur,eng Premier League,23,2000,25,19,"1,792",19.9,1,2,3,1,0,0,4,1,0.05,0.1,0.15,0.05,0.15
2488,Leonardo Spinazzola,it ITA,"DF,MF",Napoli,it Serie A,31,1993,27,17,"1,517",16.9,1,1,2,1,0,0,1,0,0.06,0.06,0.12,0.06,0.12
2489,Marco Sportiello,it ITA,GK,Milan,it Serie A,32,1992,2,1,126,1.4,0,0,0,0,0,0,0,0,0,0,0,0,0
2490,Anton Stach,de GER,"MF,DF",Hoffenheim,de Bundesliga,25,1998,30,29,"2,585",28.7,1,2,3,1,0,0,8,0,0.03,0.07,0.1,0.03,0.1
2491,Jens Stage,dk DEN,MF,Werder Bremen,de Bundesliga,27,1996,28,26,"2,204",24.5,10,5,15,10,0,0,10,0,0.41,0.2,0.61,0.41,0.61
2492,Josip Stanišić,hr CRO,DF,Bayern Munich,de Bundesliga,24,2000,14,9,876,9.7,0,2,2,0,0,0,0,0,0,0.21,0.21,0,0.21
2493,Filip Stankovic,rs SRB,GK,Venezia,it Serie A,22,2002,16,16,"1,367",15.2,0,0,0,0,0,0,1,0,0,0,0,0,0
2494,Jay Stansfield,eng ENG,"FW,MF",Fulham,eng Premier League,21,2002,1,0,1,0,0,0,0,0,0,0,0,0,0,0,0,0,0
2495,Carl Starfelt,se SWE,DF,Celta Vigo,es La Liga,29,1995,28,26,"2,270",25.2,1,0,1,1,0,0,5,0,0.04,0,0.04,0.04,0.04
2496,Niklas Stark,de GER,DF,Werder Bremen,de Bundesliga,29,1995,26,25,"2,106",23.4,0,1,1,0,0,0,6,1,0,0.04,0.04,0,0.04
2497,Lucas Stassin,be BEL,FW,Saint-Étienne,fr Ligue 1,19,2004,28,23,"1,887",21,12,4,16,12,0,0,4,0,0.57,0.19,0.76,0.57,0.76
2498,Jason Steele,eng ENG,GK,Brighton,eng Premier League,33,1990,2,2,180,2,0,0,0,0,0,0,0,0,0,0,0,0,0
2499,Orri Steinn Óskarsson,is ISL,FW,Real Sociedad,es La Liga,19,2004,23,9,944,10.5,3,0,3,3,0,0,1,0,0.29,0,0.29,0.29,0.29
2500,Pascal Stenzel,de GER,DF,Stuttgart,de Bundesliga,28,1996,10,4,290,3.2,0,0,0,0,0,0,0,0,0,0,0,0,0
Rk,Player,Nation,Pos,Squad,Comp,Age,Born,MP,Starts,Min,90s,Gls,Ast,G+A,G-PK,PK,PKatt,CrdY,CrdR,Gls,Ast,G+A,G-PK,G+A-PK
2501,Jack Stephens,eng ENG,DF,Southampton,eng Premier League,30,1994,19,17,"1,389",15.4,1,0,1,1,0,0,2,2,0.06,0,0.06,0.06,0.06
2502,Leonidas Stergiou,ch SUI,DF,Stuttgart,de Bundesliga,22,2002,12,11,852,9.5,1,2,3,1,0,0,0,1,0.11,0.21,0.32,0.11,0.32
2503,Raheem Sterling,eng ENG,"FW,MF",Arsenal,eng Premier League,29,1994,17,7,499,5.5,0,2,2,0,0,0,1,0,0,0.36,0.36,0,0.36
2504,Enzo Sternal,fr FRA,FW,Marseille,fr Ligue 1,17,2007,2,0,24,0.3,0,0,0,0,0,0,1,0,0,0,0,0,0
2505,Finley Stevens,wls WAL,DF,St Pauli,de Bundesliga,21,2003,1,0,1,0,0,0,0,0,0,0,0,0,0,0,0,0,0
2506,Ross Stewart,sct SCO,FW,Southampton,eng Premier League,28,1996,12,4,389,4.3,1,0,1,1,0,0,1,0,0.23,0,0.23,0.23,0.23
2507,Angelo Stiller,de GER,MF,Stuttgart,de Bundesliga,23,2001,32,31,"2,741",30.5,1,8,9,1,0,0,6,0,0.03,0.26,0.3,0.03,0.3
2508,Kevin Stöger,at AUT,MF,Gladbach,de Bundesliga,30,1993,31,16,"1,551",17.2,3,3,6,1,2,2,3,0,0.17,0.17,0.35,0.06,0.23
2509,Stoichkov,es ESP,"MF,FW",Alavés,es La Liga,30,1993,16,6,699,7.8,0,1,1,0,0,0,1,0,0,0.13,0.13,0,0.13
2510,Petar Stojanović,si SVN,"DF,MF",Empoli,it Serie A,28,1995,1,0,3,0,0,0,0,0,0,0,0,0,0,0,0,0,0
2511,Jakub Stolarczyk,pl POL,GK,Leicester City,eng Premier League,23,2000,10,10,900,10,0,0,0,0,0,0,1,0,0,0,0,0,0
2512,John Stones,eng ENG,DF,Manchester City,eng Premier League,30,1994,11,6,548,6.1,2,0,2,2,0,0,1,0,0.33,0,0.33,0.33,0.33
2513,Jørgen Strand Larsen,no NOR,FW,Wolves,eng Premier League,24,2000,35,30,"2,587",28.7,14,4,18,14,0,0,4,0,0.49,0.14,0.63,0.49,0.63
2514,Gabriel Strefezza,br BRA,"MF,FW",Como,it Serie A,27,1997,37,32,"2,619",29.1,6,4,10,6,0,0,5,0,0.21,0.14,0.34,0.21,0.34
2515,Cristhian Stuani,uy URU,FW,Girona,es La Liga,37,1986,32,6,"1,078",12,11,2,13,8,3,3,4,0,0.92,0.17,1.09,0.67,0.83
2516,Álex Suárez,es ESP,DF,Las Palmas,es La Liga,31,1993,30,30,"2,460",27.3,0,0,0,0,0,0,12,0,0,0,0,0,0
2517,Denis Suárez,es ESP,MF,Villarreal,es La Liga,30,1994,21,7,608,6.8,1,1,2,1,0,0,0,0,0.15,0.15,0.3,0.15,0.3
2518,Gabriel Suazo,cl CHI,"MF,DF",Toulouse,fr Ligue 1,26,1997,30,23,"2,163",24,0,6,6,0,0,0,0,0,0,0.25,0.25,0,0.25
2519,Luka Sučić,hr CRO,MF,Real Sociedad,es La Liga,21,2002,29,21,"1,792",19.9,1,1,2,1,0,0,4,0,0.05,0.05,0.1,0.05,0.1
2520,Yukinari Sugawara,jp JPN,"MF,DF",Southampton,eng Premier League,24,2000,30,16,"1,557",17.3,1,1,2,1,0,0,4,0,0.06,0.06,0.12,0.06,0.12
2521,Niklas Süle,de GER,DF,Dortmund,de Bundesliga,28,1995,15,12,"1,053",11.7,0,0,0,0,0,0,1,0,0,0,0,0,0
2522,Ibrahim Sulemana,gh GHA,MF,Atalanta,it Serie A,21,2003,9,3,283,3.1,2,0,2,2,0,0,1,0,0.64,0,0.64,0.64,0.64
2523,Kamaldeen Sulemana,gh GHA,"FW,MF",Southampton,eng Premier League,22,2002,26,17,"1,402",15.6,1,1,2,1,0,0,2,0,0.06,0.06,0.13,0.06,0.13
2524,Crysencio Summerville,nl NED,"MF,FW",West Ham United,eng Premier League,22,2001,19,7,786,8.7,1,1,2,1,0,0,2,0,0.11,0.11,0.23,0.11,0.23
2525,Tomáš Suslov,sk SVK,"MF,FW",Hellas Verona,it Serie A,22,2002,31,27,"2,080",23.1,0,1,1,0,0,0,7,1,0,0.04,0.04,0,0.04
Rk,Player,Nation,Pos,Squad,Comp,Age,Born,MP,Starts,Min,90s,Gls,Ast,G+A,G-PK,PK,PKatt,CrdY,CrdR,Gls,Ast,G+A,G-PK,G+A-PK
2526,Suso,es ESP,"MF,FW",Sevilla,es La Liga,30,1993,16,4,606,6.7,0,2,2,0,0,0,3,0,0,0.3,0.3,0,0.3
2527,Zion Suzuki,jp JPN,GK,Parma,it Serie A,21,2002,37,37,"3,314",36.8,0,0,0,0,0,0,2,1,0,0,0,0,0
2528,Mattias Svanberg,se SWE,MF,Wolfsburg,de Bundesliga,25,1999,20,14,"1,219",13.5,3,1,4,3,0,0,4,0,0.22,0.07,0.3,0.22,0.3
2529,Daniel Svensson,se SWE,"MF,DF",Dortmund,de Bundesliga,22,2002,12,8,781,8.7,1,3,4,1,0,0,0,0,0.12,0.35,0.46,0.12,0.46
2530,Marin Šverko,hr CRO,DF,Venezia,it Serie A,26,1998,16,12,"1,117",12.4,1,0,1,1,0,0,3,0,0.08,0,0.08,0.08,0.08
2531,Mile Svilar,rs SRB,GK,Roma,it Serie A,24,1999,38,38,"3,420",38,0,0,0,0,0,0,1,0,0,0,0,0,0
2532,Michael Svoboda,at AUT,DF,Venezia,it Serie A,25,1998,16,15,"1,314",14.6,1,0,1,1,0,0,1,0,0.07,0,0.07,0.07,0.07
2533,Williot Swedberg,se SWE,"FW,MF",Celta Vigo,es La Liga,20,2004,32,15,"1,348",15,4,5,9,4,0,0,1,0,0.27,0.33,0.6,0.27,0.6
2534,Abakar Sylla,ci CIV,DF,Strasbourg,fr Ligue 1,21,2002,21,10,950,10.6,1,0,1,1,0,0,2,1,0.09,0,0.09,0.09,0.09
2535,Issiaga Sylla,gn GUI,"DF,MF",Montpellier,fr Ligue 1,30,1994,19,15,"1,156",12.8,1,0,1,1,0,0,2,0,0.08,0,0.08,0.08,0.08
2536,Mamadou Sylla,sn SEN,"FW,MF",Valladolid,es La Liga,30,1994,29,17,"1,583",17.6,5,1,6,1,4,4,5,0,0.28,0.06,0.34,0.06,0.11
2537,Wojciech Szczęsny,pl POL,GK,Barcelona,es La Liga,34,1990,15,15,"1,350",15,0,0,0,0,0,0,0,0,0,0,0,0,0
2538,Sammie Szmodics,ie IRL,MF,Ipswich Town,eng Premier League,28,1995,20,13,992,11,4,0,4,4,0,0,2,0,0.36,0,0.36,0.36,0.36
2539,Dominik Szoboszlai,hu HUN,MF,Liverpool,eng Premier League,23,2000,36,29,"2,491",27.7,6,6,12,6,0,0,6,0,0.22,0.22,0.43,0.22,0.43
2540,Alexander Sørloth,no NOR,FW,Atlético Madrid,es La Liga,28,1995,35,15,"1,566",17.4,20,2,22,19,1,1,4,0,1.15,0.11,1.26,1.09,1.21
2541,Musa Al-Taamari,jo JOR,"MF,FW",Montpellier,fr Ligue 1,27,1997,15,12,"1,116",12.4,2,1,3,2,0,0,3,0,0.16,0.08,0.24,0.16,0.24
2542,Musa Al-Taamari,jo JOR,"FW,MF",Rennes,fr Ligue 1,27,1997,11,7,567,6.3,1,0,1,1,0,0,1,0,0.16,0,0.16,0.16,0.16
2543,Haris Tabakovic,ba BIH,FW,Hoffenheim,de Bundesliga,30,1994,22,6,821,9.1,3,1,4,3,0,0,0,0,0.33,0.11,0.44,0.33,0.44
2544,Nicolás Tagliafico,ar ARG,DF,Lyon,fr Ligue 1,31,1992,24,22,"1,902",21.1,3,1,4,3,0,0,7,0,0.14,0.05,0.19,0.14,0.19
2545,Jonathan Tah,de GER,DF,Leverkusen,de Bundesliga,28,1996,33,33,"2,970",33,3,0,3,3,0,0,3,0,0.09,0,0.09,0.09,0.09
2546,Adrien Tameze,cm CMR,"MF,DF",Torino,it Serie A,30,1994,20,9,649,7.2,0,0,0,0,0,0,3,0,0,0,0,0,0
2547,Axel Tapé,fr FRA,DF,Paris Saint-Germain,fr Ligue 1,16,2007,2,2,180,2,0,0,0,0,0,0,1,0,0,0,0,0,0
2548,Renato Tapia,pe PER,"MF,DF",Leganés,es La Liga,29,1995,34,28,"2,424",26.9,1,0,1,1,0,0,8,0,0.04,0,0.04,0.04,0.04
2549,Edmond Tapsoba,bf BFA,DF,Leverkusen,de Bundesliga,25,1999,29,29,"2,507",27.9,0,0,0,0,0,0,4,0,0,0,0,0,0
2550,Florian Tardieu,fr FRA,MF,Saint-Étienne,fr Ligue 1,32,1992,24,13,"1,252",13.9,2,4,6,2,0,0,0,0,0.14,0.29,0.43,0.14,0.43
Rk,Player,Nation,Pos,Squad,Comp,Age,Born,MP,Starts,Min,90s,Gls,Ast,G+A,G-PK,PK,PKatt,CrdY,CrdR,Gls,Ast,G+A,G-PK,G+A-PK
2551,Mehdi Taremi,ir IRN,FW,Inter,it Serie A,32,1992,26,7,816,9.1,1,2,3,0,1,1,1,0,0.11,0.22,0.33,0,0.22
2552,Matt Targett,eng ENG,"DF,MF",Newcastle United,eng Premier League,28,1995,2,0,21,0.2,0,0,0,0,0,0,0,0,0,0,0,0,0
2553,Oussama Targhalline,ma MAR,MF,Le Havre,fr Ligue 1,22,2002,14,12,990,11,0,0,0,0,0,0,0,0,0,0,0,0,0
2554,James Tarkowski,eng ENG,DF,Everton,eng Premier League,31,1992,33,33,"2,922",32.5,1,1,2,1,0,0,6,0,0.03,0.03,0.06,0.03,0.06
2555,César Tárrega,es ESP,DF,Valencia,es La Liga,22,2002,34,34,"3,026",33.6,2,0,2,2,0,0,7,0,0.06,0,0.06,0.06,0.06
2556,Nuno Tavares,pt POR,DF,Lazio,it Serie A,24,2000,23,22,"1,686",18.7,0,8,8,0,0,0,4,1,0,0.43,0.43,0,0.43
2557,Marcus Tavernier,eng ENG,MF,Bournemouth,eng Premier League,25,1999,29,20,"1,939",21.5,3,5,8,3,0,0,6,0,0.14,0.23,0.37,0.14,0.37
2558,Charlie Taylor,eng ENG,DF,Southampton,eng Premier League,30,1993,8,3,356,4,0,0,0,0,0,0,1,0,0,0,0,0,0
2559,Jack Taylor,ie IRL,MF,Ipswich Town,eng Premier League,26,1998,32,4,860,9.6,1,0,1,1,0,0,4,0,0.1,0,0.1,0.1,0.1
2560,Loum Tchaouna,fr FRA,"MF,FW",Lazio,it Serie A,20,2003,24,6,660,7.3,1,0,1,1,0,0,4,1,0.14,0,0.14,0.14,0.14
2561,Jackson Tchatchoua,cm CMR,"MF,DF",Hellas Verona,it Serie A,22,2001,36,36,"3,167",35.2,2,3,5,2,0,0,7,1,0.06,0.09,0.14,0.06,0.14
2562,Enzo Tchato,cm CMR,"DF,MF",Montpellier,fr Ligue 1,21,2002,27,21,"1,899",21.1,0,0,0,0,0,0,3,0,0,0,0,0,0
2563,Aurélien Tchouaméni,fr FRA,"DF,MF",Real Madrid,es La Liga,24,2000,32,31,"2,689",29.9,0,0,0,0,0,0,5,0,0,0,0,0,0
2564,Álvaro Tejero,es ESP,"MF,DF",Espanyol,es La Liga,28,1996,28,13,"1,238",13.8,1,4,5,1,0,0,2,0,0.07,0.29,0.36,0.07,0.36
2565,Martín Tejón,es ESP,MF,Valencia,es La Liga,20,2004,4,0,49,0.5,0,0,0,0,0,0,0,0,0,0,0,0,0
2566,Mathys Tel,fr FRA,FW,Tottenham Hotspur,eng Premier League,19,2005,13,11,911,10.1,2,1,3,1,1,1,2,0,0.2,0.1,0.3,0.1,0.2
2567,Mathys Tel,fr FRA,MF,Bayern Munich,de Bundesliga,19,2005,8,2,256,2.8,0,1,1,0,0,0,0,0,0,0.35,0.35,0,0.35
2568,Nathan Tella,ng NGA,"MF,FW",Leverkusen,de Bundesliga,25,1999,27,17,"1,359",15.1,2,4,6,2,0,0,1,0,0.13,0.26,0.4,0.13,0.4
2569,Nahuel Tenaglia,ar ARG,DF,Alavés,es La Liga,28,1996,34,33,"2,922",32.5,2,1,3,2,0,0,11,0,0.06,0.03,0.09,0.06,0.09
2570,Arnau Tenas,es ESP,GK,Paris Saint-Germain,fr Ligue 1,23,2001,1,1,90,1,0,1,1,0,0,0,0,0,0,1,1,0,1
2571,Casper Tengstedt,dk DEN,FW,Hellas Verona,it Serie A,24,2000,25,20,"1,517",16.9,6,1,7,5,1,1,2,0,0.36,0.06,0.42,0.3,0.36
2572,Marc-André ter Stegen,de GER,GK,Barcelona,es La Liga,32,1992,8,8,674,7.5,0,0,0,0,0,0,0,0,0,0,0,0,0
2573,Filippo Terracciano,it ITA,"DF,MF",Milan,it Serie A,21,2003,13,6,539,6,0,0,0,0,0,0,3,0,0,0,0,0,0
2574,Pietro Terracciano,it ITA,GK,Fiorentina,it Serie A,34,1990,3,3,270,3,0,0,0,0,0,0,0,0,0,0,0,0,0
2575,Ramón Terrats,es ESP,FW,Villarreal,es La Liga,23,2000,11,1,131,1.5,0,0,0,0,0,0,1,0,0,0,0,0,0
Rk,Player,Nation,Pos,Squad,Comp,Age,Born,MP,Starts,Min,90s,Gls,Ast,G+A,G-PK,PK,PKatt,CrdY,CrdR,Gls,Ast,G+A,G-PK,G+A-PK
2576,Ramón Terrats,es ESP,"MF,FW",Getafe,es La Liga,23,2000,15,15,"1,219",13.5,4,1,5,4,0,0,1,0,0.3,0.07,0.37,0.3,0.37
2577,Martin Terrier,fr FRA,"MF,FW",Leverkusen,de Bundesliga,27,1997,15,7,584,6.5,2,1,3,2,0,0,1,0,0.31,0.15,0.46,0.31,0.46
2578,Tanner Tessmann,us USA,MF,Lyon,fr Ligue 1,22,2001,25,13,"1,234",13.7,1,0,1,1,0,0,3,0,0.07,0,0.07,0.07,0.07
2579,Kenny Tete,nl NED,DF,Fulham,eng Premier League,28,1995,22,21,"1,774",19.7,0,2,2,0,0,0,5,0,0,0.1,0.1,0,0.1
2580,Teddy Teuma,mt MLT,MF,Reims,fr Ligue 1,30,1993,17,9,750,8.3,1,0,1,0,1,1,1,0,0.12,0,0.12,0,0
2581,Jordan Teze,nl NED,"DF,MF",Monaco,fr Ligue 1,24,1999,16,8,569,6.3,1,0,1,1,0,0,2,1,0.16,0,0.16,0.16,0.16
2582,Florian Thauvin,fr FRA,"FW,MF",Udinese,it Serie A,31,1993,25,24,"1,956",21.7,8,3,11,7,1,3,0,0,0.37,0.14,0.51,0.32,0.46
2583,Arthur Theate,be BEL,DF,Eintracht Frankfurt,de Bundesliga,24,2000,31,31,"2,704",30,0,0,0,0,0,0,6,1,0,0,0,0,0
2584,Norman Theuerkauf,de GER,"DF,MF",Heidenheim,de Bundesliga,37,1987,1,0,22,0.2,0,0,0,0,0,0,0,0,0,0,0,0,0
2585,Thiago,br BRA,FW,Brentford,eng Premier League,23,2001,8,1,175,1.9,0,0,0,0,0,0,0,0,0,0,0,0,0
2586,Malick Thiaw,de GER,DF,Milan,it Serie A,22,2001,22,19,"1,806",20.1,0,0,0,0,0,0,2,0,0,0,0,0,0
2587,Denis Thomalla,de GER,"FW,MF",Heidenheim,de Bundesliga,31,1992,1,0,4,0,0,0,0,0,0,0,0,0,0,0,0,0,0
2588,Luke Thomas,eng ENG,DF,Leicester City,eng Premier League,23,2001,14,13,"1,110",12.3,0,0,0,0,0,0,3,0,0,0,0,0,0
2589,Sorba Thomas,wls WAL,"MF,DF",Nantes,fr Ligue 1,24,1999,25,15,"1,321",14.7,1,3,4,1,0,0,3,0,0.07,0.2,0.27,0.07,0.27
2590,Adrien Thomasson,fr FRA,MF,Lens,fr Ligue 1,30,1993,33,31,"2,615",29.1,3,7,10,3,0,0,7,0,0.1,0.24,0.34,0.1,0.34
2591,Morten Thorsby,no NOR,MF,Genoa,it Serie A,28,1996,30,22,"1,898",21.1,0,1,1,0,0,0,6,0,0,0.05,0.05,0,0.05
2592,Khéphren Thuram,fr FRA,MF,Juventus,it Serie A,23,2001,35,26,"2,326",25.8,4,5,9,4,0,0,5,0,0.15,0.19,0.35,0.15,0.35
2593,Marcus Thuram,fr FRA,FW,Inter,it Serie A,26,1997,32,27,"2,290",25.4,14,4,18,14,0,0,1,0,0.55,0.16,0.71,0.55,0.71
2594,Youri Tielemans,be BEL,MF,Aston Villa,eng Premier League,27,1997,36,35,"3,026",33.6,3,7,10,3,0,1,4,0,0.09,0.21,0.3,0.09,0.3
2595,Kieran Tierney,sct SCO,DF,Arsenal,eng Premier League,27,1997,13,2,259,2.9,1,0,1,1,0,0,0,0,0.35,0,0.35,0.35,0.35
2596,Phillip Tietz,de GER,FW,Augsburg,de Bundesliga,27,1997,34,19,"1,686",18.7,7,2,9,6,1,1,4,0,0.37,0.11,0.48,0.32,0.43
2597,Jurriën Timber,nl NED,DF,Arsenal,eng Premier League,23,2001,30,27,"2,417",26.9,1,3,4,1,0,0,7,0,0.04,0.11,0.15,0.04,0.15
2598,Jean-Clair Todibo,fr FRA,DF,West Ham United,eng Premier League,24,1999,27,20,"1,825",20.3,0,0,0,0,0,0,3,0,0,0,0,0,0
2599,Harry Toffolo,eng ENG,DF,Nottingham Forest,eng Premier League,28,1995,4,1,137,1.5,0,0,0,0,0,0,1,0,0,0,0,0,0
2600,Umut Tohumcu,de GER,MF,Hoffenheim,de Bundesliga,19,2004,12,3,375,4.2,0,1,1,0,0,0,3,0,0,0.24,0.24,0,0.24
Rk,Player,Nation,Pos,Squad,Comp,Age,Born,MP,Starts,Min,90s,Gls,Ast,G+A,G-PK,PK,PKatt,CrdY,CrdR,Gls,Ast,G+A,G-PK,G+A-PK
2601,Corentin Tolisso,fr FRA,MF,Lyon,fr Ligue 1,29,1994,32,27,"2,329",25.9,7,4,11,7,0,0,4,0,0.27,0.15,0.43,0.27,0.43
2602,John Tolkin,us USA,"MF,DF",Holstein Kiel,de Bundesliga,22,2002,11,9,737,8.2,0,2,2,0,0,0,0,0,0,0.24,0.24,0,0.24
2603,Rafael Tolói,it ITA,DF,Atalanta,it Serie A,33,1990,11,2,468,5.2,0,0,0,0,0,0,1,0,0,0,0,0,0
2604,Raúl de Tomás,es ESP,FW,Rayo Vallecano,es La Liga,29,1994,2,0,22,0.2,0,0,0,0,0,0,0,0,0,0,0,0,0
2605,Tiago Tomás,pt POR,"MF,FW",Wolfsburg,de Bundesliga,22,2002,32,23,"1,884",20.9,6,1,7,6,0,0,7,0,0.29,0.05,0.33,0.29,0.33
2606,Takehiro Tomiyasu,jp JPN,DF,Arsenal,eng Premier League,25,1998,1,0,7,0.1,0,0,0,0,0,0,0,0,0,0,0,0,0
2607,Fikayo Tomori,eng ENG,DF,Milan,it Serie A,26,1997,22,19,"1,593",17.7,0,1,1,0,0,0,4,1,0,0.06,0.06,0,0.06
2608,Sandro Tonali,it ITA,MF,Newcastle United,eng Premier League,24,2000,36,28,"2,630",29.2,4,2,6,4,0,0,5,0,0.14,0.07,0.21,0.14,0.21
2609,Luka Topalović,si SVN,MF,Inter,it Serie A,18,2006,1,0,11,0.1,0,0,0,0,0,0,0,0,0,0,0,0,0
2610,Keke Topp,de GER,FW,Werder Bremen,de Bundesliga,20,2004,19,1,252,2.8,2,2,4,2,0,0,1,0,0.71,0.71,1.43,0.71,1.43
2611,Pablo Torre,es ESP,MF,Barcelona,es La Liga,21,2003,10,4,310,3.4,3,1,4,3,0,0,0,0,0.87,0.29,1.16,0.87,1.16
2612,David Torres,es ESP,DF,Valladolid,es La Liga,21,2003,18,15,"1,387",15.4,0,0,0,0,0,0,5,0,0,0,0,0,0
2613,Ferrán Torres,es ESP,"FW,MF",Barcelona,es La Liga,24,2000,27,12,"1,106",12.3,10,6,16,10,0,0,1,1,0.81,0.49,1.3,0.81,1.3
2614,Pau Torres,es ESP,DF,Aston Villa,eng Premier League,27,1997,24,23,"2,020",22.4,0,0,0,0,0,0,2,0,0,0,0,0,0
2615,Lucas Torró,es ESP,MF,Osasuna,es La Liga,30,1994,35,35,"2,957",32.9,3,0,3,3,0,0,10,0,0.09,0,0.09,0.09,0.09
2616,Lorenzo Tosto,it ITA,DF,Empoli,it Serie A,18,2006,1,0,1,0,0,0,0,0,0,0,0,0,0,0,0,0,0
2617,Abdoulaye Touré,gn GUI,MF,Le Havre,fr Ligue 1,30,1994,28,26,"2,324",25.8,10,1,11,2,8,9,5,0,0.39,0.04,0.43,0.08,0.12
2618,Bazoumana Touré,ci CIV,"MF,FW",Hoffenheim,de Bundesliga,18,2006,13,7,609,6.8,0,3,3,0,0,0,1,0,0,0.44,0.44,0,0.44
2619,Birama Touré,ml MLI,"MF,DF",Montpellier,fr Ligue 1,32,1992,8,2,300,3.3,0,0,0,0,0,0,2,0,0,0,0,0,0
2620,Ousmane Toure,fr FRA,DF,Lille,fr Ligue 1,19,2005,1,0,6,0.1,0,0,0,0,0,0,0,0,0,0,0,0,0
2621,Souleymane Touré,fr FRA,DF,Udinese,it Serie A,21,2003,12,11,733,8.1,1,0,1,1,0,0,2,2,0.12,0,0.12,0.12,0.12
2622,Lucas Tousart,fr FRA,MF,Union Berlin,de Bundesliga,27,1997,15,6,561,6.2,0,1,1,0,0,0,2,0,0,0.16,0.16,0,0.16
2623,Conor Townsend,eng ENG,DF,Ipswich Town,eng Premier League,31,1993,6,3,335,3.7,0,1,1,0,0,0,1,0,0,0.27,0.27,0,0.27
2624,Adama Traoré,es ESP,MF,Fulham,eng Premier League,28,1996,36,18,"1,772",19.7,2,7,9,2,0,0,3,0,0.1,0.36,0.46,0.1,0.46
2625,Boubacar Traoré,ml MLI,MF,Wolves,eng Premier League,22,2001,1,0,1,0,0,0,0,0,0,0,0,0,0,0,0,0,0
Rk,Player,Nation,Pos,Squad,Comp,Age,Born,MP,Starts,Min,90s,Gls,Ast,G+A,G-PK,PK,PKatt,CrdY,CrdR,Gls,Ast,G+A,G-PK,G+A-PK
2626,Hamari Traoré,ml MLI,DF,Real Sociedad,es La Liga,32,1992,11,9,700,7.8,0,1,1,0,0,0,2,0,0,0.13,0.13,0,0.13
2627,Omar Traoré,de GER,"DF,MF",Heidenheim,de Bundesliga,26,1998,30,30,"2,616",29.1,0,1,1,0,0,0,7,0,0,0.03,0.03,0,0.03
2628,Kevin Trapp,de GER,GK,Eintracht Frankfurt,de Bundesliga,34,1990,26,26,"2,295",25.5,0,0,0,0,0,0,0,0,0,0,0,0,0
2629,Mark Travers,ie IRL,GK,Bournemouth,eng Premier League,25,1999,5,5,450,5,0,0,0,0,0,0,0,0,0,0,0,0,0
2630,Óscar Trejo,ar ARG,MF,Rayo Vallecano,es La Liga,36,1988,19,6,496,5.5,1,0,1,1,0,0,1,0,0.18,0,0.18,0.18,0.18
2631,Philipp Treu,de GER,MF,St Pauli,de Bundesliga,23,2000,33,33,"2,881",32,0,2,2,0,0,0,2,0,0,0.06,0.06,0,0.06
2632,Ryan Trevitt,eng ENG,MF,Brentford,eng Premier League,21,2003,1,0,4,0,0,0,0,0,0,0,0,0,0,0,0,0,0
2633,Christopher Trimmel,at AUT,"MF,DF",Union Berlin,de Bundesliga,37,1987,26,20,"1,740",19.3,0,3,3,0,0,0,5,0,0,0.16,0.16,0,0.16
2634,Kieran Trippier,eng ENG,DF,Newcastle United,eng Premier League,33,1990,25,14,"1,309",14.5,0,3,3,0,0,0,1,0,0,0.21,0.21,0,0.21
2635,Leandro Trossard,be BEL,FW,Arsenal,eng Premier League,29,1994,38,28,"2,546",28.3,8,7,15,8,0,0,4,1,0.28,0.25,0.53,0.28,0.53
2636,Adrien Truffert,fr FRA,"MF,DF",Rennes,fr Ligue 1,22,2001,33,31,"2,752",30.6,2,2,4,2,0,0,3,0,0.07,0.07,0.13,0.07,0.13
2637,Kostas Tsimikas,gr GRE,DF,Liverpool,eng Premier League,28,1996,18,9,837,9.3,0,1,1,0,0,0,2,0,0,0.11,0.11,0,0.11
2638,Viktor Tsyhankov,ua UKR,"MF,FW",Girona,es La Liga,26,1997,27,23,"1,913",21.3,2,5,7,2,0,0,1,0,0.09,0.24,0.33,0.09,0.33
2639,Axel Tuanzebe,cd COD,DF,Ipswich Town,eng Premier League,26,1997,22,20,"1,710",19,0,1,1,0,0,0,5,1,0,0.05,0.05,0,0.05
2640,Stefano Turati,it ITA,GK,Monza,it Serie A,22,2001,30,30,"2,676",29.7,0,0,0,0,0,0,1,0,0,0,0,0,0
2641,Beñat Turrientes,es ESP,MF,Real Sociedad,es La Liga,22,2002,21,11,942,10.5,0,0,0,0,0,0,4,0,0,0,0,0,0
2642,Tuta,br BRA,"DF,MF",Eintracht Frankfurt,de Bundesliga,25,1999,30,26,"2,274",25.3,2,1,3,2,0,0,8,0,0.08,0.04,0.12,0.08,0.12
2643,Christantus Uche,ng NGA,"FW,MF",Getafe,es La Liga,21,2003,33,30,"2,486",27.6,4,6,10,4,0,0,8,2,0.14,0.22,0.36,0.14,0.36
2644,Destiny Udogie,it ITA,DF,Tottenham Hotspur,eng Premier League,21,2002,25,24,"1,924",21.4,0,1,1,0,0,0,2,0,0,0.05,0.05,0,0.05
2645,Manuel Ugarte,uy URU,MF,Manchester Utd,eng Premier League,23,2001,29,22,"1,785",19.8,1,2,3,1,0,0,11,0,0.05,0.1,0.15,0.05,0.15
2646,Lesley Ugochukwu,fr FRA,MF,Southampton,eng Premier League,20,2004,26,18,"1,655",18.4,1,1,2,1,0,0,7,0,0.05,0.05,0.11,0.05,0.11
2647,Lukas Ullrich,de GER,DF,Gladbach,de Bundesliga,20,2004,26,24,"1,903",21.1,1,2,3,1,0,0,4,0,0.05,0.09,0.14,0.05,0.14
2648,Sven Ulreich,de GER,GK,Bayern Munich,de Bundesliga,35,1988,1,1,90,1,0,0,0,0,0,0,0,0,0,0,0,0,0
2649,Enes Ünal,tr TUR,FW,Bournemouth,eng Premier League,27,1997,17,2,345,3.8,2,1,3,2,0,0,2,0,0.52,0.26,0.78,0.52,0.78
2650,Deniz Undav,de GER,"FW,MF",Stuttgart,de Bundesliga,28,1996,27,20,"1,726",19.2,9,3,12,9,0,0,4,0,0.47,0.16,0.63,0.47,0.63
Rk,Player,Nation,Pos,Squad,Comp,Age,Born,MP,Starts,Min,90s,Gls,Ast,G+A,G-PK,PK,PKatt,CrdY,CrdR,Gls,Ast,G+A,G-PK,G+A-PK
2651,Naci Ünüvar,nl NED,"FW,MF",Espanyol,es La Liga,21,2003,2,0,31,0.3,0,0,0,0,0,0,0,0,0,0,0,0,0
2652,Dayot Upamecano,fr FRA,DF,Bayern Munich,de Bundesliga,25,1998,20,20,"1,759",19.5,2,0,2,2,0,0,6,0,0.1,0,0.1,0.1,0.1
2653,Kacper Urbanski,pl POL,MF,Bologna,it Serie A,19,2004,7,1,247,2.7,1,0,1,1,0,0,2,0,0.36,0,0.36,0.36,0.36
2654,Kacper Urbanski,pl POL,MF,Monza,it Serie A,19,2004,8,6,500,5.6,0,0,0,0,0,0,1,0,0,0,0,0,0
2655,Jonas Urbig,de GER,GK,Bayern Munich,de Bundesliga,20,2003,8,8,720,8,0,0,0,0,0,0,0,0,0,0,0,0,0
2656,Can Uzun,tr TUR,MF,Eintracht Frankfurt,de Bundesliga,18,2005,20,6,675,7.5,4,1,5,4,0,0,1,0,0.53,0.13,0.67,0.53,0.67
2657,Josha Vagnoman,de GER,"DF,MF",Stuttgart,de Bundesliga,23,2000,26,19,"1,834",20.4,1,1,2,1,0,0,4,0,0.05,0.05,0.1,0.05,0.1
2658,Hákon Valdimarsson,is ISL,GK,Brentford,eng Premier League,22,2001,2,1,145,1.6,0,0,0,0,0,0,0,0,0,0,0,0,0
2659,Lautaro Valenti,ar ARG,DF,Parma,it Serie A,25,1999,20,18,"1,556",17.3,1,0,1,1,0,0,6,1,0.06,0,0.06,0.06,0.06
2660,Óscar Valentín,es ESP,MF,Rayo Vallecano,es La Liga,29,1994,34,18,"1,835",20.4,0,0,0,0,0,0,5,0,0,0,0,0,0
2661,Nicolás Valentini,ar ARG,DF,Hellas Verona,it Serie A,23,2001,14,13,"1,129",12.5,0,0,0,0,0,0,5,1,0,0,0,0,0
2662,Germán Valera,es ESP,MF,Valencia,es La Liga,22,2002,8,1,148,1.6,0,0,0,0,0,0,0,0,0,0,0,0,0
2663,Emanuele Valeri,it ITA,"DF,MF",Parma,it Serie A,25,1998,35,34,"2,873",31.9,2,6,8,1,1,1,1,0,0.06,0.19,0.25,0.03,0.22
2664,Martin Valjent,sk SVK,DF,Mallorca,es La Liga,28,1995,31,31,"2,763",30.7,3,0,3,3,0,0,4,0,0.1,0,0.1,0.1,0.1
2665,Álex Valle,es ESP,DF,Como,it Serie A,20,2004,15,12,"1,030",11.4,0,0,0,0,0,0,2,0,0,0,0,0,0
2666,Jesús Vallejo,es ESP,DF,Real Madrid,es La Liga,27,1997,4,1,138,1.5,0,1,1,0,0,0,0,0,0,0.65,0.65,0,0.65
2667,Mattia Valoti,it ITA,"FW,MF",Monza,it Serie A,30,1993,5,0,40,0.4,0,0,0,0,0,0,1,0,0,0,0,0,0
2668,Federico Valverde,uy URU,"MF,DF",Real Madrid,es La Liga,26,1998,36,34,"3,032",33.7,6,4,10,6,0,0,4,0,0.18,0.12,0.3,0.18,0.3
2669,Ignace Van Der Brempt,be BEL,DF,Como,it Serie A,22,2002,20,14,"1,257",14,0,1,1,0,0,0,3,0,0,0.07,0.07,0,0.07
2670,Siebe Van Der Heyden,be BEL,DF,Mallorca,es La Liga,26,1998,2,1,97,1.1,0,0,0,0,0,0,0,0,0,0,0,0,0
2671,Siebe Van Der Heyden,be BEL,"DF,MF",St Pauli,de Bundesliga,26,1998,13,11,872,9.7,1,0,1,1,0,0,4,1,0.1,0,0.1,0.1,0.1
2672,Virgil van Dijk,nl NED,DF,Liverpool,eng Premier League,33,1991,37,37,"3,330",37,3,1,4,3,0,0,5,0,0.08,0.03,0.11,0.08,0.11
2673,Vanderson,br BRA,DF,Monaco,fr Ligue 1,23,2001,29,23,"2,064",22.9,1,3,4,1,0,0,6,1,0.04,0.13,0.17,0.04,0.17
2674,Maarten Vandevoordt,be BEL,GK,RB Leipzig,de Bundesliga,22,2002,6,4,429,4.8,0,0,0,0,0,0,0,0,0,0,0,0,0
2675,Jamie Vardy,eng ENG,FW,Leicester City,eng Premier League,37,1987,35,35,"2,823",31.4,9,4,13,8,1,2,5,0,0.29,0.13,0.41,0.26,0.38
Rk,Player,Nation,Pos,Squad,Comp,Age,Born,MP,Starts,Min,90s,Gls,Ast,G+A,G-PK,PK,PKatt,CrdY,CrdR,Gls,Ast,G+A,G-PK,G+A-PK
2676,Ruben Vargas,ch SUI,"MF,FW",Sevilla,es La Liga,25,1998,11,9,671,7.5,2,1,3,2,0,0,0,0,0.27,0.13,0.4,0.27,0.4
2677,Ruben Vargas,ch SUI,MF,Augsburg,de Bundesliga,25,1998,8,3,305,3.4,0,0,0,0,0,0,3,0,0,0,0,0,0
2678,Nikola Vasilj,ba BIH,GK,St Pauli,de Bundesliga,28,1995,33,33,"2,969",33,0,0,0,0,0,0,2,1,0,0,0,0,0
2679,Devis Vásquez,co COL,GK,Empoli,it Serie A,26,1998,32,32,"2,880",32,0,0,0,0,0,0,2,0,0,0,0,0,0
2680,Johan Vásquez,mx MEX,DF,Genoa,it Serie A,25,1998,36,34,"3,041",33.8,3,0,3,3,0,0,9,0,0.09,0,0.09,0.09,0.09
2681,Denis Vavro,sk SVK,DF,Wolfsburg,de Bundesliga,28,1996,29,27,"2,461",27.3,2,0,2,2,0,0,4,0,0.07,0,0.07,0.07,0.07
2682,José Luis García Vayá,es ESP,MF,Valencia,es La Liga,25,1998,34,18,"1,742",19.4,2,2,4,0,2,2,8,1,0.1,0.1,0.21,0,0.1
2683,Robinio Vaz,fr FRA,FW,Marseille,fr Ligue 1,17,2007,2,0,75,0.8,0,0,0,0,0,0,1,0,0,0,0,0,0
2684,Jesus Vazquez,es ESP,DF,Valencia,es La Liga,21,2003,19,10,919,10.2,0,0,0,0,0,0,3,0,0,0,0,0,0
2685,Lucas Vázquez,es ESP,DF,Real Madrid,es La Liga,33,1991,32,25,"2,189",24.3,1,5,6,1,0,0,4,0,0.04,0.21,0.25,0.04,0.25
2686,Matías Vecino,uy URU,MF,Lazio,it Serie A,32,1991,20,7,877,9.7,2,3,5,2,0,0,7,0,0.21,0.31,0.51,0.21,0.51
2687,Danilo Veiga,pt POR,"MF,DF",Lecce,it Serie A,21,2002,13,2,374,4.2,0,0,0,0,0,0,0,0,0,0,0,0,0
2688,Renato Veiga,pt POR,MF,Chelsea,eng Premier League,21,2003,7,1,181,2,0,0,0,0,0,0,2,0,0,0,0,0,0
2689,Renato Veiga,pt POR,DF,Juventus,it Serie A,21,2003,13,12,"1,093",12.1,0,1,1,0,0,0,2,0,0,0.08,0.08,0,0.08
2690,Alejo Véliz,ar ARG,FW,Espanyol,es La Liga,20,2003,27,10,"1,127",12.5,1,0,1,1,0,0,3,0,0.08,0,0.08,0.08,0.08
2691,Miloš Veljković,rs SRB,DF,Werder Bremen,de Bundesliga,28,1995,14,11,"1,029",11.4,0,1,1,0,0,0,1,0,0,0.09,0.09,0,0.09
2692,Joël Veltman,nl NED,DF,Brighton,eng Premier League,32,1992,21,19,"1,697",18.9,0,0,0,0,0,0,5,0,0,0,0,0,0
2693,Micky van de Ven,nl NED,DF,Tottenham Hotspur,eng Premier League,23,2001,13,12,"1,015",11.3,0,2,2,0,0,0,4,0,0,0.18,0.18,0,0.18
2694,Lorenzo Venturino,it ITA,MF,Genoa,it Serie A,18,2006,6,1,167,1.9,2,0,2,2,0,0,0,0,1.08,0,1.08,1.08,1.08
2695,Nikolas Veratschnig,at AUT,MF,Mainz 05,de Bundesliga,21,2003,15,2,364,4,0,0,0,0,0,0,1,0,0,0,0,0,0
2696,Bart Verbruggen,nl NED,GK,Brighton,eng Premier League,21,2002,36,36,"3,240",36,0,1,1,0,0,0,5,0,0,0.03,0.03,0,0.03
2697,Simone Verdi,it ITA,"FW,MF",Como,it Serie A,32,1992,9,0,115,1.3,0,0,0,0,0,0,1,0,0,0,0,0,0
2698,Jordan Veretout,fr FRA,MF,Lyon,fr Ligue 1,31,1993,27,19,"1,553",17.3,2,0,2,2,0,0,3,0,0.12,0,0.12,0.12,0.12
2699,Arthur Vermeeren,be BEL,MF,RB Leipzig,de Bundesliga,19,2005,28,18,"1,572",17.5,0,2,2,0,0,0,7,0,0,0.11,0.11,0,0.11
2700,Yorbe Vertessen,be BEL,"MF,FW",Union Berlin,de Bundesliga,23,2001,17,7,718,8,1,0,1,1,0,0,2,0,0.13,0,0.13,0.13,0.13
Rk,Player,Nation,Pos,Squad,Comp,Age,Born,MP,Starts,Min,90s,Gls,Ast,G+A,G-PK,PK,PKatt,CrdY,CrdR,Gls,Ast,G+A,G-PK,G+A-PK
2701,Mikel Vesga,es ESP,MF,Athletic Club,es La Liga,31,1993,25,10,988,11,0,0,0,0,0,1,1,0,0,0,0,0,0
2702,Jannik Vestergaard,dk DEN,DF,Leicester City,eng Premier League,31,1992,18,16,"1,391",15.5,0,0,0,0,0,0,5,0,0,0,0,0,0
2703,Ben Viadere,fr FRA,FW,Auxerre,fr Ligue 1,18,2005,1,0,5,0.1,0,0,0,0,0,0,0,0,0,0,0,0,0
2704,Guglielmo Vicario,it ITA,GK,Tottenham Hotspur,eng Premier League,27,1996,24,24,"2,160",24,0,0,0,0,0,0,1,0,0,0,0,0,0
2705,Carlos Vicente,es ESP,MF,Alavés,es La Liga,25,1999,37,35,"3,092",34.4,5,5,10,4,1,1,3,0,0.15,0.15,0.29,0.12,0.26
2706,Pau Victor,es ESP,FW,Barcelona,es La Liga,22,2001,21,2,319,3.5,2,1,3,2,0,0,2,0,0.56,0.28,0.85,0.56,0.85
2707,Nacho Vidal,es ESP,DF,Osasuna,es La Liga,29,1995,5,1,124,1.4,0,0,0,0,0,0,0,0,0,0,0,0,0
2708,Gabriel Vidovic,hr CRO,MF,Bayern Munich,de Bundesliga,20,2003,4,0,24,0.3,0,0,0,0,0,0,0,0,0,0,0,0,0
2709,Gabriel Vidovic,hr CRO,MF,Mainz 05,de Bundesliga,20,2003,1,0,4,0,0,0,0,0,0,0,0,0,0,0,0,0,0
2710,Fran Vieites,es ESP,GK,Real Betis,es La Liga,25,1999,4,4,360,4,0,0,0,0,0,0,0,0,0,0,0,0,0
2711,Sergio Viera,es ESP,MF,Las Palmas,es La Liga,19,2005,2,1,96,1.1,0,0,0,0,0,0,1,0,0,0,0,0,0
2712,Samuele Vignato,it ITA,MF,Monza,it Serie A,20,2004,17,3,470,5.2,0,0,0,0,0,0,0,0,0,0,0,0,0
2713,Asier Villalibre,es ESP,FW,Alavés,es La Liga,26,1997,16,2,333,3.7,1,1,2,0,1,1,2,0,0.27,0.27,0.54,0,0.27
2714,Iván Villar,es ESP,GK,Celta Vigo,es La Liga,27,1997,4,4,360,4,0,0,0,0,0,0,0,0,0,0,0,0,0
2715,Carlos Vinícius,br BRA,FW,Fulham,eng Premier League,29,1995,3,0,16,0.2,0,0,0,0,0,0,0,0,0,0,0,0,0
2716,Nicolas Viola,it ITA,"MF,FW",Cagliari,it Serie A,34,1989,27,18,"1,267",14.1,3,1,4,3,0,0,2,0,0.21,0.07,0.28,0.21,0.28
2717,Viti,es ESP,DF,Las Palmas,es La Liga,26,1997,29,23,"1,982",22,0,2,2,0,0,0,5,0,0,0.09,0.09,0,0.09
2718,Mattia Viti,it ITA,DF,Empoli,it Serie A,22,2002,30,30,"2,572",28.6,1,0,1,1,0,0,3,0,0.03,0,0.03,0.03,0.03
2719,Vitinha,pt POR,"FW,MF",Genoa,it Serie A,24,2000,25,16,"1,328",14.8,2,3,5,2,0,0,2,0,0.14,0.2,0.34,0.14,0.34
2720,Vitinha,pt POR,MF,Paris Saint-Germain,fr Ligue 1,24,2000,29,20,"2,042",22.7,5,1,6,3,2,2,1,0,0.22,0.04,0.26,0.13,0.18
2721,Daniel Vivian,es ESP,DF,Athletic Club,es La Liga,25,1999,32,28,"2,608",29,4,0,4,4,0,0,3,0,0.14,0,0.14,0.14,0.14
2722,Dušan Vlahović,rs SRB,FW,Juventus,it Serie A,24,2000,29,21,"1,784",19.8,10,4,14,6,4,4,3,0,0.5,0.2,0.71,0.3,0.5
2723,Vanja Vlahović,rs SRB,MF,Atalanta,it Serie A,20,2004,3,0,60,0.7,0,0,0,0,0,0,0,0,0,0,0,0,0
2724,Nikola Vlašić,hr CRO,"MF,FW",Torino,it Serie A,26,1997,30,23,"2,117",23.5,5,4,9,3,2,2,0,0,0.21,0.17,0.38,0.13,0.3
2725,Alessandro Vogliacco,it ITA,DF,Genoa,it Serie A,25,1998,12,8,715,7.9,2,0,2,2,0,0,3,0,0.25,0,0.25,0.25,0.25
Rk,Player,Nation,Pos,Squad,Comp,Age,Born,MP,Starts,Min,90s,Gls,Ast,G+A,G-PK,PK,PKatt,CrdY,CrdR,Gls,Ast,G+A,G-PK,G+A-PK
2726,Alessandro Vogliacco,it ITA,DF,Parma,it Serie A,25,1998,10,10,772,8.6,0,0,0,0,0,0,2,0,0,0,0,0,0
2727,Kevin Vogt,de GER,DF,Union Berlin,de Bundesliga,32,1991,18,16,"1,367",15.2,1,0,1,0,1,1,6,0,0.07,0,0.07,0,0
2728,Mërgim Vojvoda,xk KVX,"DF,MF",Torino,it Serie A,29,1995,17,12,"1,105",12.3,0,0,0,0,0,0,4,0,0,0,0,0,0
2729,Mërgim Vojvoda,xk KVX,DF,Como,it Serie A,29,1995,11,8,717,8,1,2,3,1,0,0,2,0,0.13,0.25,0.38,0.13,0.38
2730,Kevin Volland,de GER,"FW,MF",Union Berlin,de Bundesliga,32,1992,4,0,61,0.7,0,0,0,0,0,0,1,0,0,0,0,0,0
2731,Aster Vranckx,be BEL,MF,Wolfsburg,de Bundesliga,21,2002,14,6,556,6.2,0,0,0,0,0,0,1,0,0,0,0,0,0
2732,Stefan de Vrij,nl NED,DF,Inter,it Serie A,32,1992,26,18,"1,726",19.2,3,0,3,3,0,0,2,0,0.16,0,0.16,0.16,0.16
2733,Ibrahima Wadji,sn SEN,FW,Saint-Étienne,fr Ligue 1,29,1995,10,2,347,3.9,0,0,0,0,0,0,1,0,0,0,0,0,0
2734,Robert Wagner,de GER,MF,St Pauli,de Bundesliga,21,2003,12,5,407,4.5,0,0,0,0,0,0,1,0,0,0,0,0,0
2735,Elye Wahi,fr FRA,FW,Marseille,fr Ligue 1,21,2003,13,7,574,6.4,3,1,4,2,1,1,1,0,0.47,0.16,0.63,0.31,0.47
2736,Elye Wahi,fr FRA,FW,Eintracht Frankfurt,de Bundesliga,21,2003,8,1,196,2.2,0,0,0,0,0,0,1,0,0,0,0,0,0
2737,Hauke Wahl,de GER,DF,St Pauli,de Bundesliga,30,1994,33,33,"2,970",33,0,0,0,0,0,0,1,0,0,0,0,0,0
2738,Kyle Walker,eng ENG,DF,Manchester City,eng Premier League,34,1990,15,9,970,10.8,0,0,0,0,0,0,3,0,0,0,0,0,0
2739,Kyle Walker,eng ENG,DF,Milan,it Serie A,34,1990,11,7,659,7.3,0,0,0,0,0,0,1,0,0,0,0,0,0
2740,Kyle Walker-Peters,eng ENG,"MF,DF",Southampton,eng Premier League,27,1997,33,33,"2,918",32.4,0,2,2,0,0,0,5,0,0,0.06,0.06,0,0.06
2741,Christian Walton,eng ENG,GK,Ipswich Town,eng Premier League,28,1995,7,7,630,7,0,0,0,0,0,0,0,0,0,0,0,0,0
2742,Sebastian Walukiewicz,pl POL,DF,Torino,it Serie A,24,2000,29,20,"1,661",18.5,0,0,0,0,0,0,6,0,0,0,0,0,0
2743,Sebastian Walukiewicz,pl POL,DF,Empoli,it Serie A,24,2000,2,2,180,2,0,0,0,0,0,0,0,0,0,0,0,0,0
2744,Aaron Wan-Bissaka,cd COD,"DF,MF",West Ham United,eng Premier League,26,1997,36,35,"3,154",35,2,5,7,2,0,0,1,0,0.06,0.14,0.2,0.06,0.2
2745,Paul Wanner,de GER,"MF,FW",Heidenheim,de Bundesliga,18,2005,29,20,"1,771",19.7,3,2,5,2,1,1,2,0,0.15,0.1,0.25,0.1,0.2
2746,Danny Ward,wls WAL,GK,Leicester City,eng Premier League,31,1993,2,1,135,1.5,0,0,0,0,0,0,0,0,0,0,0,0,0
2747,Joel Ward,eng ENG,DF,Crystal Palace,eng Premier League,34,1989,2,1,71,0.8,0,0,0,0,0,0,1,0,0,0,0,0,0
2748,James Ward-Prowse,eng ENG,MF,West Ham United,eng Premier League,29,1994,15,12,"1,039",11.5,1,1,2,1,0,0,2,0,0.09,0.09,0.17,0.09,0.17
2749,James Ward-Prowse,eng ENG,MF,Nottingham Forest,eng Premier League,29,1994,9,5,400,4.4,0,1,1,0,0,0,2,1,0,0.23,0.23,0,0.23
2750,Kjell-Arik Wätjen,de GER,MF,Dortmund,de Bundesliga,18,2006,2,0,16,0.2,0,0,0,0,0,0,0,0,0,0,0,0,0
Rk,Player,Nation,Pos,Squad,Comp,Age,Born,MP,Starts,Min,90s,Gls,Ast,G+A,G-PK,PK,PKatt,CrdY,CrdR,Gls,Ast,G+A,G-PK,G+A-PK
2751,Ollie Watkins,eng ENG,FW,Aston Villa,eng Premier League,28,1995,38,31,"2,598",28.9,16,8,24,14,2,2,2,0,0.55,0.28,0.83,0.48,0.76
2752,Timothy Weah,us USA,"MF,DF",Juventus,it Serie A,24,2000,30,18,"1,638",18.2,5,2,7,5,0,0,4,0,0.27,0.11,0.38,0.27,0.38
2753,Adam Webster,eng ENG,DF,Brighton,eng Premier League,29,1995,14,11,887,9.9,0,0,0,0,0,0,1,0,0,0,0,0,0
2754,Julian Weigl,de GER,MF,Gladbach,de Bundesliga,28,1995,33,33,"2,881",32,0,2,2,0,0,0,8,0,0,0.06,0.06,0,0.06
2755,Timon Weiner,de GER,GK,Holstein Kiel,de Bundesliga,25,1999,25,25,"2,250",25,0,0,0,0,0,0,4,0,0,0,0,0,0
2756,Nelson Weiper,de GER,FW,Mainz 05,de Bundesliga,19,2005,23,7,704,7.8,3,2,5,3,0,0,2,0,0.38,0.26,0.64,0.38,0.64
2757,Mitchell Weiser,de GER,MF,Werder Bremen,de Bundesliga,30,1994,32,32,"2,868",31.9,5,9,14,5,0,0,9,1,0.16,0.28,0.44,0.16,0.44
2758,Noah Weißhaupt,de GER,"FW,MF",St Pauli,de Bundesliga,22,2001,19,13,"1,160",12.9,1,0,1,1,0,0,0,0,0.08,0,0.08,0.08,0.08
2759,Noah Weißhaupt,de GER,"FW,MF",Freiburg,de Bundesliga,22,2001,3,0,80,0.9,0,0,0,0,0,0,0,0,0,0,0,0,0
2760,Danny Welbeck,eng ENG,FW,Brighton,eng Premier League,33,1990,30,24,"2,115",23.5,10,4,14,9,1,1,5,0,0.43,0.17,0.6,0.38,0.55
2761,Welington,br BRA,"MF,DF",Southampton,eng Premier League,23,2001,10,6,482,5.4,0,0,0,0,0,0,1,0,0,0,0,0,0
2762,Timo Werner,de GER,"FW,MF",Tottenham Hotspur,eng Premier League,28,1996,18,4,516,5.7,0,3,3,0,0,0,0,0,0,0.52,0.52,0,0.52
2763,Adam Wharton,eng ENG,MF,Crystal Palace,eng Premier League,20,2004,20,16,"1,318",14.6,0,2,2,0,0,0,2,0,0,0.14,0.14,0,0.14
2764,Ben White,eng ENG,DF,Arsenal,eng Premier League,26,1997,17,13,"1,198",13.3,0,2,2,0,0,0,2,0,0,0.15,0.15,0,0.15
2765,Silvan Widmer,ch SUI,MF,Mainz 05,de Bundesliga,31,1993,27,3,504,5.6,0,1,1,0,0,0,3,0,0,0.18,0.18,0,0.18
2766,Mats Wieffer,nl NED,"DF,MF",Brighton,eng Premier League,24,1999,25,10,"1,015",11.3,1,3,4,1,0,0,6,0,0.09,0.27,0.35,0.09,0.35
2767,Mateusz Wieteska,pl POL,DF,Cagliari,it Serie A,27,1997,5,1,184,2,0,0,0,0,0,0,1,0,0,0,0,0,0
2768,Caleb Wiley,us USA,"MF,DF",Strasbourg,fr Ligue 1,19,2004,6,3,266,3,0,1,1,0,0,0,1,0,0,0.34,0.34,0,0.34
2769,Iñaki Williams,gh GHA,"MF,FW",Athletic Club,es La Liga,30,1994,35,29,"2,652",29.5,6,8,14,6,0,0,1,0,0.2,0.27,0.48,0.2,0.48
2770,Neco Williams,wls WAL,"DF,MF",Nottingham Forest,eng Premier League,23,2001,35,28,"2,594",28.8,1,3,4,1,0,0,7,0,0.03,0.1,0.14,0.03,0.14
2771,Nico Williams,es ESP,MF,Athletic Club,es La Liga,22,2002,29,22,"1,996",22.2,5,5,10,5,0,0,1,0,0.23,0.23,0.45,0.23,0.45
2772,Willian,br BRA,"MF,FW",Fulham,eng Premier League,35,1988,10,2,257,2.9,0,0,0,0,0,0,0,0,0,0,0,0,0
2773,Joe Willock,eng ENG,MF,Newcastle United,eng Premier League,24,1999,32,11,"1,086",12.1,0,2,2,0,0,0,4,0,0,0.17,0.17,0,0.17
2774,Callum Wilson,eng ENG,FW,Newcastle United,eng Premier League,32,1992,18,2,370,4.1,0,0,0,0,0,0,1,0,0,0,0,0,0
2775,Harry Wilson,wls WAL,"MF,FW",Fulham,eng Premier League,27,1997,25,12,"1,162",12.9,6,1,7,6,0,0,2,0,0.46,0.08,0.54,0.46,0.54
Rk,Player,Nation,Pos,Squad,Comp,Age,Born,MP,Starts,Min,90s,Gls,Ast,G+A,G-PK,PK,PKatt,CrdY,CrdR,Gls,Ast,G+A,G-PK,G+A-PK
2776,Patrick Wimmer,at AUT,"MF,FW",Wolfsburg,de Bundesliga,23,2001,29,22,"1,770",19.7,3,4,7,3,0,0,5,1,0.15,0.2,0.36,0.15,0.36
2777,Jonas Wind,dk DEN,"FW,MF",Wolfsburg,de Bundesliga,25,1999,31,21,"1,966",21.8,9,3,12,8,1,2,2,0,0.41,0.14,0.55,0.37,0.5
2778,Harry Winks,eng ENG,MF,Leicester City,eng Premier League,28,1996,22,17,"1,538",17.1,0,2,2,0,0,0,4,0,0,0.12,0.12,0,0.12
2779,Ben Winterburn,eng ENG,MF,Bournemouth,eng Premier League,19,2004,4,0,24,0.3,0,0,0,0,0,0,0,0,0,0,0,0,0
2780,Florian Wirtz,de GER,MF,Leverkusen,de Bundesliga,21,2003,31,25,"2,351",26.1,10,12,22,8,2,4,3,0,0.38,0.46,0.84,0.31,0.77
2781,Yoane Wissa,cd COD,FW,Brentford,eng Premier League,27,1996,35,34,"2,919",32.4,19,4,23,19,0,0,5,0,0.59,0.12,0.71,0.59,0.71
2782,Dani de Wit,nl NED,"MF,FW",Bochum,de Bundesliga,26,1998,28,11,"1,153",12.8,2,1,3,2,0,0,1,0,0.16,0.08,0.23,0.16,0.23
2783,Axel Witsel,be BEL,DF,Atlético Madrid,es La Liga,35,1989,14,9,852,9.5,0,1,1,0,0,0,1,0,0,0.11,0.11,0,0.11
2784,Maximilian Wittek,de GER,"DF,MF",Bochum,de Bundesliga,28,1995,33,32,"2,706",30.1,0,0,0,0,0,0,8,0,0,0,0,0,0
2785,Marius Wolf,de GER,MF,Augsburg,de Bundesliga,29,1995,32,28,"2,144",23.8,1,3,4,1,0,0,2,0,0.04,0.13,0.17,0.04,0.17
2786,Nick Woltemade,de GER,"FW,MF",Stuttgart,de Bundesliga,22,2002,28,17,"1,622",18,12,2,14,10,2,3,5,1,0.67,0.11,0.78,0.55,0.67
2787,Jeong Woo-yeong,kr KOR,"MF,FW",Union Berlin,de Bundesliga,24,1999,23,17,"1,263",14,3,2,5,3,0,0,2,0,0.21,0.14,0.36,0.21,0.36
2788,Chris Wood,nz NZL,FW,Nottingham Forest,eng Premier League,32,1991,36,35,"2,959",32.9,20,3,23,17,3,3,1,0,0.61,0.09,0.7,0.52,0.61
2789,Nathan Wood-Gordon,eng ENG,DF,Southampton,eng Premier League,22,2002,11,9,773,8.6,0,0,0,0,0,0,2,0,0,0,0,0,0
2790,Christopher Wooh,cm CMR,DF,Rennes,fr Ligue 1,22,2001,20,17,"1,456",16.2,0,0,0,0,0,0,6,1,0,0,0,0,0
2791,Luke Woolfenden,eng ENG,DF,Ipswich Town,eng Premier League,25,1998,15,12,"1,187",13.2,0,0,0,0,0,0,2,0,0,0,0,0,0
2792,Granit Xhaka,ch SUI,MF,Leverkusen,de Bundesliga,31,1992,33,33,"2,888",32.1,2,7,9,2,0,0,3,0,0.06,0.22,0.28,0.06,0.28
2793,Lamine Yamal,es ESP,"MF,FW",Barcelona,es La Liga,17,2007,35,31,"2,856",31.7,9,13,22,9,0,0,3,0,0.28,0.41,0.69,0.28,0.69
2794,Daniel Yáñez,es ESP,MF,Real Madrid,es La Liga,17,2007,1,0,2,0,0,0,0,0,0,0,0,0,0,0,0,0,0
2795,Erencan Yardimci,tr TUR,FW,Hoffenheim,de Bundesliga,22,2002,8,3,313,3.5,0,0,0,0,0,0,2,0,0,0,0,0,0
2796,Yehor Yarmoliuk,ua UKR,MF,Brentford,eng Premier League,20,2004,31,15,"1,450",16.1,0,0,0,0,0,0,6,0,0,0,0,0,0
2797,Ryan Yates,eng ENG,MF,Nottingham Forest,eng Premier League,26,1997,35,18,"1,915",21.3,2,1,3,2,0,0,10,0,0.09,0.05,0.14,0.09,0.14
2798,John Yeboah,ec ECU,"FW,MF",Venezia,it Serie A,24,2000,33,11,"1,226",13.6,1,1,2,1,0,0,6,0,0.07,0.07,0.15,0.07,0.15
2799,Bertuğ Yıldırım,tr TUR,FW,Getafe,es La Liga,22,2002,22,14,"1,083",12,1,0,1,1,0,0,7,0,0.08,0,0.08,0.08,0.08
2800,Kenan Yıldız,tr TUR,MF,Juventus,it Serie A,19,2005,35,28,"2,402",26.7,7,4,11,7,0,0,2,1,0.26,0.15,0.41,0.26,0.41
Rk,Player,Nation,Pos,Squad,Comp,Age,Born,MP,Starts,Min,90s,Gls,Ast,G+A,G-PK,PK,PKatt,CrdY,CrdR,Gls,Ast,G+A,G-PK,G+A-PK
2801,Leny Yoro,fr FRA,DF,Manchester Utd,eng Premier League,18,2005,21,12,"1,165",12.9,0,0,0,0,0,0,5,0,0,0,0,0,0
2802,Ashley Young,eng ENG,DF,Everton,eng Premier League,39,1985,32,19,"1,875",20.8,1,3,4,1,0,0,7,1,0.05,0.14,0.19,0.05,0.19
2803,Etienne Youte Kinkoue,fr FRA,DF,Le Havre,fr Ligue 1,22,2002,28,26,"2,320",25.8,0,0,0,0,0,0,4,1,0,0,0,0,0
2804,Illia Zabarnyi,ua UKR,DF,Bournemouth,eng Premier League,21,2002,36,35,"3,109",34.5,0,1,1,0,0,0,4,1,0,0.03,0.03,0,0.03
2805,Eloge Zabi,ci CIV,MF,Reims,fr Ligue 1,17,2006,2,0,18,0.2,0,0,0,0,0,0,0,1,0,0,0,0,0
2806,Mattia Zaccagni,it ITA,"MF,FW",Lazio,it Serie A,29,1995,34,33,"2,686",29.8,8,6,14,6,2,2,10,0,0.27,0.2,0.47,0.2,0.4
2807,Dan-Axel Zagadou,fr FRA,DF,Stuttgart,de Bundesliga,25,1999,2,0,29,0.3,0,0,0,0,0,0,1,0,0,0,0,0,0
2808,Yoram Zague,fr FRA,DF,Paris Saint-Germain,fr Ligue 1,18,2006,4,2,183,2,0,0,0,0,0,0,0,0,0,0,0,0,0
2809,Wilfried Zaha,ci CIV,FW,Lyon,fr Ligue 1,31,1992,4,1,73,0.8,0,0,0,0,0,0,0,0,0,0,0,0,0
2810,Warren Zaïre-Emery,fr FRA,"MF,DF",Paris Saint-Germain,fr Ligue 1,18,2006,29,23,"2,050",22.8,1,2,3,1,0,0,3,0,0.04,0.09,0.13,0.04,0.13
2811,Miha Zajc,si SVN,MF,Toulouse,fr Ligue 1,30,1994,19,1,262,2.9,0,0,0,0,0,0,2,0,0,0,0,0,0
2812,Denis Zakaria,ch SUI,MF,Monaco,fr Ligue 1,27,1996,26,24,"2,144",23.8,6,4,10,4,2,2,5,0,0.25,0.17,0.42,0.17,0.34
2813,Arsen Zakharyan,ru RUS,MF,Real Sociedad,es La Liga,21,2003,3,1,73,0.8,1,0,1,1,0,0,0,0,1.23,0,1.23,1.23,1.23
2814,Nicola Zalewski,pl POL,MF,Roma,it Serie A,22,2002,12,4,533,5.9,0,0,0,0,0,0,0,0,0,0,0,0,0
2815,Nicola Zalewski,pl POL,MF,Inter,it Serie A,22,2002,11,4,435,4.8,1,1,2,1,0,0,4,0,0.21,0.21,0.41,0.21,0.41
2816,Andre-Frank Zambo Anguissa,cm CMR,MF,Napoli,it Serie A,28,1995,35,32,"2,852",31.7,6,4,10,6,0,0,5,0,0.19,0.13,0.32,0.19,0.32
2817,Francesco Zampano,it ITA,MF,Venezia,it Serie A,30,1993,24,17,"1,639",18.2,1,2,3,1,0,0,5,0,0.05,0.11,0.16,0.05,0.16
2818,Nicolò Zaniolo,it ITA,"FW,MF",Fiorentina,it Serie A,25,1999,9,4,343,3.8,0,0,0,0,0,0,2,1,0,0,0,0,0
2819,Nicolò Zaniolo,it ITA,"FW,MF",Atalanta,it Serie A,25,1999,14,0,356,4,2,2,4,2,0,0,4,0,0.51,0.51,1.01,0.51,1.01
2820,Alessandro Zanoli,it ITA,MF,Genoa,it Serie A,23,2000,31,19,"1,711",19,1,0,1,1,0,0,3,0,0.05,0,0.05,0.05,0.05
2821,Duván Zapata,co COL,FW,Torino,it Serie A,33,1991,7,7,587,6.5,3,0,3,3,0,0,1,0,0.46,0,0.46,0.46,0.46
2822,Gabriele Zappa,it ITA,DF,Cagliari,it Serie A,24,1999,37,35,"3,060",34,2,0,2,2,0,0,4,0,0.06,0,0.06,0.06,0.06
2823,Davide Zappacosta,it ITA,MF,Atalanta,it Serie A,32,1992,30,26,"2,067",23,4,2,6,4,0,0,3,0,0.17,0.09,0.26,0.17,0.26
2824,Bryan Zaragoza,es ESP,"MF,FW",Osasuna,es La Liga,22,2001,27,22,"1,836",20.4,1,6,7,1,0,0,4,0,0.05,0.29,0.34,0.05,0.34
2825,Anass Zaroury,ma MAR,"MF,FW",Lens,fr Ligue 1,23,2000,28,16,"1,405",15.6,2,2,4,2,0,0,3,1,0.13,0.13,0.26,0.13,0.26
Rk,Player,Nation,Pos,Squad,Comp,Age,Born,MP,Starts,Min,90s,Gls,Ast,G+A,G-PK,PK,PKatt,CrdY,CrdR,Gls,Ast,G+A,G-PK,G+A-PK
2826,Oier Zarraga,es ESP,MF,Udinese,it Serie A,25,1999,22,9,896,10,1,0,1,1,0,0,0,0,0.1,0,0.1,0.1,0.1
2827,David Zec,si SVN,DF,Holstein Kiel,de Bundesliga,24,2000,18,18,"1,541",17.1,2,0,2,2,0,0,5,0,0.12,0,0.12,0.12,0.12
2828,Jordan Zemura,zw ZIM,"MF,DF",Udinese,it Serie A,24,1999,23,13,"1,415",15.7,1,2,3,1,0,0,2,0,0.06,0.13,0.19,0.06,0.19
2829,Robin Zentner,de GER,GK,Mainz 05,de Bundesliga,29,1994,32,32,"2,880",32,0,0,0,0,0,0,3,0,0,0,0,0,0
2830,Alessio Zerbin,it ITA,MF,Venezia,it Serie A,25,1999,18,17,"1,518",16.9,1,1,2,1,0,0,4,0,0.06,0.06,0.12,0.06,0.12
2831,Alessio Zerbin,it ITA,"FW,MF",Napoli,it Serie A,25,1999,2,0,2,0,0,0,0,0,0,0,0,0,0,0,0,0,0
2832,Kevin Zeroli,it ITA,MF,Monza,it Serie A,19,2005,8,4,395,4.4,0,1,1,0,0,0,0,0,0,0.23,0.23,0,0.23
2833,Kevin Zeroli,it ITA,MF,Milan,it Serie A,19,2005,1,0,12,0.1,0,0,0,0,0,0,0,0,0,0,0,0,0
2834,Cedric Zesiger,ch SUI,DF,Augsburg,de Bundesliga,26,1998,15,15,"1,221",13.6,0,2,2,0,0,0,7,1,0,0.15,0.15,0,0.15
2835,Cedric Zesiger,ch SUI,DF,Wolfsburg,de Bundesliga,26,1998,7,5,522,5.8,0,0,0,0,0,0,4,0,0,0,0,0,0
2836,Michael Zetterer,de GER,GK,Werder Bremen,de Bundesliga,29,1995,34,34,"3,060",34,0,0,0,0,0,0,2,0,0,0,0,0,0
2837,Nathan Zeze,fr FRA,DF,Nantes,fr Ligue 1,19,2005,18,17,"1,512",16.8,0,0,0,0,0,0,6,0,0,0,0,0,0
2838,Edon Zhegrova,xk KVX,MF,Lille,fr Ligue 1,25,1999,12,12,978,10.9,4,1,5,4,0,0,1,0,0.37,0.09,0.46,0.37,0.46
2839,Piotr Zieliński,pl POL,MF,Inter,it Serie A,30,1994,26,8,980,10.9,2,2,4,0,2,2,0,0,0.18,0.18,0.37,0,0.18
2840,Oleksandr Zinchenko,ua UKR,"DF,MF",Arsenal,eng Premier League,27,1996,15,5,527,5.9,0,1,1,0,0,0,1,0,0,0.17,0.17,0,0.17
2841,Melvin Zinga,fr FRA,GK,Angers,fr Ligue 1,22,2002,1,1,90,1,0,0,0,0,0,0,0,0,0,0,0,0,0
2842,Joshua Zirkzee,nl NED,"FW,MF",Manchester Utd,eng Premier League,23,2001,32,14,"1,402",15.6,3,1,4,3,0,0,2,0,0.19,0.06,0.26,0.19,0.26
2843,Budu Zivzivadze,ge GEO,FW,Heidenheim,de Bundesliga,30,1994,15,10,958,10.6,2,3,5,2,0,0,0,0,0.19,0.28,0.47,0.19,0.47
2844,Luck Zogbé,ci CIV,DF,Brest,fr Ligue 1,19,2005,13,7,638,7.1,0,0,0,0,0,0,2,0,0,0,0,0,0
2845,Nadir Zortea,it ITA,MF,Cagliari,it Serie A,25,1999,35,33,"2,713",30.1,6,2,8,6,0,0,2,0,0.2,0.07,0.27,0.2,0.27
2846,Aristide Zossou,ci CIV,MF,Auxerre,fr Ligue 1,19,2005,3,0,16,0.2,0,0,0,0,0,0,0,0,0,0,0,0,0
2847,Yanis Zouaoui,dz ALG,"DF,MF",Le Havre,fr Ligue 1,30,1994,17,9,976,10.8,0,2,2,0,0,0,3,0,0,0.18,0.18,0,0.18
2848,Igor Zubeldia,es ESP,DF,Real Sociedad,es La Liga,27,1997,28,27,"2,269",25.2,0,0,0,0,0,0,6,1,0,0,0,0,0
2849,Martín Zubimendi,es ESP,MF,Real Sociedad,es La Liga,25,1999,36,33,"2,962",32.9,2,1,3,2,0,0,6,0,0.06,0.03,0.09,0.06,0.09
2850,Edhy Zuliani,fr FRA,MF,Toulouse,fr Ligue 1,19,2004,1,0,9,0.1,0,0,0,0,0,0,0,0,0,0,0,0,0
Rk,Player,Nation,Pos,Squad,Comp,Age,Born,MP,Starts,Min,90s,Gls,Ast,G+A,G-PK,PK,PKatt,CrdY,CrdR,Gls,Ast,G+A,G-PK,G+A-PK
2851,Szymon Żurkowski,pl POL,MF,Empoli,it Serie A,26,1997,5,0,106,1.2,0,0,0,0,0,0,0,0,0,0,0,0,0
2852,Martin Ødegaard,no NOR,MF,Arsenal,eng Premier League,25,1998,30,26,"2,325",25.8,3,8,11,2,1,1,4,0,0.12,0.31,0.43,0.08,0.39
2853,Milan Đurić,ba BIH,FW,Monza,it Serie A,34,1990,18,13,"1,270",14.1,4,1,5,4,0,0,3,0,0.28,0.07,0.35,0.28,0.35
2854,Milan Đurić,ba BIH,FW,Parma,it Serie A,34,1990,9,3,268,3,1,0,1,1,0,0,1,0,0.34,0,0.34,0.34,0.34
