Rk,Player,Nation,Pos,Squad,Comp,Age,Born,MP,Starts,Min,90s,Gls,Ast,G+A,G-PK,PK,PKatt,CrdY,CrdR,Gls_90,Ast_90,G+A_90,G-PK_90,G+A-PK_90
1,Max Aarons,eng ENG,DF,Bournemouth,eng Premier League,23,2000,20,13,"1,237",13.7,0,1,1,0,0,0,1,0,0.00,0.07,0.07,0.00,0.07
2,Brenden Aaronson,us USA,"MF,FW",Union Berlin,de Bundesliga,22,2000,30,14,"1,267",14.1,2,2,4,2,0,0,3,1,0.14,0.14,0.28,0.14,0.28
3,Paxten Aaronson,us USA,MF,Eintracht Frankfurt,de Bundesliga,19,2003,7,1,101,1.1,0,1,1,0,0,0,0,0,0.00,0.89,0.89,0.00,0.89
4,Keyliane Abdallah,fr FRA,FW,Marseille,fr Ligue 1,17,2006,1,0,4,0.0,0,0,0,0,0,0,0,0,0.00,0.00,0.00,0.00,0.00
5,Yunis Abdelhamid,ma MAR,DF,Reims,fr Ligue 1,35,1987,31,31,"2,781",30.9,4,0,4,3,1,1,5,0,0.13,0.00,0.13,0.10,0.10
6,Salis Abdul Samed,gh GHA,MF,Lens,fr Ligue 1,23,2000,27,17,"1,519",16.9,0,0,0,0,0,0,2,0,0.00,0.00,0.00,0.00,0.00
7,Nabil Aberdin,fr FRA,DF,Getafe,es La Liga,20,2002,2,2,180,2.0,0,0,0,0,0,0,0,0,0.00,0.00,0.00,0.00,0.00
8,Laurent Abergel,fr FRA,MF,Lorient,fr Ligue 1,30,1993,33,32,"2,860",31.8,2,1,3,2,0,0,4,0,0.06,0.03,0.09,0.06,0.09
9,Matthis Abline,fr FRA,"FW,MF",Nantes,fr Ligue 1,20,2003,22,12,"1,044",11.6,5,0,5,5,0,0,1,0,0.43,0.00,0.43,0.43,0.43
10,Abner,br BRA,DF,Real Betis,es La Liga,23,2000,23,15,"1,400",15.6,0,1,1,0,0,0,3,0,0.00,0.06,0.06,0.00,0.06
11,Zakaria Aboukhlal,ma MAR,"FW,MF",Toulouse,fr Ligue 1,23,2000,13,9,754,8.4,3,0,3,2,1,1,2,0,0.36,0.00,0.36,0.24,0.24
12,Abdel Abqar,ma MAR,DF,Alavés,es La Liga,24,1999,27,27,"2,312",25.7,0,0,0,0,0,0,10,0,0.00,0.00,0.00,0.00,0.00
13,Tammy Abraham,eng ENG,FW,Roma,it Serie A,25,1997,8,2,242,2.7,1,0,1,1,0,0,1,0,0.37,0.00,0.37,0.37,0.37
14,Francesco Acerbi,it ITA,DF,Inter,it Serie A,35,1988,29,26,"2,388",26.5,3,1,4,3,0,0,1,0,0.11,0.04,0.15,0.11,0.15
15,Joshua Acheampong,eng ENG,DF,Chelsea,eng Premier League,17,2006,1,0,6,0.1,0,0,0,0,0,0,0,0,0.00,0.00,0.00,0.00,0.00
16,Marcos Acuña,ar ARG,"DF,MF",Sevilla,es La Liga,31,1991,21,18,"1,292",14.4,1,2,3,1,0,0,7,0,0.07,0.14,0.21,0.07,0.21
17,Akor Adams,ng NGA,FW,Montpellier,fr Ligue 1,23,2000,32,27,"2,252",25.0,8,1,9,8,0,0,2,0,0.32,0.04,0.36,0.32,0.36
18,Tyler Adams,us USA,MF,Bournemouth,eng Premier League,24,1999,3,1,121,1.3,0,0,0,0,0,0,0,0,0.00,0.00,0.00,0.00,0.00
19,Junior Adamu,at AUT,FW,Freiburg,de Bundesliga,22,2001,15,0,105,1.2,0,0,0,0,0,0,0,0,0.00,0.00,0.00,0.00,0.00
20,Sargis Adamyan,am ARM,"FW,MF",Köln,de Bundesliga,30,1993,20,8,801,8.9,1,2,3,1,0,0,2,0,0.11,0.22,0.34,0.11,0.34
21,Tosin Adarabioyo,eng ENG,DF,Fulham,eng Premier League,25,1997,20,18,"1,617",18.0,2,0,2,2,0,0,2,0,0.11,0.00,0.11,0.11,0.11
22,Elijah Adebayo,eng ENG,FW,Luton Town,eng Premier League,25,1998,27,16,"1,419",15.8,10,0,10,10,0,0,1,0,0.63,0.00,0.63,0.63,0.63
23,Karim Adeyemi,de GER,"FW,MF",Dortmund,de Bundesliga,21,2002,21,10,913,10.1,3,1,4,3,0,0,6,1,0.30,0.10,0.39,0.30,0.39
24,Simon Adingra,ci CIV,MF,Brighton,eng Premier League,21,2002,31,25,"2,222",24.7,6,1,7,6,0,0,3,0,0.24,0.04,0.28,0.24,0.28
25,Nathaniel Adjei,gh GHA,DF,Lorient,fr Ligue 1,20,2002,15,14,"1,243",13.8,0,0,0,0,0,0,2,0,0.00,0.00,0.00,0.00,0.00
26,Player,Nation,Pos,Squad,Comp,Age,Born,MP,Starts,Min,90s,Gls,Ast,G+A,G-PK,PK,PKatt,CrdY,CrdR,Gls,Ast,G+A,G-PK,G+A-PK
27,Amine Adli,ma MAR,"MF,FW",Leverkusen,de Bundesliga,23,2000,23,8,898,10.0,4,6,10,4,0,0,5,0,0.40,0.60,1.00,0.40,1.00
28,Yacine Adli,fr FRA,MF,Milan,it Serie A,23,2000,24,17,"1,407",15.6,1,2,3,1,0,0,3,0,0.06,0.13,0.19,0.06,0.19
29,Adryelson,br BRA,DF,Lyon,fr Ligue 1,25,1998,2,0,6,0.1,0,0,0,0,0,0,0,0,0.00,0.00,0.00,0.00,0.00
30,Adson,br BRA,MF,Nantes,fr Ligue 1,22,2000,8,2,238,2.6,0,0,0,0,0,0,0,0,0.00,0.00,0.00,0.00,0.00
31,Michel Aebischer,ch SUI,MF,Bologna,it Serie A,26,1997,36,26,"2,230",24.8,0,1,1,0,0,0,8,0,0.00,0.04,0.04,0.00,0.04
32,Emmanuel Agbadou,ci CIV,DF,Reims,fr Ligue 1,26,1997,32,29,"2,596",28.8,1,1,2,1,0,0,1,0,0.03,0.03,0.07,0.03,0.07
33,Julen Agirrezabala,es ESP,GK,Athletic Club,es La Liga,22,2000,4,2,238,2.6,0,0,0,0,0,0,0,0,0.00,0.00,0.00,0.00,0.00
34,Lucien Agoume,fr FRA,MF,Inter,it Serie A,21,2002,1,0,5,0.1,0,0,0,0,0,0,0,0,0.00,0.00,0.00,0.00,0.00
35,Lucien Agoume,fr FRA,MF,Sevilla,es La Liga,21,2002,12,9,777,8.6,0,0,0,0,0,0,3,0,0.00,0.00,0.00,0.00,0.00
36,Felix Agu,ng NGA,MF,Werder Bremen,de Bundesliga,23,1999,24,19,"1,614",17.9,0,0,0,0,0,0,2,0,0.00,0.00,0.00,0.00,0.00
37,Nayef Aguerd,ma MAR,DF,West Ham United,eng Premier League,27,1996,21,21,"1,857",20.6,1,0,1,1,0,0,3,1,0.05,0.00,0.05,0.05,0.05
38,Ruben Aguilar,fr FRA,"MF,DF",Lens,fr Ligue 1,30,1993,25,22,"1,922",21.4,1,3,4,1,0,0,3,0,0.05,0.14,0.19,0.05,0.19
39,Brandon Aguilera,cr CRC,MF,Nottingham Forest,eng Premier League,20,2003,1,0,5,0.1,0,0,0,0,0,0,0,0,0.00,0.00,0.00,0.00,0.00
40,Naouirou Ahamada,fr FRA,MF,Crystal Palace,eng Premier League,21,2002,20,0,349,3.9,0,0,0,0,0,0,4,1,0.00,0.00,0.00,0.00,0.00
41,Anel Ahmedhodžić,ba BIH,DF,Sheffield United,eng Premier League,24,1999,31,29,"2,649",29.4,2,0,2,2,0,0,11,1,0.07,0.00,0.07,0.07,0.07
42,Joseph Aidoo,gh GHA,DF,Celta Vigo,es La Liga,27,1995,6,4,407,4.5,0,0,0,0,0,0,0,0,0.00,0.00,0.00,0.00,0.00
43,Ola Aina,ng NGA,"DF,MF",Nottingham Forest,eng Premier League,26,1996,22,20,"1,692",18.8,1,1,2,1,0,0,3,0,0.05,0.05,0.11,0.05,0.11
44,Rayan Aït-Nouri,dz ALG,"MF,DF",Wolves,eng Premier League,22,2001,33,29,"2,329",25.9,2,1,3,2,0,0,7,0,0.08,0.04,0.12,0.08,0.12
45,Tosin Aiyegun,bj BEN,"MF,FW",Lorient,fr Ligue 1,25,1998,19,10,902,10.0,2,0,2,2,0,0,0,1,0.20,0.00,0.20,0.20,0.20
46,Kristoffer Ajer,no NOR,DF,Brentford,eng Premier League,25,1998,28,21,"1,832",20.4,2,1,3,2,0,0,5,0,0.10,0.05,0.15,0.10,0.15
47,Ludovic Ajorque,fr FRA,FW,Mainz 05,de Bundesliga,29,1994,26,15,"1,360",15.1,2,0,2,2,0,2,4,0,0.13,0.00,0.13,0.13,0.13
48,Manuel Akanji,ch SUI,"DF,MF",Manchester City,eng Premier League,28,1995,30,28,"2,511",27.9,2,0,2,2,0,0,4,1,0.07,0.00,0.07,0.07,0.07
49,Marley Aké,fr FRA,"FW,MF",Udinese,it Serie A,22,2001,1,0,10,0.1,0,0,0,0,0,0,0,0,0.00,0.00,0.00,0.00,0.00
50,Nathan Aké,nl NED,DF,Manchester City,eng Premier League,28,1995,29,24,"2,042",22.7,2,2,4,2,0,0,0,0,0.09,0.09,0.18,0.09,0.18
51,Ilias Akhomach,ma MAR,MF,Villarreal,es La Liga,19,2004,31,17,"1,511",16.8,2,2,4,2,0,0,4,0,0.12,0.12,0.24,0.12,0.24
52,Player,Nation,Pos,Squad,Comp,Age,Born,MP,Starts,Min,90s,Gls,Ast,G+A,G-PK,PK,PKatt,CrdY,CrdR,Gls,Ast,G+A,G-PK,G+A-PK
53,Sergio Akieme,es ESP,"DF,MF",Almería,es La Liga,25,1997,19,19,"1,675",18.6,2,0,2,2,0,0,2,0,0.11,0.00,0.11,0.11,0.11
54,Sergio Akieme,es ESP,"DF,MF",Reims,fr Ligue 1,25,1997,13,8,818,9.1,2,0,2,2,0,0,2,0,0.22,0.00,0.22,0.22,0.22
55,Ebenezer Akinsanmiro,ng NGA,MF,Inter,it Serie A,18,2004,1,0,15,0.2,0,0,0,0,0,0,0,0,0.00,0.00,0.00,0.00,0.00
56,Maghnes Akliouche,fr FRA,MF,Monaco,fr Ligue 1,21,2002,28,18,"1,613",17.9,7,4,11,7,0,0,5,0,0.39,0.22,0.61,0.39,0.61
57,Paul Akouokou,ci CIV,MF,Real Betis,es La Liga,25,1997,2,0,27,0.3,0,0,0,0,0,0,0,0,0.00,0.00,0.00,0.00,0.00
58,Paul Akouokou,ci CIV,MF,Lyon,fr Ligue 1,25,1997,8,4,307,3.4,0,0,0,0,0,0,1,0,0.00,0.00,0.00,0.00,0.00
59,Jean-Daniel Akpa-Akpro,ci CIV,"MF,DF",Monza,it Serie A,30,1992,19,8,705,7.8,0,0,0,0,0,0,5,0,0.00,0.00,0.00,0.00,0.00
60,David Akpan Ankeye,ng NGA,FW,Genoa,it Serie A,21,2002,6,0,57,0.6,0,0,0,0,0,0,0,0,0.00,0.00,0.00,0.00,0.00
61,Kevin Akpoguma,ng NGA,DF,Hoffenheim,de Bundesliga,28,1995,17,11,"1,097",12.2,0,0,0,0,0,0,7,0,0.00,0.00,0.00,0.00,0.00
62,David Alaba,at AUT,DF,Real Madrid,es La Liga,31,1992,14,14,"1,154",12.8,0,1,1,0,0,0,2,0,0.00,0.08,0.08,0.00,0.08
63,Luis Alberto,es ESP,MF,Lazio,it Serie A,30,1992,33,29,"2,311",25.7,5,7,12,5,0,0,7,0,0.19,0.27,0.47,0.19,0.47
64,Raúl Albiol,es ESP,DF,Villarreal,es La Liga,37,1985,26,24,"2,031",22.6,0,1,1,0,0,0,6,0,0.00,0.04,0.04,0.00,0.04
65,Thiago Alcántara,es ESP,MF,Liverpool,eng Premier League,32,1991,1,0,6,0.1,0,0,0,0,0,0,0,0,0.00,0.00,0.00,0.00,0.00
66,Carlos Alcaraz,ar ARG,MF,Juventus,it Serie A,20,2002,10,3,380,4.2,0,1,1,0,0,0,0,0,0.00,0.24,0.24,0.00,0.24
67,Rubén Alcaraz,es ESP,MF,Cádiz,es La Liga,32,1991,36,36,"3,134",34.8,3,1,4,1,2,2,14,0,0.09,0.03,0.11,0.03,0.06
68,Omar Alderete,py PAR,DF,Getafe,es La Liga,26,1996,31,24,"2,195",24.4,0,1,1,0,0,0,8,1,0.00,0.04,0.04,0.00,0.04
69,Iván Alejo,es ESP,MF,Cádiz,es La Liga,28,1995,30,21,"1,692",18.8,0,2,2,0,0,0,17,0,0.00,0.11,0.11,0.00,0.11
70,Carles Aleñá,es ESP,MF,Getafe,es La Liga,25,1998,29,10,"1,020",11.3,1,1,2,1,0,0,6,0,0.09,0.09,0.18,0.09,0.18
71,Trent Alexander-Arnold,eng ENG,DF,Liverpool,eng Premier League,24,1998,28,25,"2,155",23.9,3,4,7,3,0,0,6,0,0.13,0.17,0.29,0.13,0.29
72,Aboubacar Ali,km COM,FW,Strasbourg,fr Ligue 1,17,2006,9,1,130,1.4,0,1,1,0,0,0,0,0,0.00,0.69,0.69,0.00,0.69
73,Mohamed Ali Cho,fr FRA,FW,Real Sociedad,es La Liga,19,2004,11,1,249,2.8,0,0,0,0,0,0,0,0,0.00,0.00,0.00,0.00,0.00
74,Mohamed Ali Cho,fr FRA,FW,Nice,fr Ligue 1,19,2004,17,11,861,9.6,1,2,3,1,0,0,2,0,0.10,0.21,0.31,0.10,0.31
75,Faride Alidou,de GER,"MF,FW",Köln,de Bundesliga,22,2001,26,14,"1,282",14.2,4,0,4,4,0,0,4,0,0.28,0.00,0.28,0.28,0.28
76,Nabil Alioui,fr FRA,"MF,FW",Le Havre,fr Ligue 1,24,1999,18,12,"1,009",11.2,4,1,5,4,0,0,1,0,0.36,0.09,0.45,0.36,0.45
77,Alisson,br BRA,GK,Liverpool,eng Premier League,30,1992,28,28,"2,520",28.0,0,0,0,0,0,0,1,0,0.00,0.00,0.00,0.00,0.00
78,Player,Nation,Pos,Squad,Comp,Age,Born,MP,Starts,Min,90s,Gls,Ast,G+A,G-PK,PK,PKatt,CrdY,CrdR,Gls,Ast,G+A,G-PK,G+A-PK
79,Tadeo Allende,ar ARG,MF,Celta Vigo,es La Liga,24,1999,10,2,336,3.7,1,0,1,1,0,0,1,0,0.27,0.00,0.27,0.27,0.27
80,Jim Allevinah,ga GAB,MF,Clermont Foot,fr Ligue 1,28,1995,29,22,"1,861",20.7,2,1,3,2,0,0,1,0,0.10,0.05,0.15,0.10,0.15
81,Domingos André Ribeiro Almeida,pt POR,"FW,MF",Valencia,es La Liga,23,2000,18,12,965,10.7,2,1,3,2,0,0,0,0,0.19,0.09,0.28,0.19,0.28
82,Miguel Almirón,py PAR,FW,Newcastle United,eng Premier League,29,1994,33,23,"1,937",21.5,3,1,4,3,0,0,2,0,0.14,0.05,0.19,0.14,0.19
83,Pontus Almqvist,se SWE,"FW,MF",Lecce,it Serie A,24,1999,30,25,"2,107",23.4,2,1,3,2,0,0,5,0,0.09,0.04,0.13,0.09,0.13
84,Marcos Alonso,es ESP,DF,Barcelona,es La Liga,32,1990,5,3,252,2.8,0,0,0,0,0,0,0,0,0.00,0.00,0.00,0.00,0.00
85,Adrià Altimira,es ESP,"DF,MF",Villarreal,es La Liga,22,2001,11,10,775,8.6,0,0,0,0,0,0,3,0,0.00,0.00,0.00,0.00,0.00
86,Sergi Altimira,es ESP,MF,Real Betis,es La Liga,21,2001,14,6,568,6.3,1,0,1,1,0,0,1,0,0.16,0.00,0.16,0.16,0.16
87,Edson Álvarez,mx MEX,MF,West Ham United,eng Premier League,25,1997,31,28,"2,377",26.4,1,1,2,1,0,0,11,0,0.04,0.04,0.08,0.04,0.08
88,Gastón Álvarez,uy URU,DF,Getafe,es La Liga,23,2000,34,29,"2,537",28.2,2,0,2,2,0,0,7,0,0.07,0.00,0.07,0.07,0.07
89,Hugo Álvarez,es ESP,"MF,FW",Celta Vigo,es La Liga,20,2003,12,8,762,8.5,1,1,2,1,0,0,1,0,0.12,0.12,0.24,0.12,0.24
90,Julián Álvarez,ar ARG,"MF,FW",Manchester City,eng Premier League,23,2000,36,31,"2,647",29.4,11,8,19,9,2,2,2,0,0.37,0.27,0.65,0.31,0.58
91,Yeray Álvarez,es ESP,DF,Athletic Club,es La Liga,28,1995,19,14,"1,152",12.8,0,0,0,0,0,0,1,1,0.00,0.00,0.00,0.00,0.00
92,Skelly Alvero,fr FRA,MF,Lyon,fr Ligue 1,21,2002,8,6,426,4.7,1,0,1,1,0,0,2,0,0.21,0.00,0.21,0.21,0.21
93,Skelly Alvero,fr FRA,MF,Werder Bremen,de Bundesliga,21,2002,6,1,123,1.4,1,0,1,1,0,0,1,0,0.73,0.00,0.73,0.73,0.73
94,Papa Amadou Diallo,sn SEN,"MF,FW",Metz,fr Ligue 1,19,2004,16,9,889,9.9,2,1,3,2,0,0,1,0,0.20,0.10,0.30,0.20,0.30
95,Selim Amallah,ma MAR,"MF,FW",Valencia,es La Liga,26,1996,20,7,604,6.7,0,1,1,0,0,0,5,1,0.00,0.15,0.15,0.00,0.15
96,Amath,sn SEN,"FW,MF",Mallorca,es La Liga,27,1996,15,3,394,4.4,0,0,0,0,0,0,2,0,0.00,0.00,0.00,0.00,0.00
97,Lorenzo Amatucci,it ITA,MF,Fiorentina,it Serie A,19,2004,2,0,22,0.2,0,0,0,0,0,0,0,0,0.00,0.00,0.00,0.00,0.00
98,Jordan Amavi,fr FRA,DF,Brest,fr Ligue 1,29,1994,2,1,91,1.0,1,0,1,1,0,0,1,0,0.99,0.00,0.99,0.99,0.99
99,Zeki Amdouni,ch SUI,FW,Burnley,eng Premier League,22,2000,34,27,"1,953",21.7,5,1,6,4,1,1,2,0,0.23,0.05,0.28,0.18,0.23
100,Kelvin Amian,fr FRA,DF,Nantes,fr Ligue 1,25,1998,12,11,798,8.9,0,1,1,0,0,0,2,0,0.00,0.11,0.11,0.00,0.11
101,Bruno Amione,ar ARG,DF,Hellas Verona,it Serie A,21,2002,10,7,579,6.4,0,0,0,0,0,0,2,0,0.00,0.00,0.00,0.00,0.00
102,Michael Amir Murillo,pa PAN,"DF,MF",Marseille,fr Ligue 1,27,1996,16,10,997,11.1,3,2,5,3,0,0,3,0,0.27,0.18,0.45,0.27,0.45
103,Nadiem Amiri,de GER,MF,Mainz 05,de Bundesliga,26,1996,15,15,"1,315",14.6,1,4,5,1,0,1,5,0,0.07,0.27,0.34,0.07,0.34
104,Player,Nation,Pos,Squad,Comp,Age,Born,MP,Starts,Min,90s,Gls,Ast,G+A,G-PK,PK,PKatt,CrdY,CrdR,Gls,Ast,G+A,G-PK,G+A-PK
105,Nadiem Amiri,de GER,MF,Leverkusen,de Bundesliga,26,1996,8,1,86,1.0,0,0,0,0,0,0,0,0,0.00,0.00,0.00,0.00,0.00
106,Kofi Amoako,de GER,MF,Wolfsburg,de Bundesliga,18,2005,2,0,2,0.0,0,0,0,0,0,0,0,0,0.00,0.00,0.00,0.00,0.00
107,Sofyan Amrabat,ma MAR,"MF,DF",Manchester Utd,eng Premier League,26,1996,21,10,938,10.4,0,0,0,0,0,0,6,0,0.00,0.00,0.00,0.00,0.00
108,Joachim Andersen,dk DEN,DF,Crystal Palace,eng Premier League,27,1996,38,38,"3,415",37.9,2,3,5,2,0,0,7,0,0.05,0.08,0.13,0.05,0.13
109,Elliot Anderson,eng ENG,"MF,FW",Newcastle United,eng Premier League,20,2002,21,10,"1,027",11.4,0,2,2,0,0,0,3,0,0.00,0.18,0.18,0.00,0.18
110,Felipe Anderson,br BRA,"FW,MF",Lazio,it Serie A,30,1993,38,33,"2,770",30.8,5,6,11,5,0,0,3,0,0.16,0.19,0.36,0.16,0.36
111,Benjamin André,fr FRA,MF,Lille,fr Ligue 1,32,1990,30,29,"2,570",28.6,4,0,4,4,0,0,8,0,0.14,0.00,0.14,0.14,0.14
112,Komnen Andrić,rs SRB,FW,Clermont Foot,fr Ligue 1,28,1995,7,1,169,1.9,0,0,0,0,0,0,0,0,0.00,0.00,0.00,0.00,0.00
113,Robert Andrich,de GER,"MF,DF",Leverkusen,de Bundesliga,28,1994,28,18,"1,690",18.8,4,2,6,4,0,0,4,0,0.21,0.11,0.32,0.21,0.32
114,Miguel Ángel Rubio,es ESP,DF,Granada,es La Liga,25,1998,19,17,"1,560",17.3,1,0,1,1,0,0,5,0,0.06,0.00,0.06,0.06,0.06
115,Angeliño,es ESP,"DF,MF",Roma,it Serie A,26,1997,16,14,"1,141",12.7,0,1,1,0,0,0,2,0,0.00,0.08,0.08,0.00,0.08
116,Ângelo,br BRA,"MF,FW",Strasbourg,fr Ligue 1,18,2004,21,11,"1,094",12.2,0,3,3,0,0,0,1,0,0.00,0.25,0.25,0.00,0.25
117,Fabrizio Angileri,ar ARG,DF,Getafe,es La Liga,29,1994,11,2,164,1.8,0,0,0,0,0,0,2,1,0.00,0.00,0.00,0.00,0.00
118,Jaidon Anthony,eng ENG,MF,Bournemouth,eng Premier League,23,1999,3,2,152,1.7,0,0,0,0,0,0,1,0,0.00,0.00,0.00,0.00,0.00
119,Waldemar Anton,de GER,DF,Stuttgart,de Bundesliga,27,1996,33,32,"2,886",32.1,0,3,3,0,0,0,7,0,0.00,0.09,0.09,0.00,0.09
120,Michail Antonio,jm JAM,FW,West Ham United,eng Premier League,33,1990,26,21,"1,695",18.8,6,2,8,6,0,0,6,0,0.32,0.11,0.42,0.32,0.42
121,Antony,br BRA,MF,Manchester Utd,eng Premier League,23,2000,29,15,"1,324",14.7,1,1,2,1,0,0,5,0,0.07,0.07,0.14,0.07,0.14
122,Christopher Antwi-Adjei,gh GHA,"FW,MF",Bochum,de Bundesliga,29,1994,25,11,"1,216",13.5,2,2,4,2,0,0,5,0,0.15,0.15,0.30,0.15,0.30
123,Houssem Aouar,dz ALG,"MF,FW",Roma,it Serie A,25,1998,16,9,756,8.4,4,0,4,4,0,0,3,0,0.48,0.00,0.48,0.48,0.48
124,Stredair Appuah,fr FRA,FW,Nantes,fr Ligue 1,19,2004,4,0,84,0.9,0,0,0,0,0,0,0,0,0.00,0.00,0.00,0.00,0.00
125,Mauro Arambarri,uy URU,MF,Getafe,es La Liga,27,1995,7,3,339,3.8,0,0,0,0,0,0,2,0,0.00,0.00,0.00,0.00,0.00
126,Jon Aramburu,ve VEN,"DF,MF",Real Sociedad,es La Liga,21,2002,11,5,543,6.0,0,0,0,0,0,0,3,0,0.00,0.00,0.00,0.00,0.00
127,Asaf Arania,il ISR,FW,Darmstadt 98,de Bundesliga,17,2005,1,0,6,0.1,0,0,0,0,0,0,0,0,0.00,0.00,0.00,0.00,0.00
128,Julian Araujo,mx MEX,DF,Las Palmas,es La Liga,21,2001,25,15,"1,462",16.2,1,0,1,1,0,0,5,0,0.06,0.00,0.06,0.06,0.06
129,Ronald Araújo,uy URU,DF,Barcelona,es La Liga,24,1999,25,21,"1,997",22.2,1,2,3,1,0,0,6,0,0.05,0.09,0.14,0.05,0.14
130,Player,Nation,Pos,Squad,Comp,Age,Born,MP,Starts,Min,90s,Gls,Ast,G+A,G-PK,PK,PKatt,CrdY,CrdR,Gls,Ast,G+A,G-PK,G+A-PK
131,Oliver Arblaster,eng ENG,MF,Sheffield United,eng Premier League,19,2004,12,11,943,10.5,0,0,0,0,0,0,2,0,0.00,0.00,0.00,0.00,0.00
132,Cameron Archer,eng ENG,"FW,MF",Sheffield United,eng Premier League,22,2001,29,21,"1,832",20.4,4,1,5,4,0,0,1,0,0.20,0.05,0.25,0.20,0.25
133,Cameron Archer,eng ENG,FW,Aston Villa,eng Premier League,22,2001,1,0,6,0.1,0,0,0,0,0,0,1,0,0.00,0.00,0.00,0.00,0.00
134,Alphonse Areola,fr FRA,GK,West Ham United,eng Premier League,30,1993,31,31,"2,699",30.0,0,0,0,0,0,0,1,0,0.00,0.00,0.00,0.00,0.00
135,Adu Ares,es ESP,MF,Athletic Club,es La Liga,21,2001,12,2,265,2.9,0,0,0,0,0,0,2,0,0.00,0.00,0.00,0.00,0.00
136,Jesús Areso,es ESP,"DF,MF",Osasuna,es La Liga,24,1999,37,29,"2,660",29.6,1,6,7,1,0,0,3,0,0.03,0.20,0.24,0.03,0.24
137,Simone Aresti,it ITA,GK,Cagliari,it Serie A,37,1986,1,0,1,0.0,0,0,0,0,0,0,0,0,0.00,0.00,0.00,0.00,0.00
138,Matias Arezo,uy URU,FW,Granada,es La Liga,20,2002,14,3,369,4.1,0,0,0,0,0,0,1,0,0.00,0.00,0.00,0.00,0.00
139,Iñigo Arguibide,es ESP,FW,Osasuna,es La Liga,18,2005,1,0,17,0.2,0,0,0,0,0,0,0,0,0.00,0.00,0.00,0.00,0.00
140,Yoël Armougom,fr FRA,"MF,DF",Clermont Foot,fr Ligue 1,25,1998,5,2,234,2.6,0,0,0,0,0,0,1,0,0.00,0.00,0.00,0.00,0.00
141,José Arnaiz,es ESP,"FW,MF",Osasuna,es La Liga,28,1995,26,9,929,10.3,2,1,3,2,0,0,3,0,0.19,0.10,0.29,0.19,0.29
142,Marko Arnautović,at AUT,FW,Inter,it Serie A,34,1989,27,5,801,8.9,5,3,8,5,0,0,0,0,0.56,0.34,0.90,0.56,0.90
143,Maximilian Arnold,de GER,MF,Wolfsburg,de Bundesliga,29,1994,30,27,"2,506",27.8,2,1,3,2,0,0,9,0,0.07,0.04,0.11,0.07,0.11
144,Mohamed El Arouch,fr FRA,MF,Lyon,fr Ligue 1,19,2004,1,0,2,0.0,0,0,0,0,0,0,0,0,0.00,0.00,0.00,0.00,0.00
145,Sergio Arribas,es ESP,"MF,FW",Almería,es La Liga,21,2001,34,22,"2,047",22.7,9,4,13,9,0,0,1,0,0.40,0.18,0.57,0.40,0.57
146,Kepa Arrizabalaga,es ESP,GK,Real Madrid,es La Liga,28,1994,14,13,"1,198",13.3,0,0,0,0,0,0,1,0,0.00,0.00,0.00,0.00,0.00
147,Arthur,br BRA,MF,Leverkusen,de Bundesliga,20,2003,4,2,184,2.0,0,2,2,0,0,0,0,0,0.00,0.98,0.98,0.00,0.98
148,Takuma Asano,jp JPN,"FW,MF",Bochum,de Bundesliga,28,1994,29,26,"1,986",22.1,6,1,7,6,0,0,2,0,0.27,0.05,0.32,0.27,0.32
149,Marco Asensio,es ESP,"MF,FW",Paris Saint-Germain,fr Ligue 1,27,1996,19,13,"1,113",12.4,4,5,9,4,0,0,0,0,0.32,0.40,0.73,0.32,0.73
150,Kristjan Asllani,al ALB,MF,Inter,it Serie A,21,2002,23,6,787,8.7,1,2,3,1,0,0,1,0,0.11,0.23,0.34,0.11,0.34
151,Joel Asoro,se SWE,"MF,FW",Metz,fr Ligue 1,24,1999,20,10,848,9.4,2,1,3,2,0,0,2,0,0.21,0.11,0.32,0.21,0.32
152,Jonathan Asp Jensen,dk DEN,MF,Bayern Munich,de Bundesliga,17,2006,1,0,1,0.0,0,0,0,0,0,0,0,0,0.00,0.00,0.00,0.00,0.00
153,Iago Aspas,es ESP,FW,Celta Vigo,es La Liga,35,1987,35,31,"2,707",30.1,9,10,19,6,3,5,6,1,0.30,0.33,0.63,0.20,0.53
154,Lorenz Assignon,tg TOG,DF,Burnley,eng Premier League,23,2000,15,15,"1,234",13.7,1,2,3,1,0,0,5,1,0.07,0.15,0.22,0.07,0.22
155,Lorenz Assignon,tg TOG,DF,Rennes,fr Ligue 1,23,2000,14,12,"1,011",11.2,1,1,2,1,0,0,4,0,0.09,0.09,0.18,0.09,0.18
156,Player,Nation,Pos,Squad,Comp,Age,Born,MP,Starts,Min,90s,Gls,Ast,G+A,G-PK,PK,PKatt,CrdY,CrdR,Gls,Ast,G+A,G-PK,G+A-PK
157,Youcef Atal,dz ALG,DF,Nice,fr Ligue 1,27,1996,6,5,359,4.0,1,0,1,1,0,0,2,0,0.25,0.00,0.25,0.25,0.25
158,Valentin Atangana Edoa,fr FRA,MF,Reims,fr Ligue 1,17,2005,15,7,555,6.2,0,0,0,0,0,0,0,0,0.00,0.00,0.00,0.00,0.00
159,Arthur Atta,fr FRA,MF,Metz,fr Ligue 1,20,2003,21,10,924,10.3,1,2,3,1,0,0,0,0,0.10,0.19,0.29,0.10,0.29
160,Noah Atubolu,de GER,GK,Freiburg,de Bundesliga,21,2002,34,34,"3,060",34.0,0,0,0,0,0,0,0,0,0.00,0.00,0.00,0.00,0.00
161,Pierre-Emerick Aubameyang,ga GAB,FW,Marseille,fr Ligue 1,34,1989,34,30,"2,622",29.1,17,8,25,13,4,4,4,0,0.58,0.27,0.86,0.45,0.72
162,Emil Audero,id IDN,GK,Inter,it Serie A,26,1997,4,4,337,3.7,0,0,0,0,0,0,0,0,0.00,0.00,0.00,0.00,0.00
163,Tommaso Augello,it ITA,"DF,MF",Cagliari,it Serie A,28,1994,32,28,"2,418",26.9,1,1,2,1,0,0,5,0,0.04,0.04,0.07,0.04,0.07
164,Carlos Augusto,br BRA,"MF,DF",Inter,it Serie A,24,1999,37,14,"1,725",19.2,0,3,3,0,0,0,1,0,0.00,0.16,0.16,0.00,0.16
165,Yann Aurel Bisseck,de GER,DF,Inter,it Serie A,22,2000,16,9,904,10.0,2,0,2,2,0,0,0,0,0.20,0.00,0.20,0.20,0.20
166,Serge Aurier,ci CIV,"DF,MF",Nottingham Forest,eng Premier League,30,1992,12,10,833,9.3,0,2,2,0,0,0,2,0,0.00,0.22,0.22,0.00,0.22
167,Ezequiel Ávila,ar ARG,"FW,MF",Osasuna,es La Liga,29,1994,17,10,864,9.6,1,3,4,1,0,0,3,2,0.10,0.31,0.42,0.10,0.42
168,Ezequiel Ávila,ar ARG,"MF,FW",Real Betis,es La Liga,29,1994,6,4,298,3.3,1,0,1,1,0,0,4,1,0.30,0.00,0.30,0.30,0.30
169,Taiwo Awoniyi,ng NGA,FW,Nottingham Forest,eng Premier League,25,1997,20,12,"1,042",11.6,6,3,9,6,0,0,2,0,0.52,0.26,0.78,0.52,0.78
170,André Ayew,gh GHA,"FW,MF",Le Havre,fr Ligue 1,33,1989,19,12,"1,104",12.3,5,0,5,5,0,0,2,1,0.41,0.00,0.41,0.41,0.41
171,Jordan Ayew,gh GHA,"MF,FW",Crystal Palace,eng Premier League,31,1991,35,30,"2,543",28.3,4,7,11,4,0,0,9,1,0.14,0.25,0.39,0.14,0.39
172,Neil El Aynaoui,ma MAR,MF,Lens,fr Ligue 1,22,2001,25,17,"1,566",17.4,1,2,3,1,0,0,1,0,0.06,0.11,0.17,0.06,0.17
173,Sardar Azmoun,ir IRN,"FW,MF",Roma,it Serie A,28,1995,23,3,585,6.5,3,0,3,3,0,0,4,0,0.46,0.00,0.46,0.46,0.46
174,César Azpilicueta,es ESP,"DF,MF",Atlético Madrid,es La Liga,33,1989,25,14,"1,423",15.8,0,2,2,0,0,0,4,0,0.00,0.13,0.13,0.00,0.13
175,Paulo Azzi,br BRA,"MF,DF",Cagliari,it Serie A,29,1994,25,9,950,10.6,0,0,0,0,0,0,1,0,0.00,0.00,0.00,0.00,0.00
176,Oussama El Azzouzi,ma MAR,MF,Bologna,it Serie A,22,2001,18,5,547,6.1,2,2,4,2,0,0,4,0,0.33,0.33,0.66,0.33,0.66
177,Abdellah Baallal,ma MAR,FW,Clermont Foot,fr Ligue 1,18,2004,1,0,4,0.0,0,0,0,0,0,0,0,0,0.00,0.00,0.00,0.00,0.00
178,Iddrisu Baba,gh GHA,MF,Almería,es La Liga,27,1996,25,14,"1,430",15.9,0,0,0,0,0,0,5,0,0.00,0.00,0.00,0.00,0.00
179,Srđan Babić,rs SRB,DF,Almería,es La Liga,27,1996,1,1,90,1.0,0,0,0,0,0,0,0,0,0.00,0.00,0.00,0.00,0.00
180,Shavy Babicka,ga GAB,"MF,FW",Toulouse,fr Ligue 1,23,2000,12,4,373,4.1,1,0,1,1,0,0,0,0,0.24,0.00,0.24,0.24,0.24
181,Aliou Badara Baldé,gn GUI,FW,Nice,fr Ligue 1,20,2002,7,0,69,0.8,0,0,0,0,0,0,0,0,0.00,0.00,0.00,0.00,0.00
182,Player,Nation,Pos,Squad,Comp,Age,Born,MP,Starts,Min,90s,Gls,Ast,G+A,G-PK,PK,PKatt,CrdY,CrdR,Gls,Ast,G+A,G-PK,G+A-PK
183,Loïc Bade,fr FRA,DF,Sevilla,es La Liga,23,2000,28,27,"2,277",25.3,0,1,1,0,0,0,5,1,0.00,0.04,0.04,0.00,0.04
184,Milan Badelj,hr CRO,MF,Genoa,it Serie A,34,1989,33,32,"2,535",28.2,1,3,4,1,0,0,6,0,0.04,0.11,0.14,0.04,0.14
185,Matthias Bader,de GER,"MF,DF",Darmstadt 98,de Bundesliga,26,1997,24,21,"1,802",20.0,1,2,3,1,0,0,1,0,0.05,0.10,0.15,0.05,0.15
186,Benoît Badiashile,fr FRA,DF,Chelsea,eng Premier League,22,2001,18,15,"1,338",14.9,0,1,1,0,0,0,3,0,0.00,0.07,0.07,0.00,0.07
187,Alex Baena,es ESP,"MF,FW",Villarreal,es La Liga,22,2001,34,33,"2,579",28.7,2,14,16,2,0,1,11,1,0.07,0.49,0.56,0.07,0.56
188,Jaime Báez,uy URU,"MF,FW",Frosinone,it Serie A,28,1995,11,6,500,5.6,1,0,1,1,0,0,1,0,0.18,0.00,0.18,0.18,0.18
189,Nicola Bagnolini,it ITA,GK,Bologna,it Serie A,19,2004,1,0,5,0.1,0,0,0,0,0,0,0,0,0.00,0.00,0.00,0.00,0.00
190,Leon Bailey,jm JAM,MF,Aston Villa,eng Premier League,25,1997,35,22,"2,068",23.0,10,9,19,10,0,0,5,0,0.44,0.39,0.83,0.44,0.83
191,Eric Bailly,ci CIV,DF,Villarreal,es La Liga,29,1994,10,9,839,9.3,0,0,0,0,0,0,4,0,0.00,0.00,0.00,0.00,0.00
192,Stefan Bajcetic,es ESP,MF,Liverpool,eng Premier League,18,2004,1,0,26,0.3,0,0,0,0,0,0,0,0,0.00,0.00,0.00,0.00,0.00
193,Nedim Bajrami,al ALB,"MF,FW",Sassuolo,it Serie A,24,1999,28,15,"1,310",14.6,2,2,4,2,0,0,0,0,0.14,0.14,0.27,0.14,0.27
194,Cédric Bakambu,cd COD,FW,Real Betis,es La Liga,32,1991,4,2,194,2.2,0,0,0,0,0,0,1,0,0.00,0.00,0.00,0.00,0.00
195,Tiemoué Bakayoko,fr FRA,MF,Lorient,fr Ligue 1,28,1994,20,15,"1,314",14.6,2,1,3,2,0,0,5,0,0.14,0.07,0.21,0.14,0.21
196,Mitchel Bakker,nl NED,MF,Atalanta,it Serie A,23,2000,14,3,382,4.2,1,0,1,1,0,0,1,0,0.24,0.00,0.24,0.24,0.24
197,Ridle Baku,de GER,"MF,DF",Wolfsburg,de Bundesliga,25,1998,33,22,"2,013",22.4,1,0,1,1,0,0,4,0,0.04,0.00,0.04,0.04,0.04
198,Dilane Bakwa,fr FRA,"MF,FW",Strasbourg,fr Ligue 1,20,2002,31,25,"2,177",24.2,3,6,9,3,0,0,4,1,0.12,0.25,0.37,0.12,0.37
199,Tommaso Baldanzi,it ITA,"MF,FW",Empoli,it Serie A,20,2003,14,8,745,8.3,2,0,2,2,0,0,1,0,0.24,0.00,0.24,0.24,0.24
200,Tommaso Baldanzi,it ITA,"MF,FW",Roma,it Serie A,20,2003,13,6,518,5.8,0,0,0,0,0,0,2,0,0.00,0.00,0.00,0.00,0.00
201,Alejandro Balde,es ESP,"DF,MF",Barcelona,es La Liga,19,2003,18,15,"1,378",15.3,0,1,1,0,0,0,1,0,0.00,0.07,0.07,0.00,0.07
202,George Baldock,gr GRE,"DF,MF",Sheffield United,eng Premier League,30,1993,13,11,969,10.8,0,1,1,0,0,0,4,0,0.00,0.09,0.09,0.00,0.09
203,Carlos Baleba,cm CMR,MF,Brighton,eng Premier League,19,2004,27,15,"1,325",14.7,0,0,0,0,0,0,7,0,0.00,0.00,0.00,0.00,0.00
204,Carlos Baleba,cm CMR,MF,Lille,fr Ligue 1,19,2004,2,1,61,0.7,0,0,0,0,0,0,0,0,0.00,0.00,0.00,0.00,0.00
205,Leonardo Balerdi,ar ARG,DF,Marseille,fr Ligue 1,24,1999,27,26,"2,271",25.2,2,0,2,2,0,0,6,1,0.08,0.00,0.08,0.08,0.08
206,Iván Balliu,al ALB,DF,Rayo Vallecano,es La Liga,31,1992,33,32,"2,873",31.9,0,1,1,0,0,0,4,0,0.00,0.03,0.03,0.00,0.03
207,Fodé Ballo-Touré,sn SEN,"DF,MF",Fulham,eng Premier League,26,1997,6,0,71,0.8,0,0,0,0,0,0,1,0,0.00,0.00,0.00,0.00,0.00
208,Player,Nation,Pos,Squad,Comp,Age,Born,MP,Starts,Min,90s,Gls,Ast,G+A,G-PK,PK,PKatt,CrdY,CrdR,Gls,Ast,G+A,G-PK,G+A-PK
209,Folarin Balogun,us USA,FW,Monaco,fr Ligue 1,22,2001,29,19,"1,692",18.8,7,5,12,7,0,3,1,0,0.37,0.27,0.64,0.37,0.64
210,Jonathan Bamba,ci CIV,"MF,FW",Celta Vigo,es La Liga,27,1996,27,24,"1,981",22.0,3,2,5,3,0,0,0,0,0.14,0.09,0.23,0.14,0.23
211,Mohamed Bamba,ci CIV,FW,Lorient,fr Ligue 1,21,2001,16,14,"1,138",12.6,8,3,11,7,1,1,3,0,0.63,0.24,0.87,0.55,0.79
212,Samuel Bamba,de GER,FW,Dortmund,de Bundesliga,19,2004,2,0,47,0.5,0,0,0,0,0,0,0,0,0.00,0.00,0.00,0.00,0.00
213,Lameck Banda,zm ZAM,"FW,MF",Lecce,it Serie A,22,2001,21,17,"1,350",15.0,2,4,6,2,0,0,5,1,0.13,0.27,0.40,0.13,0.40
214,Daniel Bandeira,pt POR,MF,Hellas Verona,it Serie A,23,2000,14,3,446,5.0,0,0,0,0,0,0,2,0,0.00,0.00,0.00,0.00,0.00
215,Mamady Bangré,bf BFA,MF,Toulouse,fr Ligue 1,22,2001,8,0,101,1.1,0,1,1,0,0,0,2,0,0.00,0.89,0.89,0.00,0.89
216,Mattia Bani,it ITA,DF,Genoa,it Serie A,29,1993,27,27,"2,306",25.6,2,0,2,2,0,0,9,0,0.08,0.00,0.08,0.08,0.08
217,Léo Baptistão,br BRA,"FW,MF",Almería,es La Liga,30,1992,32,22,"1,837",20.4,6,0,6,6,0,0,6,1,0.29,0.00,0.29,0.29,0.29
218,Shandon Baptiste,gd GRN,MF,Brentford,eng Premier League,25,1998,10,2,229,2.5,1,1,2,1,0,0,1,0,0.39,0.39,0.79,0.39,0.79
219,Antonín Barák,cz CZE,"MF,FW",Fiorentina,it Serie A,28,1994,21,8,808,9.0,2,3,5,2,0,0,2,0,0.22,0.33,0.56,0.22,0.56
220,Valentín Barco,ar ARG,DF,Brighton,eng Premier League,19,2004,6,3,307,3.4,0,0,0,0,0,0,1,0,0.00,0.00,0.00,0.00,0.00
221,Bradley Barcola,fr FRA,MF,Lyon,fr Ligue 1,20,2002,3,3,270,3.0,0,0,0,0,0,0,1,0,0.00,0.00,0.00,0.00,0.00
222,Bradley Barcola,fr FRA,"FW,MF",Paris Saint-Germain,fr Ligue 1,20,2002,25,18,"1,370",15.2,4,7,11,4,0,0,3,1,0.26,0.46,0.72,0.26,0.72
223,Melvin Bard,fr FRA,DF,Nice,fr Ligue 1,22,2000,32,31,"2,654",29.5,1,2,3,1,0,0,7,1,0.03,0.07,0.10,0.03,0.10
224,Nicolò Barella,it ITA,MF,Inter,it Serie A,26,1997,37,34,"2,846",31.6,2,3,5,2,0,0,7,0,0.06,0.09,0.16,0.06,0.16
225,Kike Barja,es ESP,"FW,MF",Osasuna,es La Liga,26,1997,16,3,303,3.4,0,0,0,0,0,0,3,0,0.00,0.00,0.00,0.00,0.00
226,Ross Barkley,eng ENG,MF,Luton Town,eng Premier League,29,1993,32,30,"2,618",29.1,5,4,9,5,0,0,6,0,0.17,0.14,0.31,0.17,0.31
227,Aymen Barkok,ma MAR,MF,Mainz 05,de Bundesliga,25,1998,13,1,321,3.6,1,0,1,1,0,1,2,0,0.28,0.00,0.28,0.28,0.28
228,Harvey Barnes,eng ENG,"FW,MF",Newcastle United,eng Premier League,25,1997,21,7,802,8.9,5,3,8,5,0,0,2,0,0.56,0.34,0.90,0.56,0.90
229,Leandro Barreiro Martins,lu LUX,MF,Mainz 05,de Bundesliga,23,2000,31,29,"2,606",29.0,4,1,5,4,0,0,8,0,0.14,0.03,0.17,0.14,0.17
230,Enzo Barrenechea,ar ARG,MF,Frosinone,it Serie A,22,2001,36,32,"2,811",31.2,0,1,1,0,0,0,10,0,0.00,0.03,0.03,0.00,0.03
231,Ander Barrenetxea,es ESP,"MF,FW",Real Sociedad,es La Liga,21,2001,29,20,"1,427",15.9,4,1,5,4,0,0,1,0,0.25,0.06,0.32,0.25,0.32
232,Pablo Barrios,es ESP,MF,Atlético Madrid,es La Liga,20,2003,24,17,"1,555",17.3,0,1,1,0,0,0,5,0,0.00,0.06,0.06,0.00,0.06
233,Davide Bartesaghi,it ITA,DF,Milan,it Serie A,17,2005,6,0,79,0.9,0,0,0,0,0,0,0,0,0.00,0.00,0.00,0.00,0.00
234,Player,Nation,Pos,Squad,Comp,Age,Born,MP,Starts,Min,90s,Gls,Ast,G+A,G-PK,PK,PKatt,CrdY,CrdR,Gls,Ast,G+A,G-PK,G+A-PK
235,Marc Bartra,es ESP,DF,Real Betis,es La Liga,32,1991,3,3,225,2.5,0,0,0,0,0,0,1,0,0.00,0.00,0.00,0.00,0.00
236,Federico Baschirotto,it ITA,DF,Lecce,it Serie A,26,1996,37,37,"3,294",36.6,0,1,1,0,0,0,3,1,0.00,0.03,0.03,0.00,0.03
237,Steven Baseya,fr FRA,DF,Strasbourg,fr Ligue 1,18,2005,2,0,6,0.1,0,0,0,0,0,0,0,0,0.00,0.00,0.00,0.00,0.00
238,Chris Basham,eng ENG,"DF,MF",Sheffield United,eng Premier League,35,1988,8,3,321,3.6,0,0,0,0,0,0,1,0,0.00,0.00,0.00,0.00,0.00
239,Toma Bašić,hr CRO,MF,Salernitana,it Serie A,26,1996,15,14,"1,162",12.9,0,0,0,0,0,0,5,0,0.00,0.00,0.00,0.00,0.00
240,Calvin Bassey,ng NGA,DF,Fulham,eng Premier League,23,1999,29,25,"2,303",25.6,1,0,1,1,0,0,6,1,0.04,0.00,0.04,0.04,0.04
241,Alessandro Bastoni,it ITA,DF,Inter,it Serie A,24,1999,28,28,"2,268",25.2,1,3,4,1,0,0,5,0,0.04,0.12,0.16,0.04,0.16
242,Simone Bastoni,it ITA,"MF,DF",Empoli,it Serie A,26,1996,16,9,745,8.3,1,0,1,1,0,0,3,0,0.12,0.00,0.12,0.12,0.12
243,Augusto Batalla,ar ARG,GK,Granada,es La Liga,27,1996,17,17,"1,530",17.0,0,0,0,0,0,0,3,0,0.00,0.00,0.00,0.00,0.00
244,Daniel Batz,de GER,GK,Mainz 05,de Bundesliga,32,1991,4,4,360,4.0,0,0,0,0,0,0,0,0,0.00,0.00,0.00,0.00,0.00
245,Maximilian Bauer,de GER,DF,Augsburg,de Bundesliga,23,2000,14,9,810,9.0,1,0,1,1,0,0,3,0,0.11,0.00,0.11,0.11,0.11
246,Elias Baum,de GER,DF,Eintracht Frankfurt,de Bundesliga,17,2005,4,0,28,0.3,0,0,0,0,0,0,0,0,0.00,0.00,0.00,0.00,0.00
247,Oliver Baumann,de GER,GK,Hoffenheim,de Bundesliga,33,1990,34,34,"3,060",34.0,0,1,1,0,0,0,1,0,0.00,0.03,0.03,0.00,0.03
248,Christoph Baumgartner,at AUT,"MF,FW",RB Leipzig,de Bundesliga,23,1999,32,11,"1,158",12.9,5,1,6,5,0,0,3,0,0.39,0.08,0.47,0.39,0.47
249,Bebé,cv CPV,"FW,MF",Rayo Vallecano,es La Liga,33,1990,19,0,212,2.4,2,0,2,1,1,1,1,0,0.85,0.00,0.85,0.42,0.42
250,Ihlas Bebou,tg TOG,"FW,MF",Hoffenheim,de Bundesliga,29,1994,32,16,"1,636",18.2,7,5,12,7,0,0,3,0,0.39,0.28,0.66,0.39,0.66
251,Mohamed Bechikh,fr FRA,FW,Strasbourg,fr Ligue 1,18,2005,2,0,14,0.2,0,0,0,0,0,0,0,0,0.00,0.00,0.00,0.00,0.00
252,Adrian Beck,de GER,MF,Heidenheim,de Bundesliga,26,1997,23,11,974,10.8,1,1,2,1,0,0,1,0,0.09,0.09,0.18,0.09,0.18
253,Owen Beck,wls WAL,"DF,MF",Liverpool,eng Premier League,20,2002,1,0,8,0.1,0,0,0,0,0,0,0,0,0.00,0.00,0.00,0.00,0.00
254,Sheraldo Becker,sr SUR,"FW,MF",Real Sociedad,es La Liga,28,1995,15,8,771,8.6,2,2,4,2,0,0,1,0,0.23,0.23,0.47,0.23,0.47
255,Sheraldo Becker,sr SUR,"FW,MF",Union Berlin,de Bundesliga,28,1995,11,7,645,7.2,0,1,1,0,0,0,0,0,0.00,0.14,0.14,0.00,0.14
256,Chris Bedia,ci CIV,FW,Union Berlin,de Bundesliga,27,1996,7,0,145,1.6,1,0,1,1,0,0,0,0,0.62,0.00,0.62,0.62,0.62
257,Donny van de Beek,nl NED,MF,Manchester Utd,eng Premier League,26,1997,1,0,3,0.0,0,0,0,0,0,0,0,0,0.00,0.00,0.00,0.00,0.00
258,Donny van de Beek,nl NED,"MF,FW",Eintracht Frankfurt,de Bundesliga,26,1997,8,4,357,4.0,0,0,0,0,0,0,1,0,0.00,0.00,0.00,0.00,0.00
259,Yanis Begraoui,ma MAR,"FW,MF",Toulouse,fr Ligue 1,22,2001,14,3,300,3.3,0,0,0,0,0,0,0,0,0.00,0.00,0.00,0.00,0.00
260,Player,Nation,Pos,Squad,Comp,Age,Born,MP,Starts,Min,90s,Gls,Ast,G+A,G-PK,PK,PKatt,CrdY,CrdR,Gls,Ast,G+A,G-PK,G+A-PK
261,Kevin Behrens,de GER,FW,Wolfsburg,de Bundesliga,32,1991,13,7,616,6.8,1,1,2,1,0,0,1,0,0.15,0.15,0.29,0.15,0.29
262,Kevin Behrens,de GER,FW,Union Berlin,de Bundesliga,32,1991,18,14,"1,262",14.0,4,0,4,4,0,0,3,0,0.29,0.00,0.29,0.29,0.29
263,Maximilian Beier,de GER,"FW,MF",Hoffenheim,de Bundesliga,20,2002,33,29,"2,420",26.9,16,1,17,16,0,0,0,0,0.60,0.04,0.63,0.60,0.63
264,Jérémie Bela,ao ANG,MF,Clermont Foot,fr Ligue 1,30,1993,12,1,203,2.3,0,0,0,0,0,0,0,0,0.00,0.00,0.00,0.00,0.00
265,Reda Belahyane,ma MAR,MF,Hellas Verona,it Serie A,19,2004,2,1,90,1.0,0,0,0,0,0,0,0,0,0.00,0.00,0.00,0.00,0.00
266,Reda Belahyane,ma MAR,MF,Nice,fr Ligue 1,19,2004,1,0,27,0.3,0,0,0,0,0,0,0,0,0.00,0.00,0.00,0.00,0.00
267,Amari'i Bell,jm JAM,DF,Luton Town,eng Premier League,29,1994,21,21,"1,720",19.1,0,0,0,0,0,0,0,0,0.00,0.00,0.00,0.00,0.00
268,Stefan Bell,de GER,DF,Mainz 05,de Bundesliga,31,1991,10,8,666,7.4,0,0,0,0,0,0,3,0,0.00,0.00,0.00,0.00,0.00
269,Alaa Bellaarouch,ma MAR,GK,Strasbourg,fr Ligue 1,21,2002,15,15,"1,350",15.0,0,0,0,0,0,0,1,0,0.00,0.00,0.00,0.00,0.00
270,Raoul Bellanova,it ITA,MF,Torino,it Serie A,23,2000,37,36,"3,046",33.8,1,7,8,1,0,0,5,0,0.03,0.21,0.24,0.03,0.24
271,Jean-Ricner Bellegarde,ht HAI,"MF,FW",Wolves,eng Premier League,25,1998,22,10,958,10.6,2,1,3,2,0,0,0,1,0.19,0.09,0.28,0.19,0.28
272,Jean-Ricner Bellegarde,ht HAI,"MF,FW",Strasbourg,fr Ligue 1,25,1998,3,3,269,3.0,2,2,4,2,0,0,2,0,0.67,0.67,1.34,0.67,1.34
273,Héctor Bellerín,es ESP,DF,Real Betis,es La Liga,28,1995,23,20,"1,711",19.0,0,1,1,0,0,0,0,1,0.00,0.05,0.05,0.00,0.05
274,Jude Bellingham,eng ENG,"MF,FW",Real Madrid,es La Liga,20,2003,28,27,"2,315",25.7,19,6,25,18,1,1,5,1,0.74,0.23,0.97,0.70,0.93
275,Jeanuël Belocian,fr FRA,DF,Rennes,fr Ligue 1,18,2005,23,16,"1,448",16.1,0,1,1,0,0,0,0,0,0.00,0.06,0.06,0.00,0.06
276,Andrea Belotti,it ITA,FW,Fiorentina,it Serie A,29,1993,15,11,949,10.5,3,0,3,3,0,0,0,0,0.28,0.00,0.28,0.28,0.28
277,Andrea Belotti,it ITA,FW,Roma,it Serie A,29,1993,14,6,679,7.5,3,2,5,3,0,0,1,0,0.40,0.27,0.66,0.40,0.66
278,Fran Beltrán,es ESP,MF,Celta Vigo,es La Liga,24,1999,33,28,"2,428",27.0,0,0,0,0,0,0,2,0,0.00,0.00,0.00,0.00,0.00
279,Lucas Beltrán,ar ARG,"FW,MF",Fiorentina,it Serie A,22,2001,32,21,"1,692",18.8,6,2,8,5,1,1,6,0,0.32,0.11,0.43,0.27,0.37
280,Eliesse Ben Seghir,ma MAR,"MF,FW",Monaco,fr Ligue 1,18,2005,13,4,428,4.8,2,1,3,2,0,0,0,1,0.42,0.21,0.63,0.42,0.63
281,Anis Ben Slimane,tn TUN,MF,Sheffield United,eng Premier League,22,2001,15,4,419,4.7,0,0,0,0,0,0,2,0,0.00,0.00,0.00,0.00,0.00
282,Wissam Ben Yedder,fr FRA,FW,Monaco,fr Ligue 1,32,1990,32,26,"2,316",25.7,16,2,18,15,1,1,2,0,0.62,0.08,0.70,0.58,0.66
283,Carlos Benavídez,uy URU,MF,Alavés,es La Liga,25,1998,29,10,"1,136",12.6,3,1,4,3,0,0,5,0,0.24,0.08,0.32,0.24,0.32
284,Ismaël Bennacer,dz ALG,MF,Milan,it Serie A,25,1997,20,13,"1,151",12.8,2,2,4,1,1,1,2,0,0.16,0.16,0.31,0.08,0.23
285,Saïd Benrahma,dz ALG,MF,West Ham United,eng Premier League,27,1995,13,5,620,6.9,0,1,1,0,0,1,1,0,0.00,0.15,0.15,0.00,0.15
286,Player,Nation,Pos,Squad,Comp,Age,Born,MP,Starts,Min,90s,Gls,Ast,G+A,G-PK,PK,PKatt,CrdY,CrdR,Gls,Ast,G+A,G-PK,G+A-PK
287,Saïd Benrahma,dz ALG,"FW,MF",Lyon,fr Ligue 1,27,1995,12,10,770,8.6,3,3,6,3,0,0,2,0,0.35,0.35,0.70,0.35,0.70
288,Ramy Bensebaini,dz ALG,DF,Dortmund,de Bundesliga,28,1995,17,11,"1,033",11.5,0,0,0,0,0,0,4,1,0.00,0.00,0.00,0.00,0.00
289,Nabil Bentaleb,dz ALG,MF,Lille,fr Ligue 1,28,1994,26,23,"1,967",21.9,0,3,3,0,0,0,7,0,0.00,0.14,0.14,0.00,0.14
290,Rodrigo Bentancur,uy URU,MF,Tottenham Hotspur,eng Premier League,26,1997,23,13,"1,005",11.2,1,1,2,1,0,0,7,0,0.09,0.09,0.18,0.09,0.18
291,Daniel Bentley,eng ENG,GK,Wolves,eng Premier League,30,1993,5,3,383,4.3,0,0,0,0,0,0,0,0,0.00,0.00,0.00,0.00,0.00
292,Lucas Beraldo,br BRA,DF,Paris Saint-Germain,fr Ligue 1,19,2003,13,12,"1,008",11.2,1,0,1,1,0,0,4,1,0.09,0.00,0.09,0.09,0.09
293,Domenico Berardi,it ITA,"MF,FW",Sassuolo,it Serie A,28,1994,17,17,"1,431",15.9,9,3,12,4,5,5,6,0,0.57,0.19,0.75,0.25,0.44
294,Yuri Berchiche,es ESP,DF,Athletic Club,es La Liga,33,1990,27,22,"1,930",21.4,3,1,4,3,0,0,5,0,0.14,0.05,0.19,0.14,0.19
295,Álex Berenguer,es ESP,MF,Athletic Club,es La Liga,28,1995,35,15,"1,592",17.7,7,3,10,6,1,1,4,0,0.40,0.17,0.57,0.34,0.51
296,Bartosz Bereszyński,pl POL,DF,Empoli,it Serie A,31,1992,24,22,"1,762",19.6,0,1,1,0,0,0,3,0,0.00,0.05,0.05,0.00,0.05
297,Jóhann Berg Guðmundsson,is ISL,MF,Burnley,eng Premier League,32,1990,26,12,"1,192",13.2,1,3,4,1,0,0,2,0,0.08,0.23,0.30,0.08,0.30
298,Sander Berge,no NOR,MF,Burnley,eng Premier League,25,1998,37,34,"3,005",33.4,1,2,3,1,0,0,10,1,0.03,0.06,0.09,0.03,0.09
299,Etrit Berisha,al ALB,GK,Empoli,it Serie A,34,1989,14,14,"1,260",14.0,0,0,0,0,0,0,0,0,0.00,0.00,0.00,0.00,0.00
300,Medon Berisha,al ALB,MF,Lecce,it Serie A,19,2003,6,2,205,2.3,0,0,0,0,0,0,0,0,0.00,0.00,0.00,0.00,0.00
301,Mergim Berisha,de GER,FW,Hoffenheim,de Bundesliga,25,1998,6,0,144,1.6,0,0,0,0,0,0,0,0,0.00,0.00,0.00,0.00,0.00
302,Mergim Berisha,de GER,FW,Augsburg,de Bundesliga,25,1998,2,2,122,1.4,0,0,0,0,0,0,0,0,0.00,0.00,0.00,0.00,0.00
303,Bernardo,br BRA,DF,Bochum,de Bundesliga,28,1995,33,33,"2,924",32.5,1,0,1,1,0,0,9,0,0.03,0.00,0.03,0.03,0.03
304,Victor Bernth Kristiansen,dk DEN,DF,Bologna,it Serie A,20,2002,32,26,"2,307",25.6,0,3,3,0,0,0,4,0,0.00,0.12,0.12,0.00,0.12
305,Matúš Bero,sk SVK,"MF,FW",Bochum,de Bundesliga,27,1995,24,20,"1,661",18.5,1,1,2,1,0,0,6,0,0.05,0.05,0.11,0.05,0.11
306,Luke Berry,eng ENG,MF,Luton Town,eng Premier League,31,1992,17,2,323,3.6,2,1,3,2,0,0,1,0,0.56,0.28,0.84,0.56,0.84
307,Dimitry Bertaud,cd COD,GK,Montpellier,fr Ligue 1,25,1998,4,4,360,4.0,0,0,0,0,0,0,0,0,0.00,0.00,0.00,0.00,0.00
308,Jan-Niklas Beste,de GER,MF,Heidenheim,de Bundesliga,24,1999,31,31,"2,603",28.9,8,11,19,8,0,1,4,0,0.28,0.38,0.66,0.28,0.66
309,Beto,gw GNB,FW,Everton,eng Premier League,25,1998,30,9,951,10.6,3,0,3,3,0,1,2,0,0.28,0.00,0.28,0.28,0.28
310,Beto,gw GNB,FW,Udinese,it Serie A,25,1998,1,1,74,0.8,0,0,0,0,0,0,0,0,0.00,0.00,0.00,0.00,0.00
311,Davide Bettella,it ITA,DF,Monza,it Serie A,23,2000,1,0,3,0.0,0,0,0,0,0,0,0,0,0.00,0.00,0.00,0.00,0.00
312,Player,Nation,Pos,Squad,Comp,Age,Born,MP,Starts,Min,90s,Gls,Ast,G+A,G-PK,PK,PKatt,CrdY,CrdR,Gls,Ast,G+A,G-PK,G+A-PK
313,Sam Beukema,nl NED,DF,Bologna,it Serie A,24,1998,30,29,"2,547",28.3,1,1,2,1,0,0,6,1,0.04,0.04,0.07,0.04,0.07
314,Jordan Beyer,de GER,DF,Burnley,eng Premier League,23,2000,15,15,"1,234",13.7,0,1,1,0,0,0,6,0,0.00,0.07,0.07,0.00,0.07
315,Pep Biel,es ESP,"FW,MF",Augsburg,de Bundesliga,26,1996,11,0,285,3.2,0,0,0,0,0,0,1,0,0.00,0.00,0.00,0.00,0.00
316,Jaka Bijol,si SVN,DF,Udinese,it Serie A,24,1999,24,23,"2,084",23.2,0,0,0,0,0,0,4,0,0.00,0.00,0.00,0.00,0.00
317,El Bilal Touré,ml MLI,FW,Atalanta,it Serie A,21,2001,11,3,394,4.4,2,0,2,2,0,0,2,0,0.46,0.00,0.46,0.46,0.46
318,Philip Billing,dk DEN,MF,Bournemouth,eng Premier League,27,1996,29,13,"1,398",15.5,2,2,4,2,0,0,3,1,0.13,0.13,0.26,0.13,0.26
319,Cristiano Biraghi,it ITA,DF,Fiorentina,it Serie A,30,1992,29,27,"2,356",26.2,2,5,7,2,0,1,8,0,0.08,0.19,0.27,0.08,0.27
320,Davide Biraschi,it ITA,DF,Genoa,it Serie A,29,1994,1,1,90,1.0,1,0,1,1,0,0,0,0,1.00,0.00,1.00,1.00,1.00
321,Samuele Birindelli,it ITA,"MF,DF",Monza,it Serie A,24,1999,35,22,"2,013",22.4,0,2,2,0,0,0,7,0,0.00,0.09,0.09,0.00,0.09
322,Tom Bischof,de GER,MF,Hoffenheim,de Bundesliga,18,2005,13,1,178,2.0,0,2,2,0,0,0,0,0,0.00,1.01,1.01,0.00,1.01
323,Yves Bissouma,ml MLI,MF,Tottenham Hotspur,eng Premier League,26,1996,28,26,"2,068",23.0,0,0,0,0,0,0,10,2,0.00,0.00,0.00,0.00,0.00
324,Leonardo Bittencourt,de GER,MF,Werder Bremen,de Bundesliga,29,1993,29,19,"1,578",17.5,1,2,3,1,0,0,9,0,0.06,0.11,0.17,0.06,0.17
325,Marco Bizot,nl NED,GK,Brest,fr Ligue 1,32,1991,32,32,"2,876",32.0,0,0,0,0,0,0,3,1,0.00,0.00,0.00,0.00,0.00
326,Antonio Blanco,es ESP,MF,Alavés,es La Liga,23,2000,33,29,"2,426",27.0,0,1,1,0,0,0,5,1,0.00,0.04,0.04,0.00,0.04
327,Rubén Blanco,es ESP,GK,Marseille,fr Ligue 1,28,1995,2,1,121,1.3,0,0,0,0,0,0,0,0,0.00,0.00,0.00,0.00,0.00
328,Hendry Blank,de GER,DF,Dortmund,de Bundesliga,18,2004,1,0,45,0.5,0,0,0,0,0,0,0,0,0.00,0.00,0.00,0.00,0.00
329,Ludovic Blas,fr FRA,"MF,FW",Rennes,fr Ligue 1,25,1997,29,18,"1,563",17.4,4,1,5,3,1,2,3,0,0.23,0.06,0.29,0.17,0.23
330,Janis Blaswich,de GER,GK,RB Leipzig,de Bundesliga,32,1991,21,21,"1,890",21.0,0,0,0,0,0,0,0,0,0.00,0.00,0.00,0.00,0.00
331,Alexis Blin,fr FRA,MF,Lecce,it Serie A,26,1996,31,16,"1,642",18.2,0,2,2,0,0,0,4,0,0.00,0.11,0.11,0.00,0.11
332,Daley Blind,nl NED,DF,Girona,es La Liga,33,1990,34,33,"2,972",33.0,1,2,3,1,0,0,6,0,0.03,0.06,0.09,0.03,0.09
333,Myron Boadu,nl NED,FW,Monaco,fr Ligue 1,22,2001,9,0,85,0.9,1,0,1,1,0,0,0,0,1.06,0.00,1.06,1.06,1.06
334,Benicio Boaitey,eng ENG,FW,Brighton,eng Premier League,19,2004,5,0,40,0.4,0,0,0,0,0,0,1,0,0.00,0.00,0.00,0.00,0.00
335,Jérôme Boateng,de GER,DF,Salernitana,it Serie A,34,1988,7,4,238,2.6,0,0,0,0,0,0,0,0,0.00,0.00,0.00,0.00,0.00
336,Oscar Bobb,no NOR,MF,Manchester City,eng Premier League,20,2003,14,2,302,3.4,1,1,2,1,0,0,0,0,0.30,0.30,0.60,0.30,0.60
337,Sacha Boey,fr FRA,MF,Bayern Munich,de Bundesliga,22,2000,2,1,109,1.2,0,0,0,0,0,0,1,0,0.00,0.00,0.00,0.00,0.00
338,Player,Nation,Pos,Squad,Comp,Age,Born,MP,Starts,Min,90s,Gls,Ast,G+A,G-PK,PK,PKatt,CrdY,CrdR,Gls,Ast,G+A,G-PK,G+A-PK
339,Jeremie Boga,ci CIV,"FW,MF",Nice,fr Ligue 1,26,1997,28,24,"1,998",22.2,6,6,12,6,0,0,1,0,0.27,0.27,0.54,0.27,0.54
340,Jayden Bogle,eng ENG,"MF,DF",Sheffield United,eng Premier League,23,2000,34,32,"2,788",31.0,3,0,3,3,0,0,9,0,0.10,0.00,0.10,0.10,0.10
341,Emil Bohinen,no NOR,MF,Genoa,it Serie A,24,1999,5,0,56,0.6,0,0,0,0,0,0,0,0,0.00,0.00,0.00,0.00,0.00
342,Emil Bohinen,no NOR,MF,Salernitana,it Serie A,24,1999,12,7,535,5.9,0,0,0,0,0,0,1,0,0.00,0.00,0.00,0.00,0.00
343,Adama Bojang,gm GAM,FW,Reims,fr Ligue 1,19,2004,9,0,83,0.9,0,0,0,0,0,0,1,0,0.00,0.00,0.00,0.00,0.00
344,Daniel Boloca,ro ROU,MF,Sassuolo,it Serie A,24,1998,30,23,"2,022",22.5,1,0,1,1,0,0,6,1,0.04,0.00,0.04,0.04,0.04
345,Willy Boly,ci CIV,DF,Nottingham Forest,eng Premier League,32,1991,20,18,"1,438",16.0,2,1,3,2,0,0,3,1,0.13,0.06,0.19,0.13,0.19
346,Giacomo Bonaventura,it ITA,MF,Fiorentina,it Serie A,33,1989,31,27,"2,277",25.3,8,3,11,8,0,1,6,0,0.32,0.12,0.43,0.32,0.43
347,Federico Bonazzoli,it ITA,FW,Hellas Verona,it Serie A,26,1997,24,10,"1,016",11.3,3,1,4,3,0,0,2,0,0.27,0.09,0.35,0.27,0.35
348,Warren Bondo,fr FRA,MF,Monza,it Serie A,19,2003,25,14,"1,475",16.4,1,1,2,1,0,0,9,0,0.06,0.06,0.12,0.06,0.12
349,Giovanni Bonfanti,it ITA,DF,Atalanta,it Serie A,20,2003,2,1,89,1.0,0,0,0,0,0,0,0,0,0.00,0.00,0.00,0.00,0.00
350,Victor Boniface,ng NGA,FW,Leverkusen,de Bundesliga,22,2000,23,18,"1,546",17.2,14,8,22,10,4,4,2,0,0.82,0.47,1.28,0.58,1.05
351,Kevin Bonifazi,it ITA,DF,Bologna,it Serie A,27,1996,1,1,90,1.0,0,0,0,0,0,0,0,0,0.00,0.00,0.00,0.00,0.00
352,Kevin Bonifazi,it ITA,DF,Frosinone,it Serie A,27,1996,6,3,309,3.4,0,0,0,0,0,0,0,0,0.00,0.00,0.00,0.00,0.00
353,Leonardo Bonucci,it ITA,DF,Union Berlin,de Bundesliga,36,1987,7,6,460,5.1,1,0,1,0,1,1,0,0,0.20,0.00,0.20,0.00,0.00
354,Neto Borges,br BRA,"MF,DF",Clermont Foot,fr Ligue 1,26,1996,28,28,"2,516",28.0,0,1,1,0,0,0,3,1,0.00,0.04,0.04,0.00,0.04
355,Yvandro Borges Sanches,lu LUX,MF,Gladbach,de Bundesliga,19,2004,3,0,18,0.2,0,0,0,0,0,0,0,0,0.00,0.00,0.00,0.00,0.00
356,Sebastiaan Bornauw,be BEL,DF,Wolfsburg,de Bundesliga,24,1999,20,16,"1,431",15.9,0,0,0,0,0,0,5,0,0.00,0.00,0.00,0.00,0.00
357,Rafael Borré,co COL,FW,Werder Bremen,de Bundesliga,27,1995,19,11,991,11.0,4,0,4,4,0,0,0,0,0.36,0.00,0.36,0.36,0.36
358,Gennaro Borrelli,it ITA,FW,Frosinone,it Serie A,23,2000,1,0,24,0.3,0,0,0,0,0,0,0,0,0.00,0.00,0.00,0.00,0.00
359,Adri Bosch,es ESP,DF,Granada,es La Liga,22,2001,1,0,26,0.3,0,0,0,0,0,0,0,0,0.00,0.00,0.00,0.00,0.00
360,Erik Botheim,no NOR,"FW,MF",Salernitana,it Serie A,23,2000,7,4,316,3.5,0,0,0,0,0,0,1,0,0.00,0.00,0.00,0.00,0.00
361,Sven Botman,nl NED,DF,Newcastle United,eng Premier League,23,2000,17,15,"1,377",15.3,2,2,4,2,0,0,2,0,0.13,0.13,0.26,0.13,0.26
362,Saïmon Bouabré,fr FRA,MF,Monaco,fr Ligue 1,17,2006,1,0,45,0.5,0,0,0,0,0,0,0,0,0.00,0.00,0.00,0.00,0.00
363,Ayyoub Bouaddi,fr FRA,MF,Lille,fr Ligue 1,15,2007,9,1,131,1.5,0,0,0,0,0,0,3,1,0.00,0.00,0.00,0.00,0.00
364,Player,Nation,Pos,Squad,Comp,Age,Born,MP,Starts,Min,90s,Gls,Ast,G+A,G-PK,PK,PKatt,CrdY,CrdR,Gls,Ast,G+A,G-PK,G+A-PK
365,Badredine Bouanani,dz ALG,FW,Nice,fr Ligue 1,18,2004,7,1,161,1.8,0,0,0,0,0,0,0,0,0.00,0.00,0.00,0.00,0.00
366,Badredine Bouanani,dz ALG,MF,Lorient,fr Ligue 1,18,2004,11,4,443,4.9,1,0,1,1,0,0,0,0,0.20,0.00,0.20,0.20,0.20
367,Mohamed Bouchenna,fr FRA,FW,Clermont Foot,fr Ligue 1,17,2006,2,0,29,0.3,0,0,0,0,0,0,1,0,0.00,0.00,0.00,0.00,0.00
368,Hicham Boudaoui,dz ALG,MF,Nice,fr Ligue 1,23,1999,29,17,"1,613",17.9,2,0,2,2,0,0,5,0,0.11,0.00,0.11,0.11,0.11
369,Yassine Bounou,ma MAR,GK,Sevilla,es La Liga,32,1991,1,1,90,1.0,0,0,0,0,0,0,0,0,0.00,0.00,0.00,0.00,0.00
370,Mehdi Bourabia,ma MAR,MF,Frosinone,it Serie A,31,1991,10,3,200,2.2,0,0,0,0,0,0,1,0,0.00,0.00,0.00,0.00,0.00
371,Benjamin Bourigeaud,fr FRA,MF,Rennes,fr Ligue 1,29,1994,32,29,"2,425",26.9,9,6,15,2,7,7,1,0,0.33,0.22,0.56,0.07,0.30
372,Bilal Boutobba,fr FRA,"MF,FW",Clermont Foot,fr Ligue 1,24,1998,27,10,926,10.3,1,1,2,1,0,0,1,0,0.10,0.10,0.19,0.10,0.19
373,Hugo Boutsingkham,fr FRA,DF,Nantes,fr Ligue 1,20,2003,2,0,11,0.1,0,0,0,0,0,0,0,0,0.00,0.00,0.00,0.00,0.00
374,Edoardo Bove,it ITA,MF,Roma,it Serie A,21,2002,31,18,"1,780",19.8,0,2,2,0,0,0,2,0,0.00,0.10,0.10,0.00,0.10
375,Jarrod Bowen,eng ENG,"MF,FW",West Ham United,eng Premier League,26,1996,34,34,"3,019",33.5,16,6,22,16,0,0,2,0,0.48,0.18,0.66,0.48,0.66
376,Lucas Boyé,ar ARG,FW,Granada,es La Liga,27,1996,31,30,"2,541",28.2,6,3,9,6,0,0,8,1,0.21,0.11,0.32,0.21,0.32
377,Domagoj Bradarić,hr CRO,"MF,DF",Salernitana,it Serie A,23,1999,34,30,"2,749",30.5,0,3,3,0,0,0,5,0,0.00,0.10,0.10,0.00,0.10
378,Conor Bradley,nir NIR,DF,Liverpool,eng Premier League,20,2003,11,10,753,8.4,1,3,4,1,0,0,2,0,0.12,0.36,0.48,0.12,0.48
379,Bilal Brahimi,dz ALG,"FW,MF",Nice,fr Ligue 1,23,2000,2,0,11,0.1,0,0,0,0,0,0,0,0,0.00,0.00,0.00,0.00,0.00
380,Bilal Brahimi,dz ALG,FW,Brest,fr Ligue 1,23,2000,18,1,221,2.5,0,0,0,0,0,0,1,1,0.00,0.00,0.00,0.00,0.00
381,Julian Brandt,de GER,MF,Dortmund,de Bundesliga,27,1996,32,26,"2,223",24.7,7,11,18,7,0,0,2,0,0.28,0.45,0.73,0.28,0.73
382,Jarrad Branthwaite,eng ENG,DF,Everton,eng Premier League,21,2002,35,35,"3,116",34.6,3,0,3,3,0,0,8,0,0.09,0.00,0.09,0.09,0.09
383,Darko Brašanac,rs SRB,MF,Osasuna,es La Liga,31,1992,2,0,48,0.5,0,0,0,0,0,0,0,0,0.00,0.00,0.00,0.00,0.00
384,Lilian Brassier,fr FRA,DF,Brest,fr Ligue 1,23,1999,30,30,"2,677",29.7,3,0,3,3,0,0,11,1,0.10,0.00,0.10,0.10,0.10
385,Brau,es ESP,DF,Granada,es La Liga,21,2001,1,0,31,0.3,0,0,0,0,0,0,0,0,0.00,0.00,0.00,0.00,0.00
386,Claudio Bravo,cl CHI,GK,Real Betis,es La Liga,40,1983,7,7,630,7.0,0,0,0,0,0,0,0,0,0.00,0.00,0.00,0.00,0.00
387,Fabian Bredlow,de GER,GK,Stuttgart,de Bundesliga,28,1995,4,4,360,4.0,0,0,0,0,0,0,0,0,0.00,0.00,0.00,0.00,0.00
388,Tim Breithaupt,de GER,MF,Augsburg,de Bundesliga,21,2002,16,6,629,7.0,0,0,0,0,0,0,3,0,0.00,0.00,0.00,0.00,0.00
389,Josip Brekalo,hr CRO,MF,Fiorentina,it Serie A,25,1998,11,8,652,7.2,1,0,1,1,0,0,0,0,0.14,0.00,0.14,0.14,0.14
390,Player,Nation,Pos,Squad,Comp,Age,Born,MP,Starts,Min,90s,Gls,Ast,G+A,G-PK,PK,PKatt,CrdY,CrdR,Gls,Ast,G+A,G-PK,G+A-PK
391,Gleison Bremer,br BRA,DF,Juventus,it Serie A,26,1997,36,36,"3,233",35.9,3,0,3,3,0,0,9,0,0.08,0.00,0.08,0.08,0.08
392,Brenner,br BRA,"MF,FW",Udinese,it Serie A,23,2000,8,2,189,2.1,0,0,0,0,0,0,0,0,0.00,0.00,0.00,0.00,0.00
393,Ben Brereton,cl CHI,"FW,MF",Sheffield United,eng Premier League,24,1999,14,14,"1,105",12.3,6,1,7,5,1,1,3,0,0.49,0.08,0.57,0.41,0.49
394,Ben Brereton,cl CHI,"MF,FW",Villarreal,es La Liga,24,1999,14,2,270,3.0,0,0,0,0,0,0,2,0,0.00,0.00,0.00,0.00,0.00
395,Marco Brescianini,it ITA,MF,Frosinone,it Serie A,23,2000,36,24,"2,321",25.8,4,2,6,4,0,0,1,0,0.16,0.08,0.23,0.16,0.23
396,Maximilian Breunig,de GER,FW,Freiburg,de Bundesliga,22,2000,2,0,9,0.1,0,0,0,0,0,0,0,0,0.00,0.00,0.00,0.00,0.00
397,Rhian Brewster,eng ENG,FW,Sheffield United,eng Premier League,23,2000,13,3,346,3.8,0,0,0,0,0,0,0,1,0.00,0.00,0.00,0.00,0.00
398,Bennit Bröger,de GER,MF,Wolfsburg,de Bundesliga,17,2006,1,0,11,0.1,0,0,0,0,0,0,0,0,0.00,0.00,0.00,0.00,0.00
399,Armando Broja,al ALB,FW,Chelsea,eng Premier League,21,2001,13,6,454,5.0,1,0,1,1,0,0,0,0,0.20,0.00,0.20,0.20,0.20
400,Armando Broja,al ALB,FW,Fulham,eng Premier League,21,2001,8,0,88,1.0,0,1,1,0,0,0,0,0,0.00,1.02,1.02,0.00,1.02
401,Dylan Bronn,tn TUN,DF,Salernitana,it Serie A,28,1995,4,0,52,0.6,0,0,0,0,0,0,0,0,0.00,0.00,0.00,0.00,0.00
402,Andre Brooks,eng ENG,MF,Sheffield United,eng Premier League,19,2003,20,12,938,10.4,0,0,0,0,0,0,1,0,0.00,0.00,0.00,0.00,0.00
403,David Brooks,wls WAL,MF,Bournemouth,eng Premier League,26,1997,13,2,282,3.1,1,1,2,1,0,0,1,0,0.32,0.32,0.64,0.32,0.64
404,John Brooks,us USA,DF,Hoffenheim,de Bundesliga,30,1993,21,18,"1,539",17.1,2,0,2,2,0,0,6,1,0.12,0.00,0.12,0.12,0.12
405,Moritz Broschinski,de GER,"FW,MF",Bochum,de Bundesliga,22,2000,26,14,"1,247",13.9,2,3,5,2,0,0,4,0,0.14,0.22,0.36,0.14,0.36
406,Jacob Brown,sct SCO,"MF,FW",Luton Town,eng Premier League,25,1998,19,12,"1,019",11.3,2,0,2,2,0,0,4,0,0.18,0.00,0.18,0.18,0.18
407,Josh Brownhill,eng ENG,MF,Burnley,eng Premier League,27,1995,33,23,"2,252",25.0,4,2,6,4,0,0,4,1,0.16,0.08,0.24,0.16,0.24
408,Alexander Brunst,de GER,GK,Darmstadt 98,de Bundesliga,28,1995,3,3,270,3.0,0,0,0,0,0,0,2,0,0.00,0.00,0.00,0.00,0.00
409,Jacob Bruun Larsen,dk DEN,MF,Burnley,eng Premier League,24,1998,32,16,"1,249",13.9,6,0,6,5,1,1,1,0,0.43,0.00,0.43,0.36,0.36
410,Tajon Buchanan,ca CAN,"DF,MF",Inter,it Serie A,24,1999,10,0,161,1.8,1,0,1,1,0,0,0,0,0.56,0.00,0.56,0.56,0.56
411,Ante Budimir,hr CRO,FW,Osasuna,es La Liga,32,1991,33,29,"2,435",27.1,17,2,19,14,3,4,4,0,0.63,0.07,0.70,0.52,0.59
412,Hugo Bueno,es ESP,"MF,DF",Wolves,eng Premier League,20,2002,22,7,741,8.2,0,0,0,0,0,0,1,0,0.00,0.00,0.00,0.00,0.00
413,Manu Bueno,es ESP,MF,Sevilla,es La Liga,19,2004,4,1,117,1.3,0,0,0,0,0,0,1,0,0.00,0.00,0.00,0.00,0.00
414,Santiago Bueno,uy URU,DF,Wolves,eng Premier League,24,1998,12,9,822,9.1,0,0,0,0,0,0,1,0,0.00,0.00,0.00,0.00,0.00
415,Marius Bülter,de GER,MF,Hoffenheim,de Bundesliga,30,1993,30,15,"1,351",15.0,1,4,5,1,0,0,3,1,0.07,0.27,0.33,0.07,0.33
416,Player,Nation,Pos,Squad,Comp,Age,Born,MP,Starts,Min,90s,Gls,Ast,G+A,G-PK,PK,PKatt,CrdY,CrdR,Gls,Ast,G+A,G-PK,G+A-PK
417,Facundo Buonanotte,ar ARG,"MF,FW",Brighton,eng Premier League,18,2004,27,17,"1,364",15.2,3,1,4,3,0,0,7,0,0.20,0.07,0.26,0.20,0.26
418,Alessandro Buongiorno,it ITA,DF,Torino,it Serie A,24,1999,29,29,"2,527",28.1,3,0,3,3,0,0,7,0,0.11,0.00,0.11,0.11,0.11
419,Jonathan Burkardt,de GER,"FW,MF",Mainz 05,de Bundesliga,23,2000,21,18,"1,538",17.1,8,2,10,7,1,1,2,0,0.47,0.12,0.59,0.41,0.53
420,Oliver Burke,sct SCO,"FW,MF",Werder Bremen,de Bundesliga,26,1997,1,0,32,0.4,0,0,0,0,0,0,0,0,0.00,0.00,0.00,0.00,0.00
421,Reece Burke,eng ENG,DF,Luton Town,eng Premier League,26,1996,22,20,"1,660",18.4,0,4,4,0,0,0,5,0,0.00,0.22,0.22,0.00,0.22
422,Dan Burn,eng ENG,DF,Newcastle United,eng Premier League,31,1992,33,32,"2,726",30.3,2,2,4,2,0,0,4,0,0.07,0.07,0.13,0.07,0.13
423,Rareș-Cătălin Burnete,ro ROU,FW,Lecce,it Serie A,19,2004,1,0,8,0.1,0,1,1,0,0,0,0,0,0.00,11.25,11.25,0.00,11.25
424,Mason Burstow,eng ENG,FW,Chelsea,eng Premier League,19,2003,2,0,9,0.1,0,0,0,0,0,0,0,0,0.00,0.00,0.00,0.00,0.00
425,Marnon Busch,de GER,DF,Heidenheim,de Bundesliga,28,1994,16,5,595,6.6,0,0,0,0,0,0,1,0,0.00,0.00,0.00,0.00,0.00
426,Maxime Busi,be BEL,MF,Reims,fr Ligue 1,23,1999,5,1,162,1.8,0,0,0,0,0,0,1,0,0.00,0.00,0.00,0.00,0.00
427,Pablo Busto,es ESP,DF,Real Betis,es La Liga,17,2005,2,0,44,0.5,0,0,0,0,0,0,0,0,0.00,0.00,0.00,0.00,0.00
428,Aurélio Buta,pt POR,"MF,DF",Eintracht Frankfurt,de Bundesliga,26,1997,30,20,"1,744",19.4,1,1,2,1,0,0,5,0,0.05,0.05,0.10,0.05,0.10
429,Marcin Bułka,pl POL,GK,Nice,fr Ligue 1,23,1999,34,34,"3,060",34.0,0,0,0,0,0,0,2,0,0.00,0.00,0.00,0.00,0.00
430,Rémy Cabella,fr FRA,"MF,FW",Lille,fr Ligue 1,33,1990,30,14,"1,477",16.4,2,2,4,2,0,0,0,0,0.12,0.12,0.24,0.12,0.24
431,Jovane Cabral,cv CPV,"MF,FW",Salernitana,it Serie A,25,1998,12,8,678,7.5,1,0,1,1,0,0,1,0,0.13,0.00,0.13,0.13,0.13
432,Liberato Cacace,nz NZL,"DF,MF",Empoli,it Serie A,22,2000,31,18,"1,912",21.2,0,1,1,0,0,0,6,0,0.00,0.05,0.05,0.00,0.05
433,Anthony Caci,fr FRA,"MF,DF",Mainz 05,de Bundesliga,26,1997,31,29,"2,486",27.6,2,3,5,2,0,0,8,0,0.07,0.11,0.18,0.07,0.18
434,Moisés Caicedo,ec ECU,MF,Chelsea,eng Premier League,21,2001,35,33,"2,866",31.8,1,3,4,1,0,0,11,0,0.03,0.09,0.13,0.03,0.13
435,Tom Cairney,sct SCO,MF,Fulham,eng Premier League,32,1991,34,14,"1,488",16.5,1,4,5,1,0,0,3,0,0.06,0.24,0.30,0.06,0.30
436,Jens Cajuste,se SWE,MF,Napoli,it Serie A,23,1999,26,11,"1,016",11.3,0,2,2,0,0,0,7,0,0.00,0.18,0.18,0.00,0.18
437,Davide Calabria,it ITA,DF,Milan,it Serie A,26,1996,29,26,"2,185",24.3,1,3,4,1,0,0,5,2,0.04,0.12,0.16,0.04,0.16
438,Riccardo Calafiori,it ITA,DF,Bologna,it Serie A,21,2002,30,26,"2,349",26.1,2,5,7,2,0,0,4,0,0.08,0.19,0.27,0.08,0.27
439,Mattia Caldara,it ITA,DF,Milan,it Serie A,29,1994,1,0,33,0.4,0,0,0,0,0,0,0,0,0.00,0.00,0.00,0.00,0.00
440,Luca Caldirola,it ITA,DF,Monza,it Serie A,32,1991,29,23,"2,141",23.8,1,1,2,1,0,0,7,1,0.04,0.04,0.08,0.04,0.08
441,Duje Ćaleta-Car,hr CRO,DF,Lyon,fr Ligue 1,26,1996,24,22,"1,993",22.1,0,0,0,0,0,0,2,1,0.00,0.00,0.00,0.00,0.00
442,Player,Nation,Pos,Squad,Comp,Age,Born,MP,Starts,Min,90s,Gls,Ast,G+A,G-PK,PK,PKatt,CrdY,CrdR,Gls,Ast,G+A,G-PK,G+A-PK
443,Hakan Çalhanoğlu,tr TUR,MF,Inter,it Serie A,29,1994,32,32,"2,556",28.4,13,3,16,3,10,10,5,0,0.46,0.11,0.56,0.11,0.21
444,José Callejón,es ESP,"MF,FW",Granada,es La Liga,36,1987,25,7,803,8.9,0,1,1,0,0,0,2,0,0.00,0.11,0.11,0.00,0.11
445,Dominic Calvert-Lewin,eng ENG,FW,Everton,eng Premier League,26,1997,32,26,"2,171",24.1,7,2,9,5,2,2,2,0,0.29,0.08,0.37,0.21,0.29
446,Lamine Camara,sn SEN,MF,Metz,fr Ligue 1,19,2004,31,26,"2,255",25.1,1,4,5,1,0,1,3,0,0.04,0.16,0.20,0.04,0.20
447,Mahdi Camara,fr FRA,MF,Brest,fr Ligue 1,25,1998,32,26,"2,020",22.4,7,3,10,6,1,1,7,0,0.31,0.13,0.45,0.27,0.40
448,Mohamed Camara,ml MLI,MF,Monaco,fr Ligue 1,23,2000,20,14,"1,035",11.5,1,2,3,0,1,1,4,0,0.09,0.17,0.26,0.00,0.17
449,Francesco Camarda,it ITA,FW,Milan,it Serie A,15,2008,2,0,14,0.2,0,0,0,0,0,0,0,0,0.00,0.00,0.00,0.00,0.00
450,Eduardo Camavinga,fr FRA,MF,Real Madrid,es La Liga,20,2002,31,21,"1,817",20.2,0,2,2,0,0,0,9,0,0.00,0.10,0.10,0.00,0.10
451,Nicolò Cambiaghi,it ITA,"FW,MF",Empoli,it Serie A,22,2000,37,29,"2,553",28.4,1,1,2,1,0,0,3,0,0.04,0.04,0.07,0.04,0.07
452,Andrea Cambiaso,it ITA,MF,Juventus,it Serie A,23,2000,34,28,"2,372",26.4,2,3,5,2,0,0,10,0,0.08,0.11,0.19,0.08,0.19
453,Axel Camblan,fr FRA,FW,Brest,fr Ligue 1,19,2003,7,0,90,1.0,0,0,0,0,0,0,2,0,0.00,0.00,0.00,0.00,0.00
454,Sergio Camello,es ESP,FW,Rayo Vallecano,es La Liga,22,2001,31,20,"1,661",18.5,3,1,4,3,0,0,3,0,0.16,0.05,0.22,0.16,0.22
455,José Campaña,es ESP,MF,Las Palmas,es La Liga,30,1993,8,1,171,1.9,0,0,0,0,0,0,0,0,0.00,0.00,0.00,0.00,0.00
456,Emre Can,de GER,MF,Dortmund,de Bundesliga,29,1994,25,22,"1,953",21.7,2,2,4,0,2,2,5,0,0.09,0.09,0.18,0.00,0.09
457,Matteo Cancellieri,it ITA,"FW,MF",Empoli,it Serie A,21,2002,36,18,"1,788",19.9,4,3,7,4,0,0,7,0,0.20,0.15,0.35,0.20,0.35
458,João Cancelo,pt POR,DF,Barcelona,es La Liga,29,1994,32,29,"2,503",27.8,2,4,6,2,0,0,7,0,0.07,0.14,0.22,0.07,0.22
459,Fali Candé,gw GNB,DF,Metz,fr Ligue 1,25,1998,25,20,"1,849",20.5,0,1,1,0,0,0,4,0,0.00,0.05,0.05,0.00,0.05
460,Antonio Candreva,it ITA,MF,Salernitana,it Serie A,36,1987,34,32,"2,750",30.6,6,6,12,5,1,1,5,0,0.20,0.20,0.39,0.16,0.36
461,Thomas Cannon,ie IRL,FW,Everton,eng Premier League,20,2002,1,0,1,0.0,0,0,0,0,0,0,0,0,0.00,0.00,0.00,0.00,0.00
462,Sergi Canós,es ESP,MF,Valencia,es La Liga,26,1997,27,15,"1,229",13.7,1,2,3,1,0,0,1,0,0.07,0.15,0.22,0.07,0.22
463,Luigi Canotto,it ITA,"FW,MF",Frosinone,it Serie A,29,1994,1,0,16,0.2,0,0,0,0,0,0,0,0,0.00,0.00,0.00,0.00,0.00
464,Gino Caoki,fr FRA,FW,Lorient,fr Ligue 1,19,2004,1,0,7,0.1,0,0,0,0,0,0,0,0,0.00,0.00,0.00,0.00,0.00
465,Étienne Capoue,fr FRA,MF,Villarreal,es La Liga,35,1988,32,15,"1,455",16.2,1,1,2,1,0,0,8,0,0.06,0.06,0.12,0.06,0.12
466,Gianluca Caprari,it ITA,"MF,FW",Monza,it Serie A,30,1993,6,4,285,3.2,0,0,0,0,0,0,0,0,0.00,0.00,0.00,0.00,0.00
467,Elia Caprile,it ITA,GK,Empoli,it Serie A,21,2001,23,23,"2,070",23.0,0,0,0,0,0,0,0,0,0.00,0.00,0.00,0.00,0.00
468,Player,Nation,Pos,Squad,Comp,Age,Born,MP,Starts,Min,90s,Gls,Ast,G+A,G-PK,PK,PKatt,CrdY,CrdR,Gls,Ast,G+A,G-PK,G+A-PK
469,Francesco Caputo,it ITA,FW,Empoli,it Serie A,35,1987,20,15,"1,268",14.1,3,0,3,2,1,1,0,0,0.21,0.00,0.21,0.14,0.14
470,Maxence Caqueret,fr FRA,MF,Lyon,fr Ligue 1,23,2000,34,34,"3,022",33.6,1,3,4,1,0,0,1,0,0.03,0.09,0.12,0.03,0.12
471,Andrea Carboni,it ITA,DF,Monza,it Serie A,22,2001,21,16,"1,487",16.5,1,0,1,1,0,0,1,0,0.06,0.00,0.06,0.06,0.06
472,Valentin Carboni,ar ARG,MF,Monza,it Serie A,18,2005,31,10,"1,169",13.0,2,3,5,2,0,0,2,0,0.15,0.23,0.38,0.15,0.38
473,Isaac Carcelen,es ESP,DF,Cádiz,es La Liga,30,1993,35,29,"2,611",29.0,0,0,0,0,0,0,2,0,0.00,0.00,0.00,0.00,0.00
474,Dani Cárdenas,es ESP,GK,Rayo Vallecano,es La Liga,26,1997,1,1,90,1.0,0,0,0,0,0,0,0,0,0.00,0.00,0.00,0.00,0.00
475,Irvin Cardona,mt MLT,"FW,MF",Augsburg,de Bundesliga,25,1997,3,0,54,0.6,0,0,0,0,0,0,1,0,0.00,0.00,0.00,0.00,0.00
476,Marc Cardona,es ESP,FW,Las Palmas,es La Liga,28,1995,26,6,737,8.2,4,1,5,3,1,1,4,0,0.49,0.12,0.61,0.37,0.49
477,Sergi Cardona,es ESP,DF,Las Palmas,es La Liga,24,1999,35,30,"2,814",31.3,1,2,3,1,0,0,11,0,0.03,0.06,0.10,0.03,0.10
478,Johnny Cardoso,us USA,MF,Real Betis,es La Liga,21,2001,17,15,"1,328",14.8,1,2,3,1,0,0,3,0,0.07,0.14,0.20,0.07,0.20
479,Igor Carioca,br BRA,"MF,DF",Lorient,fr Ligue 1,26,1996,5,2,262,2.9,0,0,0,0,0,0,2,0,0.00,0.00,0.00,0.00,0.00
480,Diego Carlos,br BRA,DF,Aston Villa,eng Premier League,30,1993,27,20,"1,816",20.2,0,0,0,0,0,0,4,0,0.00,0.00,0.00,0.00,0.00
481,Carmona,es ESP,"MF,DF",Getafe,es La Liga,21,2002,30,15,"1,313",14.6,1,1,2,1,0,0,8,0,0.07,0.07,0.14,0.07,0.14
482,Marco Carnesecchi,it ITA,GK,Atalanta,it Serie A,23,2000,27,27,"2,425",26.9,0,0,0,0,0,0,0,0,0.00,0.00,0.00,0.00,0.00
483,Yannick Carrasco,be BEL,"DF,MF",Atlético Madrid,es La Liga,29,1993,3,3,221,2.5,0,1,1,0,0,0,0,0,0.00,0.41,0.41,0.00,0.41
484,Álvaro Carreras,es ESP,"MF,FW",Granada,es La Liga,20,2003,13,5,475,5.3,0,0,0,0,0,0,1,0,0.00,0.00,0.00,0.00,0.00
485,Rasmus Carstensen,dk DEN,"DF,MF",Köln,de Bundesliga,22,2000,23,18,"1,659",18.4,0,0,0,0,0,0,2,1,0.00,0.00,0.00,0.00,0.00
486,Antonin Cartillier,fr FRA,DF,Monaco,fr Ligue 1,19,2004,1,0,8,0.1,0,0,0,0,0,0,0,0,0.00,0.00,0.00,0.00,0.00
487,Dani Carvajal,es ESP,DF,Real Madrid,es La Liga,31,1992,28,25,"2,171",24.1,4,3,7,4,0,0,5,1,0.17,0.12,0.29,0.17,0.29
488,Fabio Carvalho,pt POR,MF,RB Leipzig,de Bundesliga,20,2002,9,1,165,1.8,0,0,0,0,0,0,0,0,0.00,0.00,0.00,0.00,0.00
489,William Carvalho,pt POR,MF,Real Betis,es La Liga,31,1992,22,4,680,7.6,1,3,4,1,0,0,2,0,0.13,0.40,0.53,0.13,0.53
490,Cesare Casadei,it ITA,MF,Chelsea,eng Premier League,20,2003,11,0,79,0.9,0,0,0,0,0,0,0,0,0.00,0.00,0.00,0.00,0.00
491,Marc Casado,es ESP,MF,Barcelona,es La Liga,19,2003,2,0,15,0.2,0,0,0,0,0,0,0,0,0.00,0.00,0.00,0.00,0.00
492,Nicolò Casale,it ITA,DF,Lazio,it Serie A,25,1998,20,16,"1,559",17.3,0,0,0,0,0,0,5,0,0.00,0.00,0.00,0.00,0.00
493,Casemiro,br BRA,"MF,DF",Manchester Utd,eng Premier League,31,1992,25,24,"1,982",22.0,1,2,3,1,0,0,7,0,0.05,0.09,0.14,0.05,0.14
494,Player,Nation,Pos,Squad,Comp,Age,Born,MP,Starts,Min,90s,Gls,Ast,G+A,G-PK,PK,PKatt,CrdY,CrdR,Gls,Ast,G+A,G-PK,G+A-PK
495,Kaelan Casey,eng ENG,DF,West Ham United,eng Premier League,18,2004,1,0,1,0.0,0,0,0,0,0,0,0,0,0.00,0.00,0.00,0.00,0.00
496,Matty Cash,pl POL,"DF,MF",Aston Villa,eng Premier League,25,1997,29,23,"2,142",23.8,2,2,4,2,0,0,8,0,0.08,0.08,0.17,0.08,0.17
497,Josué Casimir,ht HAI,"MF,FW",Le Havre,fr Ligue 1,21,2001,30,25,"2,016",22.4,0,5,5,0,0,0,6,0,0.00,0.22,0.22,0.00,0.22
498,Giuseppe Caso,it ITA,FW,Frosinone,it Serie A,24,1998,14,2,417,4.6,0,0,0,0,0,0,2,0,0.00,0.00,0.00,0.00,0.00
499,Cristian Cásseres Jr.,ve VEN,MF,Toulouse,fr Ligue 1,23,2000,32,23,"1,946",21.6,1,3,4,1,0,0,1,0,0.05,0.14,0.18,0.05,0.18
500,Timothy Castagne,be BEL,DF,Fulham,eng Premier League,27,1995,34,29,"2,634",29.3,1,3,4,1,0,0,3,0,0.03,0.10,0.14,0.03,0.14
501,Koen Casteels,be BEL,GK,Wolfsburg,de Bundesliga,31,1992,25,25,"2,250",25.0,0,0,0,0,0,0,2,0,0.00,0.00,0.00,0.00,0.00
502,Valentín Castellanos,ar ARG,FW,Lazio,it Serie A,24,1998,35,16,"1,682",18.7,4,3,7,4,0,0,2,0,0.21,0.16,0.37,0.21,0.37
503,Jean-Charles Castelletto,cm CMR,DF,Nantes,fr Ligue 1,28,1995,28,28,"2,464",27.4,2,0,2,2,0,0,5,0,0.07,0.00,0.07,0.07,0.07
504,Samu Castillejo,es ESP,"MF,FW",Sassuolo,it Serie A,28,1995,17,6,536,6.0,0,0,0,0,0,0,2,0,0.00,0.00,0.00,0.00,0.00
505,Jonny Castro,es ESP,"DF,MF",Wolves,eng Premier League,29,1994,1,0,5,0.1,0,0,0,0,0,0,0,0,0.00,0.00,0.00,0.00,0.00
506,Santiago Castro,ar ARG,FW,Bologna,it Serie A,18,2004,8,2,242,2.7,1,1,2,1,0,0,1,0,0.37,0.37,0.74,0.37,0.74
507,Gaetano Castrovilli,it ITA,MF,Fiorentina,it Serie A,26,1997,6,5,367,4.1,1,2,3,1,0,0,0,0,0.25,0.49,0.74,0.25,0.74
508,Danilo Cataldi,it ITA,MF,Lazio,it Serie A,28,1994,28,15,"1,361",15.1,1,0,1,1,0,0,8,0,0.07,0.00,0.07,0.07,0.07
509,Catena,es ESP,DF,Osasuna,es La Liga,28,1994,30,28,"2,534",28.2,1,3,4,1,0,0,8,1,0.04,0.11,0.14,0.04,0.14
510,Maximiliano Caufriez,be BEL,DF,Clermont Foot,fr Ligue 1,26,1997,20,20,"1,659",18.4,0,1,1,0,0,0,6,3,0.00,0.05,0.05,0.00,0.05
511,Ivan Cavaleiro,pt POR,"MF,FW",Lille,fr Ligue 1,29,1993,17,9,770,8.6,1,1,2,1,0,0,1,0,0.12,0.12,0.23,0.12,0.23
512,Dani Ceballos,es ESP,MF,Real Madrid,es La Liga,26,1996,20,5,598,6.6,0,2,2,0,0,0,2,0,0.00,0.30,0.30,0.00,0.30
513,Emil Ceide,no NOR,FW,Sassuolo,it Serie A,21,2001,11,0,176,2.0,0,0,0,0,0,0,0,0,0.00,0.00,0.00,0.00,0.00
514,Zeki Çelik,tr TUR,"DF,MF",Roma,it Serie A,26,1997,17,6,671,7.5,0,0,0,0,0,0,1,0,0.00,0.00,0.00,0.00,0.00
515,Álex Centelles,es ESP,DF,Almería,es La Liga,25,1997,14,11,980,10.9,0,1,1,0,0,0,2,0,0.00,0.09,0.09,0.00,0.09
516,Fabien Centonze,fr FRA,DF,Hellas Verona,it Serie A,27,1996,10,7,676,7.5,0,1,1,0,0,0,2,0,0.00,0.13,0.13,0.00,0.13
517,Fabien Centonze,fr FRA,MF,Nantes,fr Ligue 1,27,1996,3,1,94,1.0,0,0,0,0,0,0,1,0,0.00,0.00,0.00,0.00,0.00
518,Václav Černý,cz CZE,"MF,FW",Wolfsburg,de Bundesliga,25,1997,22,12,921,10.2,4,1,5,4,0,0,2,0,0.39,0.10,0.49,0.39,0.49
519,Michele Cerofolini,it ITA,GK,Frosinone,it Serie A,24,1999,8,7,675,7.5,0,0,0,0,0,0,1,0,0.00,0.00,0.00,0.00,0.00
520,Player,Nation,Pos,Squad,Comp,Age,Born,MP,Starts,Min,90s,Gls,Ast,G+A,G-PK,PK,PKatt,CrdY,CrdR,Gls,Ast,G+A,G-PK,G+A-PK
521,Alberto Cerri,it ITA,FW,Empoli,it Serie A,27,1996,12,10,545,6.1,1,0,1,1,0,0,2,0,0.17,0.00,0.17,0.17,0.17
522,Leonardo Cerri,it ITA,FW,Juventus,it Serie A,20,2003,1,0,7,0.1,0,0,0,0,0,0,0,0,0.00,0.00,0.00,0.00,0.00
523,Franco Cervi,ar ARG,"MF,DF",Celta Vigo,es La Liga,29,1994,17,5,546,6.1,0,1,1,0,0,0,2,0,0.00,0.16,0.16,0.00,0.16
524,Julian Chabot,de GER,DF,Köln,de Bundesliga,25,1998,32,32,"2,703",30.0,0,0,0,0,0,0,9,1,0.00,0.00,0.00,0.00,0.00
525,El Chadaille Bitshiabu,fr FRA,DF,RB Leipzig,de Bundesliga,18,2005,6,0,34,0.4,0,0,0,0,0,0,0,0,0.00,0.00,0.00,0.00,0.00
526,Fares Chaïbi,dz ALG,"FW,MF",Toulouse,fr Ligue 1,20,2002,2,0,58,0.6,0,1,1,0,0,0,1,0,0.00,1.55,1.55,0.00,1.55
527,Fares Chaïbi,dz ALG,"MF,FW",Eintracht Frankfurt,de Bundesliga,20,2002,28,21,"1,912",21.2,2,4,6,2,0,0,2,0,0.09,0.19,0.28,0.09,0.28
528,Trevoh Chalobah,eng ENG,DF,Chelsea,eng Premier League,24,1999,13,10,952,10.6,1,0,1,1,0,0,1,0,0.09,0.00,0.09,0.09,0.09
529,Muhammed Cham,at AUT,"MF,FW",Clermont Foot,fr Ligue 1,22,2000,33,29,"2,554",28.4,8,4,12,4,4,5,4,0,0.28,0.14,0.42,0.14,0.28
530,Calum Chambers,eng ENG,MF,Aston Villa,eng Premier League,28,1995,5,1,152,1.7,0,1,1,0,0,0,1,0,0.00,0.59,0.59,0.00,0.59
531,Timothy Chandler,us USA,"DF,MF",Eintracht Frankfurt,de Bundesliga,33,1990,6,0,18,0.2,0,1,1,0,0,0,0,0,0.00,5.00,5.00,0.00,5.00
532,Brendan Chardonnet,fr FRA,DF,Brest,fr Ligue 1,28,1994,33,33,"2,970",33.0,1,1,2,1,0,0,4,0,0.03,0.03,0.06,0.03,0.06
533,Charlys,br BRA,MF,Hellas Verona,it Serie A,19,2004,2,0,25,0.3,0,0,0,0,0,0,0,0,0.00,0.00,0.00,0.00,0.00
534,Pep Chavarría,es ESP,"DF,MF",Rayo Vallecano,es La Liga,25,1998,22,12,"1,167",13.0,1,1,2,1,0,0,6,1,0.08,0.08,0.15,0.08,0.15
535,Jhoanner Chávez,ec ECU,"MF,DF",Lens,fr Ligue 1,21,2002,8,6,481,5.3,0,0,0,0,0,0,1,0,0.00,0.00,0.00,0.00,0.00
536,Walid Cheddira,ma MAR,FW,Frosinone,it Serie A,25,1998,36,24,"2,120",23.6,7,1,8,6,1,1,0,0,0.30,0.04,0.34,0.25,0.30
537,Rayan Cherki,fr FRA,"MF,FW",Lyon,fr Ligue 1,19,2003,33,19,"1,719",19.1,1,6,7,1,0,0,0,0,0.05,0.31,0.37,0.05,0.37
538,Youssef Chermiti,pt POR,FW,Everton,eng Premier League,19,2004,18,1,208,2.3,0,0,0,0,0,0,3,0,0.00,0.00,0.00,0.00,0.00
539,Lucas Chevalier,fr FRA,GK,Lille,fr Ligue 1,21,2001,33,33,"2,969",33.0,0,0,0,0,0,0,1,0,0.00,0.00,0.00,0.00,0.00
540,Fabio Chiarodia,it ITA,DF,Gladbach,de Bundesliga,18,2005,7,1,152,1.7,0,0,0,0,0,0,0,0,0.00,0.00,0.00,0.00,0.00
541,Federico Chiesa,it ITA,FW,Juventus,it Serie A,25,1997,33,25,"2,197",24.4,9,2,11,8,1,1,1,0,0.37,0.08,0.45,0.33,0.41
542,Ben Chilwell,eng ENG,"MF,DF",Chelsea,eng Premier League,26,1996,13,9,756,8.4,0,1,1,0,0,0,5,0,0.00,0.12,0.12,0.00,0.12
543,Tawanda Chirewa,zw ZIM,FW,Wolves,eng Premier League,19,2003,8,1,145,1.6,0,0,0,0,0,0,1,0,0.00,0.00,0.00,0.00,0.00
544,Pedro Chirivella,es ESP,MF,Nantes,fr Ligue 1,26,1997,32,31,"2,594",28.8,1,1,2,1,0,0,5,0,0.03,0.03,0.07,0.03,0.07
545,Leon Chiwome,eng ENG,FW,Wolves,eng Premier League,17,2006,3,2,174,1.9,0,0,0,0,0,0,0,0,0.00,0.00,0.00,0.00,0.00
546,Player,Nation,Pos,Squad,Comp,Age,Born,MP,Starts,Min,90s,Gls,Ast,G+A,G-PK,PK,PKatt,CrdY,CrdR,Gls,Ast,G+A,G-PK,G+A-PK
547,Tahith Chong,cw CUW,"MF,FW",Luton Town,eng Premier League,23,1999,33,20,"1,982",22.0,4,0,4,4,0,0,4,0,0.18,0.00,0.18,0.18,0.18
548,Joris Chotard,fr FRA,MF,Montpellier,fr Ligue 1,21,2001,31,30,"2,587",28.7,0,3,3,0,0,0,5,0,0.00,0.10,0.10,0.00,0.10
549,Andreas Christensen,dk DEN,"DF,MF",Barcelona,es La Liga,27,1996,30,27,"1,979",22.0,2,2,4,2,0,0,4,0,0.09,0.09,0.18,0.09,0.18
550,Jacob Christensen,dk DEN,MF,Köln,de Bundesliga,22,2001,7,2,219,2.4,0,0,0,0,0,0,1,0,0.00,0.00,0.00,0.00,0.00
551,Oliver Christensen,dk DEN,GK,Fiorentina,it Serie A,24,1999,4,4,360,4.0,0,0,0,0,0,0,0,0,0.00,0.00,0.00,0.00,0.00
552,Ryan Christie,sct SCO,MF,Bournemouth,eng Premier League,28,1995,37,35,"2,907",32.3,0,5,5,0,0,0,6,0,0.00,0.15,0.15,0.00,0.15
553,Carney Chukwuemeka,eng ENG,MF,Chelsea,eng Premier League,19,2003,9,2,227,2.5,1,1,2,1,0,0,2,0,0.40,0.40,0.79,0.40,0.79
554,Samuel Chukwueze,ng NGA,"MF,FW",Milan,it Serie A,24,1999,24,12,"1,017",11.3,1,3,4,1,0,0,1,0,0.09,0.27,0.35,0.09,0.35
555,Chumi,es ESP,DF,Almería,es La Liga,24,1999,31,26,"2,434",27.0,0,1,1,0,0,0,4,0,0.00,0.04,0.04,0.00,0.04
556,Víctor Chust,es ESP,DF,Cádiz,es La Liga,23,2000,22,22,"1,864",20.7,0,1,1,0,0,0,3,2,0.00,0.05,0.05,0.00,0.05
557,Pathé Ciss,sn SEN,MF,Rayo Vallecano,es La Liga,29,1994,31,16,"1,664",18.5,1,0,1,1,0,0,10,0,0.05,0.00,0.05,0.05,0.05
558,Alphadjo Cissè,it ITA,MF,Hellas Verona,it Serie A,16,2006,1,0,8,0.1,0,0,0,0,0,0,0,0,0.00,0.00,0.00,0.00,0.00
559,Djaoui Cissé,fr FRA,MF,Rennes,fr Ligue 1,19,2004,2,0,4,0.0,0,0,0,0,0,0,0,0,0.00,0.00,0.00,0.00,0.00
560,Ibrahim Cissoko,nl NED,MF,Toulouse,fr Ligue 1,20,2003,11,2,241,2.7,1,1,2,1,0,0,1,0,0.37,0.37,0.75,0.37,0.75
561,Giorgio Cittadini,it ITA,DF,Monza,it Serie A,21,2002,1,0,15,0.2,0,0,0,0,0,0,1,0,0.00,0.00,0.00,0.00,0.00
562,Giorgio Cittadini,it ITA,DF,Genoa,it Serie A,21,2002,5,1,106,1.2,0,0,0,0,0,0,0,0,0.00,0.00,0.00,0.00,0.00
563,Patrick Ciurria,it ITA,MF,Monza,it Serie A,28,1995,22,18,"1,598",17.8,0,1,1,0,0,0,2,0,0.00,0.06,0.06,0.00,0.06
564,Bobby Clark,eng ENG,MF,Liverpool,eng Premier League,18,2005,5,1,89,1.0,0,0,0,0,0,0,0,0,0.00,0.00,0.00,0.00,0.00
565,Jordan Clark,eng ENG,MF,Luton Town,eng Premier League,29,1993,23,14,"1,304",14.5,1,1,2,1,0,0,4,0,0.07,0.07,0.14,0.07,0.14
566,Alexis Claude-Maurice,fr FRA,MF,Nice,fr Ligue 1,25,1998,18,4,504,5.6,0,0,0,0,0,0,1,0,0.00,0.00,0.00,0.00,0.00
567,Jonathan Clauss,fr FRA,"DF,MF",Marseille,fr Ligue 1,30,1992,27,25,"2,068",23.0,3,4,7,3,0,0,2,1,0.13,0.17,0.30,0.13,0.30
568,Silvi Clúa,es ESP,MF,Girona,es La Liga,18,2005,1,0,1,0.0,0,0,0,0,0,0,0,0,0.00,0.00,0.00,0.00,0.00
569,Nathaniel Clyne,eng ENG,DF,Crystal Palace,eng Premier League,32,1991,19,14,"1,338",14.9,0,0,0,0,0,0,0,0,0.00,0.00,0.00,0.00,0.00
570,Marcus Coco,fr FRA,"MF,DF",Nantes,fr Ligue 1,27,1996,28,18,"1,481",16.5,1,0,1,1,0,0,2,0,0.06,0.00,0.06,0.06,0.06
571,Saúl Coco,gq EQG,DF,Las Palmas,es La Liga,24,1999,30,26,"2,295",25.5,1,0,1,1,0,0,6,1,0.04,0.00,0.04,0.04,0.04
572,Player,Nation,Pos,Squad,Comp,Age,Born,MP,Starts,Min,90s,Gls,Ast,G+A,G-PK,PK,PKatt,CrdY,CrdR,Gls,Ast,G+A,G-PK,G+A-PK
573,Séamus Coleman,ie IRL,DF,Everton,eng Premier League,34,1988,12,7,665,7.4,0,0,0,0,0,0,0,0,0.00,0.00,0.00,0.00,0.00
574,Maxime Colin,fr FRA,DF,Metz,fr Ligue 1,31,1991,22,22,"1,832",20.4,0,0,0,0,0,0,3,0,0.00,0.00,0.00,0.00,0.00
575,Nathan Collins,ie IRL,DF,Brentford,eng Premier League,22,2001,32,29,"2,652",29.5,1,1,2,1,0,0,3,0,0.03,0.03,0.07,0.03,0.07
576,Nnamdi Collins,de GER,DF,Eintracht Frankfurt,de Bundesliga,19,2004,2,1,90,1.0,0,0,0,0,0,0,0,0,0.00,0.00,0.00,0.00,0.00
577,Lorenzo Colombo,it ITA,FW,Monza,it Serie A,21,2002,25,16,"1,359",15.1,4,1,5,4,0,0,3,0,0.26,0.07,0.33,0.26,0.33
578,Andrea Colpani,it ITA,MF,Monza,it Serie A,24,1999,38,36,"2,657",29.5,8,4,12,8,0,0,1,0,0.27,0.14,0.41,0.27,0.41
579,Levi Colwill,eng ENG,DF,Chelsea,eng Premier League,20,2003,23,20,"1,797",20.0,1,1,2,1,0,0,2,0,0.05,0.05,0.10,0.05,0.10
580,Kingsley Coman,fr FRA,MF,Bayern Munich,de Bundesliga,27,1996,17,15,"1,113",12.4,3,3,6,3,0,0,1,0,0.24,0.24,0.49,0.24,0.49
581,Eray Cömert,ch SUI,DF,Nantes,fr Ligue 1,25,1998,25,23,"1,995",22.2,2,0,2,2,0,0,5,0,0.09,0.00,0.09,0.09,0.09
582,Santi Comesaña,es ESP,MF,Villarreal,es La Liga,26,1996,27,20,"1,653",18.4,2,0,2,2,0,0,8,2,0.11,0.00,0.11,0.11,0.11
583,Pietro Comuzzo,it ITA,DF,Fiorentina,it Serie A,18,2005,4,0,43,0.5,0,0,0,0,0,0,1,0,0.00,0.00,0.00,0.00,0.00
584,Alois Confais,fr FRA,"DF,MF",Le Havre,fr Ligue 1,26,1996,2,0,7,0.1,0,0,0,0,0,0,0,0,0.00,0.00,0.00,0.00,0.00
585,Andrea Consigli,it ITA,GK,Sassuolo,it Serie A,36,1987,35,35,"3,150",35.0,0,0,0,0,0,0,1,0,0.00,0.00,0.00,0.00,0.00
586,Bambasé Conté,de GER,MF,Hoffenheim,de Bundesliga,20,2003,7,0,48,0.5,0,0,0,0,0,0,0,0,0.00,0.00,0.00,0.00,0.00
587,Nikita Contini Baranovsky,it ITA,GK,Napoli,it Serie A,27,1996,1,0,17,0.2,0,0,0,0,0,0,0,0,0.00,0.00,0.00,0.00,0.00
588,Lewis Cook,eng ENG,MF,Bournemouth,eng Premier League,26,1997,33,32,"2,786",31.0,0,3,3,0,0,0,5,1,0.00,0.10,0.10,0.00,0.10
589,Copete,es ESP,DF,Mallorca,es La Liga,23,1999,19,17,"1,333",14.8,1,1,2,1,0,0,7,0,0.07,0.07,0.14,0.07,0.14
590,Diego Coppola,it ITA,DF,Hellas Verona,it Serie A,19,2003,24,18,"1,634",18.2,2,0,2,2,0,0,9,0,0.11,0.00,0.11,0.11,0.11
591,Francis Coquelin,fr FRA,MF,Villarreal,es La Liga,32,1991,17,10,910,10.1,0,0,0,0,0,0,4,0,0.00,0.00,0.00,0.00,0.00
592,Tommaso Corazza,it ITA,DF,Bologna,it Serie A,19,2004,9,1,195,2.2,0,0,0,0,0,0,1,0,0.00,0.00,0.00,0.00,0.00
593,Theo Corbeanu,ca CAN,MF,Granada,es La Liga,21,2002,9,2,182,2.0,1,0,1,1,0,0,2,0,0.49,0.00,0.49,0.49,0.49
594,Jeppe Corfitzen,dk DEN,FW,Lecce,it Serie A,18,2004,1,0,9,0.1,0,0,0,0,0,0,0,0,0.00,0.00,0.00,0.00,0.00
595,Jack Cork,eng ENG,"DF,MF",Burnley,eng Premier League,34,1989,4,0,27,0.3,0,0,0,0,0,0,0,0,0.00,0.00,0.00,0.00,0.00
596,Maxwel Cornet,ci CIV,MF,West Ham United,eng Premier League,26,1996,7,1,112,1.2,1,0,1,1,0,0,0,0,0.80,0.00,0.80,0.80,0.80
597,Giacomo Corona,it ITA,FW,Empoli,it Serie A,19,2004,1,0,5,0.1,0,0,0,0,0,0,0,0,0.00,0.00,0.00,0.00,0.00
598,Player,Nation,Pos,Squad,Comp,Age,Born,MP,Starts,Min,90s,Gls,Ast,G+A,G-PK,PK,PKatt,CrdY,CrdR,Gls,Ast,G+A,G-PK,G+A-PK
599,Jesús Corona,mx MEX,"DF,FW",Sevilla,es La Liga,30,1993,2,0,17,0.2,0,0,0,0,0,0,0,0,0.00,0.00,0.00,0.00,0.00
600,Ángel Correa,ar ARG,"FW,MF",Atlético Madrid,es La Liga,28,1995,32,14,"1,528",17.0,9,2,11,9,0,0,3,0,0.53,0.12,0.65,0.53,0.65
601,Joaquín Correa,ar ARG,"MF,FW",Marseille,fr Ligue 1,28,1994,12,6,430,4.8,0,0,0,0,0,0,2,0,0.00,0.00,0.00,0.00,0.00
602,Thierry Correia,pt POR,DF,Valencia,es La Liga,24,1999,31,25,"2,154",23.9,0,2,2,0,0,0,4,1,0.00,0.08,0.08,0.00,0.08
603,Oscar Cortés,co COL,MF,Lens,fr Ligue 1,19,2003,4,0,44,0.5,1,1,2,1,0,0,0,0,2.05,2.05,4.09,2.05,4.09
604,Danny da Costa,de GER,"MF,DF",Mainz 05,de Bundesliga,30,1993,19,9,830,9.2,0,1,1,0,0,0,1,0,0.00,0.11,0.11,0.00,0.11
605,David Costa,pt POR,MF,Lens,fr Ligue 1,22,2001,25,17,"1,494",16.6,4,2,6,4,0,0,3,0,0.24,0.12,0.36,0.24,0.36
606,Jaume Costa,es ESP,"DF,MF",Mallorca,es La Liga,35,1988,30,19,"1,682",18.7,0,1,1,0,0,0,7,0,0.00,0.05,0.05,0.00,0.05
607,João Costa,br BRA,FW,Roma,it Serie A,18,2005,3,0,14,0.2,0,0,0,0,0,0,1,0,0.00,0.00,0.00,0.00,0.00
608,Logan Costa,cv CPV,DF,Toulouse,fr Ligue 1,22,2001,31,29,"2,650",29.4,1,1,2,1,0,0,6,0,0.03,0.03,0.07,0.03,0.07
609,Samu Costa,pt POR,MF,Mallorca,es La Liga,22,2000,34,26,"2,303",25.6,1,1,2,1,0,0,8,0,0.04,0.04,0.08,0.04,0.08
610,Benoît Costil,fr FRA,GK,Salernitana,it Serie A,36,1987,13,13,"1,170",13.0,0,0,0,0,0,0,0,0,0.00,0.00,0.00,0.00,0.00
611,Grégoire Coudert,fr FRA,GK,Brest,fr Ligue 1,24,1999,3,2,181,2.0,0,0,0,0,0,0,0,0,0.00,0.00,0.00,0.00,0.00
612,Vladimír Coufal,cz CZE,DF,West Ham United,eng Premier League,30,1992,36,36,"3,132",34.8,0,7,7,0,0,0,7,1,0.00,0.20,0.20,0.00,0.20
613,Lassana Coulibaly,ml MLI,MF,Salernitana,it Serie A,27,1996,28,25,"2,082",23.1,0,1,1,0,0,0,5,0,0.00,0.04,0.04,0.00,0.04
614,Mamadou Coulibaly,sn SEN,MF,Salernitana,it Serie A,24,1999,1,0,3,0.0,0,0,0,0,0,0,0,0,0.00,0.00,0.00,0.00,0.00
615,Mamadou Coulibaly,fr FRA,MF,Monaco,fr Ligue 1,19,2004,5,1,118,1.3,0,0,0,0,0,0,0,0,0.00,0.00,0.00,0.00,0.00
616,Tanguy Coulibaly,fr FRA,"MF,FW",Montpellier,fr Ligue 1,22,2001,16,7,623,6.9,1,0,1,1,0,0,2,0,0.14,0.00,0.14,0.14,0.14
617,Thibaut Courtois,be BEL,GK,Real Madrid,es La Liga,31,1992,4,4,332,3.7,0,0,0,0,0,0,0,0,0.00,0.00,0.00,0.00,0.00
618,Philippe Coutinho,br BRA,"FW,MF",Aston Villa,eng Premier League,31,1992,2,0,25,0.3,0,0,0,0,0,0,0,0,0.00,0.00,0.00,0.00,0.00
619,Yan Couto,br BRA,"MF,DF",Girona,es La Liga,21,2002,34,24,"2,245",24.9,1,8,9,1,0,0,8,0,0.04,0.32,0.36,0.04,0.36
620,Nicolas Cozza,fr FRA,"DF,MF",Nantes,fr Ligue 1,24,1999,13,10,895,9.9,0,0,0,0,0,0,2,0,0.00,0.00,0.00,0.00,0.00
621,Nicolas Cozza,fr FRA,DF,Wolfsburg,de Bundesliga,24,1999,6,3,276,3.1,0,0,0,0,0,0,1,0,0.00,0.00,0.00,0.00,0.00
622,Alessio Cragno,it ITA,GK,Sassuolo,it Serie A,29,1994,3,3,270,3.0,0,0,0,0,0,0,0,0,0.00,0.00,0.00,0.00,0.00
623,Crespo,pt POR,MF,Rayo Vallecano,es La Liga,26,1996,15,4,527,5.9,0,0,0,0,0,0,4,0,0.00,0.00,0.00,0.00,0.00
624,Player,Nation,Pos,Squad,Comp,Age,Born,MP,Starts,Min,90s,Gls,Ast,G+A,G-PK,PK,PKatt,CrdY,CrdR,Gls,Ast,G+A,G-PK,G+A-PK
625,Aaron Cresswell,eng ENG,DF,West Ham United,eng Premier League,33,1989,11,4,436,4.8,0,0,0,0,0,0,1,0,0.00,0.00,0.00,0.00,0.00
626,Bryan Cristante,it ITA,MF,Roma,it Serie A,28,1995,37,37,"3,289",36.5,3,4,7,3,0,0,8,0,0.08,0.11,0.19,0.08,0.19
627,Cristian,es ESP,GK,Valencia,es La Liga,25,1998,1,0,57,0.6,0,0,0,0,0,0,0,0,0.00,0.00,0.00,0.00,0.00
628,Juan Cruz Armada,es ESP,DF,Osasuna,es La Liga,31,1992,26,18,"1,667",18.5,0,1,1,0,0,0,3,0,0.00,0.05,0.05,0.00,0.05
629,Juan Cruz,ar ARG,FW,Hellas Verona,it Serie A,24,1999,4,1,109,1.2,0,0,0,0,0,0,0,0,0.00,0.00,0.00,0.00,0.00
630,Juan Cruz,es ESP,MF,Real Betis,es La Liga,23,2000,5,0,76,0.8,0,0,0,0,0,0,0,0,0.00,0.00,0.00,0.00,0.00
631,Juan Cuadrado,co COL,"DF,FW",Inter,it Serie A,35,1988,10,0,267,3.0,0,2,2,0,0,0,1,0,0.00,0.67,0.67,0.00,0.67
632,Pau Cubarsí,es ESP,DF,Barcelona,es La Liga,16,2007,19,18,"1,558",17.3,0,0,0,0,0,0,4,0,0.00,0.00,0.00,0.00,0.00
633,Marc Cucurella,es ESP,DF,Chelsea,eng Premier League,25,1998,21,20,"1,782",19.8,0,2,2,0,0,0,10,0,0.00,0.10,0.10,0.00,0.10
634,Iván Cuéllar,es ESP,GK,Mallorca,es La Liga,39,1984,1,1,90,1.0,0,0,0,0,0,0,0,0,0.00,0.00,0.00,0.00,0.00
635,Jorge Cuenca,es ESP,DF,Villarreal,es La Liga,23,1999,29,21,"1,963",21.8,3,1,4,3,0,0,7,0,0.14,0.05,0.18,0.14,0.18
636,Josh Cullen,ie IRL,MF,Burnley,eng Premier League,27,1996,25,23,"2,057",22.9,2,3,5,2,0,0,9,0,0.09,0.13,0.22,0.09,0.22
637,Matheus Cunha,br BRA,"FW,MF",Wolves,eng Premier League,24,1999,32,29,"2,440",27.1,12,7,19,11,1,1,9,0,0.44,0.26,0.70,0.41,0.66
638,Marvin Cuni,al ALB,FW,Frosinone,it Serie A,22,2001,22,6,534,5.9,1,0,1,1,0,0,0,0,0.17,0.00,0.17,0.17,0.17
639,Eric Curbelo,es ESP,DF,Las Palmas,es La Liga,29,1994,2,1,102,1.1,0,0,0,0,0,0,0,0,0.00,0.00,0.00,0.00,0.00
640,Sam Curtis,ie IRL,DF,Sheffield United,eng Premier League,17,2005,1,0,28,0.3,0,0,0,0,0,0,0,0,0.00,0.00,0.00,0.00,0.00
641,Tomáš Čvančara,cz CZE,"FW,MF",Gladbach,de Bundesliga,22,2000,21,7,896,10.0,4,1,5,3,1,2,4,0,0.40,0.10,0.50,0.30,0.40
642,Danilo D'Ambrosio,it ITA,DF,Monza,it Serie A,34,1988,24,16,"1,536",17.1,0,0,0,0,0,0,5,1,0.00,0.00,0.00,0.00,0.00
643,Alberto Dadie,es ESP,FW,Real Sociedad,es La Liga,21,2002,1,0,28,0.3,0,0,0,0,0,0,0,0,0.00,0.00,0.00,0.00,0.00
644,Trévis Dago,ci CIV,FW,Lille,fr Ligue 1,18,2005,4,0,23,0.3,0,1,1,0,0,0,1,0,0.00,3.91,3.91,0.00,3.91
645,Finn Dahmen,de GER,GK,Augsburg,de Bundesliga,25,1998,31,31,"2,790",31.0,0,0,0,0,0,0,4,0,0.00,0.00,0.00,0.00,0.00
646,Mahmoud Dahoud,de GER,MF,Brighton,eng Premier League,27,1996,9,6,452,5.0,0,1,1,0,0,0,1,1,0.00,0.20,0.20,0.00,0.20
647,Mahmoud Dahoud,de GER,MF,Stuttgart,de Bundesliga,27,1996,13,1,227,2.5,1,0,1,1,0,0,0,0,0.40,0.00,0.40,0.40,0.40
648,Ameen Al-Dakhil,be BEL,DF,Burnley,eng Premier League,21,2002,13,12,"1,056",11.7,1,0,1,1,0,0,1,0,0.09,0.00,0.09,0.09,0.09
649,Thijs Dallinga,nl NED,FW,Toulouse,fr Ligue 1,22,2000,33,28,"2,510",27.9,14,2,16,13,1,3,6,0,0.50,0.07,0.57,0.47,0.54
650,Player,Nation,Pos,Squad,Comp,Age,Born,MP,Starts,Min,90s,Gls,Ast,G+A,G-PK,PK,PKatt,CrdY,CrdR,Gls,Ast,G+A,G-PK,G+A-PK
651,Diogo Dalot,pt POR,DF,Manchester Utd,eng Premier League,24,1999,36,35,"3,174",35.3,2,3,5,2,0,0,6,1,0.06,0.09,0.14,0.06,0.14
652,Mikkel Damsgaard,dk DEN,MF,Brentford,eng Premier League,23,2000,23,7,842,9.4,0,2,2,0,0,0,2,0,0.00,0.21,0.21,0.00,0.21
653,Flavius Daniliuc,at AUT,DF,Salernitana,it Serie A,22,2001,14,8,744,8.3,0,0,0,0,0,0,2,0,0.00,0.00,0.00,0.00,0.00
654,Danilo,br BRA,MF,Nottingham Forest,eng Premier League,22,2001,29,20,"1,792",19.9,2,2,4,2,0,0,4,0,0.10,0.10,0.20,0.10,0.20
655,Danilo,br BRA,DF,Juventus,it Serie A,32,1991,29,27,"2,452",27.2,1,1,2,1,0,0,7,0,0.04,0.04,0.07,0.04,0.07
656,Arnaut Danjuma,nl NED,"MF,FW",Everton,eng Premier League,26,1997,14,5,595,6.6,1,0,1,1,0,0,0,0,0.15,0.00,0.15,0.15,0.15
657,Jayden Danns,eng ENG,FW,Liverpool,eng Premier League,17,2006,2,0,9,0.1,0,0,0,0,0,0,1,0,0.00,0.00,0.00,0.00,0.00
658,Kevin Danso,at AUT,DF,Lens,fr Ligue 1,24,1998,30,30,"2,655",29.5,1,0,1,1,0,0,6,0,0.03,0.00,0.03,0.03,0.03
659,Dante,br BRA,DF,Nice,fr Ligue 1,39,1983,32,32,"2,843",31.6,1,1,2,1,0,0,5,1,0.03,0.03,0.06,0.03,0.06
660,Raimane Daou,km COM,DF,Marseille,fr Ligue 1,18,2004,1,0,25,0.3,0,0,0,0,0,0,0,0,0.00,0.00,0.00,0.00,0.00
661,Mohamed Daramy,dk DEN,"FW,MF",Reims,fr Ligue 1,21,2002,25,19,"1,648",18.3,4,5,9,3,1,1,0,0,0.22,0.27,0.49,0.16,0.44
662,Sergi Darder,es ESP,MF,Mallorca,es La Liga,29,1993,36,21,"2,157",24.0,2,5,7,2,0,0,4,0,0.08,0.21,0.29,0.08,0.29
663,Achraf Dari,ma MAR,DF,Brest,fr Ligue 1,24,1999,4,1,121,1.3,0,0,0,0,0,0,0,0,0.00,0.00,0.00,0.00,0.00
664,Matteo Darmian,it ITA,"MF,DF",Inter,it Serie A,33,1989,33,27,"2,404",26.7,2,1,3,2,0,0,2,0,0.07,0.04,0.11,0.07,0.11
665,Lukas Daschner,de GER,"FW,MF",Bochum,de Bundesliga,24,1998,20,3,536,6.0,1,1,2,1,0,0,2,0,0.17,0.17,0.34,0.17,0.34
666,Josh Dasilva,eng ENG,MF,Brentford,eng Premier League,24,1998,3,0,24,0.3,0,0,0,0,0,0,0,0,0.00,0.00,0.00,0.00,0.00
667,David Datro Fofana,ci CIV,FW,Burnley,eng Premier League,20,2002,15,10,879,9.8,4,1,5,4,0,0,1,0,0.41,0.10,0.51,0.41,0.51
668,David Datro Fofana,ci CIV,"FW,MF",Union Berlin,de Bundesliga,20,2002,12,8,682,7.6,1,0,1,1,0,0,0,0,0.13,0.00,0.13,0.13,0.13
669,Juan David Cabal,co COL,DF,Hellas Verona,it Serie A,22,2001,22,17,"1,497",16.6,0,0,0,0,0,0,6,0,0.00,0.00,0.00,0.00,0.00
670,Jonathan David,ca CAN,FW,Lille,fr Ligue 1,23,2000,34,30,"2,629",29.2,19,4,23,17,2,3,4,0,0.65,0.14,0.79,0.58,0.72
671,Alphonso Davies,ca CAN,DF,Bayern Munich,de Bundesliga,22,2000,29,24,"2,065",22.9,2,5,7,2,0,0,0,0,0.09,0.22,0.31,0.09,0.31
672,Ben Davies,wls WAL,DF,Tottenham Hotspur,eng Premier League,30,1993,17,12,"1,090",12.1,1,0,1,1,0,0,2,0,0.08,0.00,0.08,0.08,0.08
673,Tom Davies,eng ENG,MF,Sheffield United,eng Premier League,25,1998,9,2,221,2.5,0,0,0,0,0,0,2,0,0.00,0.00,0.00,0.00,0.00
674,Keinan Davis,eng ENG,FW,Udinese,it Serie A,25,1998,8,0,186,2.1,1,0,1,1,0,0,2,0,0.48,0.00,0.48,0.48,0.48
675,Paweł Dawidowicz,pl POL,DF,Hellas Verona,it Serie A,28,1995,28,25,"2,143",23.8,0,0,0,0,0,0,5,0,0.00,0.00,0.00,0.00,0.00
676,Player,Nation,Pos,Squad,Comp,Age,Born,MP,Starts,Min,90s,Gls,Ast,G+A,G-PK,PK,PKatt,CrdY,CrdR,Gls,Ast,G+A,G-PK,G+A-PK
677,Craig Dawson,eng ENG,DF,Wolves,eng Premier League,33,1990,25,25,"2,209",24.5,1,1,2,1,0,0,7,0,0.04,0.04,0.08,0.04,0.08
678,Kevin De Bruyne,be BEL,MF,Manchester City,eng Premier League,32,1991,18,15,"1,221",13.6,4,10,14,4,0,0,2,0,0.29,0.74,1.03,0.29,1.03
679,Bobby De Cordova-Reid,jm JAM,"MF,FW",Fulham,eng Premier League,30,1993,33,17,"1,423",15.8,6,2,8,6,0,0,4,0,0.38,0.13,0.51,0.38,0.51
680,Charles De Ketelaere,be BEL,"FW,MF",Atalanta,it Serie A,22,2001,35,25,"2,026",22.5,10,8,18,9,1,1,1,0,0.44,0.36,0.80,0.40,0.76
681,Rodrigo De Paul,ar ARG,MF,Atlético Madrid,es La Liga,29,1994,34,25,"2,075",23.1,3,5,8,3,0,0,7,0,0.13,0.22,0.35,0.13,0.35
682,Mattia De Sciglio,it ITA,DF,Juventus,it Serie A,30,1992,1,1,45,0.5,0,0,0,0,0,0,0,0,0.00,0.00,0.00,0.00,0.00
683,Lorenzo De Silvestri,it ITA,DF,Bologna,it Serie A,35,1988,15,7,674,7.5,2,0,2,2,0,0,0,0,0.27,0.00,0.27,0.27,0.27
684,Thibault De Smet,be BEL,"DF,MF",Reims,fr Ligue 1,25,1998,27,22,"1,831",20.3,0,0,0,0,0,0,7,1,0.00,0.00,0.00,0.00,0.00
685,Koni De Winter,be BEL,DF,Genoa,it Serie A,21,2002,29,26,"2,380",26.4,0,1,1,0,0,0,8,1,0.00,0.04,0.04,0.00,0.04
686,Grégoire Defrel,mq MTQ,"MF,FW",Sassuolo,it Serie A,32,1991,20,7,757,8.4,1,2,3,1,0,0,0,0,0.12,0.24,0.36,0.12,0.36
687,Alessandro Deiola,it ITA,MF,Cagliari,it Serie A,27,1995,27,19,"1,608",17.9,1,0,1,1,0,0,7,0,0.06,0.00,0.06,0.06,0.06
688,Romain Del Castillo,fr FRA,"MF,FW",Brest,fr Ligue 1,27,1996,33,30,"2,497",27.7,8,8,16,5,3,3,4,0,0.29,0.29,0.58,0.18,0.47
689,Thomas Delaine,fr FRA,"MF,DF",Strasbourg,fr Ligue 1,31,1992,27,24,"2,044",22.7,1,1,2,1,0,0,5,0,0.04,0.04,0.09,0.04,0.09
690,Sacha Delaye,fr FRA,MF,Montpellier,fr Ligue 1,21,2002,9,0,130,1.4,0,0,0,0,0,0,1,0,0.00,0.00,0.00,0.00,0.00
691,Hannes Delcroix,ht HAI,DF,Burnley,eng Premier League,24,1999,12,5,589,6.5,0,0,0,0,0,0,2,0,0.00,0.00,0.00,0.00,0.00
692,Alessandro Dellavalle,it ITA,DF,Torino,it Serie A,19,2004,1,0,15,0.2,0,0,0,0,0,0,0,0,0.00,0.00,0.00,0.00,0.00
693,Olivier Deman,be BEL,MF,Werder Bremen,de Bundesliga,23,2000,29,14,"1,365",15.2,2,1,3,2,0,0,5,0,0.13,0.07,0.20,0.13,0.20
694,Karamoko Dembélé,eng ENG,"FW,MF",Brest,fr Ligue 1,20,2003,1,0,16,0.2,0,0,0,0,0,0,0,0,0.00,0.00,0.00,0.00,0.00
695,Ousmane Dembélé,fr FRA,"FW,MF",Paris Saint-Germain,fr Ligue 1,26,1997,26,17,"1,506",16.7,3,8,11,3,0,0,0,0,0.18,0.48,0.66,0.18,0.66
696,Jessy Deminguet,fr FRA,"MF,FW",Strasbourg,fr Ligue 1,25,1998,18,9,690,7.7,0,0,0,0,0,0,1,0,0.00,0.00,0.00,0.00,0.00
697,Ermedin Demirović,ba BIH,"FW,MF",Augsburg,de Bundesliga,25,1998,33,33,"2,873",31.9,15,9,24,12,3,4,7,0,0.47,0.28,0.75,0.38,0.66
698,Diego Demme,de GER,MF,Napoli,it Serie A,31,1991,2,1,73,0.8,0,0,0,0,0,0,1,0,0.00,0.00,0.00,0.00,0.00
699,Sepp van den Berg,nl NED,DF,Mainz 05,de Bundesliga,21,2001,33,31,"2,839",31.5,3,0,3,3,0,0,9,0,0.10,0.00,0.10,0.10,0.10
700,Leander Dendoncker,be BEL,MF,Aston Villa,eng Premier League,28,1995,8,1,119,1.3,1,0,1,1,0,0,0,0,0.76,0.00,0.76,0.76,0.76
701,Leander Dendoncker,be BEL,"DF,MF",Napoli,it Serie A,28,1995,3,0,24,0.3,0,0,0,0,0,0,0,0,0.00,0.00,0.00,0.00,0.00
702,Player,Nation,Pos,Squad,Comp,Age,Born,MP,Starts,Min,90s,Gls,Ast,G+A,G-PK,PK,PKatt,CrdY,CrdR,Gls,Ast,G+A,G-PK,G+A-PK
703,Rémy Descamps,fr FRA,GK,Nantes,fr Ligue 1,27,1996,6,6,540,6.0,0,0,0,0,0,0,1,0,0.00,0.00,0.00,0.00,0.00
704,Mikkel Desler,dk DEN,"DF,MF",Toulouse,fr Ligue 1,28,1995,24,19,"1,544",17.2,0,1,1,0,0,0,2,0,0.00,0.06,0.06,0.00,0.06
705,Arthur Desmas,fr FRA,GK,Le Havre,fr Ligue 1,29,1994,33,33,"2,970",33.0,0,0,0,0,0,0,2,0,0.00,0.00,0.00,0.00,0.00
706,Mattia Destro,it ITA,FW,Empoli,it Serie A,32,1991,15,3,366,4.1,0,0,0,0,0,0,2,0,0.00,0.00,0.00,0.00,0.00
707,Samuele Di Benedetto,de GER,MF,Stuttgart,de Bundesliga,18,2005,1,0,7,0.1,0,0,0,0,0,0,0,0,0.00,0.00,0.00,0.00,0.00
708,Federico Di Francesco,it ITA,"FW,MF",Lecce,it Serie A,29,1994,2,0,15,0.2,1,0,1,1,0,0,0,0,6.00,0.00,6.00,6.00,6.00
709,Raffaele Di Gennaro,it ITA,GK,Inter,it Serie A,29,1993,1,0,23,0.3,0,0,0,0,0,0,0,0,0.00,0.00,0.00,0.00,0.00
710,Michele Di Gregorio,it ITA,GK,Monza,it Serie A,26,1997,33,33,"2,872",31.9,0,0,0,0,0,0,0,0,0.00,0.00,0.00,0.00,0.00
711,Giovanni Di Lorenzo,it ITA,DF,Napoli,it Serie A,29,1993,36,36,"3,234",35.9,1,6,7,1,0,0,6,0,0.03,0.17,0.19,0.03,0.19
712,Alessandro Di Pardo,it ITA,"MF,DF",Cagliari,it Serie A,24,1999,15,2,359,4.0,0,0,0,0,0,0,0,0,0.00,0.00,0.00,0.00,0.00
713,Boulaye Dia,sn SEN,"FW,MF",Salernitana,it Serie A,26,1996,17,12,"1,143",12.7,4,0,4,3,1,1,1,0,0.31,0.00,0.31,0.24,0.24
714,Moussa Diaby,fr FRA,"MF,FW",Aston Villa,eng Premier League,24,1999,38,25,"2,174",24.2,6,8,14,6,0,0,1,0,0.25,0.33,0.58,0.25,0.58
715,Lamine Diack,sn SEN,MF,Nantes,fr Ligue 1,22,2000,1,0,1,0.0,0,0,0,0,0,0,0,0,0.00,0.00,0.00,0.00,0.00
716,Mouctar Diakhaby,gn GUI,"DF,MF",Valencia,es La Liga,26,1996,14,12,"1,073",11.9,1,0,1,1,0,0,6,0,0.08,0.00,0.08,0.08,0.08
717,Mamadou Diakhon,fr FRA,FW,Reims,fr Ligue 1,17,2005,11,1,209,2.3,0,0,0,0,0,0,0,0,0.00,0.00,0.00,0.00,0.00
718,Bafodé Diakité,fr FRA,DF,Lille,fr Ligue 1,22,2001,21,19,"1,696",18.8,5,2,7,5,0,0,4,0,0.27,0.11,0.37,0.27,0.37
719,Ibrahim Diakité,gn GUI,DF,Reims,fr Ligue 1,19,2003,5,1,109,1.2,0,0,0,0,0,0,0,0,0.00,0.00,0.00,0.00,0.00
720,Moussa Diakité,ml MLI,MF,Cádiz,es La Liga,19,2003,1,0,1,0.0,0,0,0,0,0,0,0,0,0.00,0.00,0.00,0.00,0.00
721,Oumar Diakité,ci CIV,FW,Reims,fr Ligue 1,19,2003,28,18,"1,585",17.6,5,1,6,5,0,1,4,0,0.28,0.06,0.34,0.28,0.34
722,Amad Diallo,ci CIV,MF,Manchester Utd,eng Premier League,21,2002,9,3,390,4.3,1,1,2,1,0,0,1,0,0.23,0.23,0.46,0.23,0.46
723,Amadou Diallo,eng ENG,FW,Newcastle United,eng Premier League,20,2003,1,0,1,0.0,0,0,0,0,0,0,0,0,0.00,0.00,0.00,0.00,0.00
724,Assane Diao,sn SEN,MF,Real Betis,es La Liga,17,2005,18,13,"1,048",11.6,2,0,2,2,0,0,4,0,0.17,0.00,0.17,0.17,0.17
725,Habib Diarra,sn SEN,"MF,FW",Strasbourg,fr Ligue 1,19,2004,31,28,"2,305",25.6,3,1,4,2,1,1,3,0,0.12,0.04,0.16,0.08,0.12
726,Moussa Diarra,ml MLI,DF,Toulouse,fr Ligue 1,22,2000,22,15,"1,397",15.5,1,2,3,1,0,0,5,0,0.06,0.13,0.19,0.06,0.19
727,Rúben Dias,pt POR,"DF,MF",Manchester City,eng Premier League,26,1997,30,28,"2,559",28.4,0,0,0,0,0,0,0,0,0.00,0.00,0.00,0.00,0.00
728,Player,Nation,Pos,Squad,Comp,Age,Born,MP,Starts,Min,90s,Gls,Ast,G+A,G-PK,PK,PKatt,CrdY,CrdR,Gls,Ast,G+A,G-PK,G+A-PK
729,Krépin Diatta,sn SEN,"MF,DF",Monaco,fr Ligue 1,24,1999,26,12,"1,206",13.4,0,2,2,0,0,0,2,0,0.00,0.15,0.15,0.00,0.15
730,Mory Diaw,sn SEN,GK,Clermont Foot,fr Ligue 1,30,1993,30,30,"2,700",30.0,0,0,0,0,0,0,3,0,0.00,0.00,0.00,0.00,0.00
731,Mahamadou Diawara,fr FRA,MF,Lyon,fr Ligue 1,18,2005,11,4,358,4.0,0,0,0,0,0,0,2,0,0.00,0.00,0.00,0.00,0.00
732,Brahim Díaz,ma MAR,"MF,FW",Real Madrid,es La Liga,23,1999,31,18,"1,545",17.2,8,6,14,8,0,0,0,0,0.47,0.35,0.82,0.47,0.82
733,Luis Díaz,co COL,FW,Liverpool,eng Premier League,26,1997,37,32,"2,629",29.2,8,5,13,8,0,0,3,0,0.27,0.17,0.45,0.27,0.45
734,Víctor Díaz,es ESP,DF,Granada,es La Liga,35,1988,4,2,162,1.8,0,0,0,0,0,0,1,0,0.00,0.00,0.00,0.00,0.00
735,Famara Diedhiou,sn SEN,FW,Granada,es La Liga,30,1992,8,0,89,1.0,0,1,1,0,0,0,1,0,0.00,1.01,1.01,0.00,1.01
736,Justin Diehl,de GER,MF,Köln,de Bundesliga,18,2004,7,1,168,1.9,0,0,0,0,0,0,0,0,0.00,0.00,0.00,0.00,0.00
737,Bamba Dieng,sn SEN,FW,Lorient,fr Ligue 1,23,2000,16,5,549,6.1,4,1,5,4,0,0,3,0,0.66,0.16,0.82,0.66,0.82
738,Eric Dier,eng ENG,DF,Tottenham Hotspur,eng Premier League,29,1994,4,1,201,2.2,0,0,0,0,0,0,0,0,0.00,0.00,0.00,0.00,0.00
739,Eric Dier,eng ENG,DF,Bayern Munich,de Bundesliga,29,1994,15,13,"1,166",13.0,0,0,0,0,0,0,1,0,0.00,0.00,0.00,0.00,0.00
740,Guillaume Dietsch,fr FRA,GK,Metz,fr Ligue 1,22,2001,1,0,73,0.8,0,0,0,0,0,0,0,0,0.00,0.00,0.00,0.00,0.00
741,Florian Dietz,de GER,FW,Köln,de Bundesliga,24,1998,5,0,70,0.8,0,0,0,0,0,0,0,0,0.00,0.00,0.00,0.00,0.00
742,Lucas Digne,fr FRA,DF,Aston Villa,eng Premier League,30,1993,33,27,"2,410",26.8,1,3,4,1,0,0,7,0,0.04,0.11,0.15,0.04,0.15
743,Federico Dimarco,it ITA,MF,Inter,it Serie A,25,1997,30,29,"2,077",23.1,5,6,11,5,0,0,0,0,0.22,0.26,0.48,0.22,0.48
744,Stole Dimitrievski,mk MKD,GK,Rayo Vallecano,es La Liga,29,1993,37,37,"3,330",37.0,0,0,0,0,0,0,2,0,0.00,0.00,0.00,0.00,0.00
745,Junior Dina Ebimbe,cm CMR,MF,Eintracht Frankfurt,de Bundesliga,22,2000,31,25,"1,956",21.7,5,3,8,5,0,0,5,0,0.23,0.14,0.37,0.23,0.37
746,Eren Dinkçi,de GER,MF,Heidenheim,de Bundesliga,21,2001,33,33,"2,650",29.4,10,5,15,10,0,0,8,0,0.34,0.17,0.51,0.34,0.51
747,Sinaly Diomande,ci CIV,DF,Lyon,fr Ligue 1,22,2001,10,10,889,9.9,0,0,0,0,0,0,2,0,0.00,0.00,0.00,0.00,0.00
748,Edan Diop,fr FRA,MF,Monaco,fr Ligue 1,18,2004,10,0,163,1.8,0,0,0,0,0,0,3,0,0.00,0.00,0.00,0.00,0.00
749,Issa Diop,fr FRA,DF,Fulham,eng Premier League,26,1997,18,16,"1,424",15.8,0,0,0,0,0,0,4,1,0.00,0.00,0.00,0.00,0.00
750,Sofiane Diop,ma MAR,"FW,MF",Nice,fr Ligue 1,23,2000,10,6,499,5.5,0,0,0,0,0,0,0,0,0.00,0.00,0.00,0.00,0.00
751,Andy Diouf,fr FRA,MF,Lens,fr Ligue 1,20,2003,25,16,"1,314",14.6,1,0,1,1,0,0,2,0,0.07,0.00,0.07,0.07,0.07
752,Yehvann Diouf,sn SEN,GK,Reims,fr Ligue 1,23,1999,34,34,"3,060",34.0,0,0,0,0,0,0,1,0,0.00,0.00,0.00,0.00,0.00
753,Axel Disasi,fr FRA,DF,Chelsea,eng Premier League,25,1998,31,29,"2,579",28.7,2,0,2,2,0,0,6,0,0.07,0.00,0.07,0.07,0.07
754,Player,Nation,Pos,Squad,Comp,Age,Born,MP,Starts,Min,90s,Gls,Ast,G+A,G-PK,PK,PKatt,CrdY,CrdR,Gls,Ast,G+A,G-PK,G+A-PK
755,Tiago Djaló,pt POR,DF,Juventus,it Serie A,23,2000,1,0,17,0.2,0,0,0,0,0,0,0,0,0.00,0.00,0.00,0.00,0.00
756,Chaim El Djebali,tn TUN,MF,Lyon,fr Ligue 1,19,2004,1,0,12,0.1,0,0,0,0,0,0,0,0,0.00,0.00,0.00,0.00,0.00
757,Djené,tg TOG,"DF,MF",Getafe,es La Liga,31,1991,33,30,"2,484",27.6,0,0,0,0,0,0,14,1,0.00,0.00,0.00,0.00,0.00
758,Koffi Djidji,ci CIV,DF,Torino,it Serie A,30,1992,13,8,759,8.4,0,0,0,0,0,0,2,0,0.00,0.00,0.00,0.00,0.00
759,Berat Djimsiti,al ALB,DF,Atalanta,it Serie A,30,1993,37,32,"2,832",31.5,0,1,1,0,0,0,5,0,0.00,0.03,0.03,0.00,0.03
760,Marko Dmitrović,rs SRB,GK,Sevilla,es La Liga,31,1992,13,13,"1,170",13.0,0,0,0,0,0,0,1,0,0.00,0.00,0.00,0.00,0.00
761,Ritsu Doan,jp JPN,MF,Freiburg,de Bundesliga,25,1998,30,26,"2,246",25.0,7,2,9,7,0,0,2,0,0.28,0.08,0.36,0.28,0.36
762,Lewis Dobbin,eng ENG,MF,Everton,eng Premier League,20,2003,12,1,232,2.6,1,0,1,1,0,0,1,0,0.39,0.00,0.39,0.39,0.39
763,Dodô,br BRA,DF,Fiorentina,it Serie A,24,1998,9,7,523,5.8,0,0,0,0,0,0,0,0,0.00,0.00,0.00,0.00,0.00
764,Danilho Doekhi,nl NED,DF,Union Berlin,de Bundesliga,25,1998,24,24,"2,160",24.0,2,0,2,2,0,0,2,0,0.08,0.00,0.08,0.08,0.08
765,Matt Doherty,ie IRL,"MF,DF",Wolves,eng Premier League,31,1992,30,9,"1,150",12.8,1,0,1,1,0,0,2,0,0.08,0.00,0.08,0.08,0.08
766,Josh Doig,sct SCO,"MF,DF",Hellas Verona,it Serie A,21,2002,12,11,830,9.2,0,0,0,0,0,0,2,0,0.00,0.00,0.00,0.00,0.00
767,Josh Doig,sct SCO,"DF,MF",Sassuolo,it Serie A,21,2002,16,15,"1,343",14.9,0,2,2,0,0,0,5,0,0.00,0.13,0.13,0.00,0.13
768,Jeremy Doku,be BEL,"MF,FW",Manchester City,eng Premier League,21,2002,29,18,"1,595",17.7,3,8,11,3,0,0,3,0,0.17,0.45,0.62,0.17,0.62
769,Jeremy Doku,be BEL,FW,Rennes,fr Ligue 1,21,2002,2,1,111,1.2,1,0,1,1,0,0,0,0,0.81,0.00,0.81,0.81,0.81
770,Jaume Doménech,es ESP,GK,Valencia,es La Liga,32,1990,2,1,79,0.9,0,0,0,0,0,0,0,0,0.00,0.00,0.00,0.00,0.00
771,Carlos Dominguez,es ESP,DF,Celta Vigo,es La Liga,22,2001,22,18,"1,584",17.6,0,0,0,0,0,0,2,0,0.00,0.00,0.00,0.00,0.00
772,Mario Dominguez,es ESP,MF,Valencia,es La Liga,19,2004,3,0,25,0.3,0,0,0,0,0,0,0,0,0.00,0.00,0.00,0.00,0.00
773,Nicolás Domínguez,ar ARG,MF,Nottingham Forest,eng Premier League,25,1998,26,19,"1,495",16.6,2,2,4,2,0,0,4,0,0.12,0.12,0.24,0.12,0.24
774,Nicolás Domínguez,ar ARG,MF,Bologna,it Serie A,25,1998,2,1,102,1.1,0,0,0,0,0,0,0,0,0.00,0.00,0.00,0.00,0.00
775,Giulio Donati,it ITA,DF,Monza,it Serie A,33,1990,4,0,36,0.4,0,0,0,0,0,0,2,0,0.00,0.00,0.00,0.00,0.00
776,Jamie Donley,nir NIR,MF,Tottenham Hotspur,eng Premier League,18,2005,3,0,3,0.0,0,0,0,0,0,0,1,0,0.00,0.00,0.00,0.00,0.00
777,Gianluigi Donnarumma,it ITA,GK,Paris Saint-Germain,fr Ligue 1,24,1999,25,25,"2,169",24.1,0,0,0,0,0,0,3,1,0.00,0.00,0.00,0.00,0.00
778,Patrick Dorgu,dk DEN,"MF,DF",Lecce,it Serie A,18,2004,32,17,"1,564",17.4,2,0,2,2,0,0,6,0,0.12,0.00,0.12,0.12,0.12
779,Niklas Dorsch,de GER,MF,Augsburg,de Bundesliga,25,1998,21,16,"1,386",15.4,0,0,0,0,0,0,5,0,0.00,0.00,0.00,0.00,0.00
780,Player,Nation,Pos,Squad,Comp,Age,Born,MP,Starts,Min,90s,Gls,Ast,G+A,G-PK,PK,PKatt,CrdY,CrdR,Gls,Ast,G+A,G-PK,G+A-PK
781,Alberto Dossena,it ITA,DF,Cagliari,it Serie A,24,1998,35,33,"2,977",33.1,2,4,6,2,0,0,5,0,0.06,0.12,0.18,0.06,0.18
782,Carlos Dotor,es ESP,MF,Celta Vigo,es La Liga,22,2001,17,7,708,7.9,0,0,0,0,0,0,2,0,0.00,0.00,0.00,0.00,0.00
783,Abdoulaye Doucouré,ml MLI,MF,Everton,eng Premier League,30,1993,32,32,"2,629",29.2,7,1,8,7,0,0,7,0,0.24,0.03,0.27,0.24,0.27
784,Cheick Doucouré,ml MLI,MF,Crystal Palace,eng Premier League,23,2000,11,11,919,10.2,0,0,0,0,0,0,2,0,0.00,0.00,0.00,0.00,0.00
785,Siriné Doucouré,ml MLI,FW,Lorient,fr Ligue 1,21,2002,11,5,423,4.7,1,3,4,1,0,0,2,0,0.21,0.64,0.85,0.21,0.85
786,Désiré Doué,fr FRA,MF,Rennes,fr Ligue 1,18,2005,31,17,"1,626",18.1,4,4,8,4,0,0,3,0,0.22,0.22,0.44,0.22,0.44
787,Guela Doué,ci CIV,DF,Rennes,fr Ligue 1,20,2002,24,13,"1,234",13.7,0,2,2,0,0,0,1,1,0.00,0.15,0.15,0.00,0.15
788,Alfie Doughty,eng ENG,"MF,DF",Luton Town,eng Premier League,23,1999,37,34,"2,925",32.5,2,8,10,2,0,0,5,0,0.06,0.25,0.31,0.06,0.31
789,Douglas,br BRA,MF,Nantes,fr Ligue 1,26,1997,25,22,"1,772",19.7,0,0,0,0,0,0,7,0,0.00,0.00,0.00,0.00,0.00
790,Ismaël Doukouré,fr FRA,"MF,DF",Strasbourg,fr Ligue 1,20,2003,22,19,"1,656",18.4,0,0,0,0,0,0,4,0,0.00,0.00,0.00,0.00,0.00
791,Kamory Doumbia,ml MLI,MF,Brest,fr Ligue 1,20,2003,25,7,879,9.8,6,5,11,6,0,0,1,0,0.61,0.51,1.13,0.61,1.13
792,Anastasios Douvikas,gr GRE,FW,Celta Vigo,es La Liga,23,1999,32,7,905,10.1,7,1,8,7,0,0,2,0,0.70,0.10,0.80,0.70,0.80
793,Artem Dovbyk,ua UKR,FW,Girona,es La Liga,26,1997,36,32,"2,587",28.7,24,8,32,17,7,8,2,0,0.83,0.28,1.11,0.59,0.87
794,Nikola Dovedan,at AUT,MF,Heidenheim,de Bundesliga,29,1994,21,5,656,7.3,3,1,4,3,0,0,0,1,0.41,0.14,0.55,0.41,0.55
795,Damion Downs,us USA,FW,Köln,de Bundesliga,19,2004,10,0,181,2.0,2,0,2,2,0,0,0,0,0.99,0.00,0.99,0.99,0.99
796,Tommy Doyle,eng ENG,MF,Wolves,eng Premier League,21,2001,26,11,"1,222",13.6,0,0,0,0,0,0,2,0,0.00,0.00,0.00,0.00,0.00
797,Radu Drăgușin,ro ROU,DF,Tottenham Hotspur,eng Premier League,21,2002,9,4,429,4.8,0,0,0,0,0,0,1,0,0.00,0.00,0.00,0.00,0.00
798,Radu Drăgușin,ro ROU,DF,Genoa,it Serie A,21,2002,19,19,"1,710",19.0,2,1,3,2,0,0,1,0,0.11,0.05,0.16,0.11,0.16
799,Dion Drena Beljo,hr CRO,"FW,MF",Augsburg,de Bundesliga,21,2002,26,3,581,6.5,2,0,2,2,0,0,2,0,0.31,0.00,0.31,0.31,0.31
800,Tim Drexler,de GER,DF,Hoffenheim,de Bundesliga,18,2005,8,6,573,6.4,0,0,0,0,0,0,1,0,0.00,0.00,0.00,0.00,0.00
801,Domingos Duarte,pt POR,DF,Getafe,es La Liga,28,1995,15,11,907,10.1,0,0,0,0,0,0,5,2,0.00,0.00,0.00,0.00,0.00
802,Rubén Duarte,es ESP,DF,Alavés,es La Liga,27,1995,28,21,"1,878",20.9,2,1,3,2,0,0,7,0,0.10,0.05,0.14,0.10,0.14
803,Martin Dúbravka,sk SVK,GK,Newcastle United,eng Premier League,34,1989,23,22,"1,985",22.1,0,0,0,0,0,0,1,0,0.00,0.00,0.00,0.00,0.00
804,Marvin Ducksch,de GER,FW,Werder Bremen,de Bundesliga,29,1994,33,32,"2,696",30.0,12,9,21,7,5,6,9,0,0.40,0.30,0.70,0.23,0.53
805,Ondrej Duda,sk SVK,MF,Hellas Verona,it Serie A,28,1994,32,29,"2,456",27.3,1,4,5,1,0,1,14,2,0.04,0.15,0.18,0.04,0.18
806,Player,Nation,Pos,Squad,Comp,Age,Born,MP,Starts,Min,90s,Gls,Ast,G+A,G-PK,PK,PKatt,CrdY,CrdR,Gls,Ast,G+A,G-PK,G+A-PK
807,Denzel Dumfries,nl NED,MF,Inter,it Serie A,27,1996,31,19,"1,639",18.2,4,4,8,4,0,0,2,1,0.22,0.22,0.44,0.22,0.44
808,Paul Dummett,wls WAL,DF,Newcastle United,eng Premier League,31,1991,5,0,20,0.2,0,0,0,0,0,0,0,0,0.00,0.00,0.00,0.00,0.00
809,Alfred Duncan,gh GHA,MF,Fiorentina,it Serie A,30,1993,30,24,"1,888",21.0,2,5,7,2,0,0,2,0,0.10,0.24,0.33,0.10,0.33
810,Lewis Dunk,eng ENG,DF,Brighton,eng Premier League,31,1991,33,33,"2,869",31.9,3,1,4,3,0,0,7,1,0.09,0.03,0.13,0.09,0.13
811,Jáder Durán,co COL,FW,Aston Villa,eng Premier League,19,2003,23,3,475,5.3,5,0,5,5,0,0,5,0,0.95,0.00,0.95,0.95,0.95
812,Julien Duranville,be BEL,FW,Dortmund,de Bundesliga,17,2006,2,0,12,0.1,0,0,0,0,0,0,0,0,0.00,0.00,0.00,0.00,0.00
813,Hugo Duro,es ESP,FW,Valencia,es La Liga,23,1999,37,35,"2,976",33.1,13,2,15,13,0,0,4,0,0.39,0.06,0.45,0.39,0.45
814,Jean-Kevin Duverne,ht HAI,DF,Nantes,fr Ligue 1,26,1997,19,15,"1,348",15.0,0,0,0,0,0,0,5,0,0.00,0.00,0.00,0.00,0.00
815,Paulo Dybala,ar ARG,"FW,MF",Roma,it Serie A,29,1993,28,25,"1,959",21.8,13,9,22,6,7,7,3,0,0.60,0.41,1.01,0.28,0.69
816,Aron Dønnum,no NOR,"MF,FW",Toulouse,fr Ligue 1,25,1998,27,19,"1,595",17.7,0,1,1,0,0,0,8,0,0.00,0.06,0.06,0.00,0.06
817,George Earthy,eng ENG,MF,West Ham United,eng Premier League,18,2004,3,0,34,0.4,1,0,1,1,0,0,0,0,2.65,0.00,2.65,2.65,2.65
818,Simon Ebonog,cm CMR,MF,Le Havre,fr Ligue 1,18,2004,4,0,20,0.2,0,0,0,0,0,0,0,0,0.00,0.00,0.00,0.00,0.00
819,Festy Ebosele,ie IRL,MF,Udinese,it Serie A,20,2002,31,20,"1,700",18.9,0,0,0,0,0,0,6,1,0.00,0.00,0.00,0.00,0.00
820,Enzo Ebosse,cm CMR,DF,Udinese,it Serie A,24,1999,1,0,8,0.1,0,0,0,0,0,0,0,0,0.00,0.00,0.00,0.00,0.00
821,Tyronne Ebuehi,ng NGA,DF,Empoli,it Serie A,27,1995,15,11,"1,099",12.2,0,1,1,0,0,0,0,0,0.00,0.08,0.08,0.00,0.08
822,Ederson,br BRA,GK,Manchester City,eng Premier League,29,1993,33,33,"2,785",30.9,0,0,0,0,0,0,5,0,0.00,0.00,0.00,0.00,0.00
823,Éderson,br BRA,MF,Atalanta,it Serie A,24,1999,36,32,"2,869",31.9,6,1,7,6,0,0,8,0,0.19,0.03,0.22,0.19,0.22
824,Odsonne Édouard,fr FRA,"FW,MF",Crystal Palace,eng Premier League,25,1998,30,17,"1,555",17.3,7,0,7,7,0,0,4,0,0.41,0.00,0.41,0.41,0.41
825,John Egan,ie IRL,DF,Sheffield United,eng Premier League,30,1992,6,6,482,5.4,0,0,0,0,0,0,2,0,0.00,0.00,0.00,0.00,0.00
826,Maximilian Eggestein,de GER,MF,Freiburg,de Bundesliga,26,1996,33,33,"2,914",32.4,1,2,3,1,0,0,6,0,0.03,0.06,0.09,0.03,0.09
827,Lilian Egloff,de GER,MF,Stuttgart,de Bundesliga,20,2002,5,1,106,1.2,0,0,0,0,0,0,1,0,0.00,0.00,0.00,0.00,0.00
828,Kingsley Ehizibue,nl NED,MF,Udinese,it Serie A,28,1995,23,11,955,10.6,0,1,1,0,0,0,4,0,0.00,0.09,0.09,0.00,0.09
829,Hjalmar Ekdal,se SWE,DF,Burnley,eng Premier League,24,1998,8,5,437,4.9,0,0,0,0,0,0,2,0,0.00,0.00,0.00,0.00,0.00
830,Hugo Ekitike,fr FRA,FW,Paris Saint-Germain,fr Ligue 1,21,2002,1,0,9,0.1,0,0,0,0,0,0,0,0,0.00,0.00,0.00,0.00,0.00
831,Hugo Ekitike,fr FRA,FW,Eintracht Frankfurt,de Bundesliga,21,2002,14,7,716,8.0,4,2,6,4,0,0,3,0,0.50,0.25,0.75,0.50,0.75
832,Player,Nation,Pos,Squad,Comp,Age,Born,MP,Starts,Min,90s,Gls,Ast,G+A,G-PK,PK,PKatt,CrdY,CrdR,Gls,Ast,G+A,G-PK,G+A-PK
833,Emmanuel Ekong,se SWE,FW,Empoli,it Serie A,21,2002,1,0,5,0.1,0,0,0,0,0,0,0,0,0.00,0.00,0.00,0.00,0.00
834,Caleb Ekuban,gh GHA,FW,Genoa,it Serie A,29,1994,29,10,"1,131",12.6,4,1,5,4,0,0,0,0,0.32,0.08,0.40,0.32,0.40
835,Anthony Elanga,se SWE,"MF,FW",Nottingham Forest,eng Premier League,21,2002,36,25,"2,433",27.0,5,9,14,5,0,0,1,0,0.18,0.33,0.52,0.18,0.52
836,Simon Elisor,fr FRA,FW,Metz,fr Ligue 1,24,1999,14,9,767,8.5,1,0,1,1,0,1,1,0,0.12,0.00,0.12,0.12,0.12
837,Harvey Elliott,eng ENG,"MF,FW",Liverpool,eng Premier League,20,2003,34,11,"1,352",15.0,3,6,9,3,0,0,2,0,0.20,0.40,0.60,0.20,0.60
838,Elif Elmas,mk MKD,"MF,FW",Napoli,it Serie A,23,1999,11,4,339,3.8,2,0,2,2,0,0,2,0,0.53,0.00,0.53,0.53,0.53
839,Elif Elmas,mk MKD,MF,RB Leipzig,de Bundesliga,23,1999,14,2,266,3.0,0,0,0,0,0,0,0,0,0.00,0.00,0.00,0.00,0.00
840,Mohamed Elneny,eg EGY,MF,Arsenal,eng Premier League,31,1992,3,0,28,0.3,0,0,0,0,0,0,0,0,0.00,0.00,0.00,0.00,0.00
841,Aritz Elustondo,es ESP,DF,Real Sociedad,es La Liga,29,1994,15,7,812,9.0,0,1,1,0,0,0,2,0,0.00,0.11,0.11,0.00,0.11
842,Nico Elvedi,ch SUI,DF,Gladbach,de Bundesliga,26,1996,30,28,"2,482",27.6,2,1,3,2,0,0,5,0,0.07,0.04,0.11,0.07,0.11
843,Adri Embarba,es ESP,"MF,FW",Almería,es La Liga,31,1992,36,29,"2,476",27.5,3,2,5,2,1,1,5,0,0.11,0.07,0.18,0.07,0.15
844,Breel Embolo,ch SUI,FW,Monaco,fr Ligue 1,26,1997,5,2,182,2.0,1,0,1,1,0,0,0,0,0.49,0.00,0.49,0.49,0.49
845,Emanuel Emegha,nl NED,FW,Strasbourg,fr Ligue 1,20,2003,28,23,"2,078",23.1,8,1,9,8,0,1,3,0,0.35,0.04,0.39,0.35,0.39
846,Emerson,br BRA,DF,Tottenham Hotspur,eng Premier League,24,1999,22,11,"1,161",12.9,1,0,1,1,0,0,4,0,0.08,0.00,0.08,0.08,0.08
847,Youssef En-Nesyri,ma MAR,FW,Sevilla,es La Liga,26,1997,33,28,"2,570",28.6,16,2,18,15,1,1,4,0,0.56,0.07,0.63,0.53,0.60
848,Julio Enciso,py PAR,MF,Brighton,eng Premier League,19,2004,12,5,475,5.3,0,2,2,0,0,0,2,0,0.00,0.38,0.38,0.00,0.38
849,Wataru Endo,jp JPN,MF,Liverpool,eng Premier League,30,1993,29,20,"1,722",19.1,1,0,1,1,0,0,10,0,0.05,0.00,0.05,0.05,0.05
850,Arne Engels,be BEL,"MF,DF",Augsburg,de Bundesliga,19,2003,32,13,"1,405",15.6,3,2,5,3,0,0,1,1,0.19,0.13,0.32,0.19,0.32
851,Christian Eriksen,dk DEN,MF,Manchester Utd,eng Premier League,31,1992,22,12,"1,141",12.7,1,2,3,1,0,0,1,0,0.08,0.16,0.24,0.08,0.24
852,Martin Erlic,hr CRO,DF,Sassuolo,it Serie A,25,1998,32,31,"2,618",29.1,1,0,1,1,0,0,5,0,0.03,0.00,0.03,0.03,0.03
853,Gonzalo Escalante,ar ARG,MF,Cádiz,es La Liga,30,1993,25,18,"1,697",18.9,1,2,3,1,0,0,2,1,0.05,0.11,0.16,0.05,0.16
854,Aarón Escandell,es ESP,GK,Las Palmas,es La Liga,27,1995,2,1,153,1.7,0,0,0,0,0,0,0,1,0.00,0.00,0.00,0.00,0.00
855,Alfonso Espino,uy URU,DF,Rayo Vallecano,es La Liga,31,1992,31,29,"2,507",27.9,0,1,1,0,0,0,9,0,0.00,0.04,0.04,0.00,0.04
856,Bernardo Espinosa,co COL,DF,Girona,es La Liga,34,1989,2,0,2,0.0,0,0,0,0,0,0,0,0,0.00,0.00,0.00,0.00,0.00
857,Maxime Estève,fr FRA,DF,Burnley,eng Premier League,21,2002,16,15,"1,309",14.5,0,0,0,0,0,0,6,0,0.00,0.00,0.00,0.00,0.00
858,Player,Nation,Pos,Squad,Comp,Age,Born,MP,Starts,Min,90s,Gls,Ast,G+A,G-PK,PK,PKatt,CrdY,CrdR,Gls,Ast,G+A,G-PK,G+A-PK
859,Maxime Estève,fr FRA,DF,Montpellier,fr Ligue 1,21,2002,12,12,995,11.1,1,1,2,1,0,0,2,0,0.09,0.09,0.18,0.09,0.18
860,Oscar Estupiñan,co COL,FW,Metz,fr Ligue 1,26,1996,6,4,260,2.9,0,0,0,0,0,0,0,0,0.00,0.00,0.00,0.00,0.00
861,Pervis Estupiñán,ec ECU,"DF,MF",Brighton,eng Premier League,25,1998,19,15,"1,243",13.8,2,3,5,2,0,0,4,0,0.14,0.22,0.36,0.14,0.36
862,Karl Etta Eyong,cm CMR,FW,Cádiz,es La Liga,19,2003,1,0,21,0.2,0,0,0,0,0,0,0,0,0.00,0.00,0.00,0.00,0.00
863,Jonny Evans,nir NIR,DF,Manchester Utd,eng Premier League,35,1988,23,15,"1,392",15.5,0,1,1,0,0,0,2,0,0.00,0.06,0.06,0.00,0.06
864,Eberechi Eze,eng ENG,"MF,FW",Crystal Palace,eng Premier League,25,1998,27,24,"2,055",22.8,11,4,15,10,1,1,3,0,0.48,0.18,0.66,0.44,0.61
865,Abde Ezzalzouli,ma MAR,"FW,MF",Barcelona,es La Liga,21,2001,2,0,68,0.8,0,0,0,0,0,0,0,0,0.00,0.00,0.00,0.00,0.00
866,Abde Ezzalzouli,ma MAR,MF,Real Betis,es La Liga,21,2001,26,6,865,9.6,1,0,1,1,0,1,1,0,0.10,0.00,0.10,0.10,0.10
867,Giovanni Fabbian,it ITA,MF,Bologna,it Serie A,20,2003,27,11,"1,057",11.7,5,2,7,5,0,0,4,0,0.43,0.17,0.60,0.43,0.60
868,Łukasz Fabiański,pl POL,GK,West Ham United,eng Premier League,38,1985,10,7,721,8.0,0,0,0,0,0,0,0,0,0.00,0.00,0.00,0.00,0.00
869,Nicolò Fagioli,it ITA,MF,Juventus,it Serie A,22,2001,8,4,437,4.9,0,2,2,0,0,0,1,0,0.00,0.41,0.41,0.00,0.41
870,Romain Faivre,fr FRA,MF,Bournemouth,eng Premier League,25,1998,5,0,41,0.5,0,0,0,0,0,0,1,0,0.00,0.00,0.00,0.00,0.00
871,Romain Faivre,fr FRA,MF,Lorient,fr Ligue 1,25,1998,17,16,"1,453",16.1,5,1,6,5,0,0,1,0,0.31,0.06,0.37,0.31,0.37
872,Ilhan Fakili,fr FRA,MF,Clermont Foot,fr Ligue 1,17,2006,3,1,94,1.0,0,0,0,0,0,0,0,0,0.00,0.00,0.00,0.00,0.00
873,Radamel Falcao,co COL,FW,Rayo Vallecano,es La Liga,37,1986,22,2,407,4.5,1,0,1,0,1,1,4,0,0.22,0.00,0.22,0.00,0.00
874,Wladimiro Falcone,it ITA,GK,Lecce,it Serie A,28,1995,38,38,"3,420",38.0,0,0,0,0,0,0,0,0,0.00,0.00,0.00,0.00,0.00
875,Fali,es ESP,DF,Cádiz,es La Liga,29,1993,30,30,"2,547",28.3,0,0,0,0,0,0,12,0,0.00,0.00,0.00,0.00,0.00
876,Davide Faraoni,it ITA,MF,Hellas Verona,it Serie A,31,1991,11,7,602,6.7,0,1,1,0,0,0,5,0,0.00,0.15,0.15,0.00,0.15
877,Davide Faraoni,it ITA,DF,Fiorentina,it Serie A,31,1991,8,4,392,4.4,0,1,1,0,0,0,0,0,0.00,0.23,0.23,0.00,0.23
878,Ansu Fati,es ESP,"MF,FW",Brighton,eng Premier League,20,2002,19,3,521,5.8,2,0,2,2,0,0,2,0,0.35,0.00,0.35,0.35,0.35
879,Ansu Fati,es ESP,"FW,MF",Barcelona,es La Liga,20,2002,3,0,50,0.6,0,0,0,0,0,0,0,0,0.00,0.00,0.00,0.00,0.00
880,Khalil Fayad,fr FRA,MF,Montpellier,fr Ligue 1,19,2004,23,11,"1,025",11.4,3,0,3,3,0,0,2,0,0.26,0.00,0.26,0.26,0.26
881,Federico Fazio,ar ARG,DF,Salernitana,it Serie A,36,1987,17,15,"1,355",15.1,1,0,1,1,0,0,3,1,0.07,0.00,0.07,0.07,0.07
882,Jacopo Fazzini,it ITA,MF,Empoli,it Serie A,20,2003,31,14,"1,232",13.7,1,1,2,1,0,0,6,0,0.07,0.07,0.15,0.07,0.15
883,Nabil Fekir,fr FRA,"MF,FW",Real Betis,es La Liga,30,1993,19,10,"1,049",11.7,1,2,3,1,0,0,1,0,0.09,0.17,0.26,0.09,0.26
884,Player,Nation,Pos,Squad,Comp,Age,Born,MP,Starts,Min,90s,Gls,Ast,G+A,G-PK,PK,PKatt,CrdY,CrdR,Gls,Ast,G+A,G-PK,G+A-PK
885,Felipe,br BRA,DF,Nottingham Forest,eng Premier League,34,1989,7,4,375,4.2,0,0,0,0,0,0,4,0,0.00,0.00,0.00,0.00,0.00
886,Luiz Felipe,it ITA,DF,Real Betis,es La Liga,26,1997,4,4,360,4.0,0,0,0,0,0,0,1,0,0.00,0.00,0.00,0.00,0.00
887,João Félix,pt POR,FW,Barcelona,es La Liga,23,1999,30,18,"1,540",17.1,7,3,10,7,0,0,3,0,0.41,0.18,0.58,0.41,0.58
888,Ohis Felix Uduokhai,de GER,DF,Augsburg,de Bundesliga,25,1997,33,33,"2,921",32.5,2,0,2,2,0,0,5,1,0.06,0.00,0.06,0.06,0.06
889,Kiko Femenía,es ESP,DF,Villarreal,es La Liga,32,1991,23,16,"1,583",17.6,0,0,0,0,0,0,8,1,0.00,0.00,0.00,0.00,0.00
890,Evan Ferguson,ie IRL,FW,Brighton,eng Premier League,18,2004,27,15,"1,367",15.2,6,0,6,6,0,0,1,0,0.40,0.00,0.40,0.40,0.40
891,Lewis Ferguson,sct SCO,MF,Bologna,it Serie A,23,1999,31,31,"2,712",30.1,6,3,9,6,0,0,8,0,0.20,0.10,0.30,0.20,0.30
892,Bruno Fernandes,pt POR,MF,Manchester Utd,eng Premier League,28,1994,35,35,"3,118",34.6,10,8,18,6,4,5,9,0,0.29,0.23,0.52,0.17,0.40
893,Edimilson Fernandes,ch SUI,DF,Mainz 05,de Bundesliga,27,1996,21,13,"1,290",14.3,0,2,2,0,0,0,4,0,0.00,0.14,0.14,0.00,0.14
894,Aitor Fernández,es ESP,GK,Osasuna,es La Liga,32,1991,7,6,551,6.1,0,0,0,0,0,0,2,0,0.00,0.00,0.00,0.00,0.00
895,Álex Fernández,es ESP,MF,Cádiz,es La Liga,30,1992,26,14,"1,285",14.3,0,1,1,0,0,0,3,0,0.00,0.07,0.07,0.00,0.07
896,Carlos Fernández,es ESP,FW,Real Sociedad,es La Liga,27,1996,10,5,408,4.5,2,1,3,1,1,1,3,0,0.44,0.22,0.66,0.22,0.44
897,Enzo Fernández,ar ARG,MF,Chelsea,eng Premier League,22,2001,28,26,"2,209",24.5,3,2,5,2,1,2,7,0,0.12,0.08,0.20,0.08,0.16
898,Raúl Fernández,es ESP,GK,Granada,es La Liga,35,1988,4,4,280,3.1,0,0,0,0,0,0,0,0,0.00,0.00,0.00,0.00,0.00
899,Valery Fernández,es ESP,MF,Girona,es La Liga,23,1999,27,2,506,5.6,2,0,2,2,0,0,1,0,0.36,0.00,0.36,0.36,0.36
900,Fernando,es ESP,GK,Almería,es La Liga,33,1990,4,4,360,4.0,0,0,0,0,0,0,0,0,0.00,0.00,0.00,0.00,0.00
901,Fernando,br BRA,MF,Sevilla,es La Liga,36,1987,8,5,459,5.1,0,0,0,0,0,0,0,0,0.00,0.00,0.00,0.00,0.00
902,Ichem Ferrah,fr FRA,MF,Lille,fr Ligue 1,17,2005,1,0,3,0.0,0,0,0,0,0,0,0,0,0.00,0.00,0.00,0.00,0.00
903,Andrea Ferraris,it ITA,FW,Monza,it Serie A,20,2003,1,0,10,0.1,0,0,0,0,0,0,0,0,0.00,0.00,0.00,0.00,0.00
904,André Ferreira,pt POR,GK,Granada,es La Liga,27,1996,15,14,"1,340",14.9,0,0,0,0,0,0,1,0,0.00,0.00,0.00,0.00,0.00
905,João Ferreira,pt POR,"DF,MF",Udinese,it Serie A,22,2001,35,18,"1,822",20.2,0,1,1,0,0,0,9,0,0.00,0.05,0.05,0.00,0.05
906,Jordan Ferri,fr FRA,MF,Montpellier,fr Ligue 1,31,1992,30,23,"2,031",22.6,1,1,2,1,0,0,6,0,0.04,0.04,0.09,0.04,0.09
907,Nacho Ferri,es ESP,FW,Eintracht Frankfurt,de Bundesliga,18,2004,8,0,74,0.8,1,0,1,1,0,0,0,0,1.22,0.00,1.22,1.22,1.22
908,Rachad Fettal,ma MAR,FW,Almería,es La Liga,18,2005,1,0,17,0.2,0,0,0,0,0,0,0,0,0.00,0.00,0.00,0.00,0.00
909,Seydou Fini,it ITA,FW,Genoa,it Serie A,17,2006,3,0,35,0.4,0,0,0,0,0,0,0,0,0.00,0.00,0.00,0.00,0.00
910,Player,Nation,Pos,Squad,Comp,Age,Born,MP,Starts,Min,90s,Gls,Ast,G+A,G-PK,PK,PKatt,CrdY,CrdR,Gls,Ast,G+A,G-PK,G+A-PK
911,Max Finkgräfe,de GER,DF,Köln,de Bundesliga,19,2004,24,18,"1,756",19.5,1,0,1,1,0,0,4,0,0.05,0.00,0.05,0.05,0.05
912,Vincenzo Fiorillo,it ITA,GK,Salernitana,it Serie A,33,1990,4,4,360,4.0,0,0,0,0,0,0,1,1,0.00,0.00,0.00,0.00,0.00
913,Kilian Fischer,de GER,"MF,DF",Wolfsburg,de Bundesliga,22,2000,6,4,291,3.2,0,0,0,0,0,0,1,0,0.00,0.00,0.00,0.00,0.00
914,John Fleck,sct SCO,MF,Sheffield United,eng Premier League,31,1991,4,1,92,1.0,0,0,0,0,0,0,1,0,0.00,0.00,0.00,0.00,0.00
915,Mark Flekken,nl NED,GK,Brentford,eng Premier League,30,1993,37,37,"3,285",36.5,0,1,1,0,0,0,3,0,0.00,0.03,0.03,0.00,0.03
916,Alessandro Florenzi,it ITA,"DF,MF",Milan,it Serie A,32,1991,31,19,"1,732",19.2,1,4,5,1,0,0,5,0,0.05,0.21,0.26,0.05,0.26
917,Phil Foden,eng ENG,MF,Manchester City,eng Premier League,23,2000,35,33,"2,857",31.7,19,8,27,19,0,0,2,0,0.60,0.25,0.85,0.60,0.85
918,Wes Foderingham,eng ENG,GK,Sheffield United,eng Premier League,32,1991,30,29,"2,649",29.4,0,0,0,0,0,0,2,0,0.00,0.00,0.00,0.00,0.00
919,Malick Fofana,be BEL,"FW,MF",Lyon,fr Ligue 1,18,2005,17,4,559,6.2,3,0,3,3,0,0,0,0,0.48,0.00,0.48,0.48,0.48
920,Youssouf Fofana,fr FRA,MF,Monaco,fr Ligue 1,24,1999,32,31,"2,697",30.0,4,4,8,4,0,0,3,0,0.13,0.13,0.27,0.13,0.27
921,Jonas Föhrenbach,de GER,DF,Heidenheim,de Bundesliga,27,1996,33,32,"2,788",31.0,0,0,0,0,0,0,2,0,0.00,0.00,0.00,0.00,0.00
922,Thomas Foket,be BEL,"DF,MF",Reims,fr Ligue 1,28,1994,27,22,"1,833",20.4,0,1,1,0,0,0,9,1,0.00,0.05,0.05,0.00,0.05
923,Michael Folorunsho,it ITA,MF,Hellas Verona,it Serie A,25,1998,34,33,"2,781",30.9,5,1,6,5,0,0,5,0,0.16,0.03,0.19,0.16,0.19
924,Tiago Fonseca Morais,pt POR,MF,Lille,fr Ligue 1,19,2003,3,0,46,0.5,0,0,0,0,0,0,0,0,0.00,0.00,0.00,0.00,0.00
925,Pablo Fornals,es ESP,MF,West Ham United,eng Premier League,27,1996,15,4,426,4.7,0,0,0,0,0,0,0,0,0.00,0.00,0.00,0.00,0.00
926,Pablo Fornals,es ESP,MF,Real Betis,es La Liga,27,1996,15,14,"1,148",12.8,3,2,5,3,0,0,2,0,0.24,0.16,0.39,0.24,0.39
927,Emil Forsberg,se SWE,MF,RB Leipzig,de Bundesliga,31,1991,14,5,464,5.2,2,1,3,2,0,1,0,0,0.39,0.19,0.58,0.39,0.58
928,Omari Forson,eng ENG,MF,Manchester Utd,eng Premier League,19,2004,4,1,70,0.8,0,1,1,0,0,0,0,0,0.00,1.29,1.29,0.00,1.29
929,Philipp Förster,de GER,MF,Bochum,de Bundesliga,28,1995,13,3,385,4.3,0,0,0,0,0,0,1,0,0.00,0.00,0.00,0.00,0.00
930,Héctor Fort,es ESP,DF,Barcelona,es La Liga,16,2006,7,4,318,3.5,0,2,2,0,0,0,0,0,0.00,0.57,0.57,0.00,0.57
931,Lyle Foster,za RSA,"FW,MF",Burnley,eng Premier League,22,2000,24,22,"1,899",21.1,5,3,8,5,0,0,0,1,0.24,0.14,0.38,0.24,0.38
932,Dimitri Foulquier,fr FRA,"DF,MF",Valencia,es La Liga,30,1993,33,19,"1,842",20.5,0,0,0,0,0,0,3,0,0.00,0.00,0.00,0.00,0.00
933,Juan Foyth,ar ARG,DF,Villarreal,es La Liga,25,1998,12,12,"1,062",11.8,1,1,2,1,0,0,1,0,0.08,0.08,0.17,0.08,0.17
934,Matheus França,br BRA,MF,Crystal Palace,eng Premier League,19,2004,10,1,232,2.6,0,1,1,0,0,0,1,0,0.00,0.39,0.39,0.00,0.39
935,Bartol Franjić,hr CRO,MF,Darmstadt 98,de Bundesliga,23,2000,20,14,"1,229",13.7,0,1,1,0,0,0,5,0,0.00,0.07,0.07,0.00,0.07
936,Player,Nation,Pos,Squad,Comp,Age,Born,MP,Starts,Min,90s,Gls,Ast,G+A,G-PK,PK,PKatt,CrdY,CrdR,Gls,Ast,G+A,G-PK,G+A-PK
937,Przemysław Frankowski,pl POL,MF,Lens,fr Ligue 1,28,1995,30,24,"2,192",24.4,3,2,5,2,1,2,4,0,0.12,0.08,0.21,0.08,0.16
938,Nathan Fraser,ie IRL,FW,Wolves,eng Premier League,18,2005,7,1,186,2.1,0,0,0,0,0,0,1,0,0.00,0.00,0.00,0.00,0.00
939,Davide Frattesi,it ITA,MF,Inter,it Serie A,23,1999,32,6,955,10.6,6,3,9,6,0,0,1,0,0.57,0.28,0.85,0.57,0.85
940,Morten Frendrup,dk DEN,MF,Genoa,it Serie A,22,2001,37,36,"3,145",34.9,2,5,7,2,0,0,6,0,0.06,0.14,0.20,0.06,0.20
941,Remo Freuler,ch SUI,MF,Bologna,it Serie A,31,1992,32,30,"2,624",29.2,1,1,2,1,0,0,9,0,0.03,0.03,0.07,0.03,0.07
942,Marco Friedl,at AUT,DF,Werder Bremen,de Bundesliga,25,1998,25,25,"2,197",24.4,1,0,1,1,0,0,6,0,0.04,0.00,0.04,0.04,0.04
943,Marvin Friedrich,de GER,DF,Gladbach,de Bundesliga,27,1995,24,17,"1,566",17.4,0,0,0,0,0,0,1,0,0.00,0.00,0.00,0.00,0.00
944,Jeremie Frimpong,nl NED,MF,Leverkusen,de Bundesliga,22,2000,31,27,"2,251",25.0,9,7,16,9,0,0,6,0,0.36,0.28,0.64,0.36,0.64
945,Jorge de Frutos,es ESP,MF,Rayo Vallecano,es La Liga,26,1997,36,14,"1,549",17.2,2,0,2,2,0,0,1,0,0.12,0.00,0.12,0.12,0.12
946,Chris Führich,de GER,MF,Stuttgart,de Bundesliga,25,1998,34,33,"2,567",28.5,8,7,15,8,0,1,2,0,0.28,0.25,0.53,0.28,0.53
947,Shiō Fukuda,jp JPN,FW,Gladbach,de Bundesliga,19,2004,5,0,36,0.4,0,0,0,0,0,0,0,0,0.00,0.00,0.00,0.00,0.00
948,Angelo Fulgini,fr FRA,MF,Lens,fr Ligue 1,26,1996,29,16,"1,376",15.3,1,2,3,1,0,0,1,0,0.07,0.13,0.20,0.07,0.20
949,Niclas Füllkrug,de GER,FW,Werder Bremen,de Bundesliga,30,1993,2,2,180,2.0,0,0,0,0,0,0,0,0,0.00,0.00,0.00,0.00,0.00
950,Niclas Füllkrug,de GER,FW,Dortmund,de Bundesliga,30,1993,29,27,"2,212",24.6,12,8,20,9,3,3,1,0,0.49,0.33,0.81,0.37,0.69
951,Gerardo Fusco,it ITA,FW,Salernitana,it Serie A,18,2005,1,0,15,0.2,0,0,0,0,0,0,0,0,0.00,0.00,0.00,0.00,0.00
952,Daniel Fuzato,br BRA,GK,Getafe,es La Liga,26,1997,1,0,7,0.1,0,0,0,0,0,0,0,0,0.00,0.00,0.00,0.00,0.00
953,Matteo Gabbia,it ITA,DF,Milan,it Serie A,23,1999,18,14,"1,275",14.2,2,1,3,2,0,0,5,0,0.14,0.07,0.21,0.14,0.21
954,Matteo Gabbia,it ITA,DF,Villarreal,es La Liga,23,1999,7,6,477,5.3,0,0,0,0,0,0,2,0,0.00,0.00,0.00,0.00,0.00
955,Gianluca Gaetano,it ITA,"MF,FW",Cagliari,it Serie A,23,2000,11,10,745,8.3,4,1,5,3,1,1,1,1,0.48,0.12,0.60,0.36,0.48
956,Gianluca Gaetano,it ITA,MF,Napoli,it Serie A,23,2000,9,1,161,1.8,1,0,1,1,0,0,1,0,0.56,0.00,0.56,0.56,0.56
957,Roberto Gagliardini,it ITA,"MF,DF",Monza,it Serie A,29,1994,33,29,"2,360",26.2,1,2,3,1,0,0,5,0,0.04,0.08,0.11,0.04,0.11
958,Cody Gakpo,nl NED,"FW,MF",Liverpool,eng Premier League,24,1999,35,17,"1,649",18.3,8,5,13,8,0,0,1,0,0.44,0.27,0.71,0.44,0.71
959,Javi Galán,es ESP,"DF,MF",Atlético Madrid,es La Liga,28,1994,5,0,88,1.0,0,0,0,0,0,0,1,0,0.00,0.00,0.00,0.00,0.00
960,Javi Galán,es ESP,DF,Real Sociedad,es La Liga,28,1994,14,13,"1,075",11.9,0,1,1,0,0,0,3,0,0.00,0.08,0.08,0.00,0.08
961,Iñigo Ruiz de Galarreta,es ESP,MF,Athletic Club,es La Liga,29,1993,29,25,"2,091",23.2,1,1,2,1,0,0,7,0,0.04,0.04,0.09,0.04,0.09
962,Player,Nation,Pos,Squad,Comp,Age,Born,MP,Starts,Min,90s,Gls,Ast,G+A,G-PK,PK,PKatt,CrdY,CrdR,Gls,Ast,G+A,G-PK,G+A-PK
963,Pablo Galdames Millán,cl CHI,MF,Genoa,it Serie A,26,1996,2,0,11,0.1,0,0,0,0,0,0,0,0,0.00,0.00,0.00,0.00,0.00
964,Conor Gallagher,eng ENG,MF,Chelsea,eng Premier League,23,2000,37,37,"3,128",34.8,5,7,12,5,0,0,9,1,0.14,0.20,0.35,0.14,0.35
965,Antonino Gallo,it ITA,DF,Lecce,it Serie A,23,2000,35,30,"2,490",27.7,0,3,3,0,0,0,2,0,0.00,0.11,0.11,0.00,0.11
966,Cristian Gamboa,cr CRC,"DF,MF",Bochum,de Bundesliga,33,1989,22,12,"1,187",13.2,0,1,1,0,0,0,6,0,0.00,0.08,0.08,0.00,0.08
967,Kévin Gameiro,fr FRA,"FW,MF",Strasbourg,fr Ligue 1,36,1987,27,15,"1,346",15.0,4,2,6,2,2,2,0,0,0.27,0.13,0.40,0.13,0.27
968,Idrissa Gana Gueye,sn SEN,MF,Everton,eng Premier League,33,1989,25,24,"1,884",20.9,4,0,4,4,0,0,8,0,0.19,0.00,0.19,0.19,0.19
969,Ignatius Ganago,cm CMR,"MF,FW",Nantes,fr Ligue 1,24,1999,6,2,184,2.0,0,0,0,0,0,0,0,0,0.00,0.00,0.00,0.00,0.00
970,Ben Gannon-Doak,sct SCO,MF,Liverpool,eng Premier League,17,2005,1,0,14,0.2,0,0,0,0,0,0,0,0,0.00,0.00,0.00,0.00,0.00
971,Aleix García,es ESP,MF,Girona,es La Liga,26,1997,37,36,"3,199",35.5,3,6,9,3,0,0,4,1,0.08,0.17,0.25,0.08,0.25
972,Álvaro García,es ESP,MF,Rayo Vallecano,es La Liga,30,1992,32,30,"2,475",27.5,6,1,7,6,0,0,8,1,0.22,0.04,0.25,0.22,0.25
973,Dani García,es ESP,MF,Athletic Club,es La Liga,33,1990,17,7,745,8.3,1,0,1,1,0,0,4,0,0.12,0.00,0.12,0.12,0.12
974,David García,es ESP,DF,Osasuna,es La Liga,29,1994,27,27,"2,334",25.9,0,1,1,0,0,0,5,0,0.00,0.04,0.04,0.00,0.04
975,Eric García,es ESP,"DF,MF",Barcelona,es La Liga,22,2001,2,0,57,0.6,0,0,0,0,0,0,1,0,0.00,0.00,0.00,0.00,0.00
976,Eric García,es ESP,DF,Girona,es La Liga,22,2001,30,30,"2,637",29.3,5,0,5,5,0,0,4,0,0.17,0.00,0.17,0.17,0.17
977,Fran Garcia,es ESP,DF,Real Madrid,es La Liga,23,1999,25,15,"1,398",15.5,1,5,6,1,0,0,2,0,0.06,0.32,0.39,0.06,0.39
978,Gonzalo García,es ESP,MF,Real Madrid,es La Liga,19,2004,2,0,19,0.2,0,0,0,0,0,0,0,0,0.00,0.00,0.00,0.00,0.00
979,Jastin García,es ESP,FW,Girona,es La Liga,19,2004,3,0,32,0.4,0,0,0,0,0,0,0,0,0.00,0.00,0.00,0.00,0.00
980,Raúl García,es ESP,FW,Athletic Club,es La Liga,37,1986,20,1,420,4.7,1,0,1,1,0,0,3,0,0.21,0.00,0.21,0.21,0.21
981,Rubén García,es ESP,"FW,MF",Osasuna,es La Liga,30,1993,30,19,"1,547",17.2,3,2,5,3,0,0,1,0,0.17,0.12,0.29,0.17,0.29
982,Santiago García,es ESP,MF,Getafe,es La Liga,21,2001,1,0,25,0.3,0,0,0,0,0,0,0,0,0.00,0.00,0.00,0.00,0.00
983,Ulisses Garcia,ch SUI,"DF,MF",Marseille,fr Ligue 1,27,1996,13,10,906,10.1,0,0,0,0,0,0,0,0,0.00,0.00,0.00,0.00,0.00
984,Unai García,es ESP,DF,Osasuna,es La Liga,31,1992,9,6,560,6.2,1,0,1,1,0,0,6,1,0.16,0.00,0.16,0.16,0.16
985,Alejandro Garnacho,ar ARG,MF,Manchester Utd,eng Premier League,19,2004,36,30,"2,565",28.5,7,4,11,7,0,0,4,0,0.25,0.14,0.39,0.25,0.39
986,James Garner,eng ENG,MF,Everton,eng Premier League,22,2001,37,34,"3,004",33.4,1,2,3,1,0,0,7,0,0.03,0.06,0.09,0.03,0.09
987,Luca Garritano,it ITA,MF,Frosinone,it Serie A,29,1994,12,5,485,5.4,0,0,0,0,0,0,1,0,0.00,0.00,0.00,0.00,0.00
988,Player,Nation,Pos,Squad,Comp,Age,Born,MP,Starts,Min,90s,Gls,Ast,G+A,G-PK,PK,PKatt,CrdY,CrdR,Gls,Ast,G+A,G-PK,G+A-PK
989,Yarek Gasiorowski,es ESP,DF,Valencia,es La Liga,18,2005,14,7,735,8.2,0,0,0,0,0,0,1,0,0.00,0.00,0.00,0.00,0.00
990,Johan Gastien,fr FRA,MF,Clermont Foot,fr Ligue 1,35,1988,28,28,"2,260",25.1,0,0,0,0,0,0,7,0,0.00,0.00,0.00,0.00,0.00
991,Federico Gatti,it ITA,DF,Juventus,it Serie A,25,1998,32,30,"2,637",29.3,4,0,4,4,0,0,7,0,0.14,0.00,0.14,0.14,0.14
992,Federico Gattoni,ar ARG,DF,Sevilla,es La Liga,24,1999,2,0,10,0.1,0,0,0,0,0,0,0,0,0.00,0.00,0.00,0.00,0.00
993,Gavi,es ESP,"MF,FW",Barcelona,es La Liga,18,2004,12,10,944,10.5,1,1,2,1,0,0,5,0,0.10,0.10,0.19,0.10,0.19
994,Paulo Gazzaniga,ar ARG,GK,Girona,es La Liga,31,1992,38,38,"3,420",38.0,0,0,0,0,0,0,2,0,0.00,0.00,0.00,0.00,0.00
995,Yann Gboho,fr FRA,"MF,FW",Toulouse,fr Ligue 1,22,2001,16,13,"1,193",13.3,3,2,5,3,0,0,1,0,0.23,0.15,0.38,0.23,0.38
996,Dennis Geiger,de GER,MF,Hoffenheim,de Bundesliga,25,1998,3,0,64,0.7,0,0,0,0,0,0,1,0,0.00,0.00,0.00,0.00,0.00
997,Gelabert,es ESP,"MF,FW",Toulouse,fr Ligue 1,22,2000,16,10,754,8.4,1,2,3,1,0,0,1,0,0.12,0.24,0.36,0.12,0.36
998,Francesco Gelli,it ITA,"MF,DF",Frosinone,it Serie A,26,1996,27,16,"1,561",17.3,0,0,0,0,0,0,3,0,0.00,0.00,0.00,0.00,0.00
999,Luca Gemello,it ITA,GK,Torino,it Serie A,23,2000,2,2,180,2.0,0,0,0,0,0,0,0,0,0.00,0.00,0.00,0.00,0.00
1000,Valentin Gendrey,fr FRA,DF,Lecce,it Serie A,23,2000,37,35,"3,044",33.8,2,3,5,2,0,0,5,0,0.06,0.09,0.15,0.06,0.15
1001,Denis Genreau,au AUS,MF,Toulouse,fr Ligue 1,24,1999,9,5,464,5.2,0,0,0,0,0,0,0,0,0.00,0.00,0.00,0.00,0.00
1002,Yannick Gerhardt,de GER,MF,Wolfsburg,de Bundesliga,29,1994,25,18,"1,630",18.1,2,1,3,2,0,0,5,0,0.11,0.06,0.17,0.11,0.17
1003,Anwar El Ghazi,nl NED,"FW,MF",Mainz 05,de Bundesliga,28,1995,3,0,54,0.6,0,1,1,0,0,0,0,0,0.00,1.67,1.67,0.00,1.67
1004,Farés Ghedjemis,fr FRA,FW,Frosinone,it Serie A,20,2002,6,1,182,2.0,0,0,0,0,0,0,1,0,0.00,0.00,0.00,0.00,0.00
1005,Saman Ghoddos,ir IRN,"DF,MF",Brentford,eng Premier League,29,1993,19,7,739,8.2,1,0,1,1,0,0,5,0,0.12,0.00,0.12,0.12,0.12
1006,Lautaro Gianetti,ar ARG,DF,Udinese,it Serie A,29,1993,7,7,630,7.0,1,0,1,1,0,0,4,0,0.14,0.00,0.14,0.14,0.14
1007,Morgan Gibbs-White,eng ENG,"MF,FW",Nottingham Forest,eng Premier League,23,2000,37,35,"3,156",35.1,5,10,15,4,1,1,9,0,0.14,0.29,0.43,0.11,0.40
1008,Samuel Gigot,fr FRA,DF,Marseille,fr Ligue 1,29,1993,21,20,"1,726",19.2,3,0,3,3,0,0,7,1,0.16,0.00,0.16,0.16,0.16
1009,Bryan Gil,es ESP,MF,Tottenham Hotspur,eng Premier League,22,2001,11,2,209,2.3,0,0,0,0,0,0,0,0,0.00,0.00,0.00,0.00,0.00
1010,David Gil,es ESP,GK,Cádiz,es La Liga,29,1994,5,4,372,4.1,0,0,0,0,0,0,1,0,0.00,0.00,0.00,0.00,0.00
1011,Mario Gila,es ESP,DF,Lazio,it Serie A,22,2000,21,21,"1,809",20.1,0,0,0,0,0,0,4,1,0.00,0.00,0.00,0.00,0.00
1012,Alfie Gilchrist,eng ENG,DF,Chelsea,eng Premier League,19,2003,11,2,207,2.3,1,0,1,1,0,0,1,0,0.43,0.00,0.43,0.43,0.43
1013,Ryan Giles,eng ENG,"MF,DF",Luton Town,eng Premier League,23,2000,11,5,503,5.6,0,0,0,0,0,0,0,0,0.00,0.00,0.00,0.00,0.00
1014,Player,Nation,Pos,Squad,Comp,Age,Born,MP,Starts,Min,90s,Gls,Ast,G+A,G-PK,PK,PKatt,CrdY,CrdR,Gls,Ast,G+A,G-PK,G+A-PK
1015,Billy Gilmour,sct SCO,MF,Brighton,eng Premier League,22,2001,30,24,"2,120",23.6,0,1,1,0,0,0,8,1,0.00,0.04,0.04,0.00,0.04
1016,Benedikt Gimber,de GER,DF,Heidenheim,de Bundesliga,26,1997,24,24,"2,021",22.5,1,1,2,1,0,0,9,0,0.04,0.04,0.09,0.04,0.09
1017,Gvidas Gineitis,lt LTU,MF,Torino,it Serie A,19,2004,14,4,538,6.0,0,0,0,0,0,0,2,0,0.00,0.00,0.00,0.00,0.00
1018,Matthias Ginter,de GER,DF,Freiburg,de Bundesliga,29,1994,23,22,"1,913",21.3,0,2,2,0,0,0,3,0,0.00,0.09,0.09,0.00,0.09
1019,Olivier Giroud,fr FRA,FW,Milan,it Serie A,36,1986,35,28,"2,363",26.3,15,8,23,11,4,5,1,1,0.57,0.30,0.88,0.42,0.72
1020,Jamie Gittens,eng ENG,"MF,FW",Dortmund,de Bundesliga,18,2004,25,14,"1,058",11.8,1,4,5,1,0,0,1,0,0.09,0.34,0.43,0.09,0.43
1021,Klaus Gjasula,al ALB,"DF,MF",Darmstadt 98,de Bundesliga,33,1989,22,17,"1,363",15.1,0,0,0,0,0,0,7,1,0.00,0.00,0.00,0.00,0.00
1022,Serge Gnabry,de GER,MF,Bayern Munich,de Bundesliga,28,1995,10,5,432,4.8,3,1,4,3,0,0,0,0,0.62,0.21,0.83,0.62,0.83
1023,Ben Godfrey,eng ENG,DF,Everton,eng Premier League,25,1998,15,13,"1,120",12.4,0,0,0,0,0,0,2,0,0.00,0.00,0.00,0.00,0.00
1024,Edoardo Goldaniga,it ITA,DF,Cagliari,it Serie A,29,1993,13,12,"1,011",11.2,0,0,0,0,0,0,3,0,0.00,0.00,0.00,0.00,0.00
1025,Pierluigi Gollini,it ITA,GK,Napoli,it Serie A,28,1995,7,7,630,7.0,0,0,0,0,0,0,0,0,0.00,0.00,0.00,0.00,0.00
1026,Aleksandr Golovin,ru RUS,MF,Monaco,fr Ligue 1,27,1996,25,25,"2,147",23.9,6,6,12,6,0,0,8,1,0.25,0.25,0.50,0.25,0.50
1027,André Gomes,pt POR,MF,Everton,eng Premier League,30,1993,12,3,508,5.6,1,0,1,1,0,0,4,0,0.18,0.00,0.18,0.18,0.18
1028,Angel Gomes,eng ENG,MF,Lille,fr Ligue 1,22,2000,31,29,"2,571",28.6,0,8,8,0,0,0,5,0,0.00,0.28,0.28,0.00,0.28
1029,João Gomes,br BRA,MF,Wolves,eng Premier League,22,2001,34,32,"2,649",29.4,2,1,3,2,0,0,11,0,0.07,0.03,0.10,0.07,0.10
1030,Toti Gomes,pt POR,DF,Wolves,eng Premier League,24,1999,35,31,"2,772",30.8,1,3,4,1,0,0,7,0,0.03,0.10,0.13,0.03,0.13
1031,Joe Gomez,eng ENG,DF,Liverpool,eng Premier League,26,1997,32,17,"1,786",19.8,0,1,1,0,0,0,5,0,0.00,0.05,0.05,0.00,0.05
1032,Maxi Gómez,uy URU,FW,Cádiz,es La Liga,26,1996,31,12,"1,163",12.9,0,0,0,0,0,0,2,0,0.00,0.00,0.00,0.00,0.00
1033,Moi Gómez,es ESP,"MF,FW",Osasuna,es La Liga,29,1994,28,23,"2,006",22.3,3,0,3,3,0,0,3,0,0.13,0.00,0.13,0.13,0.13
1034,Papu Gómez,ar ARG,"FW,MF",Monza,it Serie A,35,1988,2,0,41,0.5,0,0,0,0,0,0,0,0,0.00,0.00,0.00,0.00,0.00
1035,Sergio Gómez,es ESP,"DF,MF",Manchester City,eng Premier League,22,2000,6,0,53,0.6,0,1,1,0,0,0,0,0,0.00,1.70,1.70,0.00,1.70
1036,Unai Gómez,es ESP,MF,Athletic Club,es La Liga,20,2003,25,9,875,9.7,2,0,2,2,0,0,1,0,0.21,0.00,0.21,0.21,0.21
1037,Iron Gomis,fr FRA,MF,Salernitana,it Serie A,23,1999,5,1,134,1.5,0,0,0,0,0,0,0,0,0.00,0.00,0.00,0.00,0.00
1038,Maxime Gonalons,fr FRA,MF,Clermont Foot,fr Ligue 1,34,1989,21,17,"1,296",14.4,1,0,1,1,0,0,4,0,0.07,0.00,0.07,0.07,0.07
1039,Édgar González,es ESP,"DF,MF",Almería,es La Liga,26,1997,31,30,"2,522",28.0,2,0,2,2,0,0,7,1,0.07,0.00,0.07,0.07,0.07
1040,Player,Nation,Pos,Squad,Comp,Age,Born,MP,Starts,Min,90s,Gls,Ast,G+A,G-PK,PK,PKatt,CrdY,CrdR,Gls,Ast,G+A,G-PK,G+A-PK
1041,Enso Gonzalez,py PAR,FW,Wolves,eng Premier League,18,2005,1,0,1,0.0,0,0,0,0,0,0,0,0,0.00,0.00,0.00,0.00,0.00
1042,Fabio González,es ESP,MF,Las Palmas,es La Liga,26,1997,6,1,123,1.4,0,0,0,0,0,0,1,0,0.00,0.00,0.00,0.00,0.00
1043,Giovanni González,uy URU,DF,Mallorca,es La Liga,28,1994,34,27,"2,464",27.4,1,1,2,1,0,0,6,0,0.04,0.04,0.07,0.04,0.07
1044,Hugo González,es ESP,FW,Valencia,es La Liga,20,2003,9,0,87,1.0,0,1,1,0,0,0,0,0,0.00,1.03,1.03,0.00,1.03
1045,Iñaki González,es ESP,MF,Las Palmas,es La Liga,19,2004,1,0,5,0.1,0,0,0,0,0,0,0,0,0.00,0.00,0.00,0.00,0.00
1046,Joan Gonzàlez,es ESP,MF,Lecce,it Serie A,21,2002,29,13,"1,291",14.3,1,1,2,1,0,0,6,0,0.07,0.07,0.14,0.07,0.14
1047,Nicolás González,ar ARG,MF,Fiorentina,it Serie A,25,1998,29,21,"1,913",21.3,12,2,14,11,1,3,1,0,0.56,0.09,0.66,0.52,0.61
1048,Peter González,do DOM,MF,Valencia,es La Liga,21,2002,15,5,649,7.2,0,0,0,0,0,0,1,0,0.00,0.00,0.00,0.00,0.00
1049,Urko González,es ESP,MF,Real Sociedad,es La Liga,22,2001,5,2,156,1.7,0,0,0,0,0,0,1,0,0.00,0.00,0.00,0.00,0.00
1050,Anthony Gordon,eng ENG,FW,Newcastle United,eng Premier League,22,2001,35,34,"2,890",32.1,11,10,21,10,1,1,12,1,0.34,0.31,0.65,0.31,0.62
1051,Kaide Gordon,eng ENG,FW,Liverpool,eng Premier League,18,2004,1,0,1,0.0,0,0,0,0,0,0,0,0,0.00,0.00,0.00,0.00,0.00
1052,Daniel Gore,eng ENG,MF,Manchester Utd,eng Premier League,18,2004,1,0,1,0.0,0,0,0,0,0,0,0,0,0.00,0.00,0.00,0.00,0.00
1053,Leon Goretzka,de GER,MF,Bayern Munich,de Bundesliga,28,1995,30,25,"2,241",24.9,6,7,13,6,0,0,3,0,0.24,0.28,0.52,0.24,0.52
1054,Mathieu Gorgelin,fr FRA,GK,Le Havre,fr Ligue 1,32,1990,1,1,90,1.0,0,0,0,0,0,0,1,0,0.00,0.00,0.00,0.00,0.00
1055,Andoni Gorosabel,es ESP,DF,Alavés,es La Liga,26,1996,36,33,"2,854",31.7,1,0,1,1,0,0,6,0,0.03,0.00,0.03,0.03,0.03
1056,Robin Gosens,de GER,"MF,DF",Union Berlin,de Bundesliga,29,1994,30,27,"2,283",25.4,6,3,9,6,0,0,9,1,0.24,0.12,0.35,0.24,0.35
1057,Mario Götze,de GER,MF,Eintracht Frankfurt,de Bundesliga,31,1992,30,23,"2,068",23.0,3,2,5,3,0,0,5,1,0.13,0.09,0.22,0.13,0.22
1058,Amine Gouiri,dz ALG,"FW,MF",Rennes,fr Ligue 1,23,2000,31,24,"2,067",23.0,7,3,10,7,0,0,2,0,0.30,0.13,0.44,0.30,0.44
1059,Jeffrey Gouweleeuw,nl NED,DF,Augsburg,de Bundesliga,32,1991,30,29,"2,593",28.8,1,0,1,1,0,0,7,0,0.03,0.00,0.03,0.03,0.03
1060,Pablo Gozalbez,es ESP,MF,Valencia,es La Liga,22,2001,5,1,103,1.1,0,0,0,0,0,0,0,0,0.00,0.00,0.00,0.00,0.00
1061,Jonathan Gradit,fr FRA,DF,Lens,fr Ligue 1,30,1992,26,26,"2,112",23.5,1,0,1,1,0,0,9,1,0.04,0.00,0.04,0.04,0.04
1062,Jens Grahl,de GER,GK,Eintracht Frankfurt,de Bundesliga,34,1988,2,2,180,2.0,0,1,1,0,0,0,0,0,0.00,0.50,0.50,0.00,0.50
1063,Samuel Grandsir,fr FRA,MF,Le Havre,fr Ligue 1,26,1996,23,4,606,6.7,1,1,2,1,0,1,4,2,0.15,0.15,0.30,0.15,0.30
1064,Alberto Grassi,it ITA,MF,Empoli,it Serie A,28,1995,27,22,"1,807",20.1,0,1,1,0,0,0,6,1,0.00,0.05,0.05,0.00,0.05
1065,Ryan Gravenberch,nl NED,MF,Liverpool,eng Premier League,21,2002,26,12,"1,121",12.5,1,0,1,1,0,0,0,0,0.08,0.00,0.08,0.08,0.08
1066,Player,Nation,Pos,Squad,Comp,Age,Born,MP,Starts,Min,90s,Gls,Ast,G+A,G-PK,PK,PKatt,CrdY,CrdR,Gls,Ast,G+A,G-PK,G+A-PK
1067,Ryan Gravenberch,nl NED,MF,Bayern Munich,de Bundesliga,21,2002,1,0,10,0.1,0,0,0,0,0,0,1,0,0.00,0.00,0.00,0.00,0.00
1068,Adrian Grbić,at AUT,"FW,MF",Lorient,fr Ligue 1,26,1996,1,0,31,0.3,0,0,0,0,0,0,0,0,0.00,0.00,0.00,0.00,0.00
1069,Ivo Grbić,hr CRO,GK,Sheffield United,eng Premier League,27,1996,9,9,771,8.6,0,0,0,0,0,0,1,0,0.00,0.00,0.00,0.00,0.00
1070,Jack Grealish,eng ENG,"MF,FW",Manchester City,eng Premier League,27,1995,20,10,"1,009",11.2,3,1,4,3,0,0,6,0,0.27,0.09,0.36,0.27,0.36
1071,Mason Greenwood,eng ENG,"MF,FW",Getafe,es La Liga,21,2001,33,30,"2,662",29.6,8,6,14,6,2,3,6,1,0.27,0.20,0.47,0.20,0.41
1072,Michael Gregoritsch,at AUT,FW,Freiburg,de Bundesliga,29,1994,32,19,"1,682",18.7,7,4,11,7,0,0,2,0,0.37,0.21,0.59,0.37,0.59
1073,Dominik Greif,sk SVK,GK,Mallorca,es La Liga,26,1997,1,1,90,1.0,0,0,0,0,0,0,0,0,0.00,0.00,0.00,0.00,0.00
1074,Antoine Griezmann,fr FRA,"FW,MF",Atlético Madrid,es La Liga,32,1991,33,31,"2,644",29.4,16,6,22,12,4,4,5,0,0.54,0.20,0.75,0.41,0.61
1075,Vincenzo Grifo,it ITA,MF,Freiburg,de Bundesliga,30,1993,32,29,"2,325",25.8,8,8,16,2,6,6,3,0,0.31,0.31,0.62,0.08,0.39
1076,Florian Grillitsch,at AUT,"DF,MF",Hoffenheim,de Bundesliga,27,1995,30,25,"2,295",25.5,1,6,7,1,0,0,8,0,0.04,0.24,0.27,0.04,0.27
1077,Álex Grimaldo,es ESP,MF,Leverkusen,de Bundesliga,27,1995,33,31,"2,784",30.9,10,13,23,10,0,0,1,0,0.32,0.42,0.74,0.32,0.74
1078,Christian Groß,de GER,"DF,MF",Werder Bremen,de Bundesliga,34,1989,20,8,797,8.9,0,1,1,0,0,0,1,0,0.00,0.11,0.11,0.00,0.11
1079,Pascal Groß,de GER,"MF,DF",Brighton,eng Premier League,32,1991,36,34,"3,114",34.6,4,10,14,3,1,1,6,0,0.12,0.29,0.40,0.09,0.38
1080,Brajan Gruda,de GER,"MF,FW",Mainz 05,de Bundesliga,19,2004,28,19,"1,641",18.2,4,3,7,4,0,0,5,0,0.22,0.16,0.38,0.22,0.38
1081,Ilia Gruev,bg BUL,MF,Werder Bremen,de Bundesliga,23,2000,1,0,4,0.0,0,0,0,0,0,0,0,0,0.00,0.00,0.00,0.00,0.00
1082,Vicente Guaita,es ESP,GK,Celta Vigo,es La Liga,36,1987,27,26,"2,403",26.7,0,0,0,0,0,0,2,0,0.00,0.00,0.00,0.00,0.00
1083,Andrés Guardado,mx MEX,MF,Real Betis,es La Liga,36,1986,12,4,447,5.0,0,0,0,0,0,0,2,0,0.00,0.00,0.00,0.00,0.00
1084,Sergi Guardiola,es ESP,FW,Cádiz,es La Liga,32,1991,22,1,495,5.5,1,1,2,1,0,0,1,0,0.18,0.18,0.36,0.18,0.36
1085,Nemanja Gudelj,rs SRB,"DF,MF",Sevilla,es La Liga,31,1991,22,20,"1,742",19.4,1,1,2,1,0,0,7,0,0.05,0.05,0.10,0.05,0.10
1086,Gabriel Gudmundsson,se SWE,"MF,DF",Lille,fr Ligue 1,24,1999,25,14,"1,267",14.1,1,0,1,1,0,0,2,0,0.07,0.00,0.07,0.07,0.07
1087,Gonçalo Guedes,pt POR,"FW,MF",Villarreal,es La Liga,26,1996,17,9,951,10.6,3,2,5,3,0,0,0,0,0.28,0.19,0.47,0.28,0.47
1088,Axel Gueguin,fr FRA,DF,Montpellier,fr Ligue 1,18,2005,3,1,132,1.5,0,0,0,0,0,0,0,0,0.00,0.00,0.00,0.00,0.00
1089,Marc Guéhi,eng ENG,DF,Crystal Palace,eng Premier League,23,2000,25,23,"2,021",22.5,0,1,1,0,0,0,2,0,0.00,0.04,0.04,0.00,0.04
1090,Mattéo Guendouzi,fr FRA,MF,Lazio,it Serie A,24,1999,33,27,"2,367",26.3,2,3,5,2,0,0,3,1,0.08,0.11,0.19,0.08,0.19
1091,Mattéo Guendouzi,fr FRA,MF,Marseille,fr Ligue 1,24,1999,2,0,19,0.2,0,0,0,0,0,0,0,0,0.00,0.00,0.00,0.00,0.00
1092,Player,Nation,Pos,Squad,Comp,Age,Born,MP,Starts,Min,90s,Gls,Ast,G+A,G-PK,PK,PKatt,CrdY,CrdR,Gls,Ast,G+A,G-PK,G+A-PK
1093,Javier Guerra,es ESP,MF,Valencia,es La Liga,20,2003,36,28,"2,498",27.8,4,1,5,4,0,0,3,1,0.14,0.04,0.18,0.14,0.18
1094,Raphaël Guerreiro,pt POR,"MF,DF",Bayern Munich,de Bundesliga,29,1993,20,13,"1,191",13.2,3,0,3,3,0,0,2,0,0.23,0.00,0.23,0.23,0.23
1095,Axel Guessand,fr FRA,DF,Udinese,it Serie A,18,2004,1,0,45,0.5,0,0,0,0,0,0,0,0,0.00,0.00,0.00,0.00,0.00
1096,Evann Guessand,ci CIV,FW,Nice,fr Ligue 1,22,2001,34,14,"1,553",17.3,6,0,6,4,2,2,1,0,0.35,0.00,0.35,0.23,0.23
1097,Ander Guevara,es ESP,MF,Alavés,es La Liga,26,1997,37,33,"2,932",32.6,1,0,1,1,0,0,7,0,0.03,0.00,0.03,0.03,0.03
1098,Pape Gueye,sn SEN,"MF,DF",Marseille,fr Ligue 1,24,1999,15,9,765,8.5,1,0,1,1,0,0,2,0,0.12,0.00,0.12,0.12,0.12
1099,Josuha Guilavogui,fr FRA,DF,Mainz 05,de Bundesliga,32,1990,11,5,409,4.5,0,1,1,0,0,0,1,0,0.00,0.22,0.22,0.00,0.22
1100,Morgan Guilavogui,gn GUI,FW,Lens,fr Ligue 1,25,1998,23,2,566,6.3,2,0,2,2,0,0,1,0,0.32,0.00,0.32,0.32,0.32
1101,Frederic Guilbert,fr FRA,"DF,MF",Strasbourg,fr Ligue 1,28,1994,32,29,"2,490",27.7,2,0,2,2,0,0,3,0,0.07,0.00,0.07,0.07,0.07
1102,Hugo Guillamón,es ESP,MF,Valencia,es La Liga,23,2000,26,12,"1,315",14.6,1,0,1,1,0,0,7,0,0.07,0.00,0.07,0.07,0.07
1103,Bruno Guimarães,br BRA,MF,Newcastle United,eng Premier League,25,1997,37,37,"3,263",36.3,7,8,15,7,0,0,9,0,0.19,0.22,0.41,0.19,0.41
1104,Serhou Guirassy,gn GUI,FW,Stuttgart,de Bundesliga,27,1996,28,25,"2,208",24.5,28,3,31,24,4,4,0,0,1.14,0.12,1.26,0.98,1.10
1105,Marc Guiu,es ESP,FW,Barcelona,es La Liga,17,2006,3,1,74,0.8,1,0,1,1,0,0,1,0,1.22,0.00,1.22,1.22,1.22
1106,Péter Gulácsi,hu HUN,GK,RB Leipzig,de Bundesliga,33,1990,13,13,"1,170",13.0,0,0,0,0,0,0,0,0,0.00,0.00,0.00,0.00,0.00
1107,Manuel Gulde,de GER,DF,Freiburg,de Bundesliga,32,1991,27,23,"2,047",22.7,1,0,1,1,0,0,5,1,0.04,0.00,0.04,0.04,0.04
1108,Arda Güler,tr TUR,"MF,FW",Real Madrid,es La Liga,18,2005,10,4,377,4.2,6,0,6,6,0,0,1,0,1.43,0.00,1.43,1.43,1.43
1109,Gerard Gumbau,es ESP,MF,Granada,es La Liga,28,1994,35,31,"2,674",29.7,0,3,3,0,0,0,12,0,0.00,0.10,0.10,0.00,0.10
1110,Robert Gumny,pl POL,"DF,MF",Augsburg,de Bundesliga,25,1998,13,6,481,5.3,0,0,0,0,0,0,3,0,0.00,0.00,0.00,0.00,0.00
1111,İlkay Gündoğan,de GER,MF,Barcelona,es La Liga,32,1990,36,33,"2,994",33.3,5,9,14,4,1,2,5,0,0.15,0.27,0.42,0.12,0.39
1112,Christian Günter,de GER,"MF,DF",Freiburg,de Bundesliga,30,1993,15,13,"1,060",11.8,1,2,3,1,0,0,1,0,0.08,0.17,0.25,0.08,0.25
1113,Jon Guridi,es ESP,MF,Alavés,es La Liga,28,1995,36,34,"2,678",29.8,3,4,7,3,0,0,2,0,0.10,0.13,0.24,0.10,0.24
1114,Gorka Guruzeta,es ESP,FW,Athletic Club,es La Liga,26,1996,32,30,"2,217",24.6,14,5,19,14,0,1,2,0,0.57,0.20,0.77,0.57,0.77
1115,Malo Gusto,fr FRA,"DF,MF",Chelsea,eng Premier League,20,2003,27,19,"1,751",19.5,0,6,6,0,0,0,7,1,0.00,0.31,0.31,0.00,0.31
1116,Miguel Gutiérrez,es ESP,"DF,MF",Girona,es La Liga,22,2001,35,35,"3,032",33.7,2,7,9,2,0,0,4,0,0.06,0.21,0.27,0.06,0.27
1117,Albert Guðmundsson,is ISL,"FW,MF",Genoa,it Serie A,26,1997,35,34,"3,016",33.5,14,4,18,10,4,5,4,0,0.42,0.12,0.54,0.30,0.42
1118,Player,Nation,Pos,Squad,Comp,Age,Born,MP,Starts,Min,90s,Gls,Ast,G+A,G-PK,PK,PKatt,CrdY,CrdR,Gls,Ast,G+A,G-PK,G+A-PK
1119,Joško Gvardiol,hr CRO,DF,Manchester City,eng Premier League,21,2002,28,26,"2,328",25.9,4,1,5,4,0,0,3,0,0.15,0.04,0.19,0.15,0.19
1120,Emmanuel Gyasi,gh GHA,MF,Empoli,it Serie A,29,1994,33,21,"1,879",20.9,1,2,3,1,0,0,8,0,0.05,0.10,0.14,0.05,0.14
1121,Norbert Gyömbér,sk SVK,DF,Salernitana,it Serie A,31,1992,22,20,"1,760",19.6,0,0,0,0,0,0,9,0,0.00,0.00,0.00,0.00,0.00
1122,Erling Haaland,no NOR,"FW,MF",Manchester City,eng Premier League,23,2000,31,29,"2,552",28.4,27,5,32,20,7,8,1,0,0.95,0.18,1.13,0.71,0.88
1123,Nicolas Haas,ch SUI,MF,Empoli,it Serie A,27,1996,1,1,90,1.0,0,0,0,0,0,0,1,0,0.00,0.00,0.00,0.00,0.00
1124,Janik Haberer,de GER,MF,Union Berlin,de Bundesliga,29,1994,21,14,"1,221",13.6,1,1,2,1,0,0,7,0,0.07,0.07,0.15,0.07,0.15
1125,Robin Hack,de GER,"FW,MF",Gladbach,de Bundesliga,24,1998,29,14,"1,348",15.0,10,2,12,10,0,0,2,0,0.67,0.13,0.80,0.67,0.80
1126,Antwoine Hackford,eng ENG,FW,Sheffield United,eng Premier League,19,2004,2,0,13,0.1,0,0,0,0,0,0,0,0,0.00,0.00,0.00,0.00,0.00
1127,Munir El Haddadi,ma MAR,"MF,FW",Las Palmas,es La Liga,27,1995,38,32,"2,449",27.2,3,2,5,3,0,1,3,0,0.11,0.07,0.18,0.11,0.18
1128,Jaouen Hadjam,dz ALG,DF,Nantes,fr Ligue 1,20,2003,8,0,112,1.2,0,0,0,0,0,0,0,0,0.00,0.00,0.00,0.00,0.00
1129,Ianis Hagi,ro ROU,MF,Alavés,es La Liga,24,1998,22,8,804,8.9,0,2,2,0,0,1,3,0,0.00,0.22,0.22,0.00,0.22
1130,Amadou Haidara,ml MLI,MF,RB Leipzig,de Bundesliga,25,1998,21,19,"1,526",17.0,2,1,3,2,0,0,5,0,0.12,0.06,0.18,0.12,0.18
1131,Massadio Haïdara,ml MLI,"DF,MF",Lens,fr Ligue 1,30,1992,18,7,741,8.2,0,1,1,0,0,0,1,0,0.00,0.12,0.12,0.00,0.12
1132,Oualid El Hajjam,ma MAR,"DF,MF",Le Havre,fr Ligue 1,32,1991,13,4,393,4.4,0,0,0,0,0,0,1,0,0.00,0.00,0.00,0.00,0.00
1133,Achraf Hakimi,ma MAR,"DF,MF",Paris Saint-Germain,fr Ligue 1,24,1998,25,20,"1,932",21.5,4,5,9,4,0,0,3,0,0.19,0.23,0.42,0.19,0.42
1134,Lewis Hall,eng ENG,DF,Newcastle United,eng Premier League,18,2004,18,8,781,8.7,1,0,1,1,0,0,2,0,0.12,0.00,0.12,0.12,0.12
1135,Sébastien Haller,ci CIV,FW,Dortmund,de Bundesliga,29,1994,14,5,396,4.4,0,1,1,0,0,0,2,0,0.00,0.23,0.23,0.00,0.23
1136,Gustavo Hamer,nl NED,MF,Sheffield United,eng Premier League,26,1997,36,34,"2,910",32.3,4,6,10,4,0,0,9,0,0.12,0.19,0.31,0.12,0.31
1137,Andreas Hanche-Olsen,no NOR,DF,Mainz 05,de Bundesliga,26,1997,15,12,992,11.0,1,0,1,1,0,0,5,0,0.09,0.00,0.09,0.09,0.09
1138,Isak Hansen-Aarøen,no NOR,MF,Werder Bremen,de Bundesliga,18,2004,3,0,27,0.3,0,0,0,0,0,0,1,0,0.00,0.00,0.00,0.00,0.00
1139,Ridgeciano Haps,sr SUR,MF,Genoa,it Serie A,30,1993,16,7,773,8.6,0,1,1,0,0,0,0,0,0.00,0.12,0.12,0.00,0.12
1140,Genki Haraguchi,jp JPN,"FW,MF",Stuttgart,de Bundesliga,32,1991,2,0,27,0.3,0,0,0,0,0,0,0,0,0.00,0.00,0.00,0.00,0.00
1141,Hákon Haraldsson,is ISL,"MF,FW",Lille,fr Ligue 1,20,2003,26,15,"1,284",14.3,2,0,2,2,0,0,5,0,0.14,0.00,0.14,0.14,0.14
1142,Amine Harit,ma MAR,MF,Marseille,fr Ligue 1,26,1997,28,21,"1,821",20.2,1,2,3,1,0,0,5,0,0.05,0.10,0.15,0.05,0.15
1143,Luke Harris,wls WAL,MF,Fulham,eng Premier League,18,2005,1,0,75,0.8,0,0,0,0,0,0,0,0,0.00,0.00,0.00,0.00,0.00
1144,Player,Nation,Pos,Squad,Comp,Age,Born,MP,Starts,Min,90s,Gls,Ast,G+A,G-PK,PK,PKatt,CrdY,CrdR,Gls,Ast,G+A,G-PK,G+A-PK
1145,Jack Harrison,eng ENG,MF,Everton,eng Premier League,26,1996,29,25,"2,214",24.6,3,3,6,3,0,0,1,0,0.12,0.12,0.24,0.12,0.24
1146,Abdou Harroui,nl NED,MF,Frosinone,it Serie A,25,1998,18,13,"1,019",11.3,3,3,6,2,1,1,2,0,0.26,0.26,0.53,0.18,0.44
1147,Makoto Hasebe,jp JPN,"MF,DF",Eintracht Frankfurt,de Bundesliga,39,1984,8,2,218,2.4,0,0,0,0,0,0,1,0,0.00,0.00,0.00,0.00,0.00
1148,Daiki Hashioka,jp JPN,"DF,MF",Luton Town,eng Premier League,24,1999,10,6,595,6.6,0,0,0,0,0,0,0,0,0.00,0.00,0.00,0.00,0.00
1149,Hans Hateboer,nl NED,MF,Atalanta,it Serie A,29,1994,23,10,"1,113",12.4,0,1,1,0,0,0,5,0,0.00,0.08,0.08,0.00,0.08
1150,Pantelis Hatzidiakos,gr GRE,DF,Cagliari,it Serie A,26,1997,13,13,856,9.5,0,0,0,0,0,0,1,0,0.00,0.00,0.00,0.00,0.00
1151,Kai Havertz,de GER,"MF,FW",Arsenal,eng Premier League,24,1999,37,30,"2,634",29.3,13,7,20,12,1,1,11,0,0.44,0.24,0.68,0.41,0.65
1152,Thorgan Hazard,be BEL,"FW,MF",Dortmund,de Bundesliga,30,1993,1,0,7,0.1,0,0,0,0,0,0,0,0,0.00,0.00,0.00,0.00,0.00
1153,Jan Paul van Hecke,nl NED,DF,Brighton,eng Premier League,23,2000,28,26,"2,369",26.3,0,0,0,0,0,0,4,0,0.00,0.00,0.00,0.00,0.00
1154,Hwang Hee-chan,kr KOR,"FW,MF",Wolves,eng Premier League,27,1996,29,25,"2,119",23.5,12,3,15,11,1,1,6,0,0.51,0.13,0.64,0.47,0.59
1155,Silvan Hefti,ch SUI,MF,Genoa,it Serie A,25,1997,6,1,114,1.3,0,0,0,0,0,0,0,0,0.00,0.00,0.00,0.00,0.00
1156,Silvan Hefti,ch SUI,"DF,MF",Montpellier,fr Ligue 1,25,1997,11,9,711,7.9,0,1,1,0,0,0,1,0,0.00,0.13,0.13,0.00,0.13
1157,Dominique Heintz,de GER,DF,Köln,de Bundesliga,29,1993,12,6,568,6.3,0,0,0,0,0,0,0,0,0.00,0.00,0.00,0.00,0.00
1158,Dean Henderson,eng ENG,GK,Crystal Palace,eng Premier League,26,1997,18,18,"1,620",18.0,0,0,0,0,0,0,2,0,0.00,0.00,0.00,0.00,0.00
1159,Liam Henderson,sct SCO,MF,Empoli,it Serie A,27,1996,1,0,5,0.1,0,0,0,0,0,0,0,0,0.00,0.00,0.00,0.00,0.00
1160,Benjamin Henrichs,de GER,"DF,MF",RB Leipzig,de Bundesliga,26,1997,33,28,"2,526",28.1,1,5,6,1,0,0,5,0,0.04,0.18,0.21,0.04,0.21
1161,Henrique,br BRA,"DF,MF",Lyon,fr Ligue 1,29,1994,11,6,607,6.7,1,0,1,1,0,0,2,0,0.15,0.00,0.15,0.15,0.15
1162,Luis Henrique,br BRA,"FW,MF",Marseille,fr Ligue 1,21,2001,15,8,784,8.7,1,0,1,1,0,0,0,0,0.11,0.00,0.11,0.11,0.11
1163,Luiz Henrique,br BRA,MF,Real Betis,es La Liga,22,2001,14,6,616,6.8,0,3,3,0,0,0,1,0,0.00,0.44,0.44,0.00,0.44
1164,Matheus Henrique,br BRA,MF,Sassuolo,it Serie A,25,1997,31,27,"2,501",27.8,2,2,4,2,0,0,8,1,0.07,0.07,0.14,0.07,0.14
1165,Rico Henry,jm JAM,DF,Brentford,eng Premier League,26,1997,5,5,401,4.5,0,1,1,0,0,0,1,0,0.00,0.22,0.22,0.00,0.22
1166,Thomas Henry,fr FRA,FW,Hellas Verona,it Serie A,28,1994,18,2,334,3.7,3,0,3,3,0,1,2,2,0.81,0.00,0.81,0.81,0.81
1167,Christophe Hérelle,mq MTQ,DF,Metz,fr Ligue 1,30,1992,19,18,"1,617",18.0,0,0,0,0,0,0,4,1,0.00,0.00,0.00,0.00,0.00
1168,Mario Hermoso,es ESP,DF,Atlético Madrid,es La Liga,28,1995,31,29,"2,557",28.4,0,1,1,0,0,0,9,0,0.00,0.04,0.04,0.00,0.04
1169,Javi Hernández,es ESP,DF,Cádiz,es La Liga,25,1998,30,28,"2,514",27.9,1,2,3,1,0,0,10,0,0.04,0.07,0.11,0.04,0.11
1170,Player,Nation,Pos,Squad,Comp,Age,Born,MP,Starts,Min,90s,Gls,Ast,G+A,G-PK,PK,PKatt,CrdY,CrdR,Gls,Ast,G+A,G-PK,G+A-PK
1171,Aridane Hernández,es ESP,DF,Rayo Vallecano,es La Liga,34,1989,19,19,"1,690",18.8,0,0,0,0,0,0,3,0,0.00,0.00,0.00,0.00,0.00
1172,Lucas Hernández,fr FRA,DF,Paris Saint-Germain,fr Ligue 1,27,1996,27,23,"1,909",21.2,1,1,2,1,0,0,6,0,0.05,0.05,0.09,0.05,0.09
1173,Luis Hernández,es ESP,DF,Cádiz,es La Liga,34,1989,9,8,723,8.0,1,0,1,1,0,0,4,0,0.12,0.00,0.12,0.12,0.12
1174,Theo Hernández,fr FRA,DF,Milan,it Serie A,25,1997,32,31,"2,791",31.0,5,4,9,4,1,2,11,1,0.16,0.13,0.29,0.13,0.26
1175,Jorge Herrando,es ESP,DF,Osasuna,es La Liga,22,2001,19,18,"1,644",18.3,0,1,1,0,0,0,4,0,0.00,0.05,0.05,0.00,0.05
1176,Ander Herrera,es ESP,MF,Athletic Club,es La Liga,33,1989,23,10,"1,030",11.4,0,3,3,0,0,0,4,0,0.00,0.26,0.26,0.00,0.26
1177,Cristian Herrera,es ESP,MF,Las Palmas,es La Liga,32,1991,8,1,166,1.8,1,0,1,1,0,0,1,0,0.54,0.00,0.54,0.54,0.54
1178,Sergio Herrera,es ESP,GK,Osasuna,es La Liga,30,1993,32,32,"2,869",31.9,0,0,0,0,0,0,2,0,0.00,0.00,0.00,0.00,0.00
1179,Yangel Herrera,ve VEN,MF,Girona,es La Liga,25,1998,29,27,"2,107",23.4,5,0,5,5,0,0,9,0,0.21,0.00,0.21,0.21,0.21
1180,Patrick Herrmann,de GER,"FW,MF",Gladbach,de Bundesliga,32,1991,8,0,86,1.0,0,0,0,0,0,0,1,0,0.00,0.00,0.00,0.00,0.00
1181,Juan Herzog,es ESP,DF,Las Palmas,es La Liga,20,2003,4,3,292,3.2,2,0,2,2,0,0,1,0,0.62,0.00,0.62,0.62,0.62
1182,Son Heung-min,kr KOR,"FW,MF",Tottenham Hotspur,eng Premier League,31,1992,35,34,"2,934",32.6,17,10,27,15,2,2,1,0,0.52,0.31,0.83,0.46,0.77
1183,Aaron Hickey,sct SCO,"DF,MF",Brentford,eng Premier League,21,2002,9,9,713,7.9,0,0,0,0,0,0,5,0,0.00,0.00,0.00,0.00,0.00
1184,Isak Hien,se SWE,DF,Hellas Verona,it Serie A,24,1999,10,9,864,9.6,0,0,0,0,0,0,1,1,0.00,0.00,0.00,0.00,0.00
1185,Isak Hien,se SWE,DF,Atalanta,it Serie A,24,1999,16,9,937,10.4,0,1,1,0,0,0,3,0,0.00,0.10,0.10,0.00,0.10
1186,James Hill,eng ENG,DF,Bournemouth,eng Premier League,21,2002,5,1,76,0.8,0,0,0,0,0,0,0,0,0.00,0.00,0.00,0.00,0.00
1187,Piero Hincapié,ec ECU,DF,Leverkusen,de Bundesliga,21,2002,26,16,"1,484",16.5,1,2,3,1,0,0,2,0,0.06,0.12,0.18,0.06,0.18
1188,Jack Hinshelwood,eng ENG,"DF,MF",Brighton,eng Premier League,18,2005,12,8,869,9.7,3,0,3,3,0,0,1,0,0.31,0.00,0.31,0.31,0.31
1189,Adam Hložek,cz CZE,"MF,FW",Leverkusen,de Bundesliga,21,2002,23,5,459,5.1,2,3,5,2,0,0,1,0,0.39,0.59,0.98,0.39,0.98
1190,Nicolas Höfler,de GER,MF,Freiburg,de Bundesliga,33,1990,28,26,"2,330",25.9,1,1,2,1,0,0,10,1,0.04,0.04,0.08,0.04,0.08
1191,Jonas Hofmann,de GER,MF,Leverkusen,de Bundesliga,31,1992,32,26,"2,204",24.5,5,7,12,5,0,0,3,0,0.20,0.29,0.49,0.20,0.49
1192,Philipp Hofmann,de GER,FW,Bochum,de Bundesliga,30,1993,29,18,"1,571",17.5,4,2,6,4,0,0,1,0,0.23,0.11,0.34,0.23,0.34
1193,Lucas Höler,de GER,"FW,MF",Freiburg,de Bundesliga,29,1994,33,26,"2,305",25.6,7,2,9,6,1,2,7,0,0.27,0.08,0.35,0.23,0.31
1194,Mason Holgate,jm JAM,DF,Sheffield United,eng Premier League,26,1996,10,9,710,7.9,0,0,0,0,0,0,3,1,0.00,0.00,0.00,0.00,0.00
1195,Fabian Holland,de GER,"MF,DF",Darmstadt 98,de Bundesliga,33,1990,23,23,"1,835",20.4,0,2,2,0,0,0,4,1,0.00,0.10,0.10,0.00,0.10
1196,Player,Nation,Pos,Squad,Comp,Age,Born,MP,Starts,Min,90s,Gls,Ast,G+A,G-PK,PK,PKatt,CrdY,CrdR,Gls,Ast,G+A,G-PK,G+A-PK
1197,Benedict Hollerbach,de GER,"FW,MF",Union Berlin,de Bundesliga,22,2001,28,15,"1,282",14.2,5,0,5,5,0,0,2,0,0.35,0.00,0.35,0.35,0.35
1198,Emil Holm,se SWE,MF,Atalanta,it Serie A,23,2000,22,12,947,10.5,1,1,2,1,0,0,5,0,0.10,0.10,0.19,0.10,0.19
1199,Gerrit Holtmann,ph PHI,MF,Darmstadt 98,de Bundesliga,28,1995,10,2,392,4.4,0,0,0,0,0,0,1,0,0.00,0.00,0.00,0.00,0.00
1200,Martin Hongla,cm CMR,MF,Hellas Verona,it Serie A,25,1998,15,12,"1,084",12.0,0,0,0,0,0,0,0,0,0.00,0.00,0.00,0.00,0.00
1201,Martin Hongla,cm CMR,"MF,DF",Granada,es La Liga,25,1998,13,6,562,6.2,0,0,0,0,0,0,0,0,0.00,0.00,0.00,0.00,0.00
1202,Franck Honorat,fr FRA,"MF,FW",Gladbach,de Bundesliga,26,1996,32,28,"2,345",26.1,3,9,12,3,0,0,1,0,0.12,0.35,0.46,0.12,0.46
1203,Mathias Honsak,at AUT,"MF,FW",Darmstadt 98,de Bundesliga,26,1996,23,10,"1,021",11.3,1,1,2,1,0,0,1,0,0.09,0.09,0.18,0.09,0.18
1204,Sydney van Hooijdonk,nl NED,FW,Bologna,it Serie A,23,2000,9,2,212,2.4,0,0,0,0,0,0,0,0,0.00,0.00,0.00,0.00,0.00
1205,Fraser Hornby,sct SCO,FW,Darmstadt 98,de Bundesliga,23,1999,7,1,217,2.4,0,0,0,0,0,0,1,0,0.00,0.00,0.00,0.00,0.00
1206,Lukáš Hrádecký,fi FIN,GK,Leverkusen,de Bundesliga,33,1989,33,33,"2,970",33.0,0,0,0,0,0,0,2,0,0.00,0.00,0.00,0.00,0.00
1207,Xabier Huarte Armendáriz,es ESP,MF,Osasuna,es La Liga,22,2001,1,0,9,0.1,0,0,0,0,0,0,0,0,0.00,0.00,0.00,0.00,0.00
1208,Timo Hübers,de GER,DF,Köln,de Bundesliga,27,1996,31,31,"2,778",30.9,0,0,0,0,0,0,6,0,0.00,0.00,0.00,0.00,0.00
1209,Callum Hudson-Odoi,eng ENG,"MF,FW",Nottingham Forest,eng Premier League,22,2000,29,20,"1,854",20.6,8,1,9,8,0,0,0,0,0.39,0.05,0.44,0.39,0.44
1210,Will Hughes,eng ENG,MF,Crystal Palace,eng Premier League,28,1995,30,23,"1,891",21.0,0,1,1,0,0,0,6,0,0.00,0.05,0.05,0.00,0.05
1211,Dean Huijsen,es ESP,DF,Roma,it Serie A,18,2005,13,4,509,5.7,2,0,2,2,0,0,4,0,0.35,0.00,0.35,0.35,0.35
1212,Dean Huijsen,es ESP,DF,Juventus,it Serie A,18,2005,1,0,13,0.1,0,0,0,0,0,0,0,0,0.00,0.00,0.00,0.00,0.00
1213,Mats Hummels,de GER,DF,Dortmund,de Bundesliga,34,1988,25,20,"1,581",17.6,3,0,3,3,0,0,4,1,0.17,0.00,0.17,0.17,0.17
1214,Denis Huseinbasic,ba BIH,MF,Köln,de Bundesliga,22,2001,26,18,"1,627",18.1,0,3,3,0,0,0,5,0,0.00,0.17,0.17,0.00,0.17
1215,Elseid Hysaj,al ALB,DF,Lazio,it Serie A,29,1994,22,11,"1,199",13.3,0,0,0,0,0,0,2,0,0.00,0.00,0.00,0.00,0.00
1216,Pierre Højbjerg,dk DEN,MF,Tottenham Hotspur,eng Premier League,27,1995,36,8,"1,311",14.6,0,0,0,0,0,0,4,0,0.00,0.00,0.00,0.00,0.00
1217,Rasmus Højlund,dk DEN,FW,Manchester Utd,eng Premier League,20,2003,30,25,"2,158",24.0,10,2,12,10,0,0,2,0,0.42,0.08,0.50,0.42,0.50
1218,Iago,br BRA,"DF,MF",Augsburg,de Bundesliga,26,1997,23,18,"1,622",18.0,1,1,2,1,0,0,4,0,0.06,0.06,0.11,0.06,0.11
1219,Pablo Ibáñez,es ESP,MF,Osasuna,es La Liga,24,1998,33,12,"1,152",12.8,1,2,3,1,0,0,5,0,0.08,0.16,0.23,0.08,0.23
1220,Arijon Ibrahimović,de GER,"MF,FW",Frosinone,it Serie A,17,2005,16,5,474,5.3,1,1,2,1,0,0,1,0,0.19,0.19,0.38,0.19,0.38
1221,Iglesias,es ESP,"DF,MF",Getafe,es La Liga,25,1998,23,16,"1,412",15.7,0,2,2,0,0,0,4,0,0.00,0.13,0.13,0.00,0.13
1222,Player,Nation,Pos,Squad,Comp,Age,Born,MP,Starts,Min,90s,Gls,Ast,G+A,G-PK,PK,PKatt,CrdY,CrdR,Gls,Ast,G+A,G-PK,G+A-PK
1223,Borja Iglesias,es ESP,FW,Real Betis,es La Liga,30,1993,11,4,408,4.5,0,1,1,0,0,0,2,0,0.00,0.22,0.22,0.00,0.22
1224,Borja Iglesias,es ESP,FW,Leverkusen,de Bundesliga,30,1993,7,2,256,2.8,0,0,0,0,0,0,0,0,0.00,0.00,0.00,0.00,0.00
1225,Igor,br BRA,DF,Brighton,eng Premier League,25,1998,24,17,"1,637",18.2,0,0,0,0,0,0,4,0,0.00,0.00,0.00,0.00,0.00
1226,Jonathan Ikone,fr FRA,MF,Fiorentina,it Serie A,25,1998,28,18,"1,682",18.7,3,1,4,3,0,0,5,0,0.16,0.05,0.21,0.16,0.21
1227,Chukwubuikem Ikwuemesi,ng NGA,FW,Salernitana,it Serie A,21,2001,25,11,"1,061",11.8,1,1,2,1,0,0,2,0,0.08,0.08,0.17,0.08,0.17
1228,Andrej Ilic,rs SRB,FW,Lille,fr Ligue 1,23,2000,2,0,9,0.1,0,0,0,0,0,0,0,0,0.00,0.00,0.00,0.00,0.00
1229,Ivan Ilić,rs SRB,MF,Torino,it Serie A,22,2001,31,25,"2,098",23.3,3,2,5,3,0,0,3,0,0.13,0.09,0.21,0.13,0.21
1230,Samuel Iling-Junior,eng ENG,MF,Juventus,it Serie A,19,2003,24,4,810,9.0,1,2,3,1,0,0,1,0,0.11,0.22,0.33,0.11,0.33
1231,Imanol,es ESP,DF,Athletic Club,es La Liga,23,2000,9,5,525,5.8,0,0,0,0,0,0,2,0,0.00,0.00,0.00,0.00,0.00
1232,Joel Imasuen,us USA,FW,Werder Bremen,de Bundesliga,18,2004,1,0,2,0.0,0,0,0,0,0,0,0,0,0.00,0.00,0.00,0.00,0.00
1233,Ciro Immobile,it ITA,FW,Lazio,it Serie A,33,1990,31,21,"1,652",18.4,7,1,8,3,4,4,8,0,0.38,0.05,0.44,0.16,0.22
1234,Gino Infantino,ar ARG,MF,Fiorentina,it Serie A,20,2003,6,0,96,1.1,0,0,0,0,0,0,1,0,0.00,0.00,0.00,0.00,0.00
1235,Danny Ings,eng ENG,"FW,MF",West Ham United,eng Premier League,31,1992,20,3,404,4.5,1,0,1,1,0,0,1,0,0.22,0.00,0.22,0.22,0.22
1236,Bonke Innocent,ng NGA,MF,Lorient,fr Ligue 1,27,1996,4,3,210,2.3,0,0,0,0,0,0,1,0,0.00,0.00,0.00,0.00,0.00
1237,Tim Iroegbunam,eng ENG,MF,Aston Villa,eng Premier League,20,2003,9,1,164,1.8,0,0,0,0,0,0,0,0,0.00,0.00,0.00,0.00,0.00
1238,Alexander Isak,se SWE,FW,Newcastle United,eng Premier League,23,1999,30,27,"2,255",25.1,21,2,23,16,5,6,1,0,0.84,0.08,0.92,0.64,0.72
1239,Gustav Isaksen,dk DEN,"FW,MF",Lazio,it Serie A,22,2001,28,12,"1,074",11.9,3,1,4,3,0,0,3,0,0.25,0.08,0.34,0.25,0.34
1240,Isco,es ESP,MF,Real Betis,es La Liga,31,1992,29,28,"2,326",25.8,8,5,13,6,2,2,10,0,0.31,0.19,0.50,0.23,0.43
1241,Thomas Isherwood,se SWE,DF,Darmstadt 98,de Bundesliga,25,1998,12,8,636,7.1,0,0,0,0,0,0,1,0,0.00,0.00,0.00,0.00,0.00
1242,Ismaily,br BRA,DF,Lille,fr Ligue 1,33,1990,30,28,"2,465",27.4,1,1,2,1,0,0,1,0,0.04,0.04,0.07,0.04,0.07
1243,Ardian Ismajli,al ALB,DF,Empoli,it Serie A,26,1996,26,23,"2,045",22.7,0,0,0,0,0,0,2,0,0.00,0.00,0.00,0.00,0.00
1244,Yanis Issoufou,fr FRA,FW,Montpellier,fr Ligue 1,16,2006,1,0,13,0.1,0,0,0,0,0,0,0,0,0.00,0.00,0.00,0.00,0.00
1245,Ko Itakura,jp JPN,"DF,MF",Gladbach,de Bundesliga,26,1997,20,18,"1,596",17.7,3,0,3,3,0,0,9,0,0.17,0.00,0.17,0.17,0.17
1246,Hiroki Ito,jp JPN,DF,Stuttgart,de Bundesliga,24,1999,26,25,"2,228",24.8,0,2,2,0,0,0,1,0,0.00,0.08,0.08,0.00,0.08
1247,Junya Ito,jp JPN,"FW,MF",Reims,fr Ligue 1,30,1993,31,31,"2,714",30.2,3,7,10,3,0,0,2,0,0.10,0.23,0.33,0.10,0.33
1248,Player,Nation,Pos,Squad,Comp,Age,Born,MP,Starts,Min,90s,Gls,Ast,G+A,G-PK,PK,PKatt,CrdY,CrdR,Gls,Ast,G+A,G-PK,G+A-PK
1249,Diego Iturralde,es ESP,DF,Sevilla,es La Liga,20,2003,1,0,37,0.4,0,0,0,0,0,0,0,0,0.00,0.00,0.00,0.00,0.00
1250,Alex Iwobi,ng NGA,MF,Everton,eng Premier League,27,1996,2,2,140,1.6,0,0,0,0,0,0,0,0,0.00,0.00,0.00,0.00,0.00
1251,Alex Iwobi,ng NGA,MF,Fulham,eng Premier League,27,1996,30,25,"2,192",24.4,5,2,7,5,0,0,2,0,0.21,0.08,0.29,0.21,0.29
1252,Armando Izzo,it ITA,DF,Monza,it Serie A,31,1992,23,20,"1,650",18.3,0,0,0,0,0,0,9,0,0.00,0.00,0.00,0.00,0.00
1253,Nicolas Jackson,sn SEN,FW,Chelsea,eng Premier League,22,2001,35,31,"2,799",31.1,14,5,19,14,0,0,10,0,0.45,0.16,0.61,0.45,0.61
1254,Jérémy Jacquet,fr FRA,DF,Rennes,fr Ligue 1,18,2005,1,0,5,0.1,0,0,0,0,0,0,0,0,0.00,0.00,0.00,0.00,0.00
1255,Jérémy Jacquet,fr FRA,DF,Clermont Foot,fr Ligue 1,18,2005,6,2,253,2.8,0,1,1,0,0,0,0,0,0.00,0.36,0.36,0.00,0.36
1256,Lee Jae-sung,kr KOR,MF,Mainz 05,de Bundesliga,30,1992,29,24,"2,113",23.5,6,3,9,6,0,0,6,0,0.26,0.13,0.38,0.26,0.38
1257,Paul Jaeckel,de GER,DF,Union Berlin,de Bundesliga,25,1998,6,2,234,2.6,0,0,0,0,0,0,0,0,0.00,0.00,0.00,0.00,0.00
1258,Filip Jagiełło,pl POL,MF,Genoa,it Serie A,25,1997,2,0,33,0.4,0,0,0,0,0,0,0,0,0.00,0.00,0.00,0.00,0.00
1259,Kristijan Jakić,hr CRO,MF,Augsburg,de Bundesliga,26,1997,14,13,"1,051",11.7,2,1,3,2,0,0,4,0,0.17,0.09,0.26,0.17,0.26
1260,Kristijan Jakić,hr CRO,MF,Eintracht Frankfurt,de Bundesliga,26,1997,4,1,200,2.2,0,0,0,0,0,0,1,0,0.00,0.00,0.00,0.00,0.00
1261,Ismail Jakobs,sn SEN,"MF,DF",Monaco,fr Ligue 1,23,1999,22,16,"1,466",16.3,1,2,3,1,0,0,0,0,0.06,0.12,0.18,0.06,0.18
1262,Ablie Jallow,gm GAM,"MF,FW",Metz,fr Ligue 1,24,1998,17,10,918,10.2,3,2,5,2,1,1,1,0,0.29,0.20,0.49,0.20,0.39
1263,Reece James,eng ENG,"DF,MF",Chelsea,eng Premier League,23,1999,10,5,419,4.7,0,2,2,0,0,0,2,2,0.00,0.43,0.43,0.00,0.43
1264,Vitaly Janelt,de GER,"MF,DF",Brentford,eng Premier League,25,1998,38,37,"3,054",33.9,1,3,4,1,0,0,8,0,0.03,0.09,0.12,0.03,0.12
1265,Jakub Jankto,cz CZE,MF,Cagliari,it Serie A,27,1996,18,13,872,9.7,1,2,3,1,0,0,0,0,0.10,0.21,0.31,0.10,0.31
1266,Tony Jantschke,de GER,"DF,MF",Gladbach,de Bundesliga,33,1990,4,0,27,0.3,0,0,0,0,0,0,0,0,0.00,0.00,0.00,0.00,0.00
1267,Adnan Januzaj,be BEL,"FW,MF",Sevilla,es La Liga,28,1995,8,0,193,2.1,0,0,0,0,0,0,0,0,0.00,0.00,0.00,0.00,0.00
1268,Nuha Jatta,gm GAM,MF,RB Leipzig,de Bundesliga,17,2006,1,0,1,0.0,0,0,0,0,0,0,0,0,0.00,0.00,0.00,0.00,0.00
1269,Mikel Jauregizar,es ESP,MF,Athletic Club,es La Liga,19,2003,7,1,151,1.7,0,0,0,0,0,0,0,0,0.00,0.00,0.00,0.00,0.00
1270,Luis Javier Suárez,co COL,"FW,MF",Almería,es La Liga,25,1997,15,10,917,10.2,6,0,6,5,1,1,3,0,0.59,0.00,0.59,0.49,0.49
1271,Danley Jean-Jacques,ht HAI,MF,Metz,fr Ligue 1,23,2000,33,30,"2,682",29.8,0,0,0,0,0,0,5,0,0.00,0.00,0.00,0.00,0.00
1272,Salim El Jebari,ma MAR,MF,Atlético Madrid,es La Liga,19,2004,1,0,13,0.1,0,0,0,0,0,0,0,0,0.00,0.00,0.00,0.00,0.00
1273,Daniel Jebbison,ca CAN,FW,Sheffield United,eng Premier League,19,2003,1,0,21,0.2,0,0,0,0,0,0,0,0,0.00,0.00,0.00,0.00,0.00
1274,Player,Nation,Pos,Squad,Comp,Age,Born,MP,Starts,Min,90s,Gls,Ast,G+A,G-PK,PK,PKatt,CrdY,CrdR,Gls,Ast,G+A,G-PK,G+A-PK
1275,Jeffinho,br BRA,"MF,FW",Lyon,fr Ligue 1,23,1999,10,3,308,3.4,1,1,2,1,0,0,0,0,0.29,0.29,0.58,0.29,0.58
1276,Fredrik Jensen,fi FIN,MF,Augsburg,de Bundesliga,25,1997,22,18,"1,338",14.9,2,4,6,2,0,0,1,0,0.13,0.27,0.40,0.13,0.40
1277,Mathias Jensen,dk DEN,MF,Brentford,eng Premier League,27,1996,32,27,"2,204",24.5,3,3,6,3,0,0,5,0,0.12,0.12,0.25,0.12,0.25
1278,Moritz Jenz,de GER,DF,Wolfsburg,de Bundesliga,24,1999,22,21,"1,742",19.4,0,1,1,0,0,0,7,1,0.00,0.05,0.05,0.00,0.05
1279,Gabriel Jesus,br BRA,FW,Arsenal,eng Premier League,26,1997,27,17,"1,478",16.4,4,5,9,4,0,0,6,0,0.24,0.30,0.55,0.24,0.55
1280,Juan Jesus,br BRA,DF,Napoli,it Serie A,32,1991,24,23,"2,116",23.5,1,0,1,1,0,0,7,0,0.04,0.00,0.04,0.04,0.04
1281,Álex Jiménez,es ESP,DF,Milan,it Serie A,18,2005,3,0,68,0.8,0,0,0,0,0,0,1,0,0.00,0.00,0.00,0.00,0.00
1282,Raúl Jiménez,mx MEX,FW,Fulham,eng Premier League,32,1991,24,18,"1,395",15.5,7,0,7,7,0,0,3,1,0.45,0.00,0.45,0.45,0.45
1283,João Pedro,br BRA,"MF,FW",Brighton,eng Premier League,21,2001,31,19,"2,045",22.7,9,3,12,5,4,5,2,0,0.40,0.13,0.53,0.22,0.35
1284,Joelinton,br BRA,"MF,FW",Newcastle United,eng Premier League,26,1996,20,15,"1,279",14.2,2,1,3,2,0,0,6,0,0.14,0.07,0.21,0.14,0.21
1285,Ben Johnson,eng ENG,"MF,DF",West Ham United,eng Premier League,23,2000,14,4,544,6.0,0,0,0,0,0,0,1,0,0.00,0.00,0.00,0.00,0.00
1286,Brennan Johnson,wls WAL,"MF,FW",Tottenham Hotspur,eng Premier League,22,2001,32,23,"2,085",23.2,5,10,15,5,0,0,3,0,0.22,0.43,0.65,0.22,0.65
1287,Brennan Johnson,wls WAL,"FW,MF",Nottingham Forest,eng Premier League,22,2001,3,3,237,2.6,0,0,0,0,0,0,0,0,0.00,0.00,0.00,0.00,0.00
1288,Joseph Johnson,eng ENG,DF,Luton Town,eng Premier League,17,2006,2,0,77,0.9,0,0,0,0,0,0,1,0,0.00,0.00,0.00,0.00,0.00
1289,Sam Johnstone,eng ENG,GK,Crystal Palace,eng Premier League,30,1993,20,20,"1,796",20.0,0,0,0,0,0,0,1,0,0.00,0.00,0.00,0.00,0.00
1290,Curtis Jones,eng ENG,MF,Liverpool,eng Premier League,22,2001,23,14,"1,167",13.0,1,1,2,1,0,0,3,1,0.08,0.08,0.15,0.08,0.15
1291,Frenkie de Jong,nl NED,MF,Barcelona,es La Liga,26,1997,20,20,"1,634",18.2,2,0,2,2,0,0,7,0,0.11,0.00,0.11,0.11,0.11
1292,Joan Jordán,es ESP,MF,Sevilla,es La Liga,29,1994,8,4,380,4.2,0,0,0,0,0,0,1,0,0.00,0.00,0.00,0.00,0.00
1293,Jordi,es ESP,MF,Getafe,es La Liga,22,2001,13,5,573,6.4,0,0,0,0,0,0,1,0,0.00,0.00,0.00,0.00,0.00
1294,Jeremy Jorge,es ESP,FW,Getafe,es La Liga,20,2003,1,0,2,0.0,0,0,0,0,0,0,0,0,0.00,0.00,0.00,0.00,0.00
1295,Kaio Jorge,br BRA,FW,Frosinone,it Serie A,21,2002,20,8,812,9.0,3,0,3,2,1,2,2,0,0.33,0.00,0.33,0.22,0.22
1296,Jorginho,it ITA,MF,Arsenal,eng Premier League,31,1991,24,10,921,10.2,0,2,2,0,0,0,1,0,0.00,0.20,0.20,0.00,0.20
1297,Willian José,br BRA,FW,Real Betis,es La Liga,31,1991,33,25,"1,971",21.9,10,5,15,10,0,0,0,1,0.46,0.23,0.68,0.46,0.68
1298,Joselu,es ESP,FW,Real Madrid,es La Liga,33,1990,34,15,"1,687",18.7,10,2,12,10,0,2,1,0,0.53,0.11,0.64,0.53,0.64
1299,Diogo Jota,pt POR,FW,Liverpool,eng Premier League,26,1996,21,14,"1,145",12.7,10,3,13,10,0,0,3,1,0.79,0.24,1.02,0.79,1.02
1300,Player,Nation,Pos,Squad,Comp,Age,Born,MP,Starts,Min,90s,Gls,Ast,G+A,G-PK,PK,PKatt,CrdY,CrdR,Gls,Ast,G+A,G-PK,G+A-PK
1301,Antoine Joujou,fr FRA,"MF,FW",Le Havre,fr Ligue 1,20,2003,23,6,779,8.7,0,2,2,0,0,0,1,0,0.00,0.23,0.23,0.00,0.23
1302,Luka Jović,rs SRB,FW,Milan,it Serie A,25,1997,23,8,877,9.7,6,1,7,6,0,0,2,1,0.62,0.10,0.72,0.62,0.72
1303,Kamil Jóźwiak,pl POL,MF,Granada,es La Liga,25,1998,11,7,571,6.3,0,1,1,0,0,0,2,0,0.00,0.16,0.16,0.00,0.16
1304,Juanmi,es ESP,FW,Cádiz,es La Liga,30,1993,16,9,873,9.7,3,1,4,3,0,0,3,0,0.31,0.10,0.41,0.31,0.41
1305,Juanpe,es ESP,DF,Girona,es La Liga,32,1991,17,6,746,8.3,0,0,0,0,0,0,4,0,0.00,0.00,0.00,0.00,0.00
1306,Mads Juel Andersen,dk DEN,DF,Luton Town,eng Premier League,25,1997,8,4,400,4.4,1,0,1,1,0,0,1,0,0.23,0.00,0.23,0.23,0.23
1307,Christopher Jullien,fr FRA,DF,Montpellier,fr Ligue 1,30,1993,20,13,"1,233",13.7,1,0,1,1,0,0,5,0,0.07,0.00,0.07,0.07,0.07
1308,Anthony Jung,de GER,"DF,MF",Werder Bremen,de Bundesliga,31,1991,31,30,"2,579",28.7,1,0,1,1,0,0,4,1,0.03,0.00,0.03,0.03,0.03
1309,Eli Junior Kroupi,fr FRA,FW,Lorient,fr Ligue 1,17,2006,30,11,"1,084",12.0,5,3,8,5,0,0,1,0,0.42,0.25,0.66,0.42,0.66
1310,Hamed Junior Traorè,ci CIV,MF,Bournemouth,eng Premier League,23,2000,3,0,47,0.5,0,0,0,0,0,0,0,0,0.00,0.00,0.00,0.00,0.00
1311,Hamed Junior Traorè,ci CIV,MF,Napoli,it Serie A,23,2000,9,5,382,4.2,0,0,0,0,0,0,1,0,0.00,0.00,0.00,0.00,0.00
1312,Vinicius Júnior,br BRA,FW,Real Madrid,es La Liga,23,2000,26,22,"1,864",20.7,15,5,20,14,1,1,7,0,0.72,0.24,0.97,0.68,0.92
1313,Josip Juranović,hr CRO,"MF,DF",Union Berlin,de Bundesliga,27,1995,21,14,"1,294",14.4,0,2,2,0,0,1,4,0,0.00,0.14,0.14,0.00,0.14
1314,David Jurásek,cz CZE,"MF,DF",Hoffenheim,de Bundesliga,22,2000,13,4,496,5.5,0,1,1,0,0,0,1,0,0.00,0.18,0.18,0.00,0.18
1315,Julian Justvan,de GER,"FW,MF",Hoffenheim,de Bundesliga,25,1998,4,0,49,0.5,0,0,0,0,0,0,0,0,0.00,0.00,0.00,0.00,0.00
1316,Julian Justvan,de GER,MF,Darmstadt 98,de Bundesliga,25,1998,14,11,"1,023",11.4,2,2,4,2,0,0,1,0,0.18,0.18,0.35,0.18,0.35
1317,Filip Jørgensen,dk DEN,GK,Villarreal,es La Liga,21,2002,36,36,"3,240",36.0,0,0,0,0,0,0,4,0,0.00,0.00,0.00,0.00,0.00
1318,Mathias Jørgensen,dk DEN,DF,Brentford,eng Premier League,33,1990,14,12,"1,087",12.1,1,0,1,1,0,0,4,0,0.08,0.00,0.08,0.08,0.08
1319,Mohamed Kaba,fr FRA,MF,Lecce,it Serie A,21,2001,23,15,"1,378",15.3,0,0,0,0,0,0,4,1,0.00,0.00,0.00,0.00,0.00
1320,Sory Kaba,gn GUI,FW,Las Palmas,es La Liga,28,1995,17,9,720,8.0,1,1,2,1,0,0,2,0,0.12,0.12,0.25,0.12,0.25
1321,Ozan Kabak,tr TUR,DF,Hoffenheim,de Bundesliga,23,2000,28,28,"2,282",25.4,4,0,4,4,0,0,11,1,0.16,0.00,0.16,0.16,0.16
1322,Christian Kabasele,be BEL,DF,Udinese,it Serie A,32,1991,13,10,861,9.6,1,1,2,1,0,0,5,0,0.10,0.10,0.21,0.10,0.21
1323,Issa Kaboré,bf BFA,"MF,DF",Luton Town,eng Premier League,22,2001,24,21,"1,729",19.2,0,2,2,0,0,0,7,0,0.00,0.10,0.10,0.00,0.10
1324,Abdoul Kader Bamba,fr FRA,MF,Nantes,fr Ligue 1,29,1994,23,1,611,6.8,2,1,3,2,0,0,2,0,0.29,0.15,0.44,0.29,0.44
1325,Yaya Kader Fofana,ml MLI,MF,Reims,fr Ligue 1,19,2004,4,0,32,0.4,0,0,0,0,0,0,0,0,0.00,0.00,0.00,0.00,0.00
1326,Player,Nation,Pos,Squad,Comp,Age,Born,MP,Starts,Min,90s,Gls,Ast,G+A,G-PK,PK,PKatt,CrdY,CrdR,Gls,Ast,G+A,G-PK,G+A-PK
1327,Pavel Kadeřábek,cz CZE,"MF,DF",Hoffenheim,de Bundesliga,31,1992,29,28,"2,412",26.8,3,4,7,3,0,0,7,0,0.11,0.15,0.26,0.11,0.26
1328,Tino Kadewere,zw ZIM,FW,Lyon,fr Ligue 1,27,1996,11,2,296,3.3,0,0,0,0,0,0,0,0,0.00,0.00,0.00,0.00,0.00
1329,Tino Kadewere,zw ZIM,"FW,MF",Nantes,fr Ligue 1,27,1996,14,8,781,8.7,1,0,1,1,0,1,1,0,0.12,0.00,0.12,0.12,0.12
1330,Kaiky,br BRA,DF,Almería,es La Liga,19,2004,8,5,523,5.8,1,0,1,1,0,0,2,0,0.17,0.00,0.17,0.17,0.17
1331,Florian Kainz,at AUT,MF,Köln,de Bundesliga,30,1992,33,29,"2,197",24.4,5,4,9,0,5,5,4,0,0.20,0.16,0.37,0.00,0.16
1332,Sasa Kalajdzic,at AUT,FW,Wolves,eng Premier League,26,1997,11,1,166,1.8,2,0,2,2,0,0,0,0,1.08,0.00,1.08,1.08,1.08
1333,Sasa Kalajdzic,at AUT,FW,Eintracht Frankfurt,de Bundesliga,26,1997,5,5,325,3.6,0,1,1,0,0,0,0,0,0.00,0.28,0.28,0.00,0.28
1334,Arnaud Kalimuendo,fr FRA,FW,Rennes,fr Ligue 1,21,2002,30,25,"2,139",23.8,10,1,11,8,2,2,6,0,0.42,0.04,0.46,0.34,0.38
1335,Yayah Kallon,sl SLE,FW,Hellas Verona,it Serie A,22,2001,1,0,4,0.0,0,0,0,0,0,0,0,0,0.00,0.00,0.00,0.00,0.00
1336,Gedeon Kalulu,cd COD,"MF,DF",Lorient,fr Ligue 1,25,1997,19,11,970,10.8,0,1,1,0,0,0,0,0,0.00,0.09,0.09,0.00,0.09
1337,Pierre Kalulu,fr FRA,DF,Milan,it Serie A,23,2000,9,4,374,4.2,0,0,0,0,0,0,0,0,0.00,0.00,0.00,0.00,0.00
1338,Daichi Kamada,jp JPN,MF,Lazio,it Serie A,26,1996,29,17,"1,544",17.2,2,2,4,2,0,0,3,0,0.12,0.12,0.23,0.12,0.23
1339,Warren Kamanzi,no NOR,"MF,DF",Toulouse,fr Ligue 1,22,2000,24,12,"1,187",13.2,0,3,3,0,0,0,1,0,0.00,0.23,0.23,0.00,0.23
1340,Boubacar Kamara,fr FRA,MF,Aston Villa,eng Premier League,23,1999,20,20,"1,652",18.4,0,1,1,0,0,0,7,1,0.00,0.05,0.05,0.00,0.05
1341,Hassane Kamara,ci CIV,MF,Udinese,it Serie A,29,1994,35,27,"2,225",24.7,1,1,2,1,0,0,4,0,0.04,0.04,0.08,0.04,0.08
1342,Willy Kambwala,fr FRA,DF,Manchester Utd,eng Premier League,18,2004,8,3,330,3.7,0,0,0,0,0,0,1,0,0.00,0.00,0.00,0.00,0.00
1343,Jakub Kamiński,pl POL,MF,Wolfsburg,de Bundesliga,21,2002,17,4,473,5.3,0,2,2,0,0,0,0,0,0.00,0.38,0.38,0.00,0.38
1344,Thomas Kaminski,be BEL,GK,Luton Town,eng Premier League,30,1992,38,38,"3,405",37.8,0,0,0,0,0,0,3,0,0.00,0.00,0.00,0.00,0.00
1345,Kevin Kampl,si SVN,MF,RB Leipzig,de Bundesliga,32,1990,26,14,"1,363",15.1,1,0,1,1,0,0,3,0,0.07,0.00,0.07,0.07,0.07
1346,Harry Kane,eng ENG,FW,Bayern Munich,de Bundesliga,30,1993,32,32,"2,839",31.5,36,8,44,31,5,5,2,0,1.14,0.25,1.39,0.98,1.24
1347,Lee Kang-in,kr KOR,"MF,FW",Paris Saint-Germain,fr Ligue 1,22,2001,23,18,"1,464",16.3,3,4,7,3,0,0,2,0,0.18,0.25,0.43,0.18,0.43
1348,Yann Karamoh,fr FRA,MF,Torino,it Serie A,25,1998,10,1,162,1.8,0,0,0,0,0,0,0,0,0.00,0.00,0.00,0.00,0.00
1349,Yann Karamoh,fr FRA,FW,Montpellier,fr Ligue 1,25,1998,12,1,284,3.2,1,0,1,1,0,0,1,0,0.32,0.00,0.32,0.32,0.32
1350,Atakan Karazor,tr TUR,MF,Stuttgart,de Bundesliga,26,1996,33,31,"2,623",29.1,0,4,4,0,0,0,9,0,0.00,0.14,0.14,0.00,0.14
1351,Ayman Kari,fr FRA,MF,Lorient,fr Ligue 1,18,2004,14,12,893,9.9,1,1,2,1,0,0,1,0,0.10,0.10,0.20,0.10,0.20
1352,Player,Nation,Pos,Squad,Comp,Age,Born,MP,Starts,Min,90s,Gls,Ast,G+A,G-PK,PK,PKatt,CrdY,CrdR,Gls,Ast,G+A,G-PK,G+A-PK
1353,Emir Karic,ba BIH,"MF,DF",Darmstadt 98,de Bundesliga,26,1997,27,18,"1,783",19.8,0,0,0,0,0,0,4,0,0.00,0.00,0.00,0.00,0.00
1354,Loris Karius,de GER,GK,Newcastle United,eng Premier League,30,1993,1,1,90,1.0,0,0,0,0,0,0,0,0,0.00,0.00,0.00,0.00,0.00
1355,Jesper Karlsson,se SWE,MF,Bologna,it Serie A,25,1998,7,4,344,3.8,0,0,0,0,0,0,0,0,0.00,0.00,0.00,0.00,0.00
1356,Jon Karrikaburu,es ESP,FW,Alavés,es La Liga,20,2002,2,0,16,0.2,0,0,0,0,0,0,0,0,0.00,0.00,0.00,0.00,0.00
1357,Rick Karsdorp,nl NED,"MF,DF",Roma,it Serie A,28,1995,18,14,"1,191",13.2,0,2,2,0,0,0,2,0,0.00,0.15,0.15,0.00,0.15
1358,Grigoris Kastanos,cy CYP,MF,Salernitana,it Serie A,25,1998,26,18,"1,480",16.4,3,3,6,3,0,0,5,0,0.18,0.18,0.36,0.18,0.36
1359,Silas Katompa,cd COD,MF,Stuttgart,de Bundesliga,24,1998,27,8,900,10.0,5,2,7,5,0,1,0,0,0.50,0.20,0.70,0.50,0.70
1360,Panos Katseris,gr GRE,MF,Lorient,fr Ligue 1,22,2001,15,13,"1,041",11.6,1,1,2,1,0,0,4,0,0.09,0.09,0.17,0.09,0.17
1361,Mikkel Kaufmann,dk DEN,FW,Union Berlin,de Bundesliga,22,2001,18,4,486,5.4,1,0,1,1,0,0,0,0,0.19,0.00,0.19,0.19,0.19
1362,Michael Kayode,it ITA,DF,Fiorentina,it Serie A,19,2004,26,22,"2,058",22.9,1,1,2,1,0,0,2,0,0.04,0.04,0.09,0.04,0.09
1363,Moise Kean,it ITA,FW,Juventus,it Serie A,23,2000,19,8,654,7.3,0,0,0,0,0,0,2,0,0.00,0.00,0.00,0.00,0.00
1364,Michael Keane,eng ENG,DF,Everton,eng Premier League,30,1993,9,4,439,4.9,1,0,1,1,0,0,2,0,0.21,0.00,0.21,0.21,0.21
1365,Ibrahima Kebe,ml MLI,MF,Girona,es La Liga,22,2000,2,0,9,0.1,0,0,0,0,0,0,1,0,0.00,0.00,0.00,0.00,0.00
1366,Kévin Keben Biakolo,cm CMR,"DF,MF",Toulouse,fr Ligue 1,19,2004,8,7,521,5.8,0,0,0,0,0,0,1,0,0.00,0.00,0.00,0.00,0.00
1367,Yassine Kechta,ma MAR,MF,Le Havre,fr Ligue 1,21,2002,32,21,"1,849",20.5,2,1,3,2,0,0,4,0,0.10,0.05,0.15,0.10,0.15
1368,Thilo Kehrer,de GER,DF,West Ham United,eng Premier League,26,1996,4,0,22,0.2,0,0,0,0,0,0,2,0,0.00,0.00,0.00,0.00,0.00
1369,Thilo Kehrer,de GER,DF,Monaco,fr Ligue 1,26,1996,15,15,"1,323",14.7,1,1,2,1,0,0,4,1,0.07,0.07,0.14,0.07,0.14
1370,Habib Keita,ml MLI,MF,Clermont Foot,fr Ligue 1,21,2002,27,12,"1,278",14.2,1,0,1,1,0,0,4,0,0.07,0.00,0.07,0.07,0.07
1371,Naby Keïta,gn GUI,MF,Werder Bremen,de Bundesliga,28,1995,5,1,109,1.2,0,0,0,0,0,0,2,0,0.00,0.00,0.00,0.00,0.00
1372,Yannik Keitel,de GER,"DF,MF",Freiburg,de Bundesliga,23,2000,15,11,920,10.2,1,0,1,1,0,0,0,0,0.10,0.00,0.10,0.10,0.10
1373,Caoimhín Kelleher,ie IRL,GK,Liverpool,eng Premier League,24,1998,10,10,900,10.0,0,0,0,0,0,0,0,0,0.00,0.00,0.00,0.00,0.00
1374,Thomas Keller,de GER,"DF,MF",Heidenheim,de Bundesliga,23,1999,2,0,2,0.0,0,0,0,0,0,0,0,0,0.00,0.00,0.00,0.00,0.00
1375,Lloyd Kelly,eng ENG,DF,Bournemouth,eng Premier League,24,1998,23,17,"1,559",17.3,0,1,1,0,0,0,2,0,0.00,0.06,0.06,0.00,0.06
1376,Omari Kellyman,eng ENG,MF,Aston Villa,eng Premier League,17,2005,2,0,37,0.4,0,0,0,0,0,0,0,0,0.00,0.00,0.00,0.00,0.00
1377,Aljoscha Kemlein,de GER,MF,Union Berlin,de Bundesliga,18,2004,2,0,29,0.3,0,0,0,0,0,0,0,0,0.00,0.00,0.00,0.00,0.00
1378,Player,Nation,Pos,Squad,Comp,Age,Born,MP,Starts,Min,90s,Gls,Ast,G+A,G-PK,PK,PKatt,CrdY,CrdR,Gls,Ast,G+A,G-PK,G+A-PK
1379,Tobias Kempe,de GER,MF,Darmstadt 98,de Bundesliga,34,1989,24,15,"1,350",15.0,3,2,5,0,3,3,1,0,0.20,0.13,0.33,0.00,0.13
1380,Milos Kerkez,hu HUN,DF,Bournemouth,eng Premier League,19,2003,28,22,"1,970",21.9,0,1,1,0,0,0,4,1,0.00,0.05,0.05,0.00,0.05
1381,Kaine Kesler-Hayden,eng ENG,"DF,MF",Aston Villa,eng Premier League,20,2002,3,0,6,0.1,0,0,0,0,0,0,0,0,0.00,0.00,0.00,0.00,0.00
1382,Reda Khadra,de GER,"MF,FW",Reims,fr Ligue 1,22,2001,29,14,"1,368",15.2,1,3,4,1,0,0,1,0,0.07,0.20,0.26,0.07,0.26
1383,Wahbi Khazri,tn TUN,"MF,FW",Montpellier,fr Ligue 1,32,1991,25,13,"1,131",12.6,1,0,1,1,0,0,6,0,0.08,0.00,0.08,0.08,0.08
1384,Rani Khedira,de GER,MF,Union Berlin,de Bundesliga,29,1994,20,18,"1,343",14.9,0,0,0,0,0,0,5,1,0.00,0.00,0.00,0.00,0.00
1385,Abdukodir Khusanov,uz UZB,DF,Lens,fr Ligue 1,19,2004,11,9,809,9.0,0,0,0,0,0,0,5,0,0.00,0.00,0.00,0.00,0.00
1386,Kiké,es ESP,FW,Alavés,es La Liga,33,1989,33,15,"1,423",15.8,3,2,5,3,0,1,3,0,0.19,0.13,0.32,0.19,0.32
1387,Luca Kilian,de GER,DF,Köln,de Bundesliga,23,1999,13,6,635,7.1,0,0,0,0,0,0,1,0,0.00,0.00,0.00,0.00,0.00
1388,Max Kilman,eng ENG,DF,Wolves,eng Premier League,26,1997,38,38,"3,420",38.0,2,0,2,2,0,0,7,0,0.05,0.00,0.05,0.05,0.05
1389,Joshua Kimmich,de GER,"MF,DF",Bayern Munich,de Bundesliga,28,1995,28,27,"2,176",24.2,1,6,7,1,0,0,1,1,0.04,0.25,0.29,0.04,0.29
1390,Jakub Kiwior,pl POL,DF,Arsenal,eng Premier League,23,2000,20,11,946,10.5,1,3,4,1,0,0,1,0,0.10,0.29,0.38,0.10,0.38
1391,Simon Kjær,dk DEN,DF,Milan,it Serie A,34,1989,20,14,"1,171",13.0,0,1,1,0,0,0,1,0,0.00,0.08,0.08,0.00,0.08
1392,Davy Klaassen,nl NED,MF,Inter,it Serie A,30,1993,13,1,206,2.3,0,0,0,0,0,0,1,0,0.00,0.00,0.00,0.00,0.00
1393,Christoph Klarer,at AUT,DF,Darmstadt 98,de Bundesliga,23,2000,30,28,"2,354",26.2,2,2,4,2,0,0,9,0,0.08,0.08,0.15,0.08,0.15
1394,Tim Kleindienst,de GER,FW,Heidenheim,de Bundesliga,27,1995,33,33,"2,869",31.9,12,3,15,10,2,2,6,0,0.38,0.09,0.47,0.31,0.41
1395,Lukas Klostermann,de GER,DF,RB Leipzig,de Bundesliga,27,1996,25,16,"1,436",16.0,1,0,1,1,0,0,3,0,0.06,0.00,0.06,0.06,0.06
1396,Justin Kluivert,nl NED,MF,Bournemouth,eng Premier League,24,1999,32,26,"1,916",21.3,7,1,8,7,0,0,5,0,0.33,0.05,0.38,0.33,0.38
1397,Ansgar Knauff,de GER,"MF,FW",Eintracht Frankfurt,de Bundesliga,21,2002,31,24,"2,109",23.4,7,2,9,7,0,0,7,1,0.30,0.09,0.38,0.30,0.38
1398,Robin Knoche,de GER,DF,Union Berlin,de Bundesliga,31,1992,24,20,"1,917",21.3,1,0,1,1,0,1,1,0,0.05,0.00,0.05,0.05,0.05
1399,Gregor Kobel,ch SUI,GK,Dortmund,de Bundesliga,25,1997,27,27,"2,365",26.3,0,0,0,0,0,0,1,0,0.00,0.00,0.00,0.00,0.00
1400,Robin Koch,de GER,DF,Eintracht Frankfurt,de Bundesliga,27,1996,31,31,"2,738",30.4,2,0,2,2,0,0,10,0,0.07,0.00,0.07,0.07,0.07
1401,Philipp Köhn,ch SUI,GK,Monaco,fr Ligue 1,25,1998,22,22,"1,980",22.0,0,0,0,0,0,0,0,0,0.00,0.00,0.00,0.00,0.00
1402,Dominik Kohr,de GER,"DF,MF",Mainz 05,de Bundesliga,29,1994,31,27,"2,184",24.3,1,0,1,1,0,0,15,1,0.04,0.00,0.04,0.04,0.04
1403,Koke,es ESP,MF,Atlético Madrid,es La Liga,31,1992,35,32,"2,493",27.7,0,4,4,0,0,0,5,0,0.00,0.14,0.14,0.00,0.14
1404,Player,Nation,Pos,Squad,Comp,Age,Born,MP,Starts,Min,90s,Gls,Ast,G+A,G-PK,PK,PKatt,CrdY,CrdR,Gls,Ast,G+A,G-PK,G+A-PK
1405,Sead Kolašinac,ba BIH,DF,Atalanta,it Serie A,30,1993,30,25,"2,178",24.2,1,0,1,1,0,0,4,0,0.04,0.00,0.04,0.04,0.04
1406,Luca Koleosho,it ITA,"MF,FW",Burnley,eng Premier League,18,2004,15,13,974,10.8,1,1,2,1,0,0,0,0,0.09,0.09,0.18,0.09,0.18
1407,Randal Kolo Muani,fr FRA,"FW,MF",Paris Saint-Germain,fr Ligue 1,24,1998,26,13,"1,268",14.1,6,5,11,6,0,0,1,0,0.43,0.35,0.78,0.43,0.78
1408,Randal Kolo Muani,fr FRA,FW,Eintracht Frankfurt,de Bundesliga,24,1998,2,2,153,1.7,1,0,1,1,0,0,0,0,0.59,0.00,0.59,0.59,0.59
1409,Mert Kömür,de GER,FW,Augsburg,de Bundesliga,18,2005,4,1,118,1.3,1,0,1,1,0,0,0,0,0.76,0.00,0.76,0.76,0.76
1410,Cheick Konaté,ml MLI,"MF,DF",Clermont Foot,fr Ligue 1,19,2004,19,12,"1,068",11.9,1,1,2,1,0,0,4,0,0.08,0.08,0.17,0.08,0.17
1411,Ibrahima Konaté,fr FRA,DF,Liverpool,eng Premier League,24,1999,22,17,"1,574",17.5,0,0,0,0,0,0,5,1,0.00,0.00,0.00,0.00,0.00
1412,Geoffrey Kondogbia,cf CTA,MF,Marseille,fr Ligue 1,30,1993,26,15,"1,463",16.3,0,0,0,0,0,0,3,0,0.00,0.00,0.00,0.00,0.00
1413,Abdoul Koné,fr FRA,DF,Reims,fr Ligue 1,18,2005,3,3,193,2.1,0,0,0,0,0,0,1,0,0.00,0.00,0.00,0.00,0.00
1414,Amadou Koné,ml MLI,MF,Reims,fr Ligue 1,18,2005,16,4,475,5.3,0,0,0,0,0,0,4,1,0.00,0.00,0.00,0.00,0.00
1415,Ibrahima Koné,ml MLI,FW,Almería,es La Liga,24,1999,9,2,277,3.1,0,0,0,0,0,0,0,0,0.00,0.00,0.00,0.00,0.00
1416,Ibrahima Koné,ml MLI,FW,Lorient,fr Ligue 1,24,1999,1,0,32,0.4,0,0,0,0,0,0,0,0,0.00,0.00,0.00,0.00,0.00
1417,Manu Koné,fr FRA,MF,Gladbach,de Bundesliga,22,2001,22,18,"1,561",17.3,1,0,1,1,0,0,4,1,0.06,0.00,0.06,0.06,0.06
1418,Ezri Konsa,eng ENG,DF,Aston Villa,eng Premier League,25,1997,35,35,"3,069",34.1,1,0,1,1,0,0,5,0,0.03,0.00,0.03,0.03,0.03
1419,Teun Koopmeiners,nl NED,MF,Atalanta,it Serie A,25,1998,34,29,"2,627",29.2,12,5,17,10,2,2,5,0,0.41,0.17,0.58,0.34,0.51
1420,Odilon Kossounou,ci CIV,DF,Leverkusen,de Bundesliga,22,2001,22,21,"1,811",20.1,1,0,1,1,0,0,3,0,0.05,0.00,0.05,0.05,0.05
1421,Filip Kostić,rs SRB,MF,Juventus,it Serie A,30,1992,29,26,"1,815",20.2,0,4,4,0,0,0,2,0,0.00,0.20,0.20,0.00,0.20
1422,N'Guessan Kouadio,ci CIV,MF,Metz,fr Ligue 1,20,2003,6,1,110,1.2,0,0,0,0,0,0,0,0,0.00,0.00,0.00,0.00,0.00
1423,Christian Kouamé,ci CIV,MF,Fiorentina,it Serie A,25,1997,23,11,"1,089",12.1,2,1,3,2,0,0,0,0,0.17,0.08,0.25,0.17,0.25
1424,Rominigue Kouamé,ml MLI,MF,Cádiz,es La Liga,26,1996,16,9,821,9.1,0,0,0,0,0,0,2,0,0.00,0.00,0.00,0.00,0.00
1425,Koffi Kouao,ci CIV,DF,Metz,fr Ligue 1,25,1998,13,10,860,9.6,0,2,2,0,0,0,2,0,0.00,0.21,0.21,0.00,0.21
1426,Tomáš Koubek,cz CZE,GK,Augsburg,de Bundesliga,30,1992,3,3,270,3.0,0,0,0,0,0,0,0,0,0.00,0.00,0.00,0.00,0.00
1427,Therence Koudou,fr FRA,DF,Reims,fr Ligue 1,18,2004,9,3,314,3.5,0,0,0,0,0,0,3,0,0.00,0.00,0.00,0.00,0.00
1428,Jules Koundé,fr FRA,DF,Barcelona,es La Liga,24,1998,35,32,"2,899",32.2,1,2,3,1,0,0,4,0,0.03,0.06,0.09,0.03,0.09
1429,Boubakar Kouyaté,ml MLI,DF,Montpellier,fr Ligue 1,26,1997,23,22,"1,928",21.4,0,2,2,0,0,0,5,1,0.00,0.09,0.09,0.00,0.09
1430,Player,Nation,Pos,Squad,Comp,Age,Born,MP,Starts,Min,90s,Gls,Ast,G+A,G-PK,PK,PKatt,CrdY,CrdR,Gls,Ast,G+A,G-PK,G+A-PK
1431,Cheikhou Kouyaté,sn SEN,MF,Nottingham Forest,eng Premier League,33,1989,12,2,212,2.4,0,0,0,0,0,0,2,0,0.00,0.00,0.00,0.00,0.00
1432,Mateo Kovačić,hr CRO,MF,Manchester City,eng Premier League,29,1994,30,16,"1,551",17.2,1,0,1,1,0,0,4,0,0.06,0.00,0.06,0.06,0.06
1433,Viktor Kovalenko,ua UKR,MF,Empoli,it Serie A,27,1996,17,4,613,6.8,1,1,2,1,0,0,1,0,0.15,0.15,0.29,0.15,0.29
1434,Matej Kovar,cz CZE,GK,Leverkusen,de Bundesliga,23,2000,1,1,90,1.0,0,0,0,0,0,0,0,0,0.00,0.00,0.00,0.00,0.00
1435,Dawid Kownacki,pl POL,FW,Werder Bremen,de Bundesliga,26,1997,22,3,380,4.2,0,0,0,0,0,0,0,0,0.00,0.00,0.00,0.00,0.00
1436,Emil Krafth,se SWE,DF,Newcastle United,eng Premier League,28,1994,17,8,913,10.1,0,0,0,0,0,0,2,0,0.00,0.00,0.00,0.00,0.00
1437,Alex Král,cz CZE,MF,Union Berlin,de Bundesliga,25,1998,24,13,"1,370",15.2,0,0,0,0,0,0,2,0,0.00,0.00,0.00,0.00,0.00
1438,Andrej Kramarić,hr CRO,"MF,FW",Hoffenheim,de Bundesliga,32,1991,30,25,"2,199",24.4,15,6,21,10,5,5,4,0,0.61,0.25,0.86,0.41,0.65
1439,Christoph Kramer,de GER,MF,Gladbach,de Bundesliga,32,1991,14,1,249,2.8,0,0,0,0,0,0,4,0,0.00,0.00,0.00,0.00,0.00
1440,Frans Krätzig,de GER,"DF,MF",Bayern Munich,de Bundesliga,20,2003,4,0,56,0.6,0,0,0,0,0,0,0,0,0.00,0.00,0.00,0.00,0.00
1441,Tom Krauß,de GER,MF,Mainz 05,de Bundesliga,22,2001,29,13,"1,346",15.0,1,2,3,1,0,0,5,0,0.07,0.13,0.20,0.07,0.20
1442,Rasmus Kristensen,dk DEN,"MF,DF",Roma,it Serie A,26,1997,29,19,"1,744",19.4,1,1,2,1,0,0,5,0,0.05,0.05,0.10,0.05,0.10
1443,Thomas Kristensen,dk DEN,DF,Udinese,it Serie A,21,2002,26,23,"2,096",23.3,0,1,1,0,0,0,4,1,0.00,0.04,0.04,0.00,0.04
1444,Toni Kroos,de GER,MF,Real Madrid,es La Liga,33,1990,33,24,"2,124",23.6,1,8,9,1,0,0,3,0,0.04,0.34,0.38,0.04,0.38
1445,Nikola Krstović,me MNE,FW,Lecce,it Serie A,23,2000,35,30,"2,373",26.4,7,1,8,6,1,3,4,1,0.27,0.04,0.30,0.23,0.27
1446,Rade Krunić,ba BIH,MF,Milan,it Serie A,29,1993,10,8,687,7.6,0,0,0,0,0,0,3,0,0.00,0.00,0.00,0.00,0.00
1447,Lukas Kübler,de GER,DF,Freiburg,de Bundesliga,30,1992,26,22,"1,847",20.5,1,0,1,1,0,0,7,0,0.05,0.00,0.05,0.05,0.05
1448,Takefusa Kubo,jp JPN,"FW,MF",Real Sociedad,es La Liga,22,2001,30,24,"2,150",23.9,7,4,11,7,0,0,1,0,0.29,0.17,0.46,0.29,0.46
1449,Mahmut Kücüksahin,,DF,Augsburg,de Bundesliga,19,2004,1,0,1,0.0,0,0,0,0,0,0,0,0,0.00,0.00,0.00,0.00,0.00
1450,Mohammed Kudus,gh GHA,MF,West Ham United,eng Premier League,22,2000,33,27,"2,484",27.6,8,6,14,8,0,0,6,0,0.29,0.22,0.51,0.29,0.51
1451,Christian Kühlwetter,de GER,"FW,MF",Heidenheim,de Bundesliga,27,1996,1,0,8,0.1,0,1,1,0,0,0,0,0,0.00,11.25,11.25,0.00,11.25
1452,Dejan Kulusevski,se SWE,"MF,FW",Tottenham Hotspur,eng Premier League,23,2000,36,31,"2,762",30.7,8,3,11,8,0,0,7,0,0.26,0.10,0.36,0.26,0.36
1453,Sael Kumbedi,fr FRA,"DF,MF",Lyon,fr Ligue 1,18,2005,17,8,924,10.3,0,1,1,0,0,0,3,0,0.00,0.10,0.10,0.00,0.10
1454,Marash Kumbulla,al ALB,DF,Sassuolo,it Serie A,23,2000,7,3,362,4.0,0,0,0,0,0,0,1,0,0.00,0.00,0.00,0.00,0.00
1455,Justin Kumi,it ITA,MF,Sassuolo,it Serie A,19,2004,1,0,4,0.0,0,0,0,0,0,0,0,0,0.00,0.00,0.00,0.00,0.00
1456,Player,Nation,Pos,Squad,Comp,Age,Born,MP,Starts,Min,90s,Gls,Ast,G+A,G-PK,PK,PKatt,CrdY,CrdR,Gls,Ast,G+A,G-PK,G+A-PK
1457,Layvin Kurzawa,fr FRA,DF,Paris Saint-Germain,fr Ligue 1,30,1992,1,0,9,0.1,0,0,0,0,0,0,0,0,0.00,0.00,0.00,0.00,0.00
1458,Berkan Kutlu,tr TUR,MF,Genoa,it Serie A,25,1998,6,0,199,2.2,0,0,0,0,0,0,0,0,0.00,0.00,0.00,0.00,0.00
1459,Daler Kuzyaev,ru RUS,MF,Le Havre,fr Ligue 1,30,1993,30,24,"2,090",23.2,2,2,4,2,0,0,1,0,0.09,0.09,0.17,0.09,0.17
1460,Khvicha Kvaratskhelia,ge GEO,FW,Napoli,it Serie A,22,2001,34,32,"2,737",30.4,11,6,17,11,0,0,8,0,0.36,0.20,0.56,0.36,0.56
1461,Giorgi Kvernadze,ge GEO,FW,Frosinone,it Serie A,20,2003,5,0,63,0.7,0,0,0,0,0,0,0,0,0.00,0.00,0.00,0.00,0.00
1462,Moritz-Broni Kwarteng,gh GHA,"MF,FW",Bochum,de Bundesliga,25,1998,11,2,281,3.1,0,1,1,0,0,0,1,1,0.00,0.32,0.32,0.00,0.32
1463,Grejohn Kyei,fr FRA,FW,Clermont Foot,fr Ligue 1,27,1995,26,10,"1,026",11.4,2,1,3,1,1,1,1,0,0.18,0.09,0.26,0.09,0.18
1464,Giorgos Kyriakopoulos,gr GRE,"MF,DF",Monza,it Serie A,27,1996,28,20,"1,712",19.0,0,3,3,0,0,0,3,0,0.00,0.16,0.16,0.00,0.16
1465,Luca de la Torre,us USA,MF,Celta Vigo,es La Liga,25,1998,31,22,"1,956",21.7,1,4,5,1,0,0,4,1,0.05,0.18,0.23,0.05,0.23
1466,Gaëtan Laborde,fr FRA,"FW,MF",Nice,fr Ligue 1,29,1994,34,22,"1,906",21.2,5,2,7,4,1,2,2,0,0.24,0.09,0.33,0.19,0.28
1467,Alexandre Lacazette,fr FRA,FW,Lyon,fr Ligue 1,32,1991,29,27,"2,293",25.5,19,2,21,17,2,2,3,1,0.75,0.08,0.82,0.67,0.75
1468,Maxence Lacroix,fr FRA,DF,Wolfsburg,de Bundesliga,23,2000,28,27,"2,362",26.2,4,1,5,4,0,0,5,3,0.15,0.04,0.19,0.15,0.19
1469,Alban Lafont,ci CIV,GK,Nantes,fr Ligue 1,24,1999,28,28,"2,496",27.7,0,0,0,0,0,0,2,0,0.00,0.00,0.00,0.00,0.00
1470,Yoel Lago,es ESP,DF,Celta Vigo,es La Liga,19,2004,1,1,90,1.0,0,0,0,0,0,0,0,0,0.00,0.00,0.00,0.00,0.00
1471,Aïssa Laïdouni,tn TUN,MF,Union Berlin,de Bundesliga,26,1996,23,10,"1,071",11.9,0,3,3,0,0,0,2,0,0.00,0.25,0.25,0.00,0.25
1472,Konrad Laimer,at AUT,"MF,DF",Bayern Munich,de Bundesliga,26,1997,29,18,"1,772",19.7,0,3,3,0,0,0,3,0,0.00,0.15,0.15,0.00,0.15
1473,Stefan Lainer,at AUT,"MF,DF",Gladbach,de Bundesliga,30,1992,15,8,751,8.3,0,1,1,0,0,0,2,0,0.00,0.12,0.12,0.00,0.12
1474,Kenny Lala,mg MAD,DF,Brest,fr Ligue 1,31,1991,33,33,"2,970",33.0,2,3,5,2,0,0,7,0,0.06,0.09,0.15,0.06,0.15
1475,Adam Lallana,eng ENG,MF,Brighton,eng Premier League,35,1988,25,13,850,9.4,0,1,1,0,0,0,2,0,0.00,0.11,0.11,0.00,0.11
1476,Mathis Lambourde,fr FRA,FW,Rennes,fr Ligue 1,17,2006,1,0,10,0.1,0,0,0,0,0,0,0,0,0.00,0.00,0.00,0.00,0.00
1477,Érik Lamela,ar ARG,MF,Sevilla,es La Liga,31,1992,13,5,463,5.1,2,0,2,2,0,0,3,0,0.39,0.00,0.39,0.39,0.39
1478,Mohamed Lamine Bayo,gn GUI,FW,Le Havre,fr Ligue 1,25,1998,22,16,"1,389",15.4,5,1,6,3,2,2,4,0,0.32,0.06,0.39,0.19,0.26
1479,Didier Lamkel Zé,cm CMR,"FW,MF",Metz,fr Ligue 1,26,1996,9,7,550,6.1,1,0,1,1,0,0,1,0,0.16,0.00,0.16,0.16,0.16
1480,Tariq Lamptey,gh GHA,"DF,MF",Brighton,eng Premier League,22,2000,19,10,914,10.2,0,3,3,0,0,0,3,0,0.00,0.30,0.30,0.00,0.30
1481,Bruno Langa,mz MOZ,DF,Almería,es La Liga,25,1997,11,9,820,9.1,1,0,1,1,0,0,1,1,0.11,0.00,0.11,0.11,0.11
1482,Player,Nation,Pos,Squad,Comp,Age,Born,MP,Starts,Min,90s,Gls,Ast,G+A,G-PK,PK,PKatt,CrdY,CrdR,Gls,Ast,G+A,G-PK,G+A-PK
1483,Gianluca Lapadula,pe PER,FW,Cagliari,it Serie A,33,1990,23,14,"1,205",13.4,3,1,4,2,1,1,3,0,0.22,0.07,0.30,0.15,0.22
1484,Aymeric Laporte,es ESP,DF,Manchester City,eng Premier League,29,1994,1,0,12,0.1,0,0,0,0,0,0,0,0,0.00,0.00,0.00,0.00,0.00
1485,Julien Laporte,fr FRA,DF,Lorient,fr Ligue 1,29,1993,23,20,"1,818",20.2,0,0,0,0,0,0,4,0,0.00,0.00,0.00,0.00,0.00
1486,Cyle Larin,ca CAN,FW,Mallorca,es La Liga,28,1995,35,20,"1,823",20.3,3,2,5,3,0,0,8,0,0.15,0.10,0.25,0.15,0.25
1487,Yasser Larouci,dz ALG,MF,Sheffield United,eng Premier League,22,2001,11,6,531,5.9,0,0,0,0,0,0,1,0,0.00,0.00,0.00,0.00,0.00
1488,Hugo Larsson,se SWE,MF,Eintracht Frankfurt,de Bundesliga,19,2004,29,21,"1,886",21.0,2,1,3,2,0,0,1,0,0.10,0.05,0.14,0.10,0.14
1489,Jamaal Lascelles,eng ENG,DF,Newcastle United,eng Premier League,29,1993,16,13,"1,080",12.0,1,0,1,1,0,0,4,0,0.08,0.00,0.08,0.08,0.08
1490,Juanmi Latasa,es ESP,FW,Getafe,es La Liga,22,2001,32,15,"1,555",17.3,2,0,2,2,0,0,7,1,0.12,0.00,0.12,0.12,0.12
1491,Toni Lato,es ESP,DF,Mallorca,es La Liga,25,1997,28,16,"1,544",17.2,0,1,1,0,0,0,3,0,0.00,0.06,0.06,0.00,0.06
1492,Armand Lauriente,fr FRA,"MF,FW",Sassuolo,it Serie A,24,1998,37,35,"2,908",32.3,5,4,9,5,0,0,5,0,0.15,0.12,0.28,0.15,0.28
1493,Roméo Lavia,be BEL,MF,Chelsea,eng Premier League,19,2004,1,0,33,0.4,0,0,0,0,0,0,0,0,0.00,0.00,0.00,0.00,0.00
1494,Lázaro,br BRA,MF,Almería,es La Liga,21,2002,14,2,285,3.2,0,0,0,0,0,0,0,0,0.00,0.00,0.00,0.00,0.00
1495,Valentino Lazaro,at AUT,MF,Torino,it Serie A,27,1996,35,21,"1,994",22.2,0,4,4,0,0,0,3,0,0.00,0.18,0.18,0.00,0.18
1496,Darko Lazović,rs SRB,MF,Hellas Verona,it Serie A,32,1990,32,22,"1,928",21.4,3,2,5,2,1,1,0,1,0.14,0.09,0.23,0.09,0.19
1497,Manuel Lazzari,it ITA,"DF,MF",Lazio,it Serie A,29,1993,24,19,"1,671",18.6,0,2,2,0,0,0,4,1,0.00,0.11,0.11,0.00,0.11
1498,Théo Le Bris,fr FRA,MF,Lorient,fr Ligue 1,20,2002,26,15,"1,516",16.8,0,2,2,0,0,0,2,0,0.00,0.12,0.12,0.00,0.12
1499,Julien Le Cardinal,fr FRA,DF,Brest,fr Ligue 1,25,1997,12,5,473,5.3,0,0,0,0,0,0,3,0,0.00,0.00,0.00,0.00,0.00
1500,Julien Le Cardinal,fr FRA,DF,Lens,fr Ligue 1,25,1997,2,0,58,0.6,0,0,0,0,0,0,0,0,0.00,0.00,0.00,0.00,0.00
1501,Jérémy Le Douaron,fr FRA,"FW,MF",Brest,fr Ligue 1,25,1998,33,19,"1,618",18.0,4,0,4,4,0,0,3,0,0.22,0.00,0.22,0.22,0.22
1502,Enzo Le Fée,fr FRA,MF,Rennes,fr Ligue 1,23,2000,25,19,"1,527",17.0,0,1,1,0,0,0,3,0,0.00,0.06,0.06,0.00,0.06
1503,Vincent Le Goff,fr FRA,"MF,DF",Lorient,fr Ligue 1,33,1989,9,8,541,6.0,1,1,2,1,0,0,1,0,0.17,0.17,0.33,0.17,0.33
1504,Robin Le Normand,es ESP,DF,Real Sociedad,es La Liga,26,1996,29,28,"2,469",27.4,2,0,2,2,0,0,13,0,0.07,0.00,0.07,0.07,0.07
1505,Nicola Leali,it ITA,GK,Genoa,it Serie A,30,1993,3,2,176,2.0,0,0,0,0,0,0,1,0,0.00,0.00,0.00,0.00,0.00
1506,Rafael Leão,pt POR,"MF,FW",Milan,it Serie A,24,1999,34,29,"2,512",27.9,9,9,18,9,0,0,5,0,0.32,0.32,0.64,0.32,0.64
1507,Adrien Lebeau,fr FRA,MF,Brest,fr Ligue 1,24,1999,7,0,54,0.6,0,1,1,0,0,0,0,0,0.00,1.67,1.67,0.00,1.67
1508,Player,Nation,Pos,Squad,Comp,Age,Born,MP,Starts,Min,90s,Gls,Ast,G+A,G-PK,PK,PKatt,CrdY,CrdR,Gls,Ast,G+A,G-PK,G+A-PK
1509,Jean-Louis Leca,fr FRA,GK,Lens,fr Ligue 1,37,1985,1,1,90,1.0,0,0,0,0,0,0,0,0,0.00,0.00,0.00,0.00,0.00
1510,Benjamin Lecomte,fr FRA,GK,Montpellier,fr Ligue 1,32,1991,30,30,"2,700",30.0,0,1,1,0,0,0,1,0,0.00,0.03,0.03,0.00,0.03
1511,Jeremías Ledesma,ar ARG,GK,Cádiz,es La Liga,30,1993,34,34,"3,048",33.9,0,0,0,0,0,0,0,0,0.00,0.00,0.00,0.00,0.00
1512,Pierre Lees-Melou,fr FRA,MF,Brest,fr Ligue 1,30,1993,29,29,"2,517",28.0,4,0,4,4,0,0,12,1,0.14,0.00,0.14,0.14,0.14
1513,Diogo Leite,pt POR,DF,Union Berlin,de Bundesliga,24,1999,32,31,"2,702",30.0,0,0,0,0,0,0,6,0,0.00,0.00,0.00,0.00,0.00
1514,Maxim Leitsch,de GER,DF,Mainz 05,de Bundesliga,25,1998,7,4,379,4.2,0,0,0,0,0,0,0,0,0.00,0.00,0.00,0.00,0.00
1515,Florian Lejeune,fr FRA,DF,Rayo Vallecano,es La Liga,32,1991,37,37,"3,327",37.0,3,1,4,3,0,0,5,0,0.08,0.03,0.11,0.08,0.11
1516,Stefan Lekovic,rs SRB,DF,Villarreal,es La Liga,19,2004,1,0,29,0.3,0,0,0,0,0,0,0,0,0.00,0.00,0.00,0.00,0.00
1517,Iñigo Lekue,es ESP,DF,Athletic Club,es La Liga,30,1993,27,22,"2,002",22.2,0,2,2,0,0,0,4,0,0.00,0.09,0.09,0.00,0.09
1518,Thomas Lemar,fr FRA,MF,Atlético Madrid,es La Liga,27,1995,3,3,164,1.8,0,0,0,0,0,0,0,0,0.00,0.00,0.00,0.00,0.00
1519,Mario Lemina,ga GAB,MF,Wolves,eng Premier League,29,1993,35,34,"2,968",33.0,4,1,5,4,0,0,12,1,0.12,0.03,0.15,0.12,0.15
1520,Álvaro Lemos,es ESP,DF,Las Palmas,es La Liga,30,1993,4,3,251,2.8,0,0,0,0,0,0,1,0,0.00,0.00,0.00,0.00,0.00
1521,Ruben Lendinez,es ESP,DF,Valencia,es La Liga,20,2003,1,0,11,0.1,0,0,0,0,0,0,0,0,0.00,0.00,0.00,0.00,0.00
1522,Clément Lenglet,fr FRA,DF,Aston Villa,eng Premier League,28,1995,14,14,"1,153",12.8,0,1,1,0,0,0,3,0,0.00,0.08,0.08,0.00,0.08
1523,Bernd Leno,de GER,GK,Fulham,eng Premier League,31,1992,38,38,"3,420",38.0,0,0,0,0,0,0,3,0,0.00,0.00,0.00,0.00,0.00
1524,Christopher Lenz,de GER,"DF,MF",RB Leipzig,de Bundesliga,28,1994,5,0,47,0.5,0,0,0,0,0,0,0,0,0.00,0.00,0.00,0.00,0.00
1525,Christopher Lenz,de GER,"DF,MF",Eintracht Frankfurt,de Bundesliga,28,1994,1,0,10,0.1,0,0,0,0,0,0,0,0,0.00,0.00,0.00,0.00,0.00
1526,Johann Lepenant,fr FRA,MF,Lyon,fr Ligue 1,20,2002,6,2,253,2.8,0,0,0,0,0,0,1,0,0.00,0.00,0.00,0.00,0.00
1527,Jefferson Lerma,co COL,"MF,DF",Crystal Palace,eng Premier League,28,1994,28,27,"2,400",26.7,1,1,2,1,0,0,8,0,0.04,0.04,0.07,0.04,0.07
1528,Léo Leroy,fr FRA,MF,Montpellier,fr Ligue 1,23,2000,21,3,499,5.5,0,1,1,0,0,0,4,0,0.00,0.18,0.18,0.00,0.18
1529,Robert Lewandowski,pl POL,FW,Barcelona,es La Liga,34,1988,35,32,"2,750",30.6,19,8,27,15,4,4,5,0,0.62,0.26,0.88,0.49,0.75
1530,Jamie Leweling,de GER,MF,Stuttgart,de Bundesliga,22,2001,34,17,"1,523",16.9,4,4,8,4,0,0,3,0,0.24,0.24,0.47,0.24,0.47
1531,Rico Lewis,eng ENG,"DF,MF",Manchester City,eng Premier League,18,2004,16,8,809,9.0,2,0,2,2,0,0,1,0,0.22,0.00,0.22,0.22,0.22
1532,Keane Lewis-Potter,eng ENG,"FW,MF",Brentford,eng Premier League,22,2001,30,15,"1,441",16.0,3,1,4,3,0,0,0,0,0.19,0.06,0.25,0.19,0.25
1533,Philipp Lienhart,at AUT,DF,Freiburg,de Bundesliga,27,1996,15,14,"1,265",14.1,1,0,1,1,0,0,3,0,0.07,0.00,0.07,0.07,0.07
1534,Player,Nation,Pos,Squad,Comp,Age,Born,MP,Starts,Min,90s,Gls,Ast,G+A,G-PK,PK,PKatt,CrdY,CrdR,Gls,Ast,G+A,G-PK,G+A-PK
1535,Matthijs de Ligt,nl NED,DF,Bayern Munich,de Bundesliga,23,1999,22,16,"1,390",15.4,2,0,2,2,0,0,5,0,0.13,0.00,0.13,0.13,0.13
1536,Victor Lindelöf,se SWE,DF,Manchester Utd,eng Premier League,29,1994,19,14,"1,328",14.8,1,1,2,1,0,0,2,0,0.07,0.07,0.14,0.07,0.14
1537,Jesper Lindstrøm,dk DEN,FW,Napoli,it Serie A,23,2000,22,2,430,4.8,0,0,0,0,0,0,2,0,0.00,0.00,0.00,0.00,0.00
1538,Jesper Lindstrøm,dk DEN,FW,Eintracht Frankfurt,de Bundesliga,23,2000,1,1,83,0.9,0,0,0,0,0,0,0,0,0.00,0.00,0.00,0.00,0.00
1539,Karol Linetty,pl POL,MF,Torino,it Serie A,28,1995,28,19,"1,858",20.6,0,0,0,0,0,0,12,0,0.00,0.00,0.00,0.00,0.00
1540,Samuel Lino,br BRA,"MF,DF",Atlético Madrid,es La Liga,23,1999,34,25,"2,080",23.1,4,5,9,4,0,0,1,0,0.17,0.22,0.39,0.17,0.39
1541,Luca Lipani,it ITA,MF,Sassuolo,it Serie A,18,2005,8,5,384,4.3,0,0,0,0,0,0,0,0,0.00,0.00,0.00,0.00,0.00
1542,Pol Lirola,es ESP,"DF,MF",Frosinone,it Serie A,25,1997,25,18,"1,536",17.1,2,1,3,2,0,0,1,0,0.12,0.06,0.18,0.12,0.18
1543,Marcin Listkowski,pl POL,"FW,MF",Lecce,it Serie A,25,1998,1,0,8,0.1,0,0,0,0,0,0,0,0,0.00,0.00,0.00,0.00,0.00
1544,Valentino Livramento,eng ENG,DF,Newcastle United,eng Premier League,20,2002,26,12,"1,314",14.6,1,0,1,1,0,0,1,0,0.07,0.00,0.07,0.07,0.07
1545,Dejan Ljubicic,at AUT,MF,Köln,de Bundesliga,25,1997,26,24,"2,048",22.8,0,2,2,0,0,0,6,0,0.00,0.09,0.09,0.00,0.09
1546,Javier Llabrés,es ESP,MF,Mallorca,es La Liga,20,2002,16,1,247,2.7,1,0,1,1,0,0,1,0,0.36,0.00,0.36,0.36,0.36
1547,Diego Llorente,es ESP,DF,Roma,it Serie A,29,1993,29,27,"2,170",24.1,1,1,2,1,0,0,5,0,0.04,0.04,0.08,0.04,0.08
1548,Marcos Llorente,es ESP,"MF,DF",Atlético Madrid,es La Liga,28,1995,37,29,"2,565",28.5,6,4,10,6,0,0,5,0,0.21,0.14,0.35,0.21,0.35
1549,Gautier Lloris,fr FRA,DF,Le Havre,fr Ligue 1,28,1995,31,31,"2,778",30.9,2,0,2,2,0,0,2,0,0.06,0.00,0.06,0.06,0.06
1550,Abou Lô,sn SEN,"MF,DF",Metz,fr Ligue 1,23,2000,6,2,197,2.2,0,0,0,0,0,0,0,1,0.00,0.00,0.00,0.00,0.00
1551,Giovani Lo Celso,ar ARG,MF,Tottenham Hotspur,eng Premier League,27,1996,22,4,506,5.6,2,2,4,2,0,0,2,0,0.36,0.36,0.71,0.36,0.71
1552,Stanislav Lobotka,sk SVK,MF,Napoli,it Serie A,28,1994,38,38,"3,282",36.5,0,1,1,0,0,0,4,0,0.00,0.03,0.03,0.00,0.03
1553,Manuel Locatelli,it ITA,MF,Juventus,it Serie A,25,1998,36,34,"3,008",33.4,1,4,5,1,0,0,6,0,0.03,0.12,0.15,0.03,0.15
1554,Bradley Locko,fr FRA,DF,Brest,fr Ligue 1,21,2002,33,33,"2,959",32.9,0,3,3,0,0,0,5,0,0.00,0.09,0.09,0.00,0.09
1555,Tom Lockyer,wls WAL,DF,Luton Town,eng Premier League,28,1994,14,14,"1,169",13.0,1,1,2,1,0,0,4,0,0.08,0.08,0.15,0.08,0.15
1556,Renan Lodi,br BRA,"DF,MF",Marseille,fr Ligue 1,25,1998,14,14,"1,235",13.7,0,0,0,0,0,0,6,0,0.00,0.00,0.00,0.00,0.00
1557,Ruben Loftus-Cheek,eng ENG,MF,Milan,it Serie A,27,1996,29,26,"2,068",23.0,6,1,7,6,0,0,5,0,0.26,0.04,0.30,0.26,0.30
1558,Elysée Logbo,fr FRA,FW,Le Havre,fr Ligue 1,19,2004,10,2,248,2.8,0,0,0,0,0,0,0,0,0.00,0.00,0.00,0.00,0.00
1559,Enzo Loiodice,fr FRA,MF,Las Palmas,es La Liga,22,2000,34,19,"1,790",19.9,0,1,1,0,0,0,2,0,0.00,0.05,0.05,0.00,0.05
1560,Player,Nation,Pos,Squad,Comp,Age,Born,MP,Starts,Min,90s,Gls,Ast,G+A,G-PK,PK,PKatt,CrdY,CrdR,Gls,Ast,G+A,G-PK,G+A-PK
1561,Sean Longstaff,eng ENG,MF,Newcastle United,eng Premier League,25,1997,35,30,"2,747",30.5,6,2,8,6,0,0,7,0,0.20,0.07,0.26,0.20,0.26
1562,Ademola Lookman,ng NGA,"FW,MF",Atalanta,it Serie A,25,1997,31,22,"1,894",21.0,11,7,18,11,0,0,4,0,0.52,0.33,0.86,0.52,0.86
1563,Noah Loosli,ch SUI,DF,Bochum,de Bundesliga,26,1997,10,2,346,3.8,0,0,0,0,0,0,1,0,0.00,0.00,0.00,0.00,0.00
1564,Anthony Lopes,pt POR,GK,Lyon,fr Ligue 1,32,1990,31,31,"2,790",31.0,0,0,0,0,0,0,0,0,0.00,0.00,0.00,0.00,0.00
1565,David López,es ESP,DF,Girona,es La Liga,33,1989,25,25,"1,965",21.8,3,0,3,3,0,0,4,0,0.14,0.00,0.14,0.14,0.14
1566,Diego López,es ESP,"MF,FW",Valencia,es La Liga,21,2002,36,30,"2,656",29.5,3,6,9,3,0,0,2,0,0.10,0.20,0.30,0.10,0.30
1567,Fermin López,es ESP,"MF,FW",Barcelona,es La Liga,20,2003,31,14,"1,446",16.1,8,0,8,8,0,0,2,0,0.50,0.00,0.50,0.50,0.50
1568,Javi López,es ESP,DF,Alavés,es La Liga,21,2002,32,25,"2,386",26.5,1,3,4,1,0,0,3,0,0.04,0.11,0.15,0.04,0.15
1569,Maxime Lopez,fr FRA,MF,Fiorentina,it Serie A,25,1997,19,7,800,8.9,0,0,0,0,0,0,1,0,0.00,0.00,0.00,0.00,0.00
1570,Maxime Lopez,fr FRA,MF,Sassuolo,it Serie A,25,1997,2,2,140,1.6,0,0,0,0,0,0,0,1,0.00,0.00,0.00,0.00,0.00
1571,Pau López,es ESP,GK,Marseille,fr Ligue 1,28,1994,33,33,"2,939",32.7,0,0,0,0,0,0,1,0,0.00,0.00,0.00,0.00,0.00
1572,Unai López,es ESP,MF,Rayo Vallecano,es La Liga,27,1995,35,28,"2,108",23.4,1,2,3,1,0,0,8,0,0.04,0.09,0.13,0.04,0.13
1573,Dion Lopy,sn SEN,MF,Almería,es La Liga,21,2002,30,23,"1,916",21.3,0,0,0,0,0,0,5,0,0.00,0.00,0.00,0.00,0.00
1574,Anthony Losilla,fr FRA,MF,Bochum,de Bundesliga,37,1986,31,31,"2,576",28.6,1,2,3,1,0,0,10,0,0.03,0.07,0.10,0.03,0.10
1575,Jordan Lotomba,ch SUI,"DF,MF",Nice,fr Ligue 1,24,1998,28,21,"1,804",20.0,1,0,1,1,0,0,4,0,0.05,0.00,0.05,0.05,0.05
1576,Tom Louchet,fr FRA,"MF,FW",Nice,fr Ligue 1,20,2003,13,3,409,4.5,1,1,2,1,0,0,1,0,0.22,0.22,0.44,0.22,0.44
1577,Imran Louza,ma MAR,MF,Lorient,fr Ligue 1,24,1999,14,10,863,9.6,1,3,4,1,0,0,1,0,0.10,0.31,0.42,0.10,0.42
1578,Matteo Lovato,it ITA,DF,Torino,it Serie A,23,2000,13,6,544,6.0,0,0,0,0,0,0,2,0,0.00,0.00,0.00,0.00,0.00
1579,Matteo Lovato,it ITA,DF,Salernitana,it Serie A,23,2000,13,11,947,10.5,0,0,0,0,0,0,2,0,0.00,0.00,0.00,0.00,0.00
1580,Dejan Lovren,hr CRO,DF,Lyon,fr Ligue 1,34,1989,10,8,718,8.0,0,0,0,0,0,0,2,1,0.00,0.00,0.00,0.00,0.00
1581,Sandi Lovrić,si SVN,MF,Udinese,it Serie A,25,1998,29,21,"1,987",22.1,1,3,4,1,0,0,1,1,0.05,0.14,0.18,0.05,0.18
1582,Max Lowe,eng ENG,"MF,DF",Sheffield United,eng Premier League,26,1997,10,4,503,5.6,0,0,0,0,0,0,1,0,0.00,0.00,0.00,0.00,0.00
1583,Anthony Lozano,hn HON,FW,Getafe,es La Liga,30,1993,6,0,92,1.0,0,0,0,0,0,0,1,0,0.00,0.00,0.00,0.00,0.00
1584,Anthony Lozano,hn HON,FW,Almería,es La Liga,30,1993,13,10,772,8.6,3,0,3,3,0,0,1,0,0.35,0.00,0.35,0.35,0.35
1585,Lucas,br BRA,DF,Cádiz,es La Liga,22,2001,28,15,"1,539",17.1,1,0,1,1,0,0,6,0,0.06,0.00,0.06,0.06,0.06
1586,Player,Nation,Pos,Squad,Comp,Age,Born,MP,Starts,Min,90s,Gls,Ast,G+A,G-PK,PK,PKatt,CrdY,CrdR,Gls,Ast,G+A,G-PK,G+A-PK
1587,Lorenzo Lucca,it ITA,FW,Udinese,it Serie A,22,2000,37,30,"2,592",28.8,8,4,12,8,0,0,6,0,0.28,0.14,0.42,0.28,0.42
1588,Jhon Lucumí,co COL,DF,Bologna,it Serie A,25,1998,29,23,"2,217",24.6,0,0,0,0,0,0,1,0,0.00,0.00,0.00,0.00,0.00
1589,José Luis Gayà,es ESP,DF,Valencia,es La Liga,28,1995,24,22,"1,791",19.9,1,2,3,1,0,0,2,0,0.05,0.10,0.15,0.05,0.15
1590,José Luis Morales,es ESP,"FW,MF",Villarreal,es La Liga,36,1987,29,8,"1,048",11.6,7,0,7,7,0,0,0,0,0.60,0.00,0.60,0.60,0.60
1591,José Luis Palomino,ar ARG,DF,Atalanta,it Serie A,33,1990,4,0,27,0.3,0,0,0,0,0,0,0,0,0.00,0.00,0.00,0.00,0.00
1592,Douglas Luiz,br BRA,MF,Aston Villa,eng Premier League,25,1998,35,35,"2,993",33.3,9,5,14,5,4,4,12,0,0.27,0.15,0.42,0.15,0.30
1593,Romelu Lukaku,be BEL,FW,Roma,it Serie A,30,1993,32,30,"2,641",29.3,13,3,16,13,0,1,5,1,0.44,0.10,0.55,0.44,0.55
1594,Castello Lukeba,fr FRA,DF,RB Leipzig,de Bundesliga,20,2002,32,24,"2,191",24.3,1,0,1,1,0,0,3,0,0.04,0.00,0.04,0.04,0.04
1595,Dodi Lukebakio,be BEL,"MF,FW",Sevilla,es La Liga,25,1997,23,12,"1,125",12.5,5,1,6,5,0,0,0,0,0.40,0.08,0.48,0.40,0.48
1596,Saša Lukić,rs SRB,MF,Fulham,eng Premier League,26,1996,24,13,"1,122",12.5,1,0,1,1,0,0,3,0,0.08,0.00,0.08,0.08,0.08
1597,Karlo Lulić,hr CRO,MF,Frosinone,it Serie A,27,1996,1,0,19,0.2,0,0,0,0,0,0,0,0,0.00,0.00,0.00,0.00,0.00
1598,Andriy Lunin,ua UKR,GK,Real Madrid,es La Liga,24,1999,21,21,"1,890",21.0,0,0,0,0,0,0,2,0,0.00,0.00,0.00,0.00,0.00
1599,Sebastiano Luperto,it ITA,DF,Empoli,it Serie A,26,1996,38,38,"3,406",37.8,1,1,2,1,0,0,4,0,0.03,0.03,0.05,0.03,0.05
1600,Mateus Lusuardi,br BRA,DF,Frosinone,it Serie A,19,2004,4,3,219,2.4,0,0,0,0,0,0,1,0,0.00,0.00,0.00,0.00,0.00
1601,Andreas Luthe,de GER,GK,Bochum,de Bundesliga,36,1987,1,1,90,1.0,0,0,0,0,0,0,0,0,0.00,0.00,0.00,0.00,0.00
1602,Zito Luvumbo,ao ANG,"MF,FW",Cagliari,it Serie A,21,2002,30,19,"1,946",21.6,4,5,9,4,0,0,5,0,0.18,0.23,0.42,0.18,0.42
1603,Babis Lykogiannis,gr GRE,DF,Bologna,it Serie A,29,1993,22,10,904,10.0,2,1,3,2,0,0,2,0,0.20,0.10,0.30,0.20,0.30
1604,Senne Lynen,be BEL,MF,Werder Bremen,de Bundesliga,24,1999,32,20,"1,797",20.0,0,3,3,0,0,0,6,0,0.00,0.15,0.15,0.00,0.15
1605,Joshua M'Bahia,ci CIV,DF,Clermont Foot,fr Ligue 1,18,2005,1,0,14,0.2,0,0,0,0,0,0,1,0,0.00,0.00,0.00,0.00,0.00
1606,Othmane Maamma,ma MAR,FW,Montpellier,fr Ligue 1,17,2005,2,1,88,1.0,1,0,1,1,0,0,0,0,1.02,0.00,1.02,1.02,1.02
1607,Ian Maatsen,nl NED,MF,Chelsea,eng Premier League,21,2002,12,1,209,2.3,0,0,0,0,0,0,1,0,0.00,0.00,0.00,0.00,0.00
1608,Ian Maatsen,nl NED,DF,Dortmund,de Bundesliga,21,2002,16,15,"1,264",14.0,2,2,4,2,0,0,5,0,0.14,0.14,0.28,0.14,0.28
1609,Alexis Mac Allister,ar ARG,MF,Liverpool,eng Premier League,24,1998,33,31,"2,599",28.9,5,5,10,4,1,1,7,1,0.17,0.17,0.35,0.14,0.31
1610,Deiver Machado,co COL,MF,Lens,fr Ligue 1,29,1993,19,13,"1,124",12.5,4,0,4,4,0,0,4,0,0.32,0.00,0.32,0.32,0.32
1611,Darwin Machís,ve VEN,MF,Cádiz,es La Liga,30,1993,21,10,785,8.7,4,0,4,3,1,1,0,1,0.46,0.00,0.46,0.34,0.34
1612,Player,Nation,Pos,Squad,Comp,Age,Born,MP,Starts,Min,90s,Gls,Ast,G+A,G-PK,PK,PKatt,CrdY,CrdR,Gls,Ast,G+A,G-PK,G+A-PK
1613,James Maddison,eng ENG,MF,Tottenham Hotspur,eng Premier League,26,1996,28,26,"2,135",23.7,4,9,13,4,0,0,5,0,0.17,0.38,0.55,0.17,0.55
1614,Noni Madueke,eng ENG,MF,Chelsea,eng Premier League,21,2002,23,13,"1,053",11.7,5,2,7,4,1,1,2,0,0.43,0.17,0.60,0.34,0.51
1615,Pablo Maffeo,es ESP,"DF,MF",Mallorca,es La Liga,26,1997,22,17,"1,454",16.2,1,2,3,1,0,0,3,1,0.06,0.12,0.19,0.06,0.19
1616,Gabriel Magalhães,br BRA,DF,Arsenal,eng Premier League,25,1997,36,34,"3,044",33.8,4,0,4,4,0,0,4,0,0.12,0.00,0.12,0.12,0.12
1617,Soungoutou Magassa,fr FRA,DF,Monaco,fr Ligue 1,19,2003,21,15,"1,346",15.0,0,0,0,0,0,0,7,0,0.00,0.00,0.00,0.00,0.00
1618,Giulio Maggiore,it ITA,MF,Salernitana,it Serie A,25,1998,27,20,"1,800",20.0,4,2,6,4,0,0,9,1,0.20,0.10,0.30,0.20,0.30
1619,Matej Maglica,hr CRO,DF,Darmstadt 98,de Bundesliga,24,1998,26,21,"1,698",18.9,1,0,1,1,0,0,7,2,0.05,0.00,0.05,0.05,0.05
1620,Giangiacomo Magnani,it ITA,DF,Hellas Verona,it Serie A,27,1995,33,27,"2,444",27.2,0,0,0,0,0,0,6,0,0.00,0.00,0.00,0.00,0.00
1621,Hugo Magnetti,fr FRA,MF,Brest,fr Ligue 1,25,1998,33,30,"2,340",26.0,2,0,2,2,0,0,6,0,0.08,0.00,0.08,0.08,0.08
1622,Yohann Magnin,fr FRA,MF,Clermont Foot,fr Ligue 1,26,1997,31,17,"1,687",18.7,1,0,1,1,0,0,2,0,0.05,0.00,0.05,0.05,0.05
1623,Frank Magri,cm CMR,"FW,MF",Toulouse,fr Ligue 1,23,1999,29,14,"1,438",16.0,5,2,7,5,0,0,5,0,0.31,0.13,0.44,0.31,0.44
1624,Harry Maguire,eng ENG,DF,Manchester Utd,eng Premier League,30,1993,22,18,"1,653",18.4,2,2,4,2,0,0,4,0,0.11,0.11,0.22,0.11,0.22
1625,Jon Magunazelaia,es ESP,FW,Real Sociedad,es La Liga,22,2001,5,1,121,1.3,0,0,0,0,0,0,0,0,0.00,0.00,0.00,0.00,0.00
1626,Adel Mahamoud,km COM,FW,Nantes,fr Ligue 1,20,2003,1,0,10,0.1,0,0,0,0,0,0,0,0,0.00,0.00,0.00,0.00,0.00
1627,Arne Maier,de GER,"MF,FW",Augsburg,de Bundesliga,24,1999,22,10,"1,003",11.1,2,4,6,2,0,0,0,0,0.18,0.36,0.54,0.18,0.54
1628,Habib Maïga,ci CIV,MF,Metz,fr Ligue 1,27,1996,7,1,147,1.6,0,0,0,0,0,0,0,0,0.00,0.00,0.00,0.00,0.00
1629,Mike Maignan,fr FRA,GK,Milan,it Serie A,28,1995,29,29,"2,609",29.0,0,1,1,0,0,0,1,1,0.00,0.03,0.03,0.00,0.03
1630,Linton Maina,de GER,MF,Köln,de Bundesliga,24,1999,31,21,"1,901",21.1,1,3,4,1,0,0,4,0,0.05,0.14,0.19,0.05,0.19
1631,Patrick Mainka,de GER,DF,Heidenheim,de Bundesliga,28,1994,34,34,"3,060",34.0,2,0,2,2,0,0,1,0,0.06,0.00,0.06,0.06,0.06
1632,Kobbie Mainoo,eng ENG,MF,Manchester Utd,eng Premier League,18,2005,24,24,"1,924",21.4,3,1,4,3,0,0,3,0,0.14,0.05,0.19,0.14,0.19
1633,Ainsley Maitland-Niles,eng ENG,"DF,MF",Lyon,fr Ligue 1,25,1997,23,16,"1,432",15.9,1,4,5,0,1,1,1,1,0.06,0.25,0.31,0.00,0.25
1634,Radosław Majecki,pl POL,GK,Monaco,fr Ligue 1,23,1999,12,12,"1,080",12.0,0,0,0,0,0,0,1,0,0.00,0.00,0.00,0.00,0.00
1635,Lovro Majer,hr CRO,"FW,MF",Rennes,fr Ligue 1,25,1998,1,0,16,0.2,0,0,0,0,0,0,0,0,0.00,0.00,0.00,0.00,0.00
1636,Lovro Majer,hr CRO,"MF,FW",Wolfsburg,de Bundesliga,25,1998,32,25,"2,106",23.4,5,5,10,3,2,2,5,0,0.21,0.21,0.43,0.13,0.34
1637,Jean-Victor Makengo,fr FRA,"MF,FW",Lorient,fr Ligue 1,25,1998,11,5,479,5.3,0,0,0,0,0,0,0,0,0.00,0.00,0.00,0.00,0.00
1638,Player,Nation,Pos,Squad,Comp,Age,Born,MP,Starts,Min,90s,Gls,Ast,G+A,G-PK,PK,PKatt,CrdY,CrdR,Gls,Ast,G+A,G-PK,G+A-PK
1639,Jordy Makengo,fr FRA,"DF,MF",Freiburg,de Bundesliga,21,2001,20,10,"1,026",11.4,0,0,0,0,0,0,1,0,0.00,0.00,0.00,0.00,0.00
1640,Antoine Makoumbou,cg CGO,MF,Cagliari,it Serie A,25,1998,32,32,"2,702",30.0,1,0,1,1,0,0,5,2,0.03,0.00,0.03,0.03,0.03
1641,Nemanja Maksimović,rs SRB,MF,Getafe,es La Liga,28,1995,37,37,"3,265",36.3,4,0,4,4,0,0,4,0,0.11,0.00,0.11,0.11,0.11
1642,Julián Malatini,ar ARG,DF,Werder Bremen,de Bundesliga,22,2001,11,6,602,6.7,1,0,1,1,0,0,1,0,0.15,0.00,0.15,0.15,0.15
1643,Daniel Maldini,it ITA,MF,Monza,it Serie A,21,2001,11,2,333,3.7,4,1,5,4,0,0,0,0,1.08,0.27,1.35,1.08,1.35
1644,Daniel Maldini,it ITA,"FW,MF",Empoli,it Serie A,21,2001,7,3,263,2.9,0,0,0,0,0,0,1,0,0.00,0.00,0.00,0.00,0.00
1645,Youssef Maleh,ma MAR,MF,Empoli,it Serie A,24,1998,34,30,"2,602",28.9,0,1,1,0,0,0,11,0,0.00,0.03,0.03,0.00,0.03
1646,Donyell Malen,nl NED,"MF,FW",Dortmund,de Bundesliga,24,1999,27,21,"1,781",19.8,13,1,14,13,0,0,5,0,0.66,0.05,0.71,0.66,0.71
1647,Ruslan Malinovskyi,ua UKR,"MF,FW",Genoa,it Serie A,30,1993,28,18,"1,544",17.2,4,1,5,4,0,0,7,0,0.23,0.06,0.29,0.23,0.29
1648,Lennard Maloney,us USA,MF,Heidenheim,de Bundesliga,23,1999,29,27,"2,284",25.4,1,1,2,1,0,0,1,0,0.04,0.04,0.08,0.04,0.08
1649,Aaron Malouda,fr FRA,FW,Lille,fr Ligue 1,17,2005,1,0,1,0.0,0,0,0,0,0,0,0,0,0.00,0.00,0.00,0.00,0.00
1650,Giorgi Mamardashvili,ge GEO,GK,Valencia,es La Liga,22,2000,37,37,"3,284",36.5,0,0,0,0,0,0,3,1,0.00,0.00,0.00,0.00,0.00
1651,David Mamutovic,de GER,MF,Mainz 05,de Bundesliga,22,2000,2,0,11,0.1,0,0,0,0,0,0,0,0,0.00,0.00,0.00,0.00,0.00
1652,Wilson Manafá,pt POR,"DF,MF",Granada,es La Liga,29,1994,4,3,240,2.7,0,0,0,0,0,0,1,0,0.00,0.00,0.00,0.00,0.00
1653,Gianluca Mancini,it ITA,DF,Roma,it Serie A,27,1996,36,34,"2,869",31.9,4,1,5,4,0,0,9,0,0.13,0.03,0.16,0.13,0.16
1654,Marco Mancosu,it ITA,"MF,FW",Cagliari,it Serie A,34,1988,6,3,156,1.7,0,0,0,0,0,1,0,0,0.00,0.00,0.00,0.00,0.00
1655,Steve Mandanda,fr FRA,GK,Rennes,fr Ligue 1,38,1985,34,34,"3,060",34.0,0,0,0,0,0,0,1,0,0.00,0.00,0.00,0.00,0.00
1656,Christos Mandas,gr GRE,GK,Lazio,it Serie A,21,2001,9,8,721,8.0,0,0,0,0,0,0,0,0,0.00,0.00,0.00,0.00,0.00
1657,Reinildo Mandava,mz MOZ,DF,Atlético Madrid,es La Liga,29,1994,16,7,731,8.1,2,1,3,2,0,0,2,0,0.25,0.12,0.37,0.25,0.37
1658,Aïssa Mandi,dz ALG,DF,Villarreal,es La Liga,31,1991,16,12,"1,113",12.4,1,0,1,1,0,0,3,0,0.08,0.00,0.08,0.08,0.08
1659,Rolando Mandragora,it ITA,MF,Fiorentina,it Serie A,26,1997,33,16,"1,588",17.6,3,3,6,3,0,0,5,0,0.17,0.17,0.34,0.17,0.34
1660,Orel Mangala,be BEL,MF,Nottingham Forest,eng Premier League,25,1998,20,19,"1,563",17.4,1,0,1,1,0,0,6,0,0.06,0.00,0.06,0.06,0.06
1661,Orel Mangala,be BEL,MF,Lyon,fr Ligue 1,25,1998,8,4,398,4.4,2,0,2,2,0,0,0,0,0.45,0.00,0.45,0.45,0.45
1662,Vito Mannone,it ITA,GK,Lille,fr Ligue 1,35,1988,2,1,91,1.0,0,0,0,0,0,0,0,0,0.00,0.00,0.00,0.00,0.00
1663,Kostas Manolas,gr GRE,DF,Salernitana,it Serie A,32,1991,8,6,488,5.4,0,0,0,0,0,0,0,0,0.00,0.00,0.00,0.00,0.00
1664,Player,Nation,Pos,Squad,Comp,Age,Born,MP,Starts,Min,90s,Gls,Ast,G+A,G-PK,PK,PKatt,CrdY,CrdR,Gls,Ast,G+A,G-PK,G+A-PK
1665,Javier Manquillo,es ESP,"DF,MF",Celta Vigo,es La Liga,29,1994,12,10,744,8.3,0,1,1,0,0,0,3,0,0.00,0.12,0.12,0.00,0.12
1666,Braydon Manu,gh GHA,MF,Darmstadt 98,de Bundesliga,26,1997,4,3,171,1.9,0,0,0,0,0,0,1,0,0.00,0.00,0.00,0.00,0.00
1667,Benson Manuel,ao ANG,MF,Burnley,eng Premier League,26,1997,8,1,116,1.3,0,0,0,0,0,0,0,0,0.00,0.00,0.00,0.00,0.00
1668,Faitout Maouassa,fr FRA,DF,Granada,es La Liga,25,1998,6,2,229,2.5,0,1,1,0,0,0,0,0,0.00,0.39,0.39,0.00,0.39
1669,Faitout Maouassa,fr FRA,MF,Lens,fr Ligue 1,25,1998,3,1,76,0.8,0,0,0,0,0,0,0,0,0.00,0.00,0.00,0.00,0.00
1670,Marcão,br BRA,DF,Sevilla,es La Liga,27,1996,7,3,355,3.9,0,0,0,0,0,0,2,0,0.00,0.00,0.00,0.00,0.00
1671,Solly March,eng ENG,"MF,DF",Brighton,eng Premier League,29,1994,7,7,554,6.2,3,1,4,3,0,0,1,0,0.49,0.16,0.65,0.49,0.65
1672,Riccardo Marchizza,it ITA,DF,Frosinone,it Serie A,25,1998,13,13,"1,148",12.8,0,4,4,0,0,0,1,0,0.00,0.31,0.31,0.00,0.31
1673,Gian Marco Ferrari,it ITA,DF,Sassuolo,it Serie A,31,1992,31,25,"2,272",25.2,1,0,1,1,0,0,4,0,0.04,0.00,0.04,0.04,0.04
1674,Óscar de Marcos,es ESP,DF,Athletic Club,es La Liga,34,1989,28,26,"2,258",25.1,1,5,6,1,0,0,5,0,0.04,0.20,0.24,0.04,0.24
1675,Alberto Marí,es ESP,FW,Valencia,es La Liga,22,2001,16,2,276,3.1,1,1,2,0,1,1,0,0,0.33,0.33,0.65,0.00,0.33
1676,José Mari,es ESP,MF,Cádiz,es La Liga,35,1987,3,0,14,0.2,0,0,0,0,0,0,1,0,0.00,0.00,0.00,0.00,0.00
1677,Pablo Marí,es ESP,DF,Monza,it Serie A,29,1993,34,30,"2,615",29.1,0,0,0,0,0,0,7,0,0.00,0.00,0.00,0.00,0.00
1678,José María Giménez,uy URU,DF,Atlético Madrid,es La Liga,28,1995,22,14,"1,326",14.7,0,0,0,0,0,0,5,0,0.00,0.00,0.00,0.00,0.00
1679,Mariano,do DOM,FW,Sevilla,es La Liga,29,1993,9,2,244,2.7,0,0,0,0,0,0,1,0,0.00,0.00,0.00,0.00,0.00
1680,Mirko Marić,hr CRO,FW,Monza,it Serie A,28,1995,10,1,287,3.2,1,0,1,1,0,0,0,1,0.31,0.00,0.31,0.31,0.31
1681,Rafa Marín,es ESP,DF,Alavés,es La Liga,21,2002,33,27,"2,443",27.1,0,0,0,0,0,0,6,0,0.00,0.00,0.00,0.00,0.00
1682,Răzvan Marin,ro ROU,MF,Empoli,it Serie A,27,1996,30,20,"1,818",20.2,0,3,3,0,0,0,3,0,0.00,0.15,0.15,0.00,0.15
1683,Diego Mariño,es ESP,GK,Almería,es La Liga,33,1990,1,1,90,1.0,0,0,0,0,0,0,0,0,0.00,0.00,0.00,0.00,0.00
1684,Guillermo Maripán,cl CHI,DF,Monaco,fr Ligue 1,29,1994,23,21,"1,767",19.6,1,0,1,1,0,0,0,1,0.05,0.00,0.05,0.05,0.05
1685,Mika Mármol,es ESP,DF,Las Palmas,es La Liga,22,2001,36,36,"3,178",35.3,0,1,1,0,0,0,6,1,0.00,0.03,0.03,0.00,0.03
1686,Omar Marmoush,eg EGY,"FW,MF",Eintracht Frankfurt,de Bundesliga,24,1999,29,27,"2,301",25.6,12,6,18,10,2,2,7,0,0.47,0.23,0.70,0.39,0.63
1687,Marquinhos,br BRA,MF,Nantes,fr Ligue 1,20,2003,7,1,154,1.7,0,0,0,0,0,0,0,0,0.00,0.00,0.00,0.00,0.00
1688,Marquinhos,br BRA,DF,Paris Saint-Germain,fr Ligue 1,29,1994,21,18,"1,537",17.1,0,1,1,0,0,0,1,0,0.00,0.06,0.06,0.00,0.06
1689,Unai Marrero,es ESP,GK,Real Sociedad,es La Liga,21,2001,2,1,142,1.6,0,0,0,0,0,0,0,0,0.00,0.00,0.00,0.00,0.00
1690,Player,Nation,Pos,Squad,Comp,Age,Born,MP,Starts,Min,90s,Gls,Ast,G+A,G-PK,PK,PKatt,CrdY,CrdR,Gls,Ast,G+A,G-PK,G+A-PK
1691,Agustín Martegani,ar ARG,MF,Salernitana,it Serie A,23,2000,18,6,731,8.1,1,0,1,1,0,0,1,0,0.12,0.00,0.12,0.12,0.12
1692,Eric Martel,de GER,MF,Köln,de Bundesliga,21,2002,30,29,"2,457",27.3,1,1,2,1,0,0,6,0,0.04,0.04,0.07,0.04,0.07
1693,Roger Martí,es ESP,FW,Cádiz,es La Liga,32,1991,23,18,"1,359",15.1,2,3,5,2,0,0,3,0,0.13,0.20,0.33,0.13,0.33
1694,Anthony Martial,fr FRA,FW,Manchester Utd,eng Premier League,27,1995,13,5,448,5.0,1,0,1,1,0,0,0,0,0.20,0.00,0.20,0.20,0.20
1695,Aarón Martín,es ESP,"MF,DF",Genoa,it Serie A,26,1997,22,17,"1,376",15.3,0,1,1,0,0,0,4,1,0.00,0.07,0.07,0.00,0.07
1696,Iván Martín,es ESP,MF,Girona,es La Liga,24,1999,36,33,"2,729",30.3,5,4,9,5,0,0,5,0,0.16,0.13,0.30,0.16,0.30
1697,Jon Martin,es ESP,DF,Real Sociedad,es La Liga,17,2006,1,0,24,0.3,0,0,0,0,0,0,0,0,0.00,0.00,0.00,0.00,0.00
1698,Jonas Martin,fr FRA,MF,Brest,fr Ligue 1,33,1990,31,9,"1,208",13.4,0,1,1,0,0,0,5,0,0.00,0.07,0.07,0.00,0.07
1699,Mario Martín,es ESP,MF,Real Madrid,es La Liga,19,2004,2,0,18,0.2,0,0,0,0,0,0,0,0,0.00,0.00,0.00,0.00,0.00
1700,Gabriel Martinelli,br BRA,FW,Arsenal,eng Premier League,22,2001,35,24,"2,019",22.4,6,4,10,6,0,0,1,0,0.27,0.18,0.45,0.27,0.45
1701,Tommaso Martinelli,it ITA,GK,Fiorentina,it Serie A,17,2006,1,1,90,1.0,0,0,0,0,0,0,0,0,0.00,0.00,0.00,0.00,0.00
1702,Arnau Martinez,es ESP,DF,Girona,es La Liga,20,2003,21,14,"1,241",13.8,0,2,2,0,0,0,5,0,0.00,0.15,0.15,0.00,0.15
1703,Emiliano Martínez,ar ARG,GK,Aston Villa,eng Premier League,30,1992,34,34,"3,015",33.5,0,0,0,0,0,0,4,0,0.00,0.00,0.00,0.00,0.00
1704,Iñigo Martínez,es ESP,DF,Barcelona,es La Liga,32,1991,20,13,"1,296",14.4,0,0,0,0,0,0,5,0,0.00,0.00,0.00,0.00,0.00
1705,Josep Martinez,es ESP,GK,Genoa,it Serie A,25,1998,36,36,"3,239",36.0,0,0,0,0,0,0,4,1,0.00,0.00,0.00,0.00,0.00
1706,Lautaro Martínez,ar ARG,FW,Inter,it Serie A,25,1997,33,31,"2,656",29.5,24,3,27,22,2,3,5,0,0.81,0.10,0.91,0.75,0.85
1707,Lisandro Martínez,ar ARG,DF,Manchester Utd,eng Premier League,25,1998,11,8,646,7.2,0,1,1,0,0,0,3,0,0.00,0.14,0.14,0.00,0.14
1708,Marc Martínez,es ESP,GK,Granada,es La Liga,33,1990,3,3,270,3.0,0,0,0,0,0,0,0,0,0.00,0.00,0.00,0.00,0.00
1709,Lucas Martínez Quarta,ar ARG,DF,Fiorentina,it Serie A,27,1996,29,26,"2,291",25.5,5,1,6,5,0,0,9,0,0.20,0.04,0.24,0.20,0.24
1710,Adam Marušić,me MNE,"DF,MF",Lazio,it Serie A,30,1992,37,37,"3,100",34.4,1,0,1,1,0,0,3,1,0.03,0.00,0.03,0.03,0.03
1711,Marvin,es ESP,"MF,DF",Las Palmas,es La Liga,23,2000,31,17,"1,855",20.6,0,2,2,0,0,0,5,0,0.00,0.10,0.10,0.00,0.10
1712,Omar Mascarell,gq EQG,MF,Mallorca,es La Liga,30,1993,29,18,"1,571",17.5,0,0,0,0,0,0,8,1,0.00,0.00,0.00,0.00,0.00
1713,Adam Masina,ma MAR,MF,Udinese,it Serie A,29,1994,4,1,64,0.7,0,0,0,0,0,0,2,0,0.00,0.00,0.00,0.00,0.00
1714,Adam Masina,ma MAR,DF,Torino,it Serie A,29,1994,16,10,"1,024",11.4,0,0,0,0,0,0,0,0,0.00,0.00,0.00,0.00,0.00
1715,Erhan Mašović,rs SRB,"DF,MF",Bochum,de Bundesliga,24,1998,29,24,"2,219",24.7,0,0,0,0,0,0,7,0,0.00,0.00,0.00,0.00,0.00
1716,Player,Nation,Pos,Squad,Comp,Age,Born,MP,Starts,Min,90s,Gls,Ast,G+A,G-PK,PK,PKatt,CrdY,CrdR,Gls,Ast,G+A,G-PK,G+A-PK
1717,Han-Noah Massengo,fr FRA,MF,Burnley,eng Premier League,22,2001,3,0,16,0.2,0,0,0,0,0,0,0,0,0.00,0.00,0.00,0.00,0.00
1718,Roberto Massimo,de GER,"FW,MF",Stuttgart,de Bundesliga,22,2000,5,0,84,0.9,0,0,0,0,0,0,1,0,0.00,0.00,0.00,0.00,0.00
1719,Clinton Mata,ao ANG,"DF,MF",Lyon,fr Ligue 1,30,1992,28,25,"2,220",24.7,0,3,3,0,0,0,6,0,0.00,0.12,0.12,0.00,0.12
1720,Jaime Mata,es ESP,"FW,MF",Getafe,es La Liga,34,1988,35,22,"1,787",19.9,5,1,6,5,0,0,10,1,0.25,0.05,0.30,0.25,0.30
1721,Pape Matar Sarr,sn SEN,MF,Tottenham Hotspur,eng Premier League,20,2002,34,27,"2,069",23.0,3,3,6,3,0,0,9,0,0.13,0.13,0.26,0.13,0.26
1722,Eliot Matazo,be BEL,MF,Monaco,fr Ligue 1,21,2002,6,0,102,1.1,0,1,1,0,0,0,2,0,0.00,0.88,0.88,0.00,0.88
1723,Jean-Philippe Mateta,fr FRA,FW,Crystal Palace,eng Premier League,26,1997,35,25,"2,282",25.4,16,5,21,14,2,2,3,0,0.63,0.20,0.83,0.55,0.75
1724,Nemanja Matić,rs SRB,MF,Rennes,fr Ligue 1,34,1988,13,11,"1,027",11.4,0,0,0,0,0,0,7,0,0.00,0.00,0.00,0.00,0.00
1725,Nemanja Matić,rs SRB,MF,Lyon,fr Ligue 1,34,1988,15,15,"1,254",13.9,0,0,0,0,0,0,2,0,0.00,0.00,0.00,0.00,0.00
1726,Joël Matip,cm CMR,DF,Liverpool,eng Premier League,31,1991,10,9,781,8.7,0,0,0,0,0,0,2,0,0.00,0.00,0.00,0.00,0.00
1727,Alex Matos,eng ENG,MF,Chelsea,eng Premier League,18,2004,1,0,1,0.0,0,0,0,0,0,0,0,0,0.00,0.00,0.00,0.00,0.00
1728,Chrislain Matsima,fr FRA,DF,Clermont Foot,fr Ligue 1,21,2002,14,13,"1,180",13.1,1,0,1,1,0,0,2,0,0.08,0.00,0.08,0.08,0.08
1729,Chrislain Matsima,fr FRA,DF,Monaco,fr Ligue 1,21,2002,6,3,298,3.3,0,1,1,0,0,0,2,0,0.00,0.30,0.30,0.00,0.30
1730,Jean Mattéo Bahoya,fr FRA,MF,Eintracht Frankfurt,de Bundesliga,18,2005,8,1,177,2.0,0,0,0,0,0,0,0,0,0.00,0.00,0.00,0.00,0.00
1731,Remi Matthews,eng ENG,GK,Crystal Palace,eng Premier League,29,1994,1,0,4,0.0,0,0,0,0,0,0,0,0,0.00,0.00,0.00,0.00,0.00
1732,Alan Matturro,uy URU,MF,Genoa,it Serie A,18,2004,6,1,106,1.2,0,0,0,0,0,0,0,0,0.00,0.00,0.00,0.00,0.00
1733,Azor Matusiwa,nl NED,MF,Reims,fr Ligue 1,25,1998,16,16,"1,385",15.4,1,0,1,1,0,0,3,0,0.06,0.00,0.06,0.06,0.06
1734,Azor Matusiwa,nl NED,MF,Rennes,fr Ligue 1,25,1998,12,9,794,8.8,0,1,1,0,0,0,2,0,0.00,0.11,0.11,0.00,0.11
1735,Neal Maupay,fr FRA,FW,Brentford,eng Premier League,26,1996,29,13,"1,321",14.7,6,3,9,6,0,0,8,0,0.41,0.20,0.61,0.41,0.61
1736,Neal Maupay,fr FRA,FW,Everton,eng Premier League,26,1996,2,1,111,1.2,0,0,0,0,0,0,0,0,0.00,0.00,0.00,0.00,0.00
1737,Aïman Maurer,ma MAR,MF,Clermont Foot,fr Ligue 1,18,2004,5,0,56,0.6,0,0,0,0,0,0,0,0,0.00,0.00,0.00,0.00,0.00
1738,Konstantinos Mavropanos,gr GRE,DF,West Ham United,eng Premier League,25,1997,19,16,"1,500",16.7,1,0,1,1,0,0,2,0,0.06,0.00,0.06,0.06,0.06
1739,Christian Mawissa,fr FRA,"DF,MF",Toulouse,fr Ligue 1,18,2005,17,12,"1,118",12.4,2,0,2,2,0,0,3,0,0.16,0.00,0.16,0.16,0.16
1740,Philipp Max,de GER,"MF,DF",Eintracht Frankfurt,de Bundesliga,29,1993,23,17,"1,350",15.0,1,2,3,1,0,0,2,0,0.07,0.13,0.20,0.07,0.20
1741,Eric Maxim Choupo-Moting,cm CMR,MF,Bayern Munich,de Bundesliga,34,1989,27,7,717,8.0,2,2,4,2,0,0,1,0,0.25,0.25,0.50,0.25,0.50
1742,Player,Nation,Pos,Squad,Comp,Age,Born,MP,Starts,Min,90s,Gls,Ast,G+A,G-PK,PK,PKatt,CrdY,CrdR,Gls,Ast,G+A,G-PK,G+A-PK
1743,Luís Maximiano,pt POR,GK,Almería,es La Liga,24,1999,33,33,"2,970",33.0,0,0,0,0,0,0,1,0,0.00,0.00,0.00,0.00,0.00
1744,Noam Mayoka-Tika,be BEL,MF,Marseille,fr Ligue 1,19,2003,1,0,1,0.0,0,0,0,0,0,0,0,0,0.00,0.00,0.00,0.00,0.00
1745,Borja Mayoral,es ESP,FW,Getafe,es La Liga,26,1997,27,25,"2,153",23.9,15,1,16,11,4,4,2,0,0.63,0.04,0.67,0.46,0.50
1746,Senny Mayulu,fr FRA,"MF,FW",Paris Saint-Germain,fr Ligue 1,17,2006,8,3,324,3.6,0,1,1,0,0,0,0,0,0.00,0.28,0.28,0.00,0.28
1747,Youssef Maziz,fr FRA,MF,Metz,fr Ligue 1,25,1998,2,2,124,1.4,1,0,1,1,0,0,0,0,0.73,0.00,0.73,0.73,0.73
1748,Noussair Mazraoui,ma MAR,DF,Bayern Munich,de Bundesliga,25,1997,19,15,"1,197",13.3,0,3,3,0,0,0,3,0,0.00,0.23,0.23,0.00,0.23
1749,Luca Mazzitelli,it ITA,MF,Frosinone,it Serie A,27,1995,29,26,"2,210",24.6,5,0,5,5,0,0,6,1,0.20,0.00,0.20,0.20,0.20
1750,Pasquale Mazzocchi,it ITA,"MF,DF",Salernitana,it Serie A,28,1995,18,16,"1,272",14.1,0,1,1,0,0,0,4,0,0.00,0.07,0.07,0.00,0.07
1751,Pasquale Mazzocchi,it ITA,"DF,MF",Napoli,it Serie A,28,1995,10,4,428,4.8,0,1,1,0,0,0,0,1,0.00,0.21,0.21,0.00,0.21
1752,Kevin Mbabu,ch SUI,"DF,MF",Augsburg,de Bundesliga,28,1995,25,22,"2,047",22.7,0,2,2,0,0,0,5,0,0.00,0.09,0.09,0.00,0.09
1753,Noah Mbamba,be BEL,MF,Leverkusen,de Bundesliga,18,2005,3,0,16,0.2,0,1,1,0,0,0,0,0,0.00,5.63,5.63,0.00,5.63
1754,Ethan Mbappé,fr FRA,MF,Paris Saint-Germain,fr Ligue 1,16,2006,3,0,48,0.5,0,0,0,0,0,0,0,0,0.00,0.00,0.00,0.00,0.00
1755,Kylian Mbappé,fr FRA,FW,Paris Saint-Germain,fr Ligue 1,24,1998,29,24,"2,158",24.0,27,7,34,21,6,8,4,0,1.13,0.29,1.42,0.88,1.17
1756,Malick Mbaye,sn SEN,MF,Metz,fr Ligue 1,19,2004,5,1,153,1.7,0,0,0,0,0,0,1,0,0.00,0.00,0.00,0.00,0.00
1757,Mamadou Mbaye,sn SEN,DF,Cádiz,es La Liga,25,1998,4,2,288,3.2,0,0,0,0,0,0,2,0,0.00,0.00,0.00,0.00,0.00
1758,Chancel Mbemba,cd COD,DF,Marseille,fr Ligue 1,28,1994,25,25,"2,207",24.5,2,2,4,2,0,0,1,0,0.08,0.08,0.16,0.08,0.16
1759,Nolan Mbemba,cg CGO,MF,Le Havre,fr Ligue 1,28,1995,6,0,22,0.2,1,0,1,1,0,0,0,0,4.09,0.00,4.09,4.09,4.09
1760,Bryan Mbeumo,cm CMR,FW,Brentford,eng Premier League,23,1999,25,22,"1,960",21.8,9,6,15,6,3,3,2,0,0.41,0.28,0.69,0.28,0.55
1761,Hianga'a Mbock,fr FRA,MF,Brest,fr Ligue 1,23,1999,2,0,9,0.1,0,0,0,0,0,0,0,0,0.00,0.00,0.00,0.00,0.00
1762,Christ Mbondi,fr FRA,FW,Reims,fr Ligue 1,18,2004,1,0,2,0.0,0,0,0,0,0,0,0,0,0.00,0.00,0.00,0.00,0.00
1763,Jordi Mboula,es ESP,"MF,FW",Hellas Verona,it Serie A,24,1999,11,5,307,3.4,0,1,1,0,0,0,0,0,0.00,0.29,0.29,0.00,0.29
1764,Nathanael Mbuku,cd COD,MF,Augsburg,de Bundesliga,21,2002,1,0,5,0.1,0,0,0,0,0,0,0,0,0.00,0.00,0.00,0.00,0.00
1765,James Mcatee,eng ENG,"MF,FW",Sheffield United,eng Premier League,20,2002,30,20,"1,822",20.2,3,3,6,2,1,1,2,0,0.15,0.15,0.30,0.10,0.25
1766,James Mcatee,eng ENG,MF,Manchester City,eng Premier League,20,2002,1,0,1,0.0,0,0,0,0,0,0,0,0,0.00,0.00,0.00,0.00,0.00
1767,Oliver McBurnie,sct SCO,FW,Sheffield United,eng Premier League,27,1996,21,15,"1,280",14.2,6,3,9,4,2,2,7,2,0.42,0.21,0.63,0.28,0.49
1768,Player,Nation,Pos,Squad,Comp,Age,Born,MP,Starts,Min,90s,Gls,Ast,G+A,G-PK,PK,PKatt,CrdY,CrdR,Gls,Ast,G+A,G-PK,G+A-PK
1769,James McConnell,eng ENG,MF,Liverpool,eng Premier League,18,2004,3,0,4,0.0,0,0,0,0,0,0,0,0,0.00,0.00,0.00,0.00,0.00
1770,John McGinn,sct SCO,MF,Aston Villa,eng Premier League,28,1994,35,35,"2,999",33.3,6,4,10,6,0,0,9,1,0.18,0.12,0.30,0.18,0.30
1771,Scott McKenna,sct SCO,DF,Nottingham Forest,eng Premier League,26,1996,5,5,416,4.6,0,0,0,0,0,0,0,0,0.00,0.00,0.00,0.00,0.00
1772,Weston McKennie,us USA,MF,Juventus,it Serie A,24,1998,34,29,"2,594",28.8,0,7,7,0,0,0,6,0,0.00,0.24,0.24,0.00,0.24
1773,Dwight McNeil,eng ENG,MF,Everton,eng Premier League,23,1999,35,33,"2,892",32.1,3,6,9,3,0,0,2,0,0.09,0.19,0.28,0.09,0.28
1774,Scott McTominay,sct SCO,"MF,FW",Manchester Utd,eng Premier League,26,1996,32,18,"1,901",21.1,7,1,8,7,0,0,2,0,0.33,0.05,0.38,0.33,0.38
1775,Facundo Medina,ar ARG,DF,Lens,fr Ligue 1,24,1999,31,30,"2,714",30.2,1,3,4,1,0,0,11,0,0.03,0.10,0.13,0.03,0.13
1776,Ben Mee,eng ENG,DF,Brentford,eng Premier League,33,1989,16,15,"1,272",14.1,2,0,2,2,0,0,1,1,0.14,0.00,0.14,0.14,0.14
1777,Marvin Mehlem,de GER,MF,Darmstadt 98,de Bundesliga,25,1997,20,19,"1,482",16.5,3,2,5,3,0,0,3,0,0.18,0.12,0.30,0.18,0.30
1778,Bamo Meïté,ci CIV,DF,Marseille,fr Ligue 1,21,2001,16,6,638,7.1,0,0,0,0,0,0,1,0,0.00,0.00,0.00,0.00,0.00
1779,Bamo Meïté,ci CIV,DF,Lorient,fr Ligue 1,21,2001,2,2,146,1.6,0,0,0,0,0,0,0,0,0.00,0.00,0.00,0.00,0.00
1780,Hannibal Mejbri,tn TUN,MF,Manchester Utd,eng Premier League,20,2003,5,1,133,1.5,1,0,1,1,0,0,1,0,0.68,0.00,0.68,0.68,0.68
1781,Hannibal Mejbri,tn TUN,MF,Sevilla,es La Liga,20,2003,6,1,104,1.2,0,0,0,0,0,0,2,0,0.00,0.00,0.00,0.00,0.00
1782,Óscar Melendo,es ESP,"MF,FW",Granada,es La Liga,25,1997,26,15,"1,122",12.5,0,0,0,0,0,0,2,0,0.00,0.00,0.00,0.00,0.00
1783,Gonzalo Melero,es ESP,"MF,FW",Almería,es La Liga,29,1994,28,10,"1,103",12.3,1,1,2,1,0,0,3,0,0.08,0.08,0.16,0.08,0.16
1784,Birger Meling,no NOR,DF,Rennes,fr Ligue 1,28,1994,1,0,16,0.2,0,0,0,0,0,0,0,0,0.00,0.00,0.00,0.00,0.00
1785,Arthur Melo,br BRA,MF,Fiorentina,it Serie A,26,1996,33,23,"1,986",22.1,2,3,5,1,1,1,2,0,0.09,0.14,0.23,0.05,0.18
1786,Memphis,nl NED,FW,Atlético Madrid,es La Liga,29,1994,23,9,893,9.9,5,1,6,5,0,0,2,0,0.50,0.10,0.60,0.50,0.60
1787,Houboulang Mendes,gw GNB,DF,Almería,es La Liga,25,1998,7,4,396,4.4,0,0,0,0,0,0,0,0,0.00,0.00,0.00,0.00,0.00
1788,Nuno Mendes,pt POR,DF,Paris Saint-Germain,fr Ligue 1,21,2002,6,2,267,3.0,1,1,2,1,0,0,3,0,0.34,0.34,0.67,0.34,0.67
1789,Tomás Mendes,es ESP,MF,Alavés,es La Liga,18,2004,1,0,6,0.1,0,0,0,0,0,0,0,0,0.00,0.00,0.00,0.00,0.00
1790,Brais Méndez,es ESP,"MF,FW",Real Sociedad,es La Liga,26,1997,32,27,"2,413",26.8,5,6,11,5,0,0,7,0,0.19,0.22,0.41,0.19,0.41
1791,Bruno Méndez,uy URU,DF,Granada,es La Liga,23,1999,17,15,"1,333",14.8,2,0,2,2,0,0,4,0,0.14,0.00,0.14,0.14,0.14
1792,Diego Méndez,es ESP,MF,Rayo Vallecano,es La Liga,19,2003,1,0,5,0.1,0,0,0,0,0,0,0,0,0.00,0.00,0.00,0.00,0.00
1793,Leonardo Mendicino,it ITA,MF,Atalanta,it Serie A,17,2006,1,0,1,0.0,0,0,0,0,0,0,0,0,0.00,0.00,0.00,0.00,0.00
1794,Player,Nation,Pos,Squad,Comp,Age,Born,MP,Starts,Min,90s,Gls,Ast,G+A,G-PK,PK,PKatt,CrdY,CrdR,Gls,Ast,G+A,G-PK,G+A-PK
1795,Antoine Mendy,sn SEN,DF,Nice,fr Ligue 1,19,2004,10,4,418,4.6,0,0,0,0,0,0,0,0,0.00,0.00,0.00,0.00,0.00
1796,Benjamin Mendy,fr FRA,"MF,DF",Lorient,fr Ligue 1,29,1994,15,7,711,7.9,2,1,3,2,0,0,3,0,0.25,0.13,0.38,0.25,0.38
1797,Ferland Mendy,fr FRA,DF,Real Madrid,es La Liga,28,1995,23,21,"1,720",19.1,0,0,0,0,0,0,5,0,0.00,0.00,0.00,0.00,0.00
1798,Formose Mendy,sn SEN,DF,Lorient,fr Ligue 1,22,2001,18,13,"1,256",14.0,0,0,0,0,0,0,6,0,0.00,0.00,0.00,0.00,0.00
1799,Nampalys Mendy,sn SEN,MF,Lens,fr Ligue 1,31,1992,16,13,"1,052",11.7,0,1,1,0,0,0,2,0,0.00,0.09,0.09,0.00,0.09
1800,Teden Mengi,eng ENG,DF,Luton Town,eng Premier League,21,2002,30,28,"2,469",27.4,1,0,1,1,0,0,3,0,0.04,0.00,0.04,0.04,0.04
1801,Chris Mepham,wls WAL,DF,Bournemouth,eng Premier League,25,1997,10,6,617,6.9,0,1,1,0,0,0,2,0,0.00,0.15,0.15,0.00,0.15
1802,Jorge Meré,es ESP,DF,Cádiz,es La Liga,26,1997,10,8,673,7.5,0,0,0,0,0,0,0,0,0.00,0.00,0.00,0.00,0.00
1803,Alex Meret,it ITA,GK,Napoli,it Serie A,26,1997,31,31,"2,773",30.8,0,0,0,0,0,0,0,0,0.00,0.00,0.00,0.00,0.00
1804,Mikel Merino,es ESP,MF,Real Sociedad,es La Liga,27,1996,32,27,"2,482",27.6,5,3,8,5,0,0,10,0,0.18,0.11,0.29,0.18,0.29
1805,Quentin Merlin,fr FRA,"DF,MF",Marseille,fr Ligue 1,21,2002,10,8,703,7.8,0,1,1,0,0,0,1,0,0.00,0.13,0.13,0.00,0.13
1806,Quentin Merlin,fr FRA,"MF,DF",Nantes,fr Ligue 1,21,2002,16,15,"1,283",14.3,0,1,1,0,0,0,0,0,0.00,0.07,0.07,0.00,0.07
1807,Junior Messias,br BRA,"MF,FW",Genoa,it Serie A,32,1991,18,13,"1,053",11.7,1,0,1,1,0,0,0,0,0.09,0.00,0.09,0.09,0.09
1808,Thomas Meunier,be BEL,DF,Dortmund,de Bundesliga,31,1991,8,7,586,6.5,0,0,0,0,0,0,0,0,0.00,0.00,0.00,0.00,0.00
1809,Bastien Meupiyou,fr FRA,DF,Nantes,fr Ligue 1,17,2006,1,1,8,0.1,0,0,0,0,0,0,0,1,0.00,0.00,0.00,0.00,0.00
1810,Alexander Meyer,de GER,GK,Dortmund,de Bundesliga,32,1991,8,7,695,7.7,0,0,0,0,0,0,0,0,0.00,0.00,0.00,0.00,0.00
1811,Omenuke Mfulu,cd COD,MF,Las Palmas,es La Liga,29,1994,5,1,82,0.9,0,0,0,0,0,0,1,0,0.00,0.00,0.00,0.00,0.00
1812,Lucas Michal,fr FRA,FW,Monaco,fr Ligue 1,18,2005,1,0,7,0.1,0,0,0,0,0,0,0,0,0.00,0.00,0.00,0.00,0.00
1813,Sven Michel,de GER,"FW,MF",Augsburg,de Bundesliga,33,1990,22,5,583,6.5,2,1,3,1,1,2,2,0,0.31,0.15,0.46,0.15,0.31
1814,Miguel,es ESP,FW,Alavés,es La Liga,23,1999,3,1,65,0.7,0,0,0,0,0,0,0,0,0.00,0.00,0.00,0.00,0.00
1815,Georges Mikautadze,ge GEO,FW,Metz,fr Ligue 1,22,2000,20,20,"1,747",19.4,13,4,17,10,3,3,0,1,0.67,0.21,0.88,0.52,0.72
1816,Nikola Milenković,rs SRB,DF,Fiorentina,it Serie A,25,1997,34,27,"2,510",27.9,0,0,0,0,0,0,4,0,0.00,0.00,0.00,0.00,0.00
1817,Lewis Miley,eng ENG,MF,Newcastle United,eng Premier League,17,2006,17,14,"1,202",13.4,1,3,4,1,0,0,1,0,0.07,0.22,0.30,0.07,0.30
1818,Arkadiusz Milik,pl POL,FW,Juventus,it Serie A,29,1994,32,7,919,10.2,4,1,5,4,0,0,2,1,0.39,0.10,0.49,0.39,0.49
1819,Vanja Milinković-Savić,rs SRB,GK,Torino,it Serie A,26,1997,36,36,"3,240",36.0,0,0,0,0,0,0,2,0,0.00,0.00,0.00,0.00,0.00
1820,Player,Nation,Pos,Squad,Comp,Age,Born,MP,Starts,Min,90s,Gls,Ast,G+A,G-PK,PK,PKatt,CrdY,CrdR,Gls,Ast,G+A,G-PK,G+A-PK
1821,Éder Militão,br BRA,DF,Real Madrid,es La Liga,25,1998,10,6,496,5.5,0,0,0,0,0,0,0,0,0.00,0.00,0.00,0.00,0.00
1822,Luis Milla,es ESP,MF,Getafe,es La Liga,28,1994,27,25,"2,115",23.5,0,1,1,0,0,0,6,0,0.00,0.04,0.04,0.00,0.04
1823,Enzo Millot,fr FRA,MF,Stuttgart,de Bundesliga,21,2002,31,27,"2,241",24.9,5,4,9,4,1,1,5,0,0.20,0.16,0.36,0.16,0.32
1824,James Milner,eng ENG,"DF,MF",Brighton,eng Premier League,37,1986,15,11,773,8.6,0,2,2,0,0,0,3,0,0.00,0.23,0.23,0.00,0.23
1825,Jovan Milošević,rs SRB,FW,Stuttgart,de Bundesliga,18,2005,5,0,28,0.3,0,0,0,0,0,0,0,0,0.00,0.00,0.00,0.00,0.00
1826,Marko Milovanović,rs SRB,FW,Almería,es La Liga,19,2003,11,2,308,3.4,1,0,1,1,0,0,0,0,0.29,0.00,0.29,0.29,0.29
1827,Kim Min-jae,kr KOR,DF,Bayern Munich,de Bundesliga,26,1996,25,22,"1,970",21.9,1,1,2,1,0,0,3,0,0.05,0.05,0.09,0.05,0.09
1828,Yerry Mina,co COL,DF,Fiorentina,it Serie A,28,1994,4,0,44,0.5,0,0,0,0,0,0,1,0,0.00,0.00,0.00,0.00,0.00
1829,Yerry Mina,co COL,DF,Cagliari,it Serie A,28,1994,14,14,"1,215",13.5,2,0,2,1,1,1,4,0,0.15,0.00,0.15,0.07,0.07
1830,Takumi Minamino,jp JPN,MF,Monaco,fr Ligue 1,28,1995,30,25,"2,117",23.5,9,6,15,9,0,0,4,0,0.38,0.26,0.64,0.38,0.64
1831,Lucas Mincarelli,fr FRA,"DF,MF",Montpellier,fr Ligue 1,19,2004,13,12,978,10.9,1,1,2,1,0,0,1,1,0.09,0.09,0.18,0.09,0.18
1832,Tyrone Mings,eng ENG,DF,Aston Villa,eng Premier League,30,1993,1,1,30,0.3,0,0,0,0,0,0,0,0,0.00,0.00,0.00,0.00,0.00
1833,Óscar Mingueza,es ESP,"DF,MF",Celta Vigo,es La Liga,24,1999,38,33,"2,998",33.3,2,2,4,2,0,0,4,0,0.06,0.06,0.12,0.06,0.12
1834,Ignasi Miquel,es ESP,DF,Granada,es La Liga,30,1992,34,33,"2,992",33.2,1,1,2,1,0,0,5,0,0.03,0.03,0.06,0.03,0.06
1835,Rafa Mir,es ESP,FW,Sevilla,es La Liga,26,1997,15,3,391,4.3,2,0,2,2,0,0,1,0,0.46,0.00,0.46,0.46,0.46
1836,Ignacio Miramon,ar ARG,MF,Lille,fr Ligue 1,20,2003,2,1,39,0.4,0,0,0,0,0,0,0,0,0.00,0.00,0.00,0.00,0.00
1837,Aleksei Miranchuk,ru RUS,"MF,FW",Atalanta,it Serie A,27,1995,27,12,"1,176",13.1,3,5,8,3,0,0,1,0,0.23,0.38,0.61,0.23,0.61
1838,Juan Miranda,es ESP,DF,Real Betis,es La Liga,23,2000,25,21,"1,858",20.6,1,1,2,1,0,0,8,0,0.05,0.05,0.10,0.05,0.10
1839,Kevin Miranda,it ITA,DF,Sassuolo,it Serie A,20,2003,1,0,14,0.2,0,0,0,0,0,0,0,0,0.00,0.00,0.00,0.00,0.00
1840,Antonio Mirante,it ITA,GK,Milan,it Serie A,40,1983,2,2,177,2.0,0,0,0,0,0,0,0,0,0.00,0.00,0.00,0.00,0.00
1841,Fabio Miretti,it ITA,MF,Juventus,it Serie A,19,2003,25,16,"1,103",12.3,1,1,2,1,0,0,3,0,0.08,0.08,0.16,0.08,0.16
1842,Filippo Missori,it ITA,MF,Sassuolo,it Serie A,19,2004,8,2,266,3.0,0,0,0,0,0,0,0,0,0.00,0.00,0.00,0.00,0.00
1843,Tyrick Mitchell,eng ENG,"DF,MF",Crystal Palace,eng Premier League,23,1999,37,37,"3,204",35.6,2,3,5,2,0,0,6,0,0.06,0.08,0.14,0.06,0.14
1844,Kaoru Mitoma,jp JPN,"MF,FW",Brighton,eng Premier League,26,1997,19,15,"1,486",16.5,3,4,7,3,0,0,4,0,0.18,0.24,0.42,0.18,0.42
1845,Aleksandar Mitrović,rs SRB,FW,Fulham,eng Premier League,28,1994,1,0,33,0.4,0,0,0,0,0,0,0,0,0.00,0.00,0.00,0.00,0.00
1846,Player,Nation,Pos,Squad,Comp,Age,Born,MP,Starts,Min,90s,Gls,Ast,G+A,G-PK,PK,PKatt,CrdY,CrdR,Gls,Ast,G+A,G-PK,G+A-PK
1847,Stefan Mitrović,rs SRB,MF,Hellas Verona,it Serie A,20,2002,10,4,391,4.3,0,0,0,0,0,0,0,0,0.00,0.00,0.00,0.00,0.00
1848,Stefan Mitrović,rs SRB,DF,Getafe,es La Liga,33,1990,11,9,699,7.8,1,0,1,1,0,0,3,0,0.13,0.00,0.13,0.13,0.13
1849,Maximilian Mittelstädt,de GER,"DF,MF",Stuttgart,de Bundesliga,26,1997,31,23,"2,103",23.4,2,4,6,2,0,0,5,0,0.09,0.17,0.26,0.09,0.26
1850,Henrikh Mkhitaryan,am ARM,MF,Inter,it Serie A,34,1989,36,35,"2,785",30.9,2,8,10,2,0,0,4,0,0.06,0.26,0.32,0.06,0.32
1851,Marko Mladenović,rs SRB,MF,Eintracht Frankfurt,de Bundesliga,18,2005,1,0,6,0.1,0,0,0,0,0,0,0,0,0.00,0.00,0.00,0.00,0.00
1852,Jakub Moder,pl POL,"MF,DF",Brighton,eng Premier League,24,1999,17,6,618,6.9,0,0,0,0,0,0,2,0,0.00,0.00,0.00,0.00,0.00
1853,Luka Modrić,hr CRO,MF,Real Madrid,es La Liga,37,1985,32,18,"1,688",18.8,2,6,8,2,0,0,2,0,0.11,0.32,0.43,0.11,0.43
1854,Max Moerstedt,de GER,FW,Hoffenheim,de Bundesliga,17,2006,1,0,12,0.1,0,0,0,0,0,0,0,0,0.00,0.00,0.00,0.00,0.00
1855,Terem Moffi,ng NGA,FW,Nice,fr Ligue 1,24,1999,30,23,"1,949",21.7,11,2,13,8,3,3,4,0,0.51,0.09,0.60,0.37,0.46
1856,Mostafa Mohamed,eg EGY,FW,Nantes,fr Ligue 1,25,1997,29,24,"2,002",22.2,8,2,10,5,3,3,3,1,0.36,0.09,0.45,0.22,0.31
1857,Johan Mojica,co COL,"DF,MF",Osasuna,es La Liga,30,1992,30,22,"2,041",22.7,0,3,3,0,0,0,1,0,0.00,0.13,0.13,0.00,0.13
1858,Alberto Moleiro,es ESP,"MF,FW",Las Palmas,es La Liga,19,2003,28,21,"1,803",20.0,3,3,6,3,0,0,1,0,0.15,0.15,0.30,0.15,0.30
1859,Nahuel Molina,ar ARG,"MF,DF",Atlético Madrid,es La Liga,25,1998,30,19,"1,852",20.6,2,3,5,2,0,0,4,1,0.10,0.15,0.24,0.10,0.24
1860,Florent Mollet,fr FRA,"MF,FW",Nantes,fr Ligue 1,31,1991,29,24,"2,083",23.1,4,4,8,4,0,0,4,0,0.17,0.17,0.35,0.17,0.35
1861,Jon Moncayola,es ESP,MF,Osasuna,es La Liga,25,1998,33,21,"1,800",20.0,1,3,4,1,0,0,2,1,0.05,0.15,0.20,0.05,0.20
1862,Enzo Mongo,fr FRA,DF,Nantes,fr Ligue 1,18,2005,1,0,10,0.1,0,0,0,0,0,0,0,0,0.00,0.00,0.00,0.00,0.00
1863,Ilario Monterisi,it ITA,DF,Frosinone,it Serie A,21,2001,24,16,"1,469",16.3,2,2,4,2,0,0,1,0,0.12,0.12,0.25,0.12,0.25
1864,César Montes,mx MEX,DF,Almería,es La Liga,26,1997,21,21,"1,788",19.9,0,0,0,0,0,0,5,0,0.00,0.00,0.00,0.00,0.00
1865,Gonzalo Montiel,ar ARG,DF,Nottingham Forest,eng Premier League,26,1997,14,8,801,8.9,0,2,2,0,0,0,5,0,0.00,0.22,0.22,0.00,0.22
1866,Lorenzo Montipò,it ITA,GK,Hellas Verona,it Serie A,27,1996,37,37,"3,330",37.0,0,1,1,0,0,0,0,0,0.00,0.03,0.03,0.00,0.03
1867,Kieffer Moore,wls WAL,"DF,FW",Bournemouth,eng Premier League,30,1992,8,0,108,1.2,1,0,1,1,0,0,0,0,0.83,0.00,0.83,0.83,0.83
1868,Mikey Moore,eng ENG,FW,Tottenham Hotspur,eng Premier League,15,2007,2,0,4,0.0,0,0,0,0,0,0,0,0,0.00,0.00,0.00,0.00,0.00
1869,Álvaro Morata,es ESP,FW,Atlético Madrid,es La Liga,30,1992,32,21,"1,904",21.2,15,3,18,15,0,1,4,1,0.71,0.14,0.85,0.71,0.85
1870,Diego Moreira,be BEL,MF,Lyon,fr Ligue 1,18,2004,7,4,270,3.0,0,0,0,0,0,0,1,0,0.00,0.00,0.00,0.00,0.00
1871,Alberto Moreno,es ESP,DF,Villarreal,es La Liga,31,1992,27,17,"1,484",16.5,2,2,4,2,0,0,5,2,0.12,0.12,0.24,0.12,0.24
1872,Player,Nation,Pos,Squad,Comp,Age,Born,MP,Starts,Min,90s,Gls,Ast,G+A,G-PK,PK,PKatt,CrdY,CrdR,Gls,Ast,G+A,G-PK,G+A-PK
1873,Álex Moreno,es ESP,DF,Aston Villa,eng Premier League,30,1993,21,11,"1,031",11.5,2,0,2,2,0,0,2,0,0.17,0.00,0.17,0.17,0.17
1874,Gerard Moreno,es ESP,FW,Villarreal,es La Liga,31,1992,30,28,"2,215",24.6,10,6,16,8,2,3,0,0,0.41,0.24,0.65,0.33,0.57
1875,Jorge Moreno,es ESP,DF,Osasuna,es La Liga,22,2001,1,0,15,0.2,0,0,0,0,0,0,0,0,0.00,0.00,0.00,0.00,0.00
1876,Mateu Morey,es ESP,DF,Dortmund,de Bundesliga,23,2000,3,2,110,1.2,0,0,0,0,0,0,0,0,0.00,0.00,0.00,0.00,0.00
1877,Ilaix Moriba,gn GUI,MF,Getafe,es La Liga,20,2003,14,8,605,6.7,0,2,2,0,0,0,5,1,0.00,0.30,0.30,0.00,0.30
1878,Manu Morlanes,es ESP,MF,Mallorca,es La Liga,24,1999,35,16,"1,615",17.9,0,2,2,0,0,0,2,0,0.00,0.11,0.11,0.00,0.11
1879,Nikola Moro,hr CRO,"MF,FW",Bologna,it Serie A,25,1998,23,10,840,9.3,1,0,1,1,0,0,0,0,0.11,0.00,0.11,0.11,0.11
1880,Carlton Morris,eng ENG,"FW,MF",Luton Town,eng Premier League,27,1995,38,32,"2,862",31.8,11,4,15,6,5,5,4,0,0.35,0.13,0.47,0.19,0.31
1881,Cristhian Mosquera,es ESP,DF,Valencia,es La Liga,19,2004,36,33,"3,075",34.2,0,0,0,0,0,0,2,0,0.00,0.00,0.00,0.00,0.00
1882,Yerson Mosquera,co COL,DF,Villarreal,es La Liga,22,2001,16,14,"1,229",13.7,2,1,3,2,0,0,4,0,0.15,0.07,0.22,0.15,0.22
1883,Dany Mota,pt POR,"MF,FW",Monza,it Serie A,25,1998,34,24,"2,049",22.8,4,3,7,4,0,0,3,0,0.18,0.13,0.31,0.18,0.31
1884,Lebo Mothiba,za RSA,FW,Strasbourg,fr Ligue 1,27,1996,15,5,617,6.9,3,0,3,3,0,0,0,0,0.44,0.00,0.44,0.44,0.44
1885,Youssoufa Moukoko,de GER,FW,Dortmund,de Bundesliga,18,2004,20,4,625,6.9,5,0,5,5,0,0,1,0,0.72,0.00,0.72,0.72,0.72
1886,Steve Mounié,bj BEN,FW,Brest,fr Ligue 1,28,1994,32,20,"1,769",19.7,6,2,8,6,0,0,2,1,0.31,0.10,0.41,0.31,0.41
1887,Mason Mount,eng ENG,MF,Manchester Utd,eng Premier League,24,1999,14,5,516,5.7,1,0,1,1,0,0,2,0,0.17,0.00,0.17,0.17,0.17
1888,Samuel Moutoussamy,cd COD,MF,Nantes,fr Ligue 1,26,1996,26,11,"1,107",12.3,1,0,1,1,0,0,2,0,0.08,0.00,0.08,0.08,0.08
1889,Loris Mouyokolo,fr FRA,DF,Lorient,fr Ligue 1,22,2001,1,1,90,1.0,0,0,0,0,0,0,0,0,0.00,0.00,0.00,0.00,0.00
1890,Divin Mubama,eng ENG,FW,West Ham United,eng Premier League,18,2004,5,0,80,0.9,0,0,0,0,0,0,0,0,0.00,0.00,0.00,0.00,0.00
1891,Mykhailo Mudryk,ua UKR,MF,Chelsea,eng Premier League,22,2001,31,18,"1,576",17.5,5,2,7,5,0,0,5,0,0.29,0.11,0.40,0.29,0.40
1892,François Mughe,cm CMR,MF,Marseille,fr Ligue 1,19,2004,5,2,177,2.0,0,0,0,0,0,0,1,0,0.00,0.00,0.00,0.00,0.00
1893,Nordi Mukiele,fr FRA,DF,Paris Saint-Germain,fr Ligue 1,25,1997,16,9,796,8.8,0,0,0,0,0,0,2,0,0.00,0.00,0.00,0.00,0.00
1894,Samuele Mulattieri,it ITA,FW,Sassuolo,it Serie A,22,2000,27,1,462,5.1,0,0,0,0,0,0,1,0,0.00,0.00,0.00,0.00,0.00
1895,Andreas Müller,de GER,MF,Darmstadt 98,de Bundesliga,23,2000,11,2,349,3.9,0,0,0,0,0,0,3,0,0.00,0.00,0.00,0.00,0.00
1896,Jannik Müller,de GER,DF,Darmstadt 98,de Bundesliga,29,1994,16,12,"1,134",12.6,0,0,0,0,0,0,5,0,0.00,0.00,0.00,0.00,0.00
1897,Kevin Müller,de GER,GK,Heidenheim,de Bundesliga,32,1991,34,34,"3,060",34.0,0,0,0,0,0,0,1,0,0.00,0.00,0.00,0.00,0.00
1898,Player,Nation,Pos,Squad,Comp,Age,Born,MP,Starts,Min,90s,Gls,Ast,G+A,G-PK,PK,PKatt,CrdY,CrdR,Gls,Ast,G+A,G-PK,G+A-PK
1899,Marcus Müller,de GER,FW,Mainz 05,de Bundesliga,20,2002,1,0,18,0.2,0,0,0,0,0,0,0,0,0.00,0.00,0.00,0.00,0.00
1900,Thomas Müller,de GER,MF,Bayern Munich,de Bundesliga,33,1989,31,20,"1,654",18.4,5,9,14,5,0,0,0,0,0.27,0.49,0.76,0.27,0.76
1901,Abdul Mumin,gh GHA,DF,Rayo Vallecano,es La Liga,25,1998,20,19,"1,694",18.8,1,0,1,1,0,0,5,1,0.05,0.00,0.05,0.05,0.05
1902,Marshall Munetsi,zw ZIM,MF,Reims,fr Ligue 1,27,1996,27,25,"2,173",24.1,4,3,7,4,0,0,5,0,0.17,0.12,0.29,0.17,0.29
1903,Iker Muniain,es ESP,MF,Athletic Club,es La Liga,30,1992,20,5,594,6.6,2,0,2,2,0,0,1,0,0.30,0.00,0.30,0.30,0.30
1904,Rodrigo Muniz,br BRA,FW,Fulham,eng Premier League,22,2001,26,18,"1,593",17.7,9,1,10,9,0,0,1,0,0.51,0.06,0.56,0.51,0.56
1905,Aihen Muñoz,es ESP,DF,Real Sociedad,es La Liga,25,1997,21,11,"1,127",12.5,0,2,2,0,0,0,2,0,0.00,0.16,0.16,0.00,0.16
1906,Daniel Muñoz,co COL,"MF,DF",Crystal Palace,eng Premier League,27,1996,16,16,"1,439",16.0,0,4,4,0,0,0,4,0,0.00,0.25,0.25,0.00,0.25
1907,Iker Muñoz,es ESP,MF,Osasuna,es La Liga,20,2002,28,20,"1,854",20.6,4,0,4,4,0,0,5,0,0.19,0.00,0.19,0.19,0.19
1908,Javier Muñoz,es ESP,MF,Las Palmas,es La Liga,28,1995,37,30,"2,640",29.3,2,3,5,2,0,0,6,0,0.07,0.10,0.17,0.07,0.17
1909,Finley Munroe,eng ENG,DF,Aston Villa,eng Premier League,18,2005,1,0,4,0.0,0,0,0,0,0,0,0,0,0.00,0.00,0.00,0.00,0.00
1910,Arijanet Muric,xk KVX,GK,Burnley,eng Premier League,24,1998,10,10,900,10.0,0,0,0,0,0,0,0,0,0.00,0.00,0.00,0.00,0.00
1911,Luis Muriel,co COL,FW,Atalanta,it Serie A,32,1991,18,2,409,4.5,2,1,3,2,0,0,0,0,0.44,0.22,0.66,0.44,0.66
1912,Murillo,br BRA,DF,Nottingham Forest,eng Premier League,21,2002,32,32,"2,789",31.0,0,2,2,0,0,0,5,0,0.00,0.06,0.06,0.00,0.06
1913,Vedat Muriqi,xk KVX,FW,Mallorca,es La Liga,29,1994,29,25,"2,327",25.9,7,2,9,6,1,3,5,0,0.27,0.08,0.35,0.23,0.31
1914,Alex Murphy,ie IRL,DF,Newcastle United,eng Premier League,19,2004,2,0,13,0.1,0,0,0,0,0,0,0,0,0.00,0.00,0.00,0.00,0.00
1915,Jacob Murphy,eng ENG,"FW,MF",Newcastle United,eng Premier League,28,1995,21,14,"1,189",13.2,3,7,10,3,0,0,1,0,0.23,0.53,0.76,0.23,0.76
1916,Yunus Musah,us USA,MF,Milan,it Serie A,20,2002,30,13,"1,478",16.4,0,2,2,0,0,0,5,0,0.00,0.12,0.12,0.00,0.12
1917,Jamal Musiala,de GER,MF,Bayern Munich,de Bundesliga,20,2003,24,20,"1,755",19.5,10,5,15,10,0,0,2,0,0.51,0.26,0.77,0.51,0.77
1918,Florent Muslija,xk KVX,"FW,MF",Freiburg,de Bundesliga,25,1998,10,0,105,1.2,0,0,0,0,0,0,0,0,0.00,0.00,0.00,0.00,0.00
1919,Juan Musso,ar ARG,GK,Atalanta,it Serie A,29,1994,11,11,990,11.0,0,0,0,0,0,0,0,0,0.00,0.00,0.00,0.00,0.00
1920,Kingstone Mutandwa,zm ZAM,FW,Cagliari,it Serie A,20,2003,5,0,39,0.4,1,0,1,1,0,0,0,0,2.31,0.00,2.31,2.31,2.31
1921,Yvon Mvogo,ch SUI,GK,Lorient,fr Ligue 1,29,1994,34,34,"3,060",34.0,0,0,0,0,0,0,1,0,0.00,0.00,0.00,0.00,0.00
1922,Joel Mvuka,no NOR,MF,Lorient,fr Ligue 1,20,2002,7,2,197,2.2,0,0,0,0,0,0,1,0,0.00,0.00,0.00,0.00,0.00
1923,Junior Mwanga,fr FRA,"MF,FW",Strasbourg,fr Ligue 1,20,2003,22,17,"1,450",16.1,1,1,2,1,0,0,3,0,0.06,0.06,0.12,0.06,0.12
1924,Player,Nation,Pos,Squad,Comp,Age,Born,MP,Starts,Min,90s,Gls,Ast,G+A,G-PK,PK,PKatt,CrdY,CrdR,Gls,Ast,G+A,G-PK,G+A-PK
1925,Phillipp Mwene,at AUT,"MF,DF",Mainz 05,de Bundesliga,29,1994,23,23,"1,996",22.2,1,2,3,1,0,0,4,1,0.05,0.09,0.14,0.05,0.14
1926,Vitaliy Mykolenko,ua UKR,DF,Everton,eng Premier League,24,1999,28,28,"2,469",27.4,2,0,2,2,0,0,1,0,0.07,0.00,0.07,0.07,0.07
1927,Joakim Mæhle,dk DEN,"DF,MF",Wolfsburg,de Bundesliga,26,1997,30,27,"2,452",27.2,2,3,5,2,0,0,5,0,0.07,0.11,0.18,0.07,0.18
1928,Obite N'Dicka,ci CIV,DF,Roma,it Serie A,23,1999,25,25,"2,168",24.1,0,3,3,0,0,0,6,0,0.00,0.12,0.12,0.00,0.12
1929,Kévin N'Doram,fr FRA,MF,Metz,fr Ligue 1,27,1996,23,18,"1,604",17.8,0,2,2,0,0,0,4,0,0.00,0.11,0.11,0.00,0.11
1930,Nathan N'Goumou,cm CMR,"MF,FW",Gladbach,de Bundesliga,23,2000,32,14,"1,385",15.4,5,2,7,5,0,0,1,0,0.32,0.13,0.45,0.32,0.45
1931,Stanley N'Soki,fr FRA,"DF,MF",Hoffenheim,de Bundesliga,24,1999,11,7,631,7.0,0,0,0,0,0,0,3,1,0.00,0.00,0.00,0.00,0.00
1932,Nacho,es ESP,DF,Real Madrid,es La Liga,33,1990,29,18,"1,746",19.4,0,1,1,0,0,0,4,2,0.00,0.05,0.05,0.00,0.05
1933,Bilal Nadir,ma MAR,MF,Marseille,fr Ligue 1,19,2003,5,1,113,1.3,0,0,0,0,0,0,1,0,0.00,0.00,0.00,0.00,0.00
1934,Mahamadou Nagida,cm CMR,MF,Rennes,fr Ligue 1,18,2005,3,1,106,1.2,0,0,0,0,0,0,0,0,0.00,0.00,0.00,0.00,0.00
1935,Marvelous Nakamba,zw ZIM,MF,Luton Town,eng Premier League,29,1994,13,13,"1,130",12.6,0,0,0,0,0,0,5,0,0.00,0.00,0.00,0.00,0.00
1936,Keito Nakamura,jp JPN,"FW,MF",Reims,fr Ligue 1,23,2000,25,17,"1,381",15.3,4,1,5,4,0,0,1,0,0.26,0.07,0.33,0.26,0.33
1937,Nahitan Nández,uy URU,"MF,DF",Cagliari,it Serie A,27,1995,33,29,"2,341",26.0,2,3,5,1,1,1,7,0,0.08,0.12,0.19,0.04,0.15
1938,Matija Nastasić,rs SRB,DF,Mallorca,es La Liga,30,1993,26,25,"2,258",25.1,2,0,2,2,0,0,8,0,0.08,0.00,0.08,0.08,0.08
1939,Natan,br BRA,DF,Napoli,it Serie A,22,2001,14,11,952,10.6,0,0,0,0,0,0,3,1,0.00,0.00,0.00,0.00,0.00
1940,Lapo Nava,it ITA,GK,Milan,it Serie A,19,2004,1,0,3,0.0,0,0,0,0,0,0,0,0,0.00,0.00,0.00,0.00,0.00
1941,Roberto Navarro,es ESP,MF,Cádiz,es La Liga,21,2002,28,24,"1,888",21.0,1,1,2,1,0,0,0,1,0.05,0.05,0.10,0.05,0.10
1942,Jesús Navas,es ESP,"DF,MF",Sevilla,es La Liga,37,1985,29,25,"2,003",22.3,0,2,2,0,0,0,6,1,0.00,0.09,0.09,0.00,0.09
1943,Keylor Navas,cr CRC,GK,Paris Saint-Germain,fr Ligue 1,36,1986,4,4,360,4.0,0,0,0,0,0,0,0,0,0.00,0.00,0.00,0.00,0.00
1944,Michel Ndary Adopo,fr FRA,MF,Atalanta,it Serie A,23,2000,10,0,109,1.2,0,1,1,0,0,0,0,0,0.00,0.83,0.83,0.00,0.83
1945,Youssouf Ndayishimiye,bi BDI,"MF,DF",Nice,fr Ligue 1,24,1998,23,20,"1,712",19.0,0,0,0,0,0,0,6,1,0.00,0.00,0.00,0.00,0.00
1946,Bassirou Ndiaye,sn SEN,FW,Lorient,fr Ligue 1,21,2002,5,0,152,1.7,0,0,0,0,0,0,0,0,0.00,0.00,0.00,0.00,0.00
1947,Iliman Ndiaye,sn SEN,"FW,MF",Marseille,fr Ligue 1,23,2000,30,19,"1,618",18.0,3,3,6,3,0,0,0,1,0.17,0.17,0.33,0.17,0.33
1948,Massamba Ndiaye,sn SEN,GK,Clermont Foot,fr Ligue 1,21,2001,4,4,360,4.0,0,0,0,0,0,0,0,0,0.00,0.00,0.00,0.00,0.00
1949,Rassoul Ndiaye,sn SEN,MF,Le Havre,fr Ligue 1,21,2001,19,6,526,5.8,0,0,0,0,0,0,4,2,0.00,0.00,0.00,0.00,0.00
1950,Player,Nation,Pos,Squad,Comp,Age,Born,MP,Starts,Min,90s,Gls,Ast,G+A,G-PK,PK,PKatt,CrdY,CrdR,Gls,Ast,G+A,G-PK,G+A-PK
1951,Michael Ndiweni,eng ENG,MF,Newcastle United,eng Premier League,19,2003,1,0,1,0.0,0,0,0,0,0,0,0,0,0.00,0.00,0.00,0.00,0.00
1952,Cher Ndour,it ITA,MF,Paris Saint-Germain,fr Ligue 1,19,2004,3,0,28,0.3,0,0,0,0,0,0,1,0,0.00,0.00,0.00,0.00,0.00
1953,Dan Ndoye,ch SUI,"MF,FW",Bologna,it Serie A,22,2000,32,20,"1,771",19.7,1,1,2,1,0,0,4,0,0.05,0.05,0.10,0.05,0.10
1954,Joseph Nduquidi,fr FRA,"MF,DF",Metz,fr Ligue 1,18,2004,13,7,751,8.3,0,0,0,0,0,0,2,0,0.00,0.00,0.00,0.00,0.00
1955,Loïc Nego,hu HUN,"MF,DF",Le Havre,fr Ligue 1,32,1991,28,18,"1,561",17.3,0,3,3,0,0,0,3,0,0.00,0.17,0.17,0.00,0.17
1956,Álvaro Negredo,es ESP,FW,Cádiz,es La Liga,37,1985,7,0,54,0.6,0,0,0,0,0,0,0,0,0.00,0.00,0.00,0.00,0.00
1957,Reiss Nelson,eng ENG,FW,Arsenal,eng Premier League,23,1999,15,1,268,3.0,0,0,0,0,0,0,1,0,0.00,0.00,0.00,0.00,0.00
1958,Zack Nelson,eng ENG,MF,Luton Town,eng Premier League,18,2004,2,0,7,0.1,0,0,0,0,0,0,0,0,0.00,0.00,0.00,0.00,0.00
1959,Neto,br BRA,GK,Bournemouth,eng Premier League,34,1989,32,32,"2,880",32.0,0,0,0,0,0,0,5,0,0.00,0.00,0.00,0.00,0.00
1960,Pedro Neto,pt POR,"MF,FW",Wolves,eng Premier League,23,2000,20,18,"1,516",16.8,2,9,11,2,0,0,4,0,0.12,0.53,0.65,0.12,0.65
1961,Luca Netz,de GER,"MF,DF",Gladbach,de Bundesliga,20,2003,30,25,"2,225",24.7,0,4,4,0,0,0,2,0,0.00,0.16,0.16,0.00,0.16
1962,Manuel Neuer,de GER,GK,Bayern Munich,de Bundesliga,37,1986,23,23,"2,053",22.8,0,0,0,0,0,0,1,0,0.00,0.00,0.00,0.00,0.00
1963,Florian Neuhaus,de GER,MF,Gladbach,de Bundesliga,26,1997,25,15,"1,224",13.6,4,2,6,3,1,1,4,0,0.29,0.15,0.44,0.22,0.37
1964,Carlos Neva,es ESP,DF,Granada,es La Liga,27,1996,36,36,"3,146",35.0,0,2,2,0,0,0,4,0,0.00,0.06,0.06,0.00,0.06
1965,Jessic Ngankam,de GER,"MF,FW",Mainz 05,de Bundesliga,23,2000,7,2,184,2.0,0,0,0,0,0,0,0,1,0.00,0.00,0.00,0.00,0.00
1966,Jessic Ngankam,de GER,FW,Eintracht Frankfurt,de Bundesliga,23,2000,15,2,280,3.1,0,0,0,0,0,1,2,0,0.00,0.00,0.00,0.00,0.00
1967,Cyril Ngonge,be BEL,"MF,FW",Hellas Verona,it Serie A,23,2000,19,17,"1,431",15.9,6,2,8,6,0,0,4,0,0.38,0.13,0.50,0.38,0.50
1968,Cyril Ngonge,be BEL,FW,Napoli,it Serie A,23,2000,13,1,315,3.5,1,0,1,1,0,0,2,0,0.29,0.00,0.29,0.29,0.29
1969,Steve Ngoura,fr FRA,FW,Le Havre,fr Ligue 1,18,2005,12,1,223,2.5,0,1,1,0,0,0,0,0,0.00,0.40,0.40,0.00,0.40
1970,Moussa Niakhate,sn SEN,DF,Nottingham Forest,eng Premier League,27,1996,21,15,"1,460",16.2,1,0,1,1,0,0,5,1,0.06,0.00,0.06,0.06,0.06
1971,M'Baye Niang,sn SEN,FW,Empoli,it Serie A,28,1994,14,5,708,7.9,6,1,7,2,4,4,1,0,0.76,0.13,0.89,0.25,0.38
1972,Tanguy Nianzou,fr FRA,DF,Sevilla,es La Liga,21,2002,8,3,318,3.5,0,0,0,0,0,0,3,0,0.00,0.00,0.00,0.00,0.00
1973,Shamar Nicholson,jm JAM,FW,Clermont Foot,fr Ligue 1,26,1997,26,17,"1,484",16.5,4,3,7,3,1,2,2,0,0.24,0.18,0.42,0.18,0.36
1974,Rasmus Nicolaisen,dk DEN,DF,Toulouse,fr Ligue 1,26,1997,33,33,"2,925",32.5,2,0,2,2,0,0,6,1,0.06,0.00,0.06,0.06,0.06
1975,Moritz Nicolas,de GER,GK,Gladbach,de Bundesliga,25,1997,27,27,"2,430",27.0,0,0,0,0,0,0,2,0,0.00,0.00,0.00,0.00,0.00
1976,Player,Nation,Pos,Squad,Comp,Age,Born,MP,Starts,Min,90s,Gls,Ast,G+A,G-PK,PK,PKatt,CrdY,CrdR,Gls,Ast,G+A,G-PK,G+A-PK
1977,Hans Nicolussi Caviglia,it ITA,MF,Juventus,it Serie A,23,2000,8,3,268,3.0,0,1,1,0,0,0,1,0,0.00,0.34,0.34,0.00,0.34
1978,Saúl Ñíguez,es ESP,MF,Atlético Madrid,es La Liga,28,1994,34,14,"1,374",15.3,1,4,5,1,0,0,10,1,0.07,0.26,0.33,0.07,0.33
1979,Justin Njinmah,de GER,FW,Werder Bremen,de Bundesliga,22,2000,24,10,"1,016",11.3,6,2,8,6,0,0,1,0,0.53,0.18,0.71,0.53,0.71
1980,Eddie Nketiah,eng ENG,FW,Arsenal,eng Premier League,24,1999,27,10,"1,082",12.0,5,2,7,5,0,0,3,0,0.42,0.17,0.58,0.42,0.58
1981,Niels Nkounkou,fr FRA,"MF,DF",Eintracht Frankfurt,de Bundesliga,22,2000,29,13,"1,309",14.5,3,2,5,3,0,0,5,1,0.21,0.14,0.34,0.21,0.34
1982,Christopher Nkunku,fr FRA,"MF,FW",Chelsea,eng Premier League,25,1997,11,2,443,4.9,3,0,3,3,0,0,0,0,0.61,0.00,0.61,0.61,0.61
1983,Felix Nmecha,de GER,MF,Dortmund,de Bundesliga,22,2000,20,10,"1,021",11.3,1,2,3,1,0,0,3,0,0.09,0.18,0.26,0.09,0.26
1984,Lukas Nmecha,de GER,FW,Wolfsburg,de Bundesliga,24,1998,3,0,42,0.5,1,0,1,1,0,0,0,0,2.14,0.00,2.14,2.14,2.14
1985,Peru Nolaskoain,es ESP,"DF,MF",Athletic Club,es La Liga,24,1998,2,0,10,0.1,0,0,0,0,0,0,0,0,0.00,0.00,0.00,0.00,0.00
1986,Joseph Nonge,be BEL,MF,Juventus,it Serie A,18,2005,2,0,24,0.3,0,0,0,0,0,0,1,0,0.00,0.00,0.00,0.00,0.00
1987,Jonathan Norbye,no NOR,DF,RB Leipzig,de Bundesliga,16,2007,1,0,1,0.0,0,0,0,0,0,0,0,0,0.00,0.00,0.00,0.00,0.00
1988,Arnaud Nordin,fr FRA,"MF,FW",Montpellier,fr Ligue 1,25,1998,20,15,"1,246",13.8,5,3,8,5,0,0,1,1,0.36,0.22,0.58,0.36,0.58
1989,Rhys Norrington-Davies,wls WAL,DF,Sheffield United,eng Premier League,24,1999,5,2,110,1.2,0,0,0,0,0,0,1,0,0.00,0.00,0.00,0.00,0.00
1990,Oliver Norwood,nir NIR,MF,Sheffield United,eng Premier League,32,1991,27,16,"1,440",16.0,1,0,1,0,1,1,8,0,0.06,0.00,0.06,0.00,0.00
1991,Tijjani Noslin,nl NED,"FW,MF",Hellas Verona,it Serie A,24,1999,17,17,"1,339",14.9,5,4,9,5,0,0,2,0,0.34,0.27,0.60,0.34,0.60
1992,Randy Nteka,ao ANG,FW,Rayo Vallecano,es La Liga,25,1997,16,3,572,6.4,1,1,2,0,1,1,3,0,0.16,0.16,0.31,0.00,0.16
1993,Ernest Nuamah,gh GHA,"FW,MF",Lyon,fr Ligue 1,19,2003,29,21,"1,838",20.4,3,2,5,3,0,0,4,0,0.15,0.10,0.24,0.15,0.24
1994,Alexander Nübel,de GER,GK,Stuttgart,de Bundesliga,26,1996,30,30,"2,700",30.0,0,0,0,0,0,0,1,0,0.00,0.00,0.00,0.00,0.00
1995,Kasim Nuhu,gh GHA,DF,Hoffenheim,de Bundesliga,28,1995,1,0,5,0.1,0,0,0,0,0,0,0,0,0.00,0.00,0.00,0.00,0.00
1996,Matheus Nunes,pt POR,MF,Wolves,eng Premier League,24,1998,2,2,179,2.0,0,0,0,0,0,0,2,1,0.00,0.00,0.00,0.00,0.00
1997,Matheus Nunes,pt POR,"MF,FW",Manchester City,eng Premier League,24,1998,17,7,661,7.3,0,2,2,0,0,0,0,0,0.00,0.27,0.27,0.00,0.27
1998,Darwin Núñez,uy URU,FW,Liverpool,eng Premier League,24,1999,36,22,"2,047",22.7,11,8,19,11,0,1,9,0,0.48,0.35,0.84,0.48,0.84
1999,Unai Núñez,es ESP,DF,Celta Vigo,es La Liga,26,1997,34,31,"2,801",31.1,1,0,1,1,0,0,4,0,0.03,0.00,0.03,0.03,0.03
2000,Fabian Nürnberger,bg BUL,MF,Darmstadt 98,de Bundesliga,24,1999,21,17,"1,513",16.8,1,1,2,1,0,0,2,0,0.06,0.06,0.12,0.06,0.12
2001,Ethan Nwaneri,eng ENG,MF,Arsenal,eng Premier League,16,2007,1,0,14,0.2,0,0,0,0,0,0,0,0,0.00,0.00,0.00,0.00,0.00
2002,Player,Nation,Pos,Squad,Comp,Age,Born,MP,Starts,Min,90s,Gls,Ast,G+A,G-PK,PK,PKatt,CrdY,CrdR,Gls,Ast,G+A,G-PK,G+A-PK
2003,Simeon Nwankwo,ng NGA,FW,Salernitana,it Serie A,31,1992,15,6,686,7.6,3,0,3,3,0,0,0,0,0.39,0.00,0.39,0.39,0.39
2004,Gerzino Nyamsi,cm CMR,DF,Strasbourg,fr Ligue 1,26,1997,13,13,"1,092",12.1,0,0,0,0,0,0,1,0,0.00,0.00,0.00,0.00,0.00
2005,Ørjan Nyland,no NOR,GK,Sevilla,es La Liga,32,1990,24,24,"2,160",24.0,0,0,0,0,0,0,1,0,0.00,0.00,0.00,0.00,0.00
2006,Rabby Nzingoula,fr FRA,MF,Strasbourg,fr Ligue 1,17,2005,6,1,133,1.5,0,1,1,0,0,0,1,0,0.00,0.68,0.68,0.00,0.68
2007,M'Bala Nzola,ao ANG,FW,Fiorentina,it Serie A,26,1996,33,15,"1,552",17.2,3,3,6,2,1,1,2,0,0.17,0.17,0.35,0.12,0.29
2008,Christian Nørgaard,dk DEN,MF,Brentford,eng Premier League,29,1994,31,30,"2,505",27.8,2,1,3,2,0,0,8,0,0.07,0.04,0.11,0.07,0.11
2009,Jake O'Brien,ie IRL,DF,Lyon,fr Ligue 1,22,2001,27,27,"2,369",26.3,4,2,6,4,0,0,4,1,0.15,0.08,0.23,0.15,0.23
2010,Mark O'Mahony,ie IRL,FW,Brighton,eng Premier League,18,2005,3,1,63,0.7,0,0,0,0,0,0,1,0,0.00,0.00,0.00,0.00,0.00
2011,Dara O'Shea,ie IRL,DF,Burnley,eng Premier League,24,1999,33,32,"2,892",32.1,3,4,7,3,0,0,5,1,0.09,0.12,0.22,0.09,0.22
2012,Michael Obafemi,ie IRL,FW,Burnley,eng Premier League,23,2000,2,0,20,0.2,0,0,0,0,0,0,0,0,0.00,0.00,0.00,0.00,0.00
2013,Adam Obert,sk SVK,DF,Cagliari,it Serie A,20,2002,17,10,941,10.5,0,0,0,0,0,0,1,0,0.00,0.00,0.00,0.00,0.00
2014,Pedro Obiang,gq EQG,MF,Sassuolo,it Serie A,31,1992,8,5,453,5.0,0,0,0,0,0,0,1,0,0.00,0.00,0.00,0.00,0.00
2015,Jan Oblak,si SVN,GK,Atlético Madrid,es La Liga,30,1993,38,38,"3,420",38.0,0,0,0,0,0,0,1,0,0.00,0.00,0.00,0.00,0.00
2016,Brian Ocampo,uy URU,MF,Cádiz,es La Liga,24,1999,13,1,248,2.8,1,0,1,1,0,0,2,0,0.36,0.00,0.36,0.36,0.36
2017,Lucas Ocampos,ar ARG,"MF,FW",Sevilla,es La Liga,29,1994,35,34,"2,871",31.9,4,3,7,3,1,1,8,0,0.13,0.09,0.22,0.09,0.19
2018,Guillermo Ochoa,mx MEX,GK,Salernitana,it Serie A,38,1985,21,21,"1,890",21.0,0,0,0,0,0,0,0,0,0.00,0.00,0.00,0.00,0.00
2019,Jens Odgaard,dk DEN,"MF,FW",Bologna,it Serie A,24,1999,10,5,431,4.8,2,0,2,2,0,0,1,0,0.42,0.00,0.42,0.42,0.42
2020,Wilson Odobert,fr FRA,"MF,FW",Burnley,eng Premier League,18,2004,29,25,"2,098",23.3,3,2,5,3,0,0,3,0,0.13,0.09,0.21,0.13,0.21
2021,Álvaro Odriozola,es ESP,DF,Real Sociedad,es La Liga,27,1995,9,6,393,4.4,0,0,0,0,0,0,0,0,0.00,0.00,0.00,0.00,0.00
2022,Tim Oermann,de GER,DF,Bochum,de Bundesliga,19,2003,16,8,714,7.9,0,0,0,0,0,0,2,0,0.00,0.00,0.00,0.00,0.00
2023,Odeluga Offiah,eng ENG,DF,Brighton,eng Premier League,20,2002,4,1,128,1.4,0,0,0,0,0,0,0,0,0.00,0.00,0.00,0.00,0.00
2024,Chiedozie Ogbene,ie IRL,MF,Luton Town,eng Premier League,26,1997,30,20,"1,995",22.2,4,1,5,4,0,0,1,0,0.18,0.05,0.23,0.18,0.23
2025,Angelo Ogbonna,it ITA,DF,West Ham United,eng Premier League,35,1988,11,7,635,7.1,0,0,0,0,0,0,1,0,0.00,0.00,0.00,0.00,0.00
2026,Florent Ogier,fr FRA,DF,Clermont Foot,fr Ligue 1,34,1989,14,9,943,10.5,1,1,2,1,0,0,1,0,0.10,0.10,0.19,0.10,0.19
2027,Noah Okafor,ch SUI,"FW,MF",Milan,it Serie A,23,2000,28,6,887,9.9,6,2,8,6,0,0,1,0,0.61,0.20,0.81,0.61,0.81
2028,Player,Nation,Pos,Squad,Comp,Age,Born,MP,Starts,Min,90s,Gls,Ast,G+A,G-PK,PK,PKatt,CrdY,CrdR,Gls,Ast,G+A,G-PK,G+A-PK
2029,David Okereke,ng NGA,"FW,MF",Torino,it Serie A,25,1997,9,3,252,2.8,0,0,0,0,0,0,0,0,0.00,0.00,0.00,0.00,0.00
2030,Caleb Okoli,it ITA,DF,Frosinone,it Serie A,22,2001,34,32,"2,914",32.4,0,1,1,0,0,0,9,0,0.00,0.03,0.03,0.00,0.03
2031,Maduka Okoye,ng NGA,GK,Udinese,it Serie A,23,1999,21,21,"1,890",21.0,0,0,0,0,0,0,2,0,0.00,0.00,0.00,0.00,0.00
2032,Masaya Okugawa,jp JPN,"FW,MF",Augsburg,de Bundesliga,27,1996,2,0,32,0.4,0,0,0,0,0,0,0,0,0.00,0.00,0.00,0.00,0.00
2033,Joseph Okumu,ke KEN,DF,Reims,fr Ligue 1,26,1997,21,19,"1,743",19.4,1,0,1,1,0,0,3,0,0.05,0.00,0.05,0.05,0.05
2034,Aingeru Olabarrieta,es ESP,FW,Athletic Club,es La Liga,17,2005,1,0,9,0.1,0,0,0,0,0,0,0,0,0.00,0.00,0.00,0.00,0.00
2035,Michael Olakigbe,eng ENG,MF,Brentford,eng Premier League,19,2004,8,0,59,0.7,0,0,0,0,0,0,0,0,0.00,0.00,0.00,0.00,0.00
2036,Olasagasti,es ESP,MF,Real Sociedad,es La Liga,22,2000,14,2,360,4.0,0,0,0,0,0,0,3,0,0.00,0.00,0.00,0.00,0.00
2037,Finn Ole Becker,de GER,MF,Hoffenheim,de Bundesliga,23,2000,22,5,606,6.7,0,0,0,0,0,0,1,0,0.00,0.00,0.00,0.00,0.00
2038,Mathias Olesen,lu LUX,MF,Köln,de Bundesliga,22,2001,6,0,112,1.2,0,0,0,0,0,0,2,1,0.00,0.00,0.00,0.00,0.00
2039,Michael Olise,fr FRA,"MF,FW",Crystal Palace,eng Premier League,21,2001,19,14,"1,275",14.2,10,6,16,9,1,1,0,0,0.71,0.42,1.13,0.64,1.06
2040,Mathías Olivera,uy URU,DF,Napoli,it Serie A,25,1997,23,18,"1,569",17.4,1,1,2,1,0,0,3,0,0.06,0.06,0.11,0.06,0.11
2041,Dani Olmo,es ESP,MF,RB Leipzig,de Bundesliga,25,1998,21,17,"1,449",16.1,4,5,9,4,0,0,0,0,0.25,0.31,0.56,0.25,0.56
2042,Robin Olsen,se SWE,GK,Aston Villa,eng Premier League,33,1990,5,4,405,4.5,0,0,0,0,0,0,0,0,0.00,0.00,0.00,0.00,0.00
2043,Warmed Omari,km COM,DF,Rennes,fr Ligue 1,23,2000,25,23,"2,071",23.0,1,0,1,1,0,0,5,1,0.04,0.00,0.04,0.04,0.04
2044,Becir Omeragic,ch SUI,"DF,MF",Montpellier,fr Ligue 1,21,2002,28,26,"2,312",25.7,0,0,0,0,0,0,4,0,0.00,0.00,0.00,0.00,0.00
2045,Jonas Omlin,ch SUI,GK,Gladbach,de Bundesliga,29,1994,7,7,630,7.0,0,1,1,0,0,0,1,0,0.00,0.14,0.14,0.00,0.14
2046,Andrew Omobamidele,ie IRL,DF,Nottingham Forest,eng Premier League,21,2002,11,8,783,8.7,0,0,0,0,0,0,2,0,0.00,0.00,0.00,0.00,0.00
2047,Samu Omorodion,es ESP,FW,Alavés,es La Liga,19,2004,34,21,"1,918",21.3,8,1,9,8,0,0,6,0,0.38,0.05,0.42,0.38,0.42
2048,Samu Omorodion,es ESP,FW,Granada,es La Liga,19,2004,1,1,80,0.9,1,0,1,1,0,0,0,0,1.13,0.00,1.13,1.13,1.13
2049,Amadou Onana,be BEL,MF,Everton,eng Premier League,21,2001,30,23,"2,091",23.2,2,0,2,2,0,0,5,0,0.09,0.00,0.09,0.09,0.09
2050,André Onana,cm CMR,GK,Manchester Utd,eng Premier League,27,1996,38,38,"3,420",38.0,0,0,0,0,0,0,5,0,0.00,0.00,0.00,0.00,0.00
2051,Jean Onana,cm CMR,MF,Marseille,fr Ligue 1,23,2000,13,5,566,6.3,1,0,1,1,0,0,1,0,0.16,0.00,0.16,0.16,0.16
2052,Ryan One,sct SCO,MF,Sheffield United,eng Premier League,17,2006,1,0,8,0.1,0,0,0,0,0,0,0,0,0.00,0.00,0.00,0.00,0.00
2053,Karim Onisiwo,at AUT,"FW,MF",Mainz 05,de Bundesliga,31,1992,24,17,"1,493",16.6,1,3,4,1,0,0,1,0,0.06,0.18,0.24,0.06,0.24
2054,Player,Nation,Pos,Squad,Comp,Age,Born,MP,Starts,Min,90s,Gls,Ast,G+A,G-PK,PK,PKatt,CrdY,CrdR,Gls,Ast,G+A,G-PK,G+A-PK
2055,Tyler Onyango,eng ENG,MF,Everton,eng Premier League,20,2003,1,0,1,0.0,0,0,0,0,0,0,0,0,0.00,0.00,0.00,0.00,0.00
2056,Fred Onyedinma,eng ENG,MF,Luton Town,eng Premier League,26,1996,8,4,407,4.5,0,0,0,0,0,0,1,0,0.00,0.00,0.00,0.00,0.00
2057,Frank Onyeka,ng NGA,MF,Brentford,eng Premier League,25,1998,26,11,"1,161",12.9,1,2,3,1,0,0,8,0,0.08,0.16,0.23,0.08,0.23
2058,Loïs Openda,be BEL,FW,RB Leipzig,de Bundesliga,23,2000,34,33,"2,697",30.0,24,7,31,22,2,3,4,0,0.80,0.23,1.03,0.73,0.97
2059,Royce Openda,ga GAB,FW,Lorient,fr Ligue 1,21,2002,1,0,16,0.2,0,0,0,0,0,0,0,0,0.00,0.00,0.00,0.00,0.00
2060,Christopher Operi,ci CIV,"DF,MF",Le Havre,fr Ligue 1,26,1997,28,28,"2,445",27.2,3,4,7,3,0,0,6,0,0.11,0.15,0.26,0.11,0.26
2061,Leon Opitz,de GER,MF,Werder Bremen,de Bundesliga,18,2005,3,0,18,0.2,0,0,0,0,0,0,0,0,0.00,0.00,0.00,0.00,0.00
2062,Gift Orban,ng NGA,FW,Lyon,fr Ligue 1,21,2002,13,5,474,5.3,1,0,1,1,0,0,2,0,0.19,0.00,0.19,0.19,0.19
2063,Willi Orban,hu HUN,DF,RB Leipzig,de Bundesliga,30,1992,19,18,"1,582",17.6,0,0,0,0,0,0,2,0,0.00,0.00,0.00,0.00,0.00
2064,Ivan Ordets,ua UKR,DF,Bochum,de Bundesliga,31,1992,24,21,"1,880",20.9,1,0,1,1,0,0,4,0,0.05,0.00,0.05,0.05,0.05
2065,Divock Origi,be BEL,"MF,FW",Nottingham Forest,eng Premier League,28,1995,20,6,606,6.7,0,1,1,0,0,0,1,0,0.00,0.15,0.15,0.00,0.15
2066,Gaetano Oristanio,it ITA,"FW,MF",Cagliari,it Serie A,20,2002,25,11,"1,104",12.3,2,1,3,2,0,0,1,0,0.16,0.08,0.24,0.16,0.24
2067,Aimar Oroz,es ESP,MF,Osasuna,es La Liga,21,2001,33,26,"2,339",26.0,2,1,3,1,1,1,3,0,0.08,0.04,0.12,0.04,0.08
2068,Riccardo Orsolini,it ITA,MF,Bologna,it Serie A,26,1997,33,19,"1,792",19.9,10,2,12,8,2,3,2,0,0.50,0.10,0.60,0.40,0.50
2069,Stefan Ortega,de GER,GK,Manchester City,eng Premier League,30,1992,9,5,635,7.1,0,0,0,0,0,0,0,0,0.00,0.00,0.00,0.00,0.00
2070,Eneko Ortiz,es ESP,MF,Alavés,es La Liga,20,2003,1,0,14,0.2,0,0,0,0,0,0,0,0,0.00,0.00,0.00,0.00,0.00
2071,Asier Osambela,es ESP,MF,Osasuna,es La Liga,19,2004,1,0,9,0.1,0,0,0,0,0,0,0,0,0.00,0.00,0.00,0.00,0.00
2072,Ben Osborn,eng ENG,MF,Sheffield United,eng Premier League,28,1994,24,14,"1,367",15.2,0,2,2,0,0,0,3,0,0.00,0.13,0.13,0.00,0.13
2073,Gabriel Osho,ng NGA,DF,Luton Town,eng Premier League,24,1998,21,21,"1,846",20.5,2,0,2,2,0,0,3,0,0.10,0.00,0.10,0.10,0.10
2074,Victor Osimhen,ng NGA,FW,Napoli,it Serie A,24,1998,25,22,"1,982",22.0,15,3,18,12,3,5,6,1,0.68,0.14,0.82,0.54,0.68
2075,Milutin Osmajić,me MNE,FW,Cádiz,es La Liga,24,1999,1,0,5,0.1,0,0,0,0,0,0,0,0,0.00,0.00,0.00,0.00,0.00
2076,Patrick Osterhage,de GER,MF,Bochum,de Bundesliga,23,2000,24,21,"1,861",20.7,2,1,3,2,0,0,5,0,0.10,0.05,0.15,0.10,0.15
2077,William Osula,dk DEN,FW,Sheffield United,eng Premier League,19,2003,21,9,786,8.7,0,0,0,0,0,0,4,0,0.00,0.00,0.00,0.00,0.00
2078,Dango Ouattara,bf BFA,"DF,MF",Bournemouth,eng Premier League,21,2002,30,12,"1,229",13.7,1,2,3,1,0,0,3,0,0.07,0.15,0.22,0.07,0.22
2079,Kassoum Ouattara,fr FRA,"DF,MF",Monaco,fr Ligue 1,18,2004,14,7,636,7.1,1,0,1,1,0,0,2,0,0.14,0.00,0.14,0.14,0.14
2080,Player,Nation,Pos,Squad,Comp,Age,Born,MP,Starts,Min,90s,Gls,Ast,G+A,G-PK,PK,PKatt,CrdY,CrdR,Gls,Ast,G+A,G-PK,G+A-PK
2081,Remi Oudin,fr FRA,"MF,FW",Lecce,it Serie A,26,1996,31,21,"1,819",20.2,3,2,5,3,0,0,3,0,0.15,0.10,0.25,0.15,0.25
2082,Alexandre Oukidja,dz ALG,GK,Metz,fr Ligue 1,35,1988,34,34,"2,987",33.2,0,0,0,0,0,0,3,0,0.00,0.00,0.00,0.00,0.00
2083,Azzedine Ounahi,ma MAR,MF,Marseille,fr Ligue 1,23,2000,21,15,"1,209",13.4,2,0,2,2,0,0,3,0,0.15,0.00,0.15,0.15,0.15
2084,Adam Ounas,dz ALG,MF,Lille,fr Ligue 1,26,1996,17,3,418,4.6,1,0,1,1,0,0,0,0,0.22,0.00,0.22,0.22,0.22
2085,Patrick Ouotro,ci CIV,FW,Strasbourg,fr Ligue 1,17,2005,1,0,8,0.1,0,0,0,0,0,0,0,0,0.00,0.00,0.00,0.00,0.00
2086,Aiham Ousou,sy SYR,DF,Cádiz,es La Liga,23,2000,6,5,430,4.8,0,0,0,0,0,0,0,0,0.00,0.00,0.00,0.00,0.00
2087,Jesús Owono,gq EQG,GK,Alavés,es La Liga,22,2001,4,4,360,4.0,0,0,0,0,0,0,1,0,0.00,0.00,0.00,0.00,0.00
2088,Mikel Oyarzabal,es ESP,"FW,MF",Real Sociedad,es La Liga,26,1997,33,23,"2,156",24.0,9,3,12,7,2,2,3,0,0.38,0.13,0.50,0.29,0.42
2089,Anthony Oyono,ga GAB,"DF,MF",Frosinone,it Serie A,22,2001,16,14,"1,198",13.3,0,1,1,0,0,0,4,0,0.00,0.08,0.08,0.00,0.08
2090,Salih Özcan,tr TUR,MF,Dortmund,de Bundesliga,25,1998,23,13,"1,184",13.2,0,0,0,0,0,0,3,0,0.00,0.00,0.00,0.00,0.00
2091,Cenk Özkacar,tr TUR,DF,Valencia,es La Liga,22,2000,23,18,"1,598",17.8,0,0,0,0,0,0,3,0,0.00,0.00,0.00,0.00,0.00
2092,David Ozoh,eng ENG,MF,Crystal Palace,eng Premier League,18,2005,9,0,156,1.7,0,0,0,0,0,0,1,0,0.00,0.00,0.00,0.00,0.00
2093,Jon Pacheco,es ESP,DF,Real Sociedad,es La Liga,22,2001,23,16,"1,526",17.0,1,1,2,1,0,0,8,0,0.06,0.06,0.12,0.06,0.12
2094,Willian Pacho,ec ECU,DF,Eintracht Frankfurt,de Bundesliga,21,2001,33,33,"2,970",33.0,0,3,3,0,0,0,7,0,0.00,0.09,0.09,0.00,0.09
2095,Gonçalo Paciência,pt POR,FW,Bochum,de Bundesliga,28,1994,19,6,650,7.2,3,1,4,3,0,0,3,0,0.42,0.14,0.55,0.42,0.55
2096,Simone Pafundi,it ITA,FW,Udinese,it Serie A,17,2006,1,0,8,0.1,0,0,0,0,0,0,0,0,0.00,0.00,0.00,0.00,0.00
2097,Riccardo Pagano,it ITA,MF,Roma,it Serie A,18,2004,4,0,51,0.6,0,0,0,0,0,0,0,0,0.00,0.00,0.00,0.00,0.00
2098,Pablo Pagis,fr FRA,MF,Lorient,fr Ligue 1,20,2002,3,3,165,1.8,0,0,0,0,0,0,1,0,0.00,0.00,0.00,0.00,0.00
2099,Exequiel Palacios,ar ARG,MF,Leverkusen,de Bundesliga,24,1998,24,21,"1,831",20.3,4,4,8,2,2,2,6,0,0.20,0.20,0.39,0.10,0.29
2100,Isaac Palazón Camacho,es ESP,MF,Rayo Vallecano,es La Liga,28,1994,37,34,"2,791",31.0,4,1,5,2,2,2,8,0,0.13,0.03,0.16,0.06,0.10
2101,João Palhinha,pt POR,MF,Fulham,eng Premier League,28,1995,33,31,"2,699",30.0,4,1,5,4,0,0,13,0,0.13,0.03,0.17,0.13,0.17
2102,Nicolas Pallois,fr FRA,DF,Nantes,fr Ligue 1,35,1987,23,17,"1,589",17.7,0,1,1,0,0,0,5,0,0.00,0.06,0.06,0.00,0.06
2103,Cole Palmer,eng ENG,"FW,MF",Manchester City,eng Premier League,21,2002,1,0,11,0.1,0,0,0,0,0,0,0,0,0.00,0.00,0.00,0.00,0.00
2104,Cole Palmer,eng ENG,"MF,FW",Chelsea,eng Premier League,21,2002,33,29,"2,607",29.0,22,11,33,13,9,9,7,0,0.76,0.38,1.14,0.45,0.83
2105,Emerson Palmieri,it ITA,DF,West Ham United,eng Premier League,28,1994,36,35,"3,137",34.9,1,2,3,1,0,0,10,0,0.03,0.06,0.09,0.03,0.09
2106,Player,Nation,Pos,Squad,Comp,Age,Born,MP,Starts,Min,90s,Gls,Ast,G+A,G-PK,PK,PKatt,CrdY,CrdR,Gls,Ast,G+A,G-PK,G+A-PK
2107,Joaquín Panichelli,ar ARG,"MF,FW",Alavés,es La Liga,20,2002,8,2,226,2.5,0,0,0,0,0,0,0,0,0.00,0.00,0.00,0.00,0.00
2108,Miloš Pantović,rs SRB,"FW,MF",Union Berlin,de Bundesliga,27,1996,1,0,15,0.2,1,0,1,1,0,0,0,0,6.00,0.00,6.00,6.00,6.00
2109,Antonios Papadopoulos,de GER,DF,Dortmund,de Bundesliga,23,1999,2,1,117,1.3,0,0,0,0,0,0,0,0,0.00,0.00,0.00,0.00,0.00
2110,Christos Papadopoulos,gr GRE,MF,Genoa,it Serie A,18,2004,1,0,4,0.0,0,0,0,0,0,0,0,0,0.00,0.00,0.00,0.00,0.00
2111,Sokratis Papastathopoulos,gr GRE,DF,Real Betis,es La Liga,35,1988,15,12,"1,136",12.6,0,0,0,0,0,0,6,0,0.00,0.00,0.00,0.00,0.00
2112,Merveille Papela,de GER,MF,Mainz 05,de Bundesliga,22,2001,11,3,257,2.9,0,0,0,0,0,0,1,0,0.00,0.00,0.00,0.00,0.00
2113,Leart Paqarada,xk KVX,DF,Köln,de Bundesliga,28,1994,17,11,"1,075",11.9,0,0,0,0,0,0,0,0,0.00,0.00,0.00,0.00,0.00
2114,Lucas Paquetá,br BRA,MF,West Ham United,eng Premier League,25,1997,31,31,"2,622",29.1,4,6,10,2,2,2,10,0,0.14,0.21,0.34,0.07,0.27
2115,Victor Parada,es ESP,DF,Alavés,es La Liga,21,2002,2,0,3,0.0,0,0,0,0,0,0,0,0,0.00,0.00,0.00,0.00,0.00
2116,Aitor Paredes,es ESP,DF,Athletic Club,es La Liga,23,2000,34,31,"2,704",30.0,1,0,1,1,0,0,9,1,0.03,0.00,0.03,0.03,0.03
2117,Kevin Paredes,us USA,"MF,DF",Wolfsburg,de Bundesliga,20,2003,28,15,"1,432",15.9,3,0,3,3,0,0,4,0,0.19,0.00,0.19,0.19,0.19
2118,Leandro Paredes,ar ARG,MF,Roma,it Serie A,29,1994,34,32,"2,634",29.3,3,5,8,0,3,3,15,1,0.10,0.17,0.27,0.00,0.17
2119,Daniel Parejo,es ESP,MF,Villarreal,es La Liga,34,1989,33,29,"2,580",28.7,3,5,8,0,3,3,4,0,0.10,0.17,0.28,0.00,0.17
2120,Fabiano Parisi,it ITA,DF,Fiorentina,it Serie A,22,2000,21,16,"1,454",16.2,0,1,1,0,0,0,4,0,0.00,0.06,0.06,0.00,0.06
2121,Ben Parkinson,eng ENG,FW,Newcastle United,eng Premier League,18,2005,1,0,25,0.3,0,0,0,0,0,0,0,0,0.00,0.00,0.00,0.00,0.00
2122,Thomas Partey,gh GHA,"MF,DF",Arsenal,eng Premier League,30,1993,14,9,788,8.8,0,0,0,0,0,0,3,0,0.00,0.00,0.00,0.00,0.00
2123,Mario Pašalić,hr CRO,MF,Atalanta,it Serie A,28,1995,34,23,"2,051",22.8,6,6,12,4,2,2,3,0,0.26,0.26,0.53,0.18,0.44
2124,Triantafyllos Pasaridīs,gr GRE,DF,Salernitana,it Serie A,27,1996,8,5,452,5.0,0,0,0,0,0,0,3,0,0.00,0.00,0.00,0.00,0.00
2125,Pascu,es ESP,FW,Villarreal,es La Liga,20,2003,1,0,14,0.2,0,0,0,0,0,0,0,0,0.00,0.00,0.00,0.00,0.00
2126,Felix Passlack,de GER,"DF,MF",Bochum,de Bundesliga,25,1998,15,13,960,10.7,2,2,4,2,0,0,2,1,0.19,0.19,0.37,0.19,0.37
2127,Patric,es ESP,DF,Lazio,it Serie A,30,1993,20,19,"1,608",17.9,2,0,2,2,0,0,4,0,0.11,0.00,0.11,0.11,0.11
2128,Rui Patrício,pt POR,GK,Roma,it Serie A,35,1988,23,23,"2,070",23.0,0,0,0,0,0,0,1,0,0.00,0.00,0.00,0.00,0.00
2129,Nathan Patterson,sct SCO,DF,Everton,eng Premier League,21,2001,20,9,"1,005",11.2,0,2,2,0,0,0,4,0,0.00,0.18,0.18,0.00,0.18
2130,Gabriel Paulista,br BRA,DF,Atlético Madrid,es La Liga,32,1990,5,5,405,4.5,0,0,0,0,0,0,1,0,0.00,0.00,0.00,0.00,0.00
2131,Gabriel Paulista,br BRA,DF,Valencia,es La Liga,32,1990,18,16,"1,398",15.5,0,0,0,0,0,0,6,1,0.00,0.00,0.00,0.00,0.00
2132,Player,Nation,Pos,Squad,Comp,Age,Born,MP,Starts,Min,90s,Gls,Ast,G+A,G-PK,PK,PKatt,CrdY,CrdR,Gls,Ast,G+A,G-PK,G+A-PK
2133,Benjamin Pavard,fr FRA,DF,Inter,it Serie A,27,1996,23,21,"1,672",18.6,0,2,2,0,0,0,6,0,0.00,0.11,0.11,0.00,0.11
2134,Jiří Pavlenka,cz CZE,GK,Werder Bremen,de Bundesliga,31,1992,7,7,630,7.0,0,0,0,0,0,0,0,0,0.00,0.00,0.00,0.00,0.00
2135,Aleksandar Pavlovic,de GER,MF,Bayern Munich,de Bundesliga,19,2004,19,14,"1,227",13.6,2,2,4,2,0,0,6,0,0.15,0.15,0.29,0.15,0.29
2136,Leonardo Pavoletti,it ITA,FW,Cagliari,it Serie A,34,1988,19,5,628,7.0,4,1,5,4,0,0,4,0,0.57,0.14,0.72,0.57,0.72
2137,Martín Payero,ar ARG,MF,Udinese,it Serie A,24,1998,29,21,"1,796",20.0,2,2,4,2,0,0,6,1,0.10,0.10,0.20,0.10,0.20
2138,Nicolás Paz,ar ARG,MF,Real Madrid,es La Liga,18,2004,4,0,23,0.3,0,0,0,0,0,0,0,0,0.00,0.00,0.00,0.00,0.00
2139,Myles Peart-Harris,eng ENG,MF,Brentford,eng Premier League,20,2002,3,0,13,0.1,0,0,0,0,0,0,0,0,0.00,0.00,0.00,0.00,0.00
2140,Sydie Peck,eng ENG,MF,Sheffield United,eng Premier League,18,2004,1,0,10,0.1,0,0,0,0,0,0,0,0,0.00,0.00,0.00,0.00,0.00
2141,Mads Pedersen,dk DEN,"DF,MF",Augsburg,de Bundesliga,26,1996,27,19,"1,786",19.8,1,1,2,1,0,0,5,1,0.05,0.05,0.10,0.05,0.10
2142,Marcus Pedersen,no NOR,DF,Sassuolo,it Serie A,23,2000,28,16,"1,613",17.9,0,2,2,0,0,0,4,0,0.00,0.11,0.11,0.00,0.11
2143,Alfonso Pedraza,es ESP,DF,Villarreal,es La Liga,27,1996,19,14,"1,116",12.4,1,3,4,1,0,0,4,1,0.08,0.24,0.32,0.08,0.32
2144,Pedri,es ESP,"MF,FW",Barcelona,es La Liga,20,2002,24,16,"1,476",16.4,4,2,6,4,0,0,3,0,0.24,0.12,0.37,0.24,0.37
2145,Pedro,es ESP,FW,Lazio,it Serie A,36,1987,33,5,816,9.1,1,1,2,1,0,0,4,0,0.11,0.11,0.22,0.11,0.22
2146,Adrià Pedrosa,es ESP,"DF,MF",Sevilla,es La Liga,25,1998,31,15,"1,753",19.5,1,4,5,1,0,0,1,0,0.05,0.21,0.26,0.05,0.26
2147,Jordan Pefok,us USA,FW,Gladbach,de Bundesliga,27,1996,25,18,"1,420",15.8,5,3,8,5,0,0,2,0,0.32,0.19,0.51,0.32,0.51
2148,Jordan Pefok,us USA,FW,Union Berlin,de Bundesliga,27,1996,1,0,27,0.3,0,0,0,0,0,0,0,0,0.00,0.00,0.00,0.00,0.00
2149,Dženan Pejčinović,de GER,DF,Wolfsburg,de Bundesliga,18,2005,4,0,37,0.4,0,0,0,0,0,0,1,0,0.00,0.00,0.00,0.00,0.00
2150,Pejiño,es ESP,"MF,FW",Las Palmas,es La Liga,27,1996,17,6,504,5.6,2,0,2,2,0,0,1,0,0.36,0.00,0.36,0.36,0.36
2151,Pietro Pellegri,it ITA,"FW,MF",Torino,it Serie A,22,2001,24,7,756,8.4,1,1,2,1,0,0,3,0,0.12,0.12,0.24,0.12,0.24
2152,Lorenzo Pellegrini,it ITA,MF,Roma,it Serie A,27,1996,29,20,"1,859",20.7,8,3,11,7,1,1,7,0,0.39,0.15,0.53,0.34,0.48
2153,Luca Pellegrini,it ITA,"DF,MF",Lazio,it Serie A,24,1999,19,8,786,8.7,1,0,1,1,0,0,7,1,0.11,0.00,0.11,0.11,0.11
2154,Marco Pellegrino,ar ARG,DF,Salernitana,it Serie A,21,2002,10,5,545,6.1,0,0,0,0,0,0,1,0,0.00,0.00,0.00,0.00,0.00
2155,Marco Pellegrino,ar ARG,DF,Milan,it Serie A,21,2002,1,0,68,0.8,0,0,0,0,0,0,0,0,0.00,0.00,0.00,0.00,0.00
2156,Facundo Pellistri,uy URU,MF,Manchester Utd,eng Premier League,21,2001,9,1,172,1.9,0,1,1,0,0,0,0,0,0.00,0.52,0.52,0.00,0.52
2157,Facundo Pellistri,uy URU,"MF,FW",Granada,es La Liga,21,2001,15,14,"1,232",13.7,2,1,3,2,0,0,2,1,0.15,0.07,0.22,0.15,0.22
2158,Player,Nation,Pos,Squad,Comp,Age,Born,MP,Starts,Min,90s,Gls,Ast,G+A,G-PK,PK,PKatt,CrdY,CrdR,Gls,Ast,G+A,G-PK,G+A-PK
2159,Andy Pelmard,mg MAD,DF,Clermont Foot,fr Ligue 1,23,2000,34,33,"2,989",33.2,0,0,0,0,0,0,1,0,0.00,0.00,0.00,0.00,0.00
2160,Aurélien Pelon,fr FRA,DF,Lorient,fr Ligue 1,19,2004,1,1,90,1.0,0,0,0,0,0,0,1,0,0.00,0.00,0.00,0.00,0.00
2161,Faris Pemi Moumbagna,cm CMR,FW,Marseille,fr Ligue 1,23,2000,13,5,547,6.1,3,1,4,3,0,0,2,1,0.49,0.16,0.66,0.49,0.66
2162,Iñaki Peña,es ESP,GK,Barcelona,es La Liga,24,1999,10,10,900,10.0,0,0,0,0,0,0,0,0,0.00,0.00,0.00,0.00,0.00
2163,Marcos Peña,es ESP,MF,Almería,es La Liga,18,2005,7,4,441,4.9,0,0,0,0,0,0,3,0,0.00,0.00,0.00,0.00,0.00
2164,Rubén Peña,es ESP,"DF,MF",Osasuna,es La Liga,32,1991,29,26,"2,088",23.2,0,2,2,0,0,0,3,0,0.00,0.09,0.09,0.00,0.09
2165,Pepín,gq EQG,MF,Monza,it Serie A,26,1996,10,2,241,2.7,0,0,0,0,0,0,2,0,0.00,0.00,0.00,0.00,0.00
2166,Alberto Perea,es ESP,"FW,MF",Granada,es La Liga,32,1990,2,0,2,0.0,0,0,0,0,0,0,0,0,0.00,0.00,0.00,0.00,0.00
2167,Andreas Pereira,br BRA,MF,Fulham,eng Premier League,27,1996,37,34,"2,613",29.0,3,7,10,3,0,0,6,0,0.10,0.24,0.34,0.10,0.34
2168,Danilo Pereira,pt POR,DF,Paris Saint-Germain,fr Ligue 1,31,1991,26,22,"1,995",22.2,0,0,0,0,0,0,2,0,0.00,0.00,0.00,0.00,0.00
2169,Mathias Pereira Lage,pt POR,"MF,FW",Brest,fr Ligue 1,26,1996,30,12,"1,187",13.2,3,2,5,3,0,0,3,0,0.23,0.15,0.38,0.23,0.38
2170,Pedro Pereira,pt POR,"MF,DF",Monza,it Serie A,25,1998,23,9,841,9.3,0,2,2,0,0,0,3,0,0.00,0.21,0.21,0.00,0.21
2171,Daniel Peretz,il ISR,GK,Bayern Munich,de Bundesliga,23,2000,1,0,17,0.2,0,0,0,0,0,0,0,0,0.00,0.00,0.00,0.00,0.00
2172,Roberto Pereyra,ar ARG,"FW,MF",Udinese,it Serie A,32,1991,27,22,"1,858",20.6,4,3,7,3,1,1,6,0,0.19,0.15,0.34,0.15,0.29
2173,Ayoze Pérez,es ESP,"MF,FW",Real Betis,es La Liga,30,1993,31,29,"2,294",25.5,9,1,10,9,0,0,4,0,0.35,0.04,0.39,0.35,0.39
2174,Carles Pérez,es ESP,MF,Celta Vigo,es La Liga,25,1998,16,7,772,8.6,1,1,2,1,0,0,3,0,0.12,0.12,0.23,0.12,0.23
2175,Francisco Perez,es ESP,MF,Valencia,es La Liga,20,2002,32,27,"2,049",22.8,1,4,5,1,0,0,4,0,0.04,0.18,0.22,0.04,0.22
2176,Kike Pérez,es ESP,"MF,FW",Rayo Vallecano,es La Liga,26,1997,24,9,835,9.3,1,0,1,1,0,0,7,0,0.11,0.00,0.11,0.11,0.11
2177,Nehuén Pérez,ar ARG,DF,Udinese,it Serie A,23,2000,36,36,"3,238",36.0,0,0,0,0,0,0,9,1,0.00,0.00,0.00,0.00,0.00
2178,Matteo Perez Vinlöf,se SWE,DF,Bayern Munich,de Bundesliga,17,2005,1,0,16,0.2,0,0,0,0,0,0,0,0,0.00,0.00,0.00,0.00,0.00
2179,Simone Perilli,it ITA,GK,Hellas Verona,it Serie A,28,1995,1,1,90,1.0,0,0,0,0,0,0,0,0,0.00,0.00,0.00,0.00,0.00
2180,Mattia Perin,it ITA,GK,Juventus,it Serie A,30,1992,3,3,225,2.5,0,0,0,0,0,0,0,0,0.00,0.00,0.00,0.00,0.00
2181,Samuele Perisan,it ITA,GK,Empoli,it Serie A,25,1997,1,1,90,1.0,0,0,0,0,0,0,0,0,0.00,0.00,0.00,0.00,0.00
2182,Ivan Perišić,hr CRO,"FW,MF",Tottenham Hotspur,eng Premier League,34,1989,5,0,103,1.1,0,1,1,0,0,0,2,0,0.00,0.87,0.87,0.00,0.87
2183,Romain Perraud,fr FRA,DF,Nice,fr Ligue 1,25,1997,19,2,370,4.1,0,1,1,0,0,0,2,0,0.00,0.24,0.24,0.00,0.24
2184,Player,Nation,Pos,Squad,Comp,Age,Born,MP,Starts,Min,90s,Gls,Ast,G+A,G-PK,PK,PKatt,CrdY,CrdR,Gls,Ast,G+A,G-PK,G+A-PK
2185,Lucas Perrin,fr FRA,DF,Strasbourg,fr Ligue 1,24,1998,31,30,"2,723",30.3,0,1,1,0,0,0,3,0,0.00,0.03,0.03,0.00,0.03
2186,Máximo Perrone,ar ARG,MF,Las Palmas,es La Liga,20,2003,29,20,"1,623",18.0,0,0,0,0,0,0,6,0,0.00,0.00,0.00,0.00,0.00
2187,Pavao Pervan,at AUT,GK,Wolfsburg,de Bundesliga,35,1987,9,9,810,9.0,0,0,0,0,0,0,1,0,0.00,0.00,0.00,0.00,0.00
2188,Matteo Pessina,it ITA,MF,Monza,it Serie A,26,1997,37,37,"3,222",35.8,6,3,9,2,4,5,5,1,0.17,0.08,0.25,0.06,0.14
2189,Andrea Petagna,it ITA,FW,Cagliari,it Serie A,28,1995,18,13,995,11.1,1,1,2,1,0,0,2,0,0.09,0.09,0.18,0.09,0.18
2190,Denis Petrić,rs SRB,GK,Nantes,fr Ligue 1,35,1988,1,0,24,0.3,0,0,0,0,0,0,0,0,0.00,0.00,0.00,0.00,0.00
2191,Njegoš Petrović,rs SRB,MF,Granada,es La Liga,24,1999,10,0,157,1.7,0,0,0,0,0,0,0,0,0.00,0.00,0.00,0.00,0.00
2192,Đorđe Petrović,rs SRB,GK,Chelsea,eng Premier League,23,1999,23,22,"1,987",22.1,0,0,0,0,0,0,2,0,0.00,0.00,0.00,0.00,0.00
2193,Jens Petter Hauge,no NOR,"DF,FW",Eintracht Frankfurt,de Bundesliga,23,1999,10,0,147,1.6,0,0,0,0,0,0,0,0,0.00,0.00,0.00,0.00,0.00
2194,Germán Pezzella,ar ARG,DF,Real Betis,es La Liga,32,1991,32,32,"2,767",30.7,1,0,1,1,0,0,7,0,0.03,0.00,0.03,0.03,0.03
2195,Giuseppe Pezzella,it ITA,"MF,DF",Empoli,it Serie A,25,1997,19,14,"1,085",12.1,0,0,0,0,0,0,4,0,0.00,0.00,0.00,0.00,0.00
2196,Luca Pfeiffer,de GER,"FW,MF",Darmstadt 98,de Bundesliga,26,1996,24,20,"1,619",18.0,1,4,5,1,0,0,3,0,0.06,0.22,0.28,0.06,0.28
2197,Patric Pfeiffer,de GER,DF,Augsburg,de Bundesliga,23,1999,11,4,511,5.7,0,1,1,0,0,0,0,0,0.00,0.18,0.18,0.00,0.18
2198,Maximilian Philipp,de GER,FW,Freiburg,de Bundesliga,29,1994,17,1,323,3.6,1,0,1,1,0,0,2,0,0.28,0.00,0.28,0.28,0.28
2199,Kalvin Phillips,eng ENG,MF,West Ham United,eng Premier League,27,1995,8,3,309,3.4,0,0,0,0,0,0,3,1,0.00,0.00,0.00,0.00,0.00
2200,Kalvin Phillips,eng ENG,"DF,MF",Manchester City,eng Premier League,27,1995,4,0,93,1.0,0,0,0,0,0,0,0,0,0.00,0.00,0.00,0.00,0.00
2201,Jaden Philogene Bidace,eng ENG,"FW,MF",Aston Villa,eng Premier League,21,2002,1,0,4,0.0,0,0,0,0,0,0,0,0,0.00,0.00,0.00,0.00,0.00
2202,Kamil Piątkowski,pl POL,DF,Granada,es La Liga,23,2000,9,6,505,5.6,0,0,0,0,0,0,1,1,0.00,0.00,0.00,0.00,0.00
2203,Roberto Piccoli,it ITA,FW,Empoli,it Serie A,22,2001,2,0,39,0.4,0,0,0,0,0,0,0,0,0.00,0.00,0.00,0.00,0.00
2204,Roberto Piccoli,it ITA,FW,Lecce,it Serie A,22,2001,35,12,"1,378",15.3,5,0,5,4,1,1,5,0,0.33,0.00,0.33,0.26,0.26
2205,Florian Pick,de GER,MF,Heidenheim,de Bundesliga,27,1995,22,1,327,3.6,0,1,1,0,0,0,2,0,0.00,0.28,0.28,0.00,0.28
2206,Jordan Pickford,eng ENG,GK,Everton,eng Premier League,29,1994,38,38,"3,420",38.0,0,0,0,0,0,0,5,0,0.00,0.00,0.00,0.00,0.00
2207,Amos Pieper,de GER,DF,Werder Bremen,de Bundesliga,25,1998,7,7,590,6.6,0,0,0,0,0,0,0,0,0.00,0.00,0.00,0.00,0.00
2208,Marvin Pieringer,de GER,"FW,MF",Heidenheim,de Bundesliga,23,1999,31,18,"1,513",16.8,3,3,6,3,0,0,5,0,0.18,0.18,0.36,0.18,0.36
2209,Santiago Pierotti,ar ARG,"FW,MF",Lecce,it Serie A,22,2001,11,0,200,2.2,0,2,2,0,0,0,0,0,0.00,0.90,0.90,0.00,0.90
2210,Player,Nation,Pos,Squad,Comp,Age,Born,MP,Starts,Min,90s,Gls,Ast,G+A,G-PK,PK,PKatt,CrdY,CrdR,Gls,Ast,G+A,G-PK,G+A-PK
2211,Niccolò Pierozzi,it ITA,DF,Salernitana,it Serie A,21,2001,12,11,871,9.7,1,0,1,1,0,0,6,0,0.10,0.00,0.10,0.10,0.10
2212,Ronaël Pierre-Gabriel,fr FRA,"DF,MF",Nantes,fr Ligue 1,25,1998,12,6,598,6.6,0,0,0,0,0,0,3,0,0.00,0.00,0.00,0.00,0.00
2213,Andrea Pinamonti,it ITA,FW,Sassuolo,it Serie A,24,1999,38,37,"3,076",34.2,11,1,12,9,2,3,4,0,0.32,0.03,0.35,0.26,0.29
2214,Ethan Pinnock,jm JAM,DF,Brentford,eng Premier League,30,1993,29,28,"2,521",28.0,2,0,2,2,0,0,1,0,0.07,0.00,0.07,0.07,0.07
2215,Yeremi Pino,es ESP,"MF,FW",Villarreal,es La Liga,20,2002,7,7,475,5.3,0,0,0,0,0,0,4,0,0.00,0.00,0.00,0.00,0.00
2216,Carlo Pinsoglio,it ITA,GK,Juventus,it Serie A,33,1990,1,0,45,0.5,0,0,0,0,0,0,0,0,0.00,0.00,0.00,0.00,0.00
2217,Lorenzo Pirola,it ITA,DF,Salernitana,it Serie A,21,2002,27,24,"1,987",22.1,1,0,1,1,0,0,4,0,0.05,0.00,0.05,0.05,0.05
2218,Niccolò Pisilli,it ITA,MF,Roma,it Serie A,18,2004,1,0,10,0.1,0,0,0,0,0,0,0,0,0.00,0.00,0.00,0.00,0.00
2219,Alassane Pléa,fr FRA,"FW,MF",Gladbach,de Bundesliga,30,1993,27,24,"1,913",21.3,7,4,11,6,1,1,1,0,0.33,0.19,0.52,0.28,0.47
2220,Tommaso Pobega,it ITA,"MF,DF",Milan,it Serie A,24,1999,11,3,319,3.5,0,0,0,0,0,0,0,0,0.00,0.00,0.00,0.00,0.00
2221,Paul Pogba,fr FRA,MF,Juventus,it Serie A,30,1993,2,0,54,0.6,0,0,0,0,0,0,0,0,0.00,0.00,0.00,0.00,0.00
2222,Ole Pohlmann,de GER,"FW,MF",Dortmund,de Bundesliga,22,2001,2,0,54,0.6,0,0,0,0,0,0,0,0,0.00,0.00,0.00,0.00,0.00
2223,Matteo Politano,it ITA,FW,Napoli,it Serie A,29,1993,37,31,"2,360",26.2,8,7,15,6,2,3,2,1,0.31,0.27,0.57,0.23,0.50
2224,Sebastian Polter,de GER,FW,Darmstadt 98,de Bundesliga,32,1991,9,4,446,5.0,0,1,1,0,0,0,0,0,0.00,0.20,0.20,0.00,0.20
2225,Julien Ponceau,fr FRA,MF,Lorient,fr Ligue 1,22,2000,32,27,"2,244",24.9,3,2,5,3,0,0,5,0,0.12,0.08,0.20,0.12,0.20
2226,Marin Pongračić,hr CRO,DF,Lecce,it Serie A,25,1997,36,36,"3,219",35.8,0,0,0,0,0,0,10,1,0.00,0.00,0.00,0.00,0.00
2227,Nick Pope,eng ENG,GK,Newcastle United,eng Premier League,31,1992,15,15,"1,345",14.9,0,0,0,0,0,0,1,0,0.00,0.00,0.00,0.00,0.00
2228,Pedro Porro,es ESP,DF,Tottenham Hotspur,eng Premier League,23,1999,35,35,"3,089",34.3,3,7,10,3,0,0,3,0,0.09,0.20,0.29,0.09,0.29
2229,Portu,es ESP,"FW,MF",Getafe,es La Liga,31,1992,3,0,97,1.1,0,0,0,0,0,0,1,0,0.00,0.00,0.00,0.00,0.00
2230,Portu,es ESP,"MF,FW",Girona,es La Liga,31,1992,33,11,"1,188",13.2,7,5,12,7,0,0,3,0,0.53,0.38,0.91,0.53,0.91
2231,Stefan Posch,at AUT,DF,Bologna,it Serie A,26,1997,31,29,"2,409",26.8,1,2,3,1,0,0,7,0,0.04,0.07,0.11,0.04,0.11
2232,Yussuf Poulsen,dk DEN,FW,RB Leipzig,de Bundesliga,29,1994,28,12,"1,217",13.5,5,2,7,5,0,0,0,0,0.37,0.15,0.52,0.37,0.52
2233,José Pozo,es ESP,"FW,MF",Rayo Vallecano,es La Liga,27,1996,2,0,19,0.2,0,0,0,0,0,0,0,0,0.00,0.00,0.00,0.00,0.00
2234,Alejandro Pozo Pozo,es ESP,"DF,MF",Almería,es La Liga,24,1999,21,9,976,10.8,0,0,0,0,0,0,3,0,0.00,0.00,0.00,0.00,0.00
2235,Beñat Prados,es ESP,MF,Athletic Club,es La Liga,22,2001,26,16,"1,449",16.1,0,0,0,0,0,0,1,0,0.00,0.00,0.00,0.00,0.00
2236,Player,Nation,Pos,Squad,Comp,Age,Born,MP,Starts,Min,90s,Gls,Ast,G+A,G-PK,PK,PKatt,CrdY,CrdR,Gls,Ast,G+A,G-PK,G+A-PK
2237,Matteo Prati,it ITA,MF,Cagliari,it Serie A,19,2003,26,19,"1,972",21.9,1,1,2,1,0,0,4,0,0.05,0.05,0.09,0.05,0.09
2238,Abdón Prats,es ESP,FW,Mallorca,es La Liga,30,1992,34,11,"1,270",14.1,6,1,7,6,0,0,4,0,0.43,0.07,0.50,0.43,0.50
2239,Sanjin Prcić,ba BIH,MF,Strasbourg,fr Ligue 1,29,1993,3,1,88,1.0,0,0,0,0,0,0,0,0,0.00,0.00,0.00,0.00,0.00
2240,Grischa Prömel,de GER,MF,Hoffenheim,de Bundesliga,28,1995,28,27,"2,139",23.8,4,5,9,4,0,0,10,1,0.17,0.21,0.38,0.17,0.38
2241,Ivan Provedel,it ITA,GK,Lazio,it Serie A,29,1994,30,30,"2,699",30.0,0,0,0,0,0,0,0,0,0.00,0.00,0.00,0.00,0.00
2242,Marc Pubill,es ESP,DF,Almería,es La Liga,20,2003,23,22,"1,883",20.9,1,3,4,1,0,0,2,0,0.05,0.14,0.19,0.05,0.19
2243,Gustavo Puerta,co COL,MF,Leverkusen,de Bundesliga,20,2003,7,0,46,0.5,0,0,0,0,0,0,0,0,0.00,0.00,0.00,0.00,0.00
2244,Antonio Puertas,es ESP,"MF,FW",Granada,es La Liga,31,1992,27,6,730,8.1,0,2,2,0,0,2,3,1,0.00,0.25,0.25,0.00,0.25
2245,Arnau Puigmal,es ESP,"MF,DF",Almería,es La Liga,22,2001,11,3,255,2.8,0,0,0,0,0,0,3,0,0.00,0.00,0.00,0.00,0.00
2246,Christian Pulisic,us USA,"MF,FW",Milan,it Serie A,24,1998,36,32,"2,602",28.9,12,8,20,12,0,0,2,0,0.42,0.28,0.69,0.42,0.69
2247,George Pușcaș,ro ROU,FW,Genoa,it Serie A,27,1996,8,1,191,2.1,0,0,0,0,0,0,0,0,0.00,0.00,0.00,0.00,0.00
2248,Jarell Quansah,eng ENG,DF,Liverpool,eng Premier League,20,2003,17,13,"1,190",13.2,2,0,2,2,0,0,1,0,0.15,0.00,0.15,0.15,0.15
2249,Domingos Quina,pt POR,MF,Udinese,it Serie A,23,1999,2,0,13,0.1,0,0,0,0,0,0,0,0,0.00,0.00,0.00,0.00,0.00
2250,Adrien Rabiot,fr FRA,MF,Juventus,it Serie A,28,1995,31,30,"2,651",29.5,5,3,8,5,0,0,8,0,0.17,0.10,0.27,0.17,0.27
2251,Uroš Račić,rs SRB,MF,Sassuolo,it Serie A,25,1998,22,8,820,9.1,1,1,2,1,0,0,1,0,0.11,0.11,0.22,0.11,0.22
2252,Nemanja Radonjić,rs SRB,MF,Torino,it Serie A,27,1996,10,4,374,4.2,3,0,3,3,0,0,1,0,0.72,0.00,0.72,0.72,0.72
2253,Nemanja Radonjić,rs SRB,MF,Mallorca,es La Liga,27,1996,11,4,353,3.9,0,0,0,0,0,0,0,0,0.00,0.00,0.00,0.00,0.00
2254,Aleksandar Radovanović,rs SRB,DF,Almería,es La Liga,29,1993,9,8,569,6.3,0,0,0,0,0,0,2,0,0.00,0.00,0.00,0.00,0.00
2255,Ionuț Radu,ro ROU,GK,Bournemouth,eng Premier League,26,1997,2,2,180,2.0,0,0,0,0,0,0,0,0,0.00,0.00,0.00,0.00,0.00
2256,Boris Radunović,rs SRB,GK,Cagliari,it Serie A,27,1996,7,7,630,7.0,0,0,0,0,0,0,0,0,0.00,0.00,0.00,0.00,0.00
2257,Hamza Rafia,tn TUN,MF,Lecce,it Serie A,24,1999,28,17,"1,204",13.4,1,0,1,1,0,0,4,0,0.07,0.00,0.07,0.07,0.07
2258,Abdellah Raihani,ma MAR,FW,Atlético Madrid,es La Liga,19,2004,1,0,10,0.1,0,0,0,0,0,0,0,0,0.00,0.00,0.00,0.00,0.00
2259,Antonio Raillo,es ESP,DF,Mallorca,es La Liga,31,1991,26,25,"2,195",24.4,3,2,5,3,0,0,6,1,0.12,0.08,0.21,0.12,0.21
2260,Luca Raimund,de GER,MF,Stuttgart,de Bundesliga,18,2005,3,0,30,0.3,0,0,0,0,0,0,1,0,0.00,0.00,0.00,0.00,0.00
2261,Predrag Rajković,rs SRB,GK,Mallorca,es La Liga,27,1995,36,36,"3,240",36.0,0,0,0,0,0,0,2,0,0.00,0.00,0.00,0.00,0.00
2262,Player,Nation,Pos,Squad,Comp,Age,Born,MP,Starts,Min,90s,Gls,Ast,G+A,G-PK,PK,PKatt,CrdY,CrdR,Gls,Ast,G+A,G-PK,G+A-PK
2263,Jesurun Rak Sakyi,eng ENG,"FW,MF",Crystal Palace,eng Premier League,20,2002,6,0,136,1.5,0,0,0,0,0,0,0,0,0.00,0.00,0.00,0.00,0.00
2264,Ivan Rakitić,hr CRO,MF,Sevilla,es La Liga,35,1988,18,16,"1,425",15.8,2,1,3,2,0,0,6,0,0.13,0.06,0.19,0.13,0.19
2265,Ylber Ramadani,al ALB,MF,Lecce,it Serie A,27,1996,34,34,"2,970",33.0,1,0,1,1,0,0,13,0,0.03,0.00,0.03,0.03,0.03
2266,Largie Ramazani,be BEL,"MF,FW",Almería,es La Liga,22,2001,29,16,"1,555",17.3,3,5,8,3,0,0,11,2,0.17,0.29,0.46,0.17,0.46
2267,Benito Ramírez,es ESP,MF,Las Palmas,es La Liga,28,1995,20,2,384,4.3,1,1,2,1,0,0,0,0,0.23,0.23,0.47,0.23,0.47
2268,Sandro Ramírez,es ESP,"FW,MF",Las Palmas,es La Liga,28,1995,27,21,"1,808",20.1,1,3,4,1,0,1,3,0,0.05,0.15,0.20,0.05,0.20
2269,Chris Ramos,es ESP,FW,Cádiz,es La Liga,26,1997,37,30,"2,612",29.0,5,1,6,5,0,0,5,0,0.17,0.03,0.21,0.17,0.21
2270,Gonçalo Ramos,pt POR,FW,Paris Saint-Germain,fr Ligue 1,22,2001,29,16,"1,419",15.8,11,1,12,10,1,1,1,0,0.70,0.06,0.76,0.63,0.70
2271,Sergio Ramos,es ESP,DF,Sevilla,es La Liga,37,1986,28,28,"2,517",28.0,3,0,3,3,0,0,7,1,0.11,0.00,0.11,0.11,0.11
2272,Aaron Ramsdale,eng ENG,GK,Arsenal,eng Premier League,25,1998,6,6,540,6.0,0,0,0,0,0,0,0,0,0.00,0.00,0.00,0.00,0.00
2273,Aaron Ramsey,eng ENG,MF,Burnley,eng Premier League,20,2003,14,5,527,5.9,0,0,0,0,0,0,1,0,0.00,0.00,0.00,0.00,0.00
2274,Jacob Ramsey,eng ENG,MF,Aston Villa,eng Premier League,22,2001,16,8,853,9.5,1,1,2,1,0,0,2,0,0.11,0.11,0.21,0.11,0.21
2275,Luca Ranieri,it ITA,DF,Fiorentina,it Serie A,24,1999,26,23,"2,065",22.9,2,1,3,2,0,0,14,0,0.09,0.04,0.13,0.09,0.13
2276,Filippo Ranocchia,it ITA,MF,Empoli,it Serie A,22,2001,9,5,476,5.3,0,0,0,0,0,0,3,0,0.00,0.00,0.00,0.00,0.00
2277,Grant Ranos,am ARM,FW,Gladbach,de Bundesliga,20,2003,9,0,49,0.5,0,0,0,0,0,0,0,0,0.00,0.00,0.00,0.00,0.00
2278,Raphinha,br BRA,"FW,MF",Barcelona,es La Liga,26,1996,28,17,"1,368",15.2,6,9,15,5,1,1,4,1,0.39,0.59,0.99,0.33,0.92
2279,Nicolai Rapp,de GER,DF,Werder Bremen,de Bundesliga,26,1996,2,1,76,0.8,0,0,0,0,0,0,1,0,0.00,0.00,0.00,0.00,0.00
2280,Elba Rashani,xk KVX,"MF,FW",Clermont Foot,fr Ligue 1,30,1993,24,14,"1,175",13.1,2,0,2,2,0,0,4,2,0.15,0.00,0.15,0.15,0.15
2281,Marcus Rashford,eng ENG,"MF,FW",Manchester Utd,eng Premier League,25,1997,33,26,"2,271",25.2,7,2,9,5,2,2,2,0,0.28,0.08,0.36,0.20,0.28
2282,Giacomo Raspadori,it ITA,FW,Napoli,it Serie A,23,2000,37,14,"1,584",17.6,5,3,8,5,0,1,0,0,0.28,0.17,0.45,0.28,0.45
2283,Andrei Ratiu,ro ROU,"DF,MF",Rayo Vallecano,es La Liga,25,1998,12,6,630,7.0,0,0,0,0,0,0,1,0,0.00,0.00,0.00,0.00,0.00
2284,Raúl,es ESP,FW,Osasuna,es La Liga,22,2000,35,13,"1,355",15.1,6,1,7,6,0,0,4,0,0.40,0.07,0.46,0.40,0.46
2285,David Raum,de GER,DF,RB Leipzig,de Bundesliga,25,1998,31,31,"2,739",30.4,2,8,10,2,0,0,6,0,0.07,0.26,0.33,0.07,0.33
2286,Federico Ravaglia,it ITA,GK,Bologna,it Serie A,23,1999,6,6,535,5.9,0,0,0,0,0,0,0,0,0.00,0.00,0.00,0.00,0.00
2287,David Raya,es ESP,GK,Arsenal,eng Premier League,27,1995,32,32,"2,880",32.0,0,0,0,0,0,0,2,0,0.00,0.00,0.00,0.00,0.00
2288,Player,Nation,Pos,Squad,Comp,Age,Born,MP,Starts,Min,90s,Gls,Ast,G+A,G-PK,PK,PKatt,CrdY,CrdR,Gls,Ast,G+A,G-PK,G+A-PK
2289,Tim Ream,us USA,DF,Fulham,eng Premier League,35,1987,18,17,"1,503",16.7,1,0,1,1,0,0,4,1,0.06,0.00,0.06,0.06,0.06
2290,Abde Rebbach,dz ALG,MF,Alavés,es La Liga,24,1998,23,6,722,8.0,1,0,1,1,0,0,1,0,0.12,0.00,0.12,0.12,0.12
2291,Nathan Redmond,eng ENG,"FW,MF",Burnley,eng Premier League,29,1994,12,0,142,1.6,0,0,0,0,0,0,1,0,0.00,0.00,0.00,0.00,0.00
2292,Harrison Reed,eng ENG,MF,Fulham,eng Premier League,28,1995,27,15,"1,325",14.7,0,2,2,0,0,0,6,0,0.00,0.14,0.14,0.00,0.14
2293,Sergio Reguilón,es ESP,DF,Manchester Utd,eng Premier League,26,1996,9,4,412,4.6,0,0,0,0,0,0,3,0,0.00,0.00,0.00,0.00,0.00
2294,Sergio Reguilón,es ESP,"MF,DF",Brentford,eng Premier League,26,1996,16,14,"1,118",12.4,0,4,4,0,0,0,4,1,0.00,0.32,0.32,0.00,0.32
2295,Tijjani Reijnders,nl NED,MF,Milan,it Serie A,25,1998,36,33,"2,820",31.3,3,3,6,3,0,0,8,0,0.10,0.10,0.19,0.10,0.19
2296,Pepe Reina,es ESP,GK,Villarreal,es La Liga,40,1982,2,2,180,2.0,0,0,0,0,0,0,2,1,0.00,0.00,0.00,0.00,0.00
2297,Reinier,br BRA,"MF,FW",Frosinone,it Serie A,21,2002,22,13,"1,059",11.8,2,2,4,2,0,0,3,0,0.17,0.17,0.34,0.17,0.34
2298,Rocco Reitz,de GER,MF,Gladbach,de Bundesliga,21,2002,34,24,"2,136",23.7,6,3,9,6,0,0,2,0,0.25,0.13,0.38,0.25,0.38
2299,Álex Remiro,es ESP,GK,Real Sociedad,es La Liga,28,1995,37,37,"3,275",36.4,0,0,0,0,0,0,3,1,0.00,0.00,0.00,0.00,0.00
2300,Guillaume Restes,fr FRA,GK,Toulouse,fr Ligue 1,18,2005,34,34,"3,060",34.0,0,0,0,0,0,0,3,0,0.00,0.00,0.00,0.00,0.00
2301,Mateo Retegui,it ITA,FW,Genoa,it Serie A,24,1999,29,26,"2,216",24.6,7,2,9,6,1,1,5,0,0.28,0.08,0.37,0.24,0.32
2302,Marco Reus,de GER,MF,Dortmund,de Bundesliga,34,1989,26,18,"1,601",17.8,6,8,14,6,0,0,2,0,0.34,0.45,0.79,0.34,0.79
2303,Elvis Rexhbeçaj,xk KVX,MF,Augsburg,de Bundesliga,25,1997,25,24,"1,985",22.1,2,0,2,1,1,1,4,0,0.09,0.00,0.09,0.05,0.05
2304,Gio Reyna,us USA,MF,Nottingham Forest,eng Premier League,20,2002,9,2,235,2.6,0,1,1,0,0,0,0,0,0.00,0.38,0.38,0.00,0.38
2305,Gio Reyna,us USA,MF,Dortmund,de Bundesliga,20,2002,11,1,280,3.1,0,0,0,0,0,0,1,0,0.00,0.00,0.00,0.00,0.00
2306,Chadi Riad,ma MAR,DF,Real Betis,es La Liga,20,2003,26,24,"2,164",24.0,0,0,0,0,0,0,1,0,0.00,0.00,0.00,0.00,0.00
2307,Alexsandro Ribeiro,br BRA,DF,Lille,fr Ligue 1,23,1999,29,24,"2,220",24.7,0,0,0,0,0,0,6,1,0.00,0.00,0.00,0.00,0.00
2308,Rodrigo Ribeiro,pt POR,FW,Nottingham Forest,eng Premier League,18,2005,4,0,17,0.2,0,0,0,0,0,0,0,0,0.00,0.00,0.00,0.00,0.00
2309,Samuele Ricci,it ITA,MF,Torino,it Serie A,21,2001,32,28,"2,395",26.6,1,2,3,1,0,0,8,1,0.04,0.08,0.11,0.04,0.11
2310,Declan Rice,eng ENG,MF,Arsenal,eng Premier League,24,1999,38,37,"3,225",35.8,7,8,15,7,0,0,5,0,0.20,0.22,0.42,0.20,0.42
2311,Chris Richards,us USA,"DF,MF",Crystal Palace,eng Premier League,23,2000,26,23,"2,094",23.3,1,1,2,1,0,0,3,0,0.04,0.04,0.09,0.04,0.09
2312,Amir Richardson,ma MAR,MF,Reims,fr Ligue 1,21,2002,28,14,"1,352",15.0,3,1,4,3,0,0,4,0,0.20,0.07,0.27,0.20,0.27
2313,Richarlison,br BRA,"FW,MF",Tottenham Hotspur,eng Premier League,26,1997,28,18,"1,491",16.6,11,4,15,11,0,0,3,0,0.66,0.24,0.91,0.66,0.91
2314,Player,Nation,Pos,Squad,Comp,Age,Born,MP,Starts,Min,90s,Gls,Ast,G+A,G-PK,PK,PKatt,CrdY,CrdR,Gls,Ast,G+A,G-PK,G+A-PK
2315,Marco Richter,de GER,MF,Mainz 05,de Bundesliga,25,1997,20,7,717,8.0,1,0,1,1,0,0,3,0,0.13,0.00,0.13,0.13,0.13
2316,Diego Rico,es ESP,DF,Getafe,es La Liga,30,1993,32,28,"2,535",28.2,0,7,7,0,0,0,10,0,0.00,0.25,0.25,0.00,0.25
2317,Clemens Riedel,de GER,"DF,MF",Darmstadt 98,de Bundesliga,20,2003,14,9,755,8.4,0,0,0,0,0,0,2,0,0.00,0.00,0.00,0.00,0.00
2318,Fabian Rieder,ch SUI,MF,Rennes,fr Ligue 1,21,2002,15,2,365,4.1,1,0,1,1,0,0,0,0,0.25,0.00,0.25,0.25,0.25
2319,Jaïro Riedewald,nl NED,MF,Crystal Palace,eng Premier League,26,1996,9,2,235,2.6,0,0,0,0,0,0,0,0,0.00,0.00,0.00,0.00,0.00
2320,Manuel Riemann,de GER,GK,Bochum,de Bundesliga,34,1988,33,33,"2,970",33.0,0,0,0,0,0,0,5,0,0.00,0.00,0.00,0.00,0.00
2321,Luis Rioja,es ESP,MF,Alavés,es La Liga,29,1993,37,31,"2,498",27.8,5,4,9,2,3,4,4,0,0.18,0.14,0.32,0.07,0.22
2322,Rémy Riou,fr FRA,GK,Lyon,fr Ligue 1,35,1987,3,3,270,3.0,0,0,0,0,0,0,0,0,0.00,0.00,0.00,0.00,0.00
2323,Rodrigo Riquelme,es ESP,"MF,DF",Atlético Madrid,es La Liga,23,2000,34,17,"1,528",17.0,3,5,8,3,0,0,1,0,0.18,0.29,0.47,0.18,0.47
2324,Alberto Risco,es ESP,MF,Getafe,es La Liga,17,2005,4,1,137,1.5,0,0,0,0,0,0,0,0,0.00,0.00,0.00,0.00,0.00
2325,Mihailo Ristić,rs SRB,"DF,MF",Celta Vigo,es La Liga,27,1995,12,9,808,9.0,0,0,0,0,0,0,2,0,0.00,0.00,0.00,0.00,0.00
2326,Matt Ritchie,sct SCO,"DF,MF",Newcastle United,eng Premier League,33,1989,13,0,128,1.4,1,0,1,1,0,0,1,0,0.70,0.00,0.70,0.70,0.70
2327,Gorka Rivera Alonso,es ESP,DF,Getafe,es La Liga,18,2004,1,0,3,0.0,0,0,0,0,0,0,0,0,0.00,0.00,0.00,0.00,0.00
2328,Sergi Roberto,es ESP,"MF,DF",Barcelona,es La Liga,31,1992,14,10,860,9.6,3,2,5,3,0,0,4,0,0.31,0.21,0.52,0.31,0.52
2329,Lucas Robertone,ar ARG,MF,Almería,es La Liga,26,1997,33,29,"2,381",26.5,0,5,5,0,0,0,11,0,0.00,0.19,0.19,0.00,0.19
2330,Connor Roberts,wls WAL,DF,Burnley,eng Premier League,27,1995,14,8,823,9.1,0,1,1,0,0,0,5,1,0.00,0.11,0.11,0.00,0.11
2331,Andrew Robertson,sct SCO,DF,Liverpool,eng Premier League,29,1994,23,18,"1,693",18.8,3,2,5,3,0,0,2,0,0.16,0.11,0.27,0.16,0.27
2332,Antonee Robinson,us USA,DF,Fulham,eng Premier League,25,1997,37,37,"3,265",36.3,0,6,6,0,0,0,6,0,0.00,0.17,0.17,0.00,0.17
2333,Jack Robinson,eng ENG,DF,Sheffield United,eng Premier League,29,1993,34,31,"2,885",32.1,1,1,2,1,0,0,10,0,0.03,0.03,0.06,0.03,0.06
2334,Marc Roca,es ESP,MF,Real Betis,es La Liga,26,1996,26,24,"1,980",22.0,2,2,4,2,0,0,5,0,0.09,0.09,0.18,0.09,0.18
2335,Sebastian Rode,de GER,MF,Eintracht Frankfurt,de Bundesliga,32,1990,8,1,61,0.7,0,0,0,0,0,0,0,0,0.00,0.00,0.00,0.00,0.00
2336,Sergio Rodelas,es ESP,"MF,FW",Granada,es La Liga,18,2004,3,2,122,1.4,0,1,1,0,0,0,0,0,0.00,0.74,0.74,0.00,0.74
2337,Rodri,es ESP,"MF,DF",Manchester City,eng Premier League,27,1996,34,34,"2,931",32.6,8,9,17,8,0,0,8,1,0.25,0.28,0.52,0.25,0.52
2338,Rodri,es ESP,MF,Real Betis,es La Liga,23,2000,29,9,"1,051",11.7,0,0,0,0,0,0,0,0,0.00,0.00,0.00,0.00,0.00
2339,Álvaro Rodríguez,uy URU,FW,Real Madrid,es La Liga,19,2004,1,0,1,0.0,0,0,0,0,0,0,0,0,0.00,0.00,0.00,0.00,0.00
2340,Player,Nation,Pos,Squad,Comp,Age,Born,MP,Starts,Min,90s,Gls,Ast,G+A,G-PK,PK,PKatt,CrdY,CrdR,Gls,Ast,G+A,G-PK,G+A-PK
2341,Óscar Rodríguez Arnaiz,es ESP,"MF,FW",Getafe,es La Liga,25,1998,24,9,967,10.7,2,1,3,2,0,0,9,0,0.19,0.09,0.28,0.19,0.28
2342,Damián Rodríguez,es ESP,MF,Celta Vigo,es La Liga,20,2003,5,3,258,2.9,0,2,2,0,0,0,1,0,0.00,0.70,0.70,0.00,0.70
2343,Dani Rodríguez,es ESP,MF,Mallorca,es La Liga,35,1988,36,31,"2,615",29.1,2,4,6,2,0,0,9,0,0.07,0.14,0.21,0.07,0.21
2344,Guido Rodríguez,ar ARG,MF,Real Betis,es La Liga,29,1994,24,22,"1,846",20.5,2,0,2,2,0,0,6,0,0.10,0.00,0.10,0.10,0.10
2345,Jay Rodriguez,eng ENG,FW,Burnley,eng Premier League,34,1989,21,7,822,9.1,2,1,3,1,1,1,0,0,0.22,0.11,0.33,0.11,0.22
2346,Kirian Rodríguez,es ESP,MF,Las Palmas,es La Liga,27,1996,37,36,"3,211",35.7,6,2,8,6,0,0,8,0,0.17,0.06,0.22,0.17,0.22
2347,Miguel Rodríguez,es ESP,MF,Celta Vigo,es La Liga,20,2003,15,2,300,3.3,0,0,0,0,0,0,2,0,0.00,0.00,0.00,0.00,0.00
2348,Ricardo Rodríguez,ch SUI,"DF,MF",Torino,it Serie A,30,1992,35,34,"2,772",30.8,1,2,3,1,0,0,4,0,0.03,0.06,0.10,0.03,0.10
2349,Rodrygo,br BRA,FW,Real Madrid,es La Liga,22,2001,34,28,"2,380",26.4,10,5,15,10,0,1,2,0,0.38,0.19,0.57,0.38,0.57
2350,Mads Roerslev,dk DEN,"MF,DF",Brentford,eng Premier League,24,1999,34,22,"1,985",22.1,1,2,3,1,0,0,1,0,0.05,0.09,0.14,0.05,0.14
2351,Rogério,br BRA,"DF,MF",Wolfsburg,de Bundesliga,25,1998,13,10,906,10.1,1,0,1,1,0,0,0,0,0.10,0.00,0.10,0.10,0.10
2352,Morgan Rogers,eng ENG,MF,Aston Villa,eng Premier League,21,2002,11,8,638,7.1,3,1,4,3,0,0,3,0,0.42,0.14,0.56,0.42,0.56
2353,Merlin Röhl,de GER,"MF,FW",Freiburg,de Bundesliga,21,2002,24,17,"1,477",16.4,2,4,6,2,0,0,3,1,0.12,0.24,0.37,0.12,0.37
2354,Alessio Romagnoli,it ITA,DF,Lazio,it Serie A,28,1995,29,26,"2,411",26.8,0,0,0,0,0,0,9,0,0.00,0.00,0.00,0.00,0.00
2355,Simone Romagnoli,it ITA,DF,Frosinone,it Serie A,33,1990,33,30,"2,715",30.2,1,1,2,1,0,0,6,0,0.03,0.03,0.07,0.03,0.07
2356,Carlos Romero,es ESP,DF,Villarreal,es La Liga,21,2001,7,2,262,2.9,0,0,0,0,0,0,1,0,0.00,0.00,0.00,0.00,0.00
2357,Cristian Romero,ar ARG,DF,Tottenham Hotspur,eng Premier League,25,1998,33,33,"2,790",31.0,5,0,5,5,0,0,7,1,0.16,0.00,0.16,0.16,0.16
2358,Isaac Romero,es ESP,FW,Sevilla,es La Liga,23,2000,14,14,"1,039",11.5,4,4,8,4,0,0,2,0,0.35,0.35,0.69,0.35,0.69
2359,Luka Romero,ar ARG,MF,Milan,it Serie A,18,2004,4,0,88,1.0,0,0,0,0,0,0,1,0,0.00,0.00,0.00,0.00,0.00
2360,Luka Romero,ar ARG,MF,Almería,es La Liga,18,2004,13,5,438,4.9,3,0,3,3,0,0,2,0,0.62,0.00,0.62,0.62,0.62
2361,Oriol Romeu,es ESP,MF,Barcelona,es La Liga,31,1991,28,11,936,10.4,0,1,1,0,0,0,4,0,0.00,0.10,0.10,0.00,0.10
2362,Valentin Rongier,fr FRA,MF,Marseille,fr Ligue 1,28,1994,10,10,851,9.5,0,0,0,0,0,0,2,0,0.00,0.00,0.00,0.00,0.00
2363,Frank Ronstadt,de GER,"DF,MF",Darmstadt 98,de Bundesliga,26,1997,4,0,76,0.8,0,0,0,0,0,0,0,0,0.00,0.00,0.00,0.00,0.00
2364,Marten de Roon,nl NED,"MF,DF",Atalanta,it Serie A,32,1991,30,29,"2,599",28.9,0,5,5,0,0,0,10,0,0.00,0.17,0.17,0.00,0.17
2365,Unai Ropero,es ESP,FW,Alavés,es La Liga,21,2001,1,0,5,0.1,0,0,0,0,0,0,0,0,0.00,0.00,0.00,0.00,0.00
2366,Player,Nation,Pos,Squad,Comp,Age,Born,MP,Starts,Min,90s,Gls,Ast,G+A,G-PK,PK,PKatt,CrdY,CrdR,Gls,Ast,G+A,G-PK,G+A-PK
2367,Vitor Roque,br BRA,FW,Barcelona,es La Liga,18,2005,14,2,328,3.6,2,0,2,2,0,0,4,1,0.55,0.00,0.55,0.55,0.55
2368,Pablo Rosario,do DOM,"MF,DF",Nice,fr Ligue 1,26,1997,30,21,"2,009",22.3,0,0,0,0,0,0,4,0,0.00,0.00,0.00,0.00,0.00
2369,Valentin Rosier,fr FRA,"DF,MF",Nice,fr Ligue 1,26,1996,3,0,53,0.6,0,0,0,0,0,0,0,0,0.00,0.00,0.00,0.00,0.00
2370,Francesco Rossi,it ITA,GK,Atalanta,it Serie A,32,1991,1,0,5,0.1,0,0,0,0,0,0,0,0,0.00,0.00,0.00,0.00,0.00
2371,Joe Rothwell,eng ENG,MF,Bournemouth,eng Premier League,28,1995,11,3,386,4.3,0,0,0,0,0,0,0,0,0.00,0.00,0.00,0.00,0.00
2372,Anthony Rouault,fr FRA,DF,Stuttgart,de Bundesliga,22,2001,22,11,"1,010",11.2,0,2,2,0,0,0,3,0,0.00,0.18,0.18,0.00,0.18
2373,Jérôme Roussillon,fr FRA,"DF,MF",Union Berlin,de Bundesliga,30,1993,23,8,752,8.4,0,1,1,0,0,0,2,0,0.00,0.12,0.12,0.00,0.12
2374,Nicolò Rovella,it ITA,MF,Lazio,it Serie A,21,2001,23,16,"1,318",14.6,0,2,2,0,0,0,6,0,0.00,0.14,0.14,0.00,0.14
2375,Amir Rrahmani,xk KVX,DF,Napoli,it Serie A,29,1994,30,30,"2,600",28.9,3,0,3,3,0,0,5,0,0.10,0.00,0.10,0.10,0.10
2376,Ruan,br BRA,DF,Sassuolo,it Serie A,24,1999,26,16,"1,516",16.8,0,0,0,0,0,0,7,1,0.00,0.00,0.00,0.00,0.00
2377,Pelly Ruddock Mpanzu,cd COD,MF,Luton Town,eng Premier League,30,1993,27,11,"1,101",12.2,0,0,0,0,0,0,1,0,0.00,0.00,0.00,0.00,0.00
2378,Antonio Rüdiger,de GER,DF,Real Madrid,es La Liga,30,1993,33,30,"2,709",30.1,1,0,1,1,0,0,7,0,0.03,0.00,0.03,0.03,0.03
2379,Fabian Rüdlin,de GER,MF,Freiburg,de Bundesliga,26,1997,1,0,7,0.1,0,0,0,0,0,0,0,0,0.00,0.00,0.00,0.00,0.00
2380,Javier Rueda Garcia,es ESP,DF,Celta Vigo,es La Liga,21,2002,1,0,20,0.2,0,0,0,0,0,0,0,0,0.00,0.00,0.00,0.00,0.00
2381,Daniele Rugani,it ITA,DF,Juventus,it Serie A,29,1994,17,13,"1,187",13.2,2,0,2,2,0,0,2,0,0.15,0.00,0.15,0.15,0.15
2382,Matteo Ruggeri,it ITA,MF,Atalanta,it Serie A,21,2002,34,28,"2,449",27.2,0,4,4,0,0,0,3,0,0.00,0.15,0.15,0.00,0.15
2383,Mário Rui,pt POR,DF,Napoli,it Serie A,32,1991,21,14,"1,205",13.4,0,2,2,0,0,0,7,1,0.00,0.15,0.15,0.00,0.15
2384,Aitor Ruibal,es ESP,"DF,MF",Real Betis,es La Liga,27,1996,18,11,"1,017",11.3,2,1,3,2,0,0,5,0,0.18,0.09,0.27,0.18,0.27
2385,Fabián Ruiz Peña,es ESP,MF,Paris Saint-Germain,fr Ligue 1,27,1996,21,14,"1,197",13.3,1,3,4,1,0,0,3,0,0.08,0.23,0.30,0.08,0.30
2386,Sergio Ruiz,es ESP,MF,Granada,es La Liga,28,1994,35,30,"2,494",27.7,0,4,4,0,0,0,9,0,0.00,0.14,0.14,0.00,0.14
2387,Julian Ryerson,no NOR,DF,Dortmund,de Bundesliga,25,1997,21,20,"1,767",19.6,4,1,5,4,0,0,3,0,0.20,0.05,0.25,0.20,0.25
2388,Frederik Rønnow,dk DEN,GK,Union Berlin,de Bundesliga,30,1992,33,33,"2,970",33.0,0,0,0,0,0,0,2,0,0.00,0.00,0.00,0.00,0.00
2389,José Sá,pt POR,GK,Wolves,eng Premier League,30,1993,35,35,"3,037",33.7,0,1,1,0,0,0,1,0,0.00,0.03,0.03,0.00,0.03
2390,Youssouf Sabaly,sn SEN,DF,Real Betis,es La Liga,30,1993,12,12,"1,046",11.6,0,1,1,0,0,0,2,0,0.00,0.09,0.09,0.00,0.09
2391,Emmanuel Sabbi,us USA,"MF,FW",Le Havre,fr Ligue 1,25,1997,30,18,"1,584",17.6,5,1,6,3,2,2,5,0,0.28,0.06,0.34,0.17,0.23
2392,Player,Nation,Pos,Squad,Comp,Age,Born,MP,Starts,Min,90s,Gls,Ast,G+A,G-PK,PK,PKatt,CrdY,CrdR,Gls,Ast,G+A,G-PK,G+A-PK
2393,Stefano Sabelli,it ITA,"MF,DF",Genoa,it Serie A,30,1993,32,30,"2,429",27.0,0,1,1,0,0,0,5,0,0.00,0.04,0.04,0.00,0.04
2394,Marcel Sabitzer,at AUT,MF,Dortmund,de Bundesliga,29,1994,25,23,"1,961",21.8,4,3,7,3,1,1,3,1,0.18,0.14,0.32,0.14,0.28
2395,Falaye Sacko,ml MLI,DF,Montpellier,fr Ligue 1,28,1995,19,15,"1,382",15.4,0,1,1,0,0,0,0,0,0.00,0.07,0.07,0.00,0.07
2396,Dominic Sadi,eng ENG,MF,Bournemouth,eng Premier League,19,2003,1,0,1,0.0,0,0,0,0,0,0,0,0,0.00,0.00,0.00,0.00,0.00
2397,Umar Sadiq,ng NGA,FW,Real Sociedad,es La Liga,26,1997,26,12,"1,077",12.0,3,1,4,3,0,0,4,0,0.25,0.08,0.33,0.25,0.33
2398,Alexis Saelemaekers,be BEL,MF,Bologna,it Serie A,24,1999,30,21,"1,887",21.0,4,2,6,4,0,0,7,1,0.19,0.10,0.29,0.19,0.29
2399,Pablo Saenz,es ESP,MF,Granada,es La Liga,22,2001,1,0,19,0.2,0,0,0,0,0,0,0,0,0.00,0.00,0.00,0.00,0.00
2400,Modibo Sagnan,ml MLI,DF,Montpellier,fr Ligue 1,24,1999,13,12,"1,054",11.7,2,0,2,2,0,0,5,0,0.17,0.00,0.17,0.17,0.17
2401,Moïse Sahi Dion,ci CIV,"MF,FW",Strasbourg,fr Ligue 1,21,2001,18,7,628,7.0,3,1,4,3,0,0,0,0,0.43,0.14,0.57,0.43,0.57
2402,Wesley Saïd,fr FRA,FW,Lens,fr Ligue 1,28,1995,27,11,"1,020",11.3,7,1,8,7,0,0,1,0,0.62,0.09,0.71,0.62,0.71
2403,Théo Sainte-Luce,fr FRA,DF,Montpellier,fr Ligue 1,24,1998,6,3,346,3.8,0,0,0,0,0,0,1,0,0.00,0.00,0.00,0.00,0.00
2404,Bukayo Saka,eng ENG,FW,Arsenal,eng Premier League,21,2001,35,35,"2,919",32.4,16,9,25,10,6,6,4,0,0.49,0.28,0.77,0.31,0.59
2405,Mamadou Sakho,fr FRA,DF,Montpellier,fr Ligue 1,33,1990,1,0,7,0.1,0,0,0,0,0,0,0,0,0.00,0.00,0.00,0.00,0.00
2406,Ibrahim Salah,ma MAR,"MF,FW",Rennes,fr Ligue 1,21,2001,23,4,524,5.8,4,1,5,4,0,0,3,0,0.69,0.17,0.86,0.69,0.86
2407,Mohamed Salah,eg EGY,FW,Liverpool,eng Premier League,31,1992,32,28,"2,534",28.2,18,10,28,13,5,7,2,0,0.64,0.36,0.99,0.46,0.82
2408,Amine Salama,fr FRA,FW,Reims,fr Ligue 1,23,2000,11,2,313,3.5,0,0,0,0,0,0,0,0,0.00,0.00,0.00,0.00,0.00
2409,Kike Salas,es ESP,DF,Sevilla,es La Liga,21,2002,23,19,"1,605",17.8,3,0,3,3,0,0,10,0,0.17,0.00,0.17,0.17,0.17
2410,William Saliba,fr FRA,DF,Arsenal,eng Premier League,22,2001,38,38,"3,420",38.0,2,1,3,2,0,0,4,0,0.05,0.03,0.08,0.05,0.08
2411,Mohammed Salisu,gh GHA,DF,Monaco,fr Ligue 1,24,1999,12,11,"1,035",11.5,0,1,1,0,0,0,2,0,0.00,0.09,0.09,0.00,0.09
2412,Roland Sallai,hu HUN,"MF,FW",Freiburg,de Bundesliga,26,1997,27,22,"1,840",20.4,3,2,5,3,0,1,6,0,0.15,0.10,0.24,0.15,0.24
2413,Yoann Salmier,gf GUF,DF,Le Havre,fr Ligue 1,30,1992,20,18,"1,568",17.4,1,1,2,1,0,0,3,0,0.06,0.06,0.11,0.06,0.11
2414,Salvi,es ESP,MF,Rayo Vallecano,es La Liga,32,1991,1,0,28,0.3,0,0,0,0,0,0,0,0,0.00,0.00,0.00,0.00,0.00
2415,Lazar Samardzic,rs SRB,MF,Udinese,it Serie A,21,2002,34,28,"2,372",26.4,6,2,8,5,1,1,3,0,0.23,0.08,0.30,0.19,0.27
2416,Diadie Samassékou,ml MLI,MF,Cádiz,es La Liga,27,1996,4,0,92,1.0,0,0,0,0,0,0,0,0,0.00,0.00,0.00,0.00,0.00
2417,Diadie Samassékou,ml MLI,MF,Hoffenheim,de Bundesliga,27,1996,1,0,1,0.0,0,0,0,0,0,0,0,0,0.00,0.00,0.00,0.00,0.00
2418,Player,Nation,Pos,Squad,Comp,Age,Born,MP,Starts,Min,90s,Gls,Ast,G+A,G-PK,PK,PKatt,CrdY,CrdR,Gls,Ast,G+A,G-PK,G+A-PK
2419,Mama Samba Baldé,gw GNB,FW,Lyon,fr Ligue 1,27,1995,20,4,551,6.1,2,3,5,2,0,0,1,0,0.33,0.49,0.82,0.33,0.82
2420,Brice Samba,fr FRA,GK,Lens,fr Ligue 1,29,1994,33,33,"2,970",33.0,0,0,0,0,0,0,3,0,0.00,0.00,0.00,0.00,0.00
2421,Albert Sambi Lokonga,be BEL,MF,Luton Town,eng Premier League,23,1999,17,16,"1,303",14.5,1,3,4,1,0,0,4,0,0.07,0.21,0.28,0.07,0.28
2422,Junior Sambia,fr FRA,MF,Salernitana,it Serie A,26,1996,18,10,"1,032",11.5,1,2,3,1,0,0,4,0,0.09,0.17,0.26,0.09,0.26
2423,Fede San Emeterio,es ESP,MF,Cádiz,es La Liga,26,1997,4,3,152,1.7,1,0,1,1,0,0,1,1,0.59,0.00,0.59,0.59,0.59
2424,Antonio Sanabria,py PAR,FW,Torino,it Serie A,27,1996,35,23,"2,133",23.7,5,0,5,3,2,2,2,0,0.21,0.00,0.21,0.13,0.13
2425,Oihan Sancet,es ESP,MF,Athletic Club,es La Liga,23,2000,30,25,"1,975",21.9,4,5,9,4,0,1,5,2,0.18,0.23,0.41,0.18,0.41
2426,Renato Sanches,pt POR,MF,Roma,it Serie A,25,1997,7,1,146,1.6,1,0,1,1,0,0,2,0,0.62,0.00,0.62,0.62,0.62
2427,Ricard Sánchez,es ESP,DF,Granada,es La Liga,23,2000,33,25,"2,295",25.5,3,0,3,3,0,0,8,0,0.12,0.00,0.12,0.12,0.12
2428,Alexis Sánchez,cl CHI,FW,Inter,it Serie A,34,1988,23,6,763,8.5,2,5,7,1,1,1,0,0,0.24,0.59,0.83,0.12,0.71
2429,Antonio Sánchez,es ESP,MF,Mallorca,es La Liga,26,1997,29,21,"1,452",16.1,3,1,4,3,0,0,3,0,0.19,0.06,0.25,0.19,0.25
2430,Davinson Sánchez,co COL,DF,Tottenham Hotspur,eng Premier League,27,1996,1,0,77,0.9,0,0,0,0,0,0,1,0,0.00,0.00,0.00,0.00,0.00
2431,Juanlu Sánchez,es ESP,"DF,MF",Sevilla,es La Liga,19,2003,26,11,"1,181",13.1,0,2,2,0,0,0,2,0,0.00,0.15,0.15,0.00,0.15
2432,Manu Sánchez,es ESP,"DF,MF",Celta Vigo,es La Liga,22,2000,26,20,"1,775",19.7,0,5,5,0,0,0,3,0,0.00,0.25,0.25,0.00,0.25
2433,Robert Sánchez,es ESP,GK,Chelsea,eng Premier League,25,1997,16,16,"1,433",15.9,0,0,0,0,0,0,2,0,0.00,0.00,0.00,0.00,0.00
2434,Jadon Sancho,eng ENG,"FW,MF",Manchester Utd,eng Premier League,23,2000,3,0,79,0.9,0,0,0,0,0,0,0,0,0.00,0.00,0.00,0.00,0.00
2435,Jadon Sancho,eng ENG,"MF,FW",Dortmund,de Bundesliga,23,2000,14,11,947,10.5,2,2,4,2,0,0,1,0,0.19,0.19,0.38,0.19,0.38
2436,Alex Sandro,br BRA,DF,Juventus,it Serie A,32,1991,16,8,721,8.0,1,0,1,1,0,0,1,0,0.12,0.00,0.12,0.12,0.12
2437,Ibou Sané,sn SEN,FW,Metz,fr Ligue 1,18,2005,9,0,128,1.4,1,0,1,1,0,0,1,0,0.70,0.00,0.70,0.70,0.70
2438,Leroy Sané,de GER,MF,Bayern Munich,de Bundesliga,27,1996,27,25,"2,137",23.7,8,11,19,8,0,0,4,0,0.34,0.46,0.80,0.34,0.80
2439,Sadibou Sané,sn SEN,DF,Metz,fr Ligue 1,19,2004,14,9,846,9.4,0,0,0,0,0,0,1,0,0.00,0.00,0.00,0.00,0.00
2440,Arouna Sangante,sn SEN,DF,Le Havre,fr Ligue 1,21,2002,30,30,"2,687",29.9,0,0,0,0,0,0,8,0,0.00,0.00,0.00,0.00,0.00
2441,Ibrahim Sangaré,ci CIV,MF,Nottingham Forest,eng Premier League,25,1997,17,13,"1,035",11.5,0,0,0,0,0,0,6,0,0.00,0.00,0.00,0.00,0.00
2442,Morgan Sanson,fr FRA,MF,Nice,fr Ligue 1,28,1994,29,24,"1,964",21.8,2,3,5,2,0,0,4,0,0.09,0.14,0.23,0.09,0.23
2443,Nicola Sansone,it ITA,"MF,FW",Lecce,it Serie A,31,1991,25,4,767,8.5,2,2,4,2,0,0,4,0,0.23,0.23,0.47,0.23,0.47
2444,Player,Nation,Pos,Squad,Comp,Age,Born,MP,Starts,Min,90s,Gls,Ast,G+A,G-PK,PK,PKatt,CrdY,CrdR,Gls,Ast,G+A,G-PK,G+A-PK
2445,Baptiste Santamaria,fr FRA,MF,Rennes,fr Ligue 1,28,1995,30,22,"1,926",21.4,0,1,1,0,0,0,3,0,0.00,0.05,0.05,0.00,0.05
2446,Yellu Santiago,es ESP,MF,Getafe,es La Liga,19,2004,14,8,656,7.3,1,0,1,1,0,0,4,0,0.14,0.00,0.14,0.14,0.14
2447,Andrey Santos,br BRA,MF,Nottingham Forest,eng Premier League,19,2004,1,0,8,0.1,0,0,0,0,0,0,0,0,0.00,0.00,0.00,0.00,0.00
2448,Andrey Santos,br BRA,MF,Strasbourg,fr Ligue 1,19,2004,11,9,831,9.2,1,0,1,1,0,0,4,0,0.11,0.00,0.11,0.11,0.11
2449,Tiago Santos,pt POR,DF,Lille,fr Ligue 1,21,2002,29,26,"2,365",26.3,1,2,3,1,0,0,6,0,0.04,0.08,0.11,0.04,0.11
2450,Paco Sanz,es ESP,DF,Almería,es La Liga,18,2004,1,0,24,0.3,0,0,0,0,0,0,0,0,0.00,0.00,0.00,0.00,0.00
2451,Riccardo Saponara,it ITA,"MF,FW",Hellas Verona,it Serie A,31,1991,12,3,342,3.8,0,0,0,0,0,0,0,0,0.00,0.00,0.00,0.00,0.00
2452,Pablo Sarabia,es ESP,"MF,FW",Wolves,eng Premier League,31,1992,30,20,"1,745",19.4,4,7,11,2,2,2,5,0,0.21,0.36,0.57,0.10,0.46
2453,Amin Sarr,se SWE,FW,Lyon,fr Ligue 1,22,2001,3,1,98,1.1,0,0,0,0,0,0,0,0,0.00,0.00,0.00,0.00,0.00
2454,Amin Sarr,se SWE,"MF,FW",Wolfsburg,de Bundesliga,22,2001,14,2,386,4.3,0,0,0,0,0,0,0,0,0.00,0.00,0.00,0.00,0.00
2455,Bouna Sarr,sn SEN,DF,Bayern Munich,de Bundesliga,31,1992,2,1,106,1.2,0,0,0,0,0,0,0,0,0.00,0.00,0.00,0.00,0.00
2456,Ismaila Sarr,sn SEN,"MF,FW",Marseille,fr Ligue 1,25,1998,23,15,"1,447",16.1,3,4,7,3,0,0,1,0,0.19,0.25,0.44,0.19,0.44
2457,Mamadou Sarr,sn SEN,DF,Lyon,fr Ligue 1,17,2005,1,0,8,0.1,0,0,0,0,0,0,0,0,0.00,0.00,0.00,0.00,0.00
2458,Martin Satriano,uy URU,"FW,MF",Brest,fr Ligue 1,22,2001,33,21,"1,864",20.7,4,4,8,4,0,0,4,0,0.19,0.19,0.39,0.19,0.39
2459,Téji Savanier,fr FRA,MF,Montpellier,fr Ligue 1,31,1991,32,32,"2,765",30.7,9,6,15,2,7,7,8,1,0.29,0.20,0.49,0.07,0.26
2460,Stefan Savić,me MNE,DF,Atlético Madrid,es La Liga,32,1991,23,19,"1,630",18.1,0,0,0,0,0,0,7,1,0.00,0.00,0.00,0.00,0.00
2461,Sávio,br BRA,"MF,FW",Girona,es La Liga,19,2004,37,35,"2,976",33.1,9,10,19,9,0,0,5,0,0.27,0.30,0.57,0.27,0.57
2462,Zanos Savva,cy CYP,FW,Torino,it Serie A,17,2005,2,0,28,0.3,1,0,1,1,0,0,0,0,3.21,0.00,3.21,3.21,3.21
2463,Saba Sazonov,ge GEO,DF,Torino,it Serie A,21,2002,12,2,356,4.0,0,0,0,0,0,0,2,0,0.00,0.00,0.00,0.00,0.00
2464,Joe Scally,us USA,"DF,MF",Gladbach,de Bundesliga,20,2002,31,25,"2,236",24.8,1,4,5,1,0,0,4,0,0.04,0.16,0.20,0.04,0.20
2465,Giorgio Scalvini,it ITA,DF,Atalanta,it Serie A,19,2003,33,31,"2,544",28.3,1,3,4,1,0,0,3,0,0.04,0.11,0.14,0.04,0.14
2466,Gianluca Scamacca,it ITA,FW,Atalanta,it Serie A,24,1999,29,17,"1,453",16.1,12,6,18,12,0,0,1,0,0.74,0.37,1.11,0.74,1.11
2467,Dane Scarlett,eng ENG,FW,Tottenham Hotspur,eng Premier League,19,2004,4,0,22,0.2,0,0,0,0,0,0,0,0,0.00,0.00,0.00,0.00,0.00
2468,Kevin Schade,de GER,FW,Brentford,eng Premier League,21,2001,11,3,333,3.7,2,1,3,2,0,0,0,0,0.54,0.27,0.81,0.54,0.81
2469,András Schäfer,hu HUN,MF,Union Berlin,de Bundesliga,24,1999,20,14,"1,214",13.5,1,2,3,1,0,0,1,1,0.07,0.15,0.22,0.07,0.22
2470,Player,Nation,Pos,Squad,Comp,Age,Born,MP,Starts,Min,90s,Gls,Ast,G+A,G-PK,PK,PKatt,CrdY,CrdR,Gls,Ast,G+A,G-PK,G+A-PK
2471,Fabian Schär,ch SUI,DF,Newcastle United,eng Premier League,31,1991,36,35,"3,054",33.9,4,1,5,4,0,0,5,0,0.12,0.03,0.15,0.12,0.15
2472,Patrik Schick,cz CZE,FW,Leverkusen,de Bundesliga,27,1996,20,12,"1,063",11.8,7,0,7,6,1,1,1,0,0.59,0.00,0.59,0.51,0.51
2473,Stefan Schimmer,de GER,FW,Heidenheim,de Bundesliga,29,1994,16,0,153,1.7,0,1,1,0,0,0,0,0,0.00,0.59,0.59,0.00,0.59
2474,Xaver Schlager,at AUT,MF,RB Leipzig,de Bundesliga,25,1997,29,29,"2,477",27.5,0,5,5,0,0,0,7,0,0.00,0.18,0.18,0.00,0.18
2475,Keven Schlotterbeck,de GER,DF,Bochum,de Bundesliga,26,1997,27,24,"2,185",24.3,5,1,6,5,0,0,9,0,0.21,0.04,0.25,0.21,0.25
2476,Nico Schlotterbeck,de GER,DF,Dortmund,de Bundesliga,23,1999,33,32,"2,859",31.8,2,1,3,2,0,0,4,0,0.06,0.03,0.09,0.06,0.09
2477,Jeffrey Schlupp,gh GHA,"MF,FW",Crystal Palace,eng Premier League,30,1992,29,17,"1,352",15.0,2,2,4,2,0,0,1,0,0.13,0.13,0.27,0.13,0.27
2478,Romano Schmid,at AUT,"MF,FW",Werder Bremen,de Bundesliga,23,2000,33,30,"2,601",28.9,4,6,10,4,0,0,5,0,0.14,0.21,0.35,0.14,0.35
2479,Kenneth Schmidt,de GER,DF,Freiburg,de Bundesliga,21,2002,5,0,68,0.8,0,0,0,0,0,0,0,0,0.00,0.00,0.00,0.00,0.00
2480,Niklas Schmidt,de GER,MF,Toulouse,fr Ligue 1,25,1998,22,15,"1,269",14.1,1,1,2,1,0,0,4,0,0.07,0.07,0.14,0.07,0.14
2481,Benno Schmitz,de GER,DF,Köln,de Bundesliga,28,1994,22,13,"1,155",12.8,0,1,1,0,0,0,5,0,0.00,0.08,0.08,0.00,0.08
2482,Fabian Schnellhardt,de GER,MF,Darmstadt 98,de Bundesliga,29,1994,10,2,235,2.6,0,0,0,0,0,0,1,0,0.00,0.00,0.00,0.00,0.00
2483,Jan Schöppner,de GER,MF,Heidenheim,de Bundesliga,24,1999,26,23,"1,998",22.2,2,2,4,2,0,0,3,0,0.09,0.09,0.18,0.09,0.18
2484,Marcel Schuhen,de GER,GK,Darmstadt 98,de Bundesliga,30,1993,31,31,"2,790",31.0,0,0,0,0,0,0,2,0,0.00,0.00,0.00,0.00,0.00
2485,Perr Schuurs,nl NED,DF,Torino,it Serie A,23,1999,9,9,770,8.6,1,0,1,1,0,0,2,0,0.12,0.00,0.12,0.12,0.12
2486,Marvin Schwäbe,de GER,GK,Köln,de Bundesliga,28,1995,34,34,"3,060",34.0,0,0,0,0,0,0,0,0,0.00,0.00,0.00,0.00,0.00
2487,Alexander Schwolow,de GER,GK,Union Berlin,de Bundesliga,31,1992,1,1,90,1.0,0,0,0,0,0,0,0,0,0.00,0.00,0.00,0.00,0.00
2488,Alex Scott,eng ENG,MF,Bournemouth,eng Premier League,19,2003,23,11,"1,014",11.3,1,1,2,1,0,0,3,0,0.09,0.09,0.18,0.09,0.18
2489,Simone Scuffet,it ITA,GK,Cagliari,it Serie A,27,1996,31,31,"2,789",31.0,0,0,0,0,0,0,3,0,0.00,0.00,0.00,0.00,0.00
2490,Jérémy Sebas,mq MTQ,"MF,FW",Strasbourg,fr Ligue 1,20,2003,14,2,399,4.4,2,0,2,2,0,0,0,0,0.45,0.00,0.45,0.45,0.45
2491,Demba Seck,sn SEN,MF,Torino,it Serie A,22,2001,9,5,425,4.7,0,0,0,0,0,0,1,0,0.00,0.00,0.00,0.00,0.00
2492,Demba Seck,sn SEN,"FW,MF",Frosinone,it Serie A,22,2001,11,3,298,3.3,0,0,0,0,0,0,0,0,0.00,0.00,0.00,0.00,0.00
2493,Aleksandar Sedlar,rs SRB,DF,Alavés,es La Liga,31,1991,11,11,946,10.5,1,0,1,1,0,0,2,0,0.10,0.00,0.10,0.10,0.10
2494,Alidu Seidu,gh GHA,DF,Rennes,fr Ligue 1,23,2000,11,7,593,6.6,0,0,0,0,0,0,3,0,0.00,0.00,0.00,0.00,0.00
2495,Alidu Seidu,gh GHA,DF,Clermont Foot,fr Ligue 1,23,2000,14,13,"1,131",12.6,0,1,1,0,0,0,5,1,0.00,0.08,0.08,0.00,0.08
2496,Player,Nation,Pos,Squad,Comp,Age,Born,MP,Starts,Min,90s,Gls,Ast,G+A,G-PK,PK,PKatt,CrdY,CrdR,Gls,Ast,G+A,G-PK,G+A-PK
2497,Nicolas Seiwald,at AUT,MF,RB Leipzig,de Bundesliga,22,2001,21,6,718,8.0,0,2,2,0,0,0,1,0,0.00,0.25,0.25,0.00,0.25
2498,Nikola Sekulov,it ITA,MF,Juventus,it Serie A,21,2002,1,0,11,0.1,0,0,0,0,0,0,0,0,0.00,0.00,0.00,0.00,0.00
2499,Davie Selke,de GER,FW,Köln,de Bundesliga,28,1995,19,16,"1,265",14.1,6,0,6,6,0,0,3,0,0.43,0.00,0.43,0.43,0.43
2500,Matz Sels,be BEL,GK,Nottingham Forest,eng Premier League,31,1992,16,16,"1,440",16.0,0,0,0,0,0,0,1,0,0.00,0.00,0.00,0.00,0.00
2501,Matz Sels,be BEL,GK,Strasbourg,fr Ligue 1,31,1992,19,19,"1,710",19.0,0,0,0,0,0,0,2,0,0.00,0.00,0.00,0.00,0.00
2502,Nélson Semedo,pt POR,"MF,DF",Wolves,eng Premier League,29,1993,36,36,"3,084",34.3,0,1,1,0,0,0,10,1,0.00,0.03,0.03,0.00,0.03
2503,Vivaldo Semedo,pt POR,FW,Udinese,it Serie A,18,2005,1,0,12,0.1,0,0,0,0,0,0,0,0,0.00,0.00,0.00,0.00,0.00
2504,Antoine Semenyo,gh GHA,MF,Bournemouth,eng Premier League,23,2000,33,25,"2,105",23.4,8,2,10,8,0,0,6,0,0.34,0.09,0.43,0.34,0.43
2505,Marvin Senaya,tg TOG,"DF,MF",Strasbourg,fr Ligue 1,22,2001,32,23,"2,138",23.8,1,1,2,1,0,0,5,1,0.04,0.04,0.08,0.04,0.08
2506,Marcos Senesi,ar ARG,DF,Bournemouth,eng Premier League,26,1997,31,26,"2,242",24.9,4,5,9,4,0,0,13,0,0.16,0.20,0.36,0.16,0.36
2507,Stefano Sensi,it ITA,MF,Inter,it Serie A,27,1995,4,0,46,0.5,0,1,1,0,0,0,0,0,0.00,1.96,1.96,0.00,1.96
2508,Suat Serdar,de GER,MF,Hellas Verona,it Serie A,26,1997,25,19,"1,659",18.4,0,2,2,0,0,0,7,0,0.00,0.11,0.11,0.00,0.11
2509,Benjamin Šeško,si SVN,FW,RB Leipzig,de Bundesliga,20,2003,31,17,"1,526",17.0,14,2,16,14,0,0,0,0,0.83,0.12,0.94,0.83,0.94
2510,Kevin Sessa,de GER,MF,Heidenheim,de Bundesliga,23,2000,30,7,"1,011",11.2,3,0,3,3,0,0,1,0,0.27,0.00,0.27,0.27,0.27
2511,Aaron Seydel,de GER,FW,Darmstadt 98,de Bundesliga,27,1996,16,5,619,6.9,1,0,1,1,0,0,1,0,0.15,0.00,0.15,0.15,0.15
2512,Andres Sfait,ro ROU,MF,Salernitana,it Serie A,18,2004,2,0,23,0.3,0,0,0,0,0,0,0,0,0.00,0.00,0.00,0.00,0.00
2513,Stephan El Shaarawy,it ITA,"FW,MF",Roma,it Serie A,30,1992,33,19,"1,738",19.3,3,4,7,3,0,0,2,0,0.16,0.21,0.36,0.16,0.36
2514,Luke Shaw,eng ENG,DF,Manchester Utd,eng Premier League,28,1995,12,12,959,10.7,0,0,0,0,0,0,6,0,0.00,0.00,0.00,0.00,0.00
2515,James Shea,eng ENG,GK,Luton Town,eng Premier League,32,1991,1,0,15,0.2,0,0,0,0,0,0,0,0,0.00,0.00,0.00,0.00,0.00
2516,Eldor Shomurodov,uz UZB,"MF,FW",Cagliari,it Serie A,28,1995,22,10,936,10.4,3,3,6,3,0,0,1,0,0.29,0.29,0.58,0.29,0.58
2517,Steven Shpendi,al ALB,FW,Empoli,it Serie A,20,2003,12,4,411,4.6,0,1,1,0,0,0,0,0,0.00,0.22,0.22,0.00,0.22
2518,Sofiane Sidi Ali,fr FRA,FW,Marseille,fr Ligue 1,28,1995,2,0,18,0.2,0,0,0,0,0,0,0,0,0.00,0.00,0.00,0.00,0.00
2519,Vincent Sierro,ch SUI,MF,Toulouse,fr Ligue 1,27,1995,30,25,"2,261",25.1,6,2,8,2,4,5,8,0,0.24,0.08,0.32,0.08,0.16
2520,Tim Siersleben,de GER,DF,Heidenheim,de Bundesliga,23,2000,14,10,910,10.1,0,0,0,0,0,0,1,0,0.00,0.00,0.00,0.00,0.00
2521,Kiliann Sildillia,fr FRA,DF,Freiburg,de Bundesliga,21,2002,27,20,"1,806",20.1,0,1,1,0,0,0,2,1,0.00,0.05,0.05,0.00,0.05
2522,Player,Nation,Pos,Squad,Comp,Age,Born,MP,Starts,Min,90s,Gls,Ast,G+A,G-PK,PK,PKatt,CrdY,CrdR,Gls,Ast,G+A,G-PK,G+A-PK
2523,André Silva,pt POR,FW,Real Sociedad,es La Liga,27,1995,19,9,729,8.1,3,0,3,2,1,1,1,0,0.37,0.00,0.37,0.25,0.25
2524,Bernardo Silva,pt POR,MF,Manchester City,eng Premier League,28,1994,33,29,"2,578",28.6,6,9,15,6,0,0,8,0,0.21,0.31,0.52,0.21,0.52
2525,Caio Henrique Oliveira Silva,br BRA,"MF,DF",Monaco,fr Ligue 1,26,1997,9,7,623,6.9,0,5,5,0,0,0,0,0,0.00,0.72,0.72,0.00,0.72
2526,Fábio Silva,pt POR,FW,Wolves,eng Premier League,21,2002,8,3,264,2.9,0,0,0,0,0,0,2,0,0.00,0.00,0.00,0.00,0.00
2527,Rui Silva,pt POR,GK,Real Betis,es La Liga,29,1994,28,28,"2,475",27.5,0,0,0,0,0,0,4,0,0.00,0.00,0.00,0.00,0.00
2528,Thiago Silva,br BRA,DF,Chelsea,eng Premier League,38,1984,31,28,"2,527",28.1,3,1,4,3,0,0,4,0,0.11,0.04,0.14,0.11,0.14
2529,Marco Silvestri,it ITA,GK,Udinese,it Serie A,32,1991,17,17,"1,530",17.0,0,0,0,0,0,0,0,0,0.00,0.00,0.00,0.00,0.00
2530,Mohamed Simakan,fr FRA,DF,RB Leipzig,de Bundesliga,23,2000,32,23,"2,138",23.8,2,3,5,2,0,0,8,0,0.08,0.13,0.21,0.08,0.21
2531,Giovanni Simeone,ar ARG,FW,Napoli,it Serie A,28,1995,28,8,800,8.9,1,0,1,1,0,0,3,0,0.11,0.00,0.11,0.11,0.11
2532,Giuliano Simeone,ar ARG,MF,Alavés,es La Liga,20,2002,14,6,630,7.0,1,2,3,1,0,1,1,0,0.14,0.29,0.43,0.14,0.43
2533,Jan-Carlo Simic,rs SRB,DF,Milan,it Serie A,18,2005,4,0,146,1.6,1,0,1,1,0,0,0,0,0.62,0.00,0.62,0.62,0.62
2534,Moses Simon,ng NGA,"MF,FW",Nantes,fr Ligue 1,28,1995,22,21,"1,788",19.9,3,5,8,2,1,1,0,0,0.15,0.25,0.40,0.10,0.35
2535,Unai Simón,es ESP,GK,Athletic Club,es La Liga,26,1997,36,36,"3,182",35.4,0,0,0,0,0,0,2,0,0.00,0.00,0.00,0.00,0.00
2536,Xavi Simons,nl NED,MF,RB Leipzig,de Bundesliga,20,2003,32,32,"2,653",29.5,8,11,19,7,1,2,11,1,0.27,0.37,0.64,0.24,0.61
2537,Wilfried Singo,ci CIV,DF,Monaco,fr Ligue 1,22,2000,25,24,"2,187",24.3,1,1,2,1,0,0,8,1,0.04,0.04,0.08,0.04,0.08
2538,Luis Sinisterra,co COL,MF,Bournemouth,eng Premier League,24,1999,20,7,699,7.8,2,2,4,2,0,0,0,0,0.26,0.26,0.52,0.26,0.52
2539,Daley Sinkgraven,nl NED,DF,Las Palmas,es La Liga,28,1995,10,6,374,4.2,0,0,0,0,0,0,0,1,0.00,0.00,0.00,0.00,0.00
2540,Jailson Siqueira,br BRA,"DF,MF",Celta Vigo,es La Liga,27,1995,14,9,897,10.0,0,1,1,0,0,0,1,0,0.00,0.10,0.10,0.00,0.10
2541,Ayanda Sishuba,be BEL,MF,Lens,fr Ligue 1,18,2005,7,0,62,0.7,0,0,0,0,0,0,0,0,0.00,0.00,0.00,0.00,0.00
2542,Ibrahima Sissoko,ml MLI,MF,Strasbourg,fr Ligue 1,25,1997,27,18,"1,642",18.2,0,1,1,0,0,0,7,0,0.00,0.05,0.05,0.00,0.05
2543,Moussa Sissoko,fr FRA,MF,Nantes,fr Ligue 1,33,1989,26,21,"1,821",20.2,0,0,0,0,0,0,7,0,0.00,0.00,0.00,0.00,0.00
2544,Antonio Sivera,es ESP,GK,Alavés,es La Liga,26,1996,34,34,"3,060",34.0,0,0,0,0,0,0,3,0,0.00,0.00,0.00,0.00,0.00
2545,Tim Skarke,de GER,"FW,MF",Darmstadt 98,de Bundesliga,26,1996,30,29,"2,404",26.7,8,0,8,8,0,0,7,0,0.30,0.00,0.30,0.30,0.30
2546,Ellyes Skhiri,tn TUN,MF,Eintracht Frankfurt,de Bundesliga,28,1995,27,24,"2,168",24.1,2,2,4,2,0,0,1,0,0.08,0.08,0.17,0.08,0.17
2547,Oliver Skipp,eng ENG,"MF,DF",Tottenham Hotspur,eng Premier League,22,2000,21,5,707,7.9,0,0,0,0,0,0,3,0,0.00,0.00,0.00,0.00,0.00
2548,Player,Nation,Pos,Squad,Comp,Age,Born,MP,Starts,Min,90s,Gls,Ast,G+A,G-PK,PK,PKatt,CrdY,CrdR,Gls,Ast,G+A,G-PK,G+A-PK
2549,Leo Skiri Østigård,no NOR,DF,Napoli,it Serie A,23,1999,25,18,"1,625",18.1,1,0,1,1,0,0,3,0,0.06,0.00,0.06,0.06,0.06
2550,Łukasz Skorupski,pl POL,GK,Bologna,it Serie A,32,1991,32,32,"2,880",32.0,0,0,0,0,0,0,2,0,0.00,0.00,0.00,0.00,0.00
2551,Robert Skov,dk DEN,MF,Hoffenheim,de Bundesliga,27,1996,25,14,"1,260",14.0,3,4,7,3,0,0,2,0,0.21,0.29,0.50,0.21,0.50
2552,Milan Škriniar,sk SVK,DF,Paris Saint-Germain,fr Ligue 1,28,1995,24,17,"1,629",18.1,0,0,0,0,0,0,1,0,0.00,0.00,0.00,0.00,0.00
2553,Naatan Skyttä,fi FIN,MF,Toulouse,fr Ligue 1,21,2002,8,0,120,1.3,0,0,0,0,0,0,0,0,0.00,0.00,0.00,0.00,0.00
2554,Chris Smalling,eng ENG,DF,Roma,it Serie A,33,1989,8,4,390,4.3,0,0,0,0,0,0,0,0,0.00,0.00,0.00,0.00,0.00
2555,Adam Smith,eng ENG,DF,Bournemouth,eng Premier League,32,1991,28,25,"2,150",23.9,0,2,2,0,0,0,6,0,0.00,0.08,0.08,0.00,0.08
2556,Emile Smith Rowe,eng ENG,MF,Arsenal,eng Premier League,23,2000,13,3,353,3.9,0,1,1,0,0,0,0,0,0.00,0.25,0.25,0.00,0.25
2557,Hrvoje Smolčić,hr CRO,DF,Eintracht Frankfurt,de Bundesliga,22,2000,11,3,347,3.9,1,0,1,1,0,0,0,0,0.26,0.00,0.26,0.26,0.26
2558,Cédric Soares,pt POR,"DF,MF",Arsenal,eng Premier League,31,1991,3,0,62,0.7,0,0,0,0,0,0,0,0,0.00,0.00,0.00,0.00,0.00
2559,Danilo Soares,br BRA,MF,Bochum,de Bundesliga,31,1991,5,3,351,3.9,0,0,0,0,0,0,0,0,0.00,0.00,0.00,0.00,0.00
2560,Eduard Sobol,ua UKR,"DF,MF",Strasbourg,fr Ligue 1,28,1995,3,0,25,0.3,0,0,0,0,0,0,0,0,0.00,0.00,0.00,0.00,0.00
2561,Rubén Sobrino,es ESP,"MF,FW",Cádiz,es La Liga,31,1992,32,18,"1,646",18.3,0,1,1,0,0,0,8,1,0.00,0.05,0.05,0.00,0.05
2562,Andrea Sodero,it ITA,MF,Empoli,it Serie A,18,2004,1,0,5,0.1,0,0,0,0,0,0,0,0,0.00,0.00,0.00,0.00,0.00
2563,Emran Soglo,fr FRA,MF,Marseille,fr Ligue 1,18,2005,3,1,109,1.2,1,1,2,1,0,0,1,0,0.83,0.83,1.65,0.83,1.65
2564,Alex Sola,es ESP,MF,Alavés,es La Liga,24,1999,29,14,"1,262",14.0,0,3,3,0,0,0,2,0,0.00,0.21,0.21,0.00,0.21
2565,Alex Sola,es ESP,"DF,MF",Real Sociedad,es La Liga,24,1999,2,0,30,0.3,0,0,0,0,0,0,0,0,0.00,0.00,0.00,0.00,0.00
2566,Dominic Solanke,eng ENG,FW,Bournemouth,eng Premier League,25,1997,38,37,"3,325",36.9,19,3,22,17,2,3,3,0,0.51,0.08,0.60,0.46,0.54
2567,Ola Solbakken,no NOR,FW,Roma,it Serie A,24,1998,1,0,23,0.3,0,0,0,0,0,0,0,0,0.00,0.00,0.00,0.00,0.00
2568,Carlos Soler,es ESP,"MF,DF",Paris Saint-Germain,fr Ligue 1,26,1997,24,12,"1,090",12.1,2,2,4,2,0,0,1,0,0.17,0.17,0.33,0.17,0.33
2569,Jhon Solis,co COL,MF,Girona,es La Liga,18,2004,18,2,384,4.3,0,0,0,0,0,0,0,0,0.00,0.00,0.00,0.00,0.00
2570,Manor Solomon,il ISR,MF,Tottenham Hotspur,eng Premier League,24,1999,5,2,199,2.2,0,2,2,0,0,0,1,0,0.00,0.90,0.90,0.00,0.90
2571,Daniele Sommariva,it ITA,GK,Genoa,it Serie A,26,1997,1,0,5,0.1,0,0,0,0,0,0,0,0,0.00,0.00,0.00,0.00,0.00
2572,Yann Sommer,ch SUI,GK,Inter,it Serie A,34,1988,34,34,"3,060",34.0,0,0,0,0,0,0,1,0,0.00,0.00,0.00,0.00,0.00
2573,Brandon Soppy,fr FRA,MF,Torino,it Serie A,21,2002,5,2,178,2.0,0,0,0,0,0,0,0,0,0.00,0.00,0.00,0.00,0.00
2574,Player,Nation,Pos,Squad,Comp,Age,Born,MP,Starts,Min,90s,Gls,Ast,G+A,G-PK,PK,PKatt,CrdY,CrdR,Gls,Ast,G+A,G-PK,G+A-PK
2575,David Soria,es ESP,GK,Getafe,es La Liga,30,1993,38,38,"3,413",37.9,0,0,0,0,0,0,3,0,0.00,0.00,0.00,0.00,0.00
2576,Alberto Soro,es ESP,"FW,MF",Granada,es La Liga,24,1999,1,0,8,0.1,0,0,0,0,0,0,0,0,0.00,0.00,0.00,0.00,0.00
2577,Alessandro Sorrentino,it ITA,GK,Monza,it Serie A,21,2002,7,5,548,6.1,0,0,0,0,0,0,0,0,0.00,0.00,0.00,0.00,0.00
2578,Borna Sosa,hr CRO,"DF,MF",Stuttgart,de Bundesliga,25,1998,2,0,46,0.5,0,0,0,0,0,0,0,0,0.00,0.00,0.00,0.00,0.00
2579,Hugo Sotelo,es ESP,MF,Celta Vigo,es La Liga,19,2003,17,8,721,8.0,0,1,1,0,0,0,1,0,0.00,0.12,0.12,0.00,0.12
2580,Florian Sotoca,fr FRA,"MF,FW",Lens,fr Ligue 1,32,1990,32,29,"2,598",28.9,7,6,13,3,4,4,4,1,0.24,0.21,0.45,0.10,0.31
2581,Riccardo Sottil,it ITA,MF,Fiorentina,it Serie A,24,1999,22,13,"1,103",12.3,2,3,5,2,0,0,1,0,0.16,0.24,0.41,0.16,0.41
2582,Tomáš Souček,cz CZE,MF,West Ham United,eng Premier League,28,1995,37,34,"2,870",31.9,7,2,9,7,0,0,7,0,0.22,0.06,0.28,0.22,0.28
2583,Matìas Soulé,ar ARG,"MF,FW",Frosinone,it Serie A,20,2003,36,36,"3,121",34.7,11,3,14,6,5,6,4,0,0.32,0.09,0.40,0.17,0.26
2584,Boubakary Soumaré,fr FRA,MF,Sevilla,es La Liga,24,1999,28,26,"2,286",25.4,0,1,1,0,0,0,10,0,0.00,0.04,0.04,0.00,0.04
2585,Issa Soumaré,sn SEN,"FW,MF",Le Havre,fr Ligue 1,22,2000,7,3,237,2.6,0,0,0,0,0,0,0,0,0.00,0.00,0.00,0.00,0.00
2586,Vinicius Souza,br BRA,MF,Sheffield United,eng Premier League,24,1999,36,29,"2,668",29.6,1,0,1,1,0,0,3,0,0.03,0.00,0.03,0.03,0.03
2587,Djibril Sow,ch SUI,MF,Sevilla,es La Liga,26,1997,24,18,"1,460",16.2,1,1,2,1,0,0,6,0,0.06,0.06,0.12,0.06,0.12
2588,Saidou Sow,gn GUI,DF,Strasbourg,fr Ligue 1,21,2002,10,8,719,8.0,0,1,1,0,0,0,2,0,0.00,0.13,0.13,0.00,0.13
2589,Çağlar Söyüncü,tr TUR,DF,Atlético Madrid,es La Liga,27,1996,6,1,114,1.3,0,0,0,0,0,0,0,1,0.00,0.00,0.00,0.00,0.00
2590,Djed Spence,eng ENG,MF,Genoa,it Serie A,22,2000,16,8,859,9.5,0,0,0,0,0,0,1,0,0.00,0.00,0.00,0.00,0.00
2591,Stijn Spierings,nl NED,MF,Toulouse,fr Ligue 1,27,1996,22,16,"1,516",16.8,0,1,1,0,0,0,5,0,0.00,0.06,0.06,0.00,0.06
2592,Stijn Spierings,nl NED,MF,Lens,fr Ligue 1,27,1996,4,1,118,1.3,0,0,0,0,0,0,2,0,0.00,0.00,0.00,0.00,0.00
2593,Leonardo Spinazzola,it ITA,"MF,DF",Roma,it Serie A,30,1993,24,15,"1,312",14.6,1,2,3,1,0,0,0,0,0.07,0.14,0.21,0.07,0.21
2594,Marco Sportiello,it ITA,GK,Milan,it Serie A,31,1992,7,7,630,7.0,0,0,0,0,0,0,0,0,0.00,0.00,0.00,0.00,0.00
2595,Anton Stach,de GER,MF,Hoffenheim,de Bundesliga,24,1998,31,26,"2,321",25.8,2,3,5,2,0,0,4,0,0.08,0.12,0.19,0.08,0.19
2596,Anton Stach,de GER,MF,Mainz 05,de Bundesliga,24,1998,2,2,170,1.9,0,0,0,0,0,0,0,0,0.00,0.00,0.00,0.00,0.00
2597,Jens Stage,dk DEN,MF,Werder Bremen,de Bundesliga,26,1996,30,26,"2,327",25.9,3,1,4,3,0,0,5,1,0.12,0.04,0.15,0.12,0.15
2598,Benjamin Stambouli,fr FRA,MF,Reims,fr Ligue 1,32,1990,7,3,286,3.2,0,1,1,0,0,0,4,0,0.00,0.31,0.31,0.00,0.31
2599,Josip Stanišić,hr CRO,"DF,MF",Leverkusen,de Bundesliga,23,2000,20,13,"1,261",14.0,3,1,4,3,0,0,3,0,0.21,0.07,0.29,0.21,0.29
2600,Player,Nation,Pos,Squad,Comp,Age,Born,MP,Starts,Min,90s,Gls,Ast,G+A,G-PK,PK,PKatt,CrdY,CrdR,Gls,Ast,G+A,G-PK,G+A-PK
2601,Carl Starfelt,se SWE,DF,Celta Vigo,es La Liga,28,1995,27,26,"2,216",24.6,1,0,1,1,0,0,4,0,0.04,0.00,0.04,0.04,0.04
2602,Niklas Stark,de GER,DF,Werder Bremen,de Bundesliga,28,1995,17,12,"1,088",12.1,2,0,2,2,0,0,4,0,0.17,0.00,0.17,0.17,0.17
2603,Jason Steele,eng ENG,GK,Brighton,eng Premier League,32,1990,17,17,"1,530",17.0,0,0,0,0,0,0,0,0,0.00,0.00,0.00,0.00,0.00
2604,Pascal Stenzel,de GER,DF,Stuttgart,de Bundesliga,27,1996,23,14,"1,064",11.8,0,5,5,0,0,0,3,1,0.00,0.42,0.42,0.00,0.42
2605,Leonidas Stergiou,ch SUI,DF,Stuttgart,de Bundesliga,21,2002,15,6,594,6.6,1,0,1,1,0,0,0,0,0.15,0.00,0.15,0.15,0.15
2606,Raheem Sterling,eng ENG,MF,Chelsea,eng Premier League,28,1994,31,22,"1,978",22.0,8,4,12,8,0,0,7,0,0.36,0.18,0.55,0.36,0.55
2607,Trivante Stewart,jm JAM,FW,Salernitana,it Serie A,23,2000,4,0,100,1.1,0,0,0,0,0,0,0,0,0.00,0.00,0.00,0.00,0.00
2608,Angelo Stiller,de GER,MF,Hoffenheim,de Bundesliga,22,2001,1,1,84,0.9,0,0,0,0,0,0,0,0,0.00,0.00,0.00,0.00,0.00
2609,Angelo Stiller,de GER,MF,Stuttgart,de Bundesliga,22,2001,31,30,"2,694",29.9,1,5,6,1,0,0,5,0,0.03,0.17,0.20,0.03,0.20
2610,Kevin Stöger,at AUT,MF,Bochum,de Bundesliga,29,1993,32,32,"2,668",29.6,7,10,17,3,4,4,8,0,0.24,0.34,0.57,0.10,0.44
2611,Filip Stojilković,ch SUI,FW,Darmstadt 98,de Bundesliga,23,2000,6,0,154,1.7,0,0,0,0,0,0,1,0,0.00,0.00,0.00,0.00,0.00
2612,John Stones,eng ENG,DF,Manchester City,eng Premier League,29,1994,16,12,"1,064",11.8,1,0,1,1,0,0,2,0,0.08,0.00,0.08,0.08,0.08
2613,Thomas Strakosha,al ALB,GK,Brentford,eng Premier League,28,1995,2,1,135,1.5,0,0,0,0,0,0,0,0,0.00,0.00,0.00,0.00,0.00
2614,Jørgen Strand Larsen,no NOR,FW,Celta Vigo,es La Liga,23,2000,37,36,"2,863",31.8,13,3,16,13,0,0,5,0,0.41,0.09,0.50,0.41,0.50
2615,Gabriel Strefezza,br BRA,"FW,MF",Lecce,it Serie A,26,1997,19,13,"1,112",12.4,1,0,1,0,1,1,4,0,0.08,0.00,0.08,0.00,0.00
2616,Kevin Strootman,nl NED,MF,Genoa,it Serie A,33,1990,27,15,"1,207",13.4,0,2,2,0,0,0,4,0,0.00,0.15,0.15,0.00,0.15
2617,Cristhian Stuani,uy URU,FW,Girona,es La Liga,36,1986,31,5,804,8.9,9,3,12,9,0,0,6,0,1.01,0.34,1.34,1.01,1.34
2618,Álex Suárez,es ESP,DF,Las Palmas,es La Liga,30,1993,32,30,"2,562",28.5,2,0,2,2,0,0,7,0,0.07,0.00,0.07,0.07,0.07
2619,Damián Suárez,uy URU,DF,Getafe,es La Liga,35,1988,16,15,"1,299",14.4,0,2,2,0,0,0,7,1,0.00,0.14,0.14,0.00,0.14
2620,Denis Suárez,es ESP,MF,Villarreal,es La Liga,29,1994,4,1,133,1.5,0,0,0,0,0,0,0,0,0.00,0.00,0.00,0.00,0.00
2621,Gabriel Suazo,cl CHI,"DF,MF",Toulouse,fr Ligue 1,25,1997,31,27,"2,357",26.2,0,4,4,0,0,0,5,0,0.00,0.15,0.15,0.00,0.15
2622,Isaac Success,ng NGA,"FW,MF",Udinese,it Serie A,27,1996,27,9,880,9.8,1,1,2,1,0,1,4,0,0.10,0.10,0.20,0.10,0.20
2623,Niklas Süle,de GER,DF,Dortmund,de Bundesliga,27,1995,23,14,"1,514",16.8,1,0,1,1,0,0,0,0,0.06,0.00,0.06,0.06,0.06
2624,Ibrahim Sulemana,gh GHA,MF,Cagliari,it Serie A,20,2003,21,16,"1,339",14.9,2,0,2,2,0,0,4,0,0.13,0.00,0.13,0.13,0.13
2625,Tomáš Suslov,sk SVK,MF,Hellas Verona,it Serie A,21,2002,32,23,"2,092",23.2,3,5,8,2,1,1,7,0,0.13,0.22,0.34,0.09,0.30
2626,Player,Nation,Pos,Squad,Comp,Age,Born,MP,Starts,Min,90s,Gls,Ast,G+A,G-PK,PK,PKatt,CrdY,CrdR,Gls,Ast,G+A,G-PK,G+A-PK
2627,Suso,es ESP,MF,Sevilla,es La Liga,29,1993,29,15,"1,517",16.9,1,4,5,1,0,0,5,1,0.06,0.24,0.30,0.06,0.30
2628,Mattias Svanberg,se SWE,MF,Wolfsburg,de Bundesliga,24,1999,25,20,"1,715",19.1,1,3,4,1,0,0,8,0,0.05,0.16,0.21,0.05,0.21
2629,Max Svensson,es ESP,FW,Osasuna,es La Liga,21,2001,1,0,3,0.0,0,0,0,0,0,0,0,0,0.00,0.00,0.00,0.00,0.00
2630,Mile Svilar,rs SRB,GK,Roma,it Serie A,23,1999,15,15,"1,350",15.0,0,0,0,0,0,0,1,0,0.00,0.00,0.00,0.00,0.00
2631,Williot Swedberg,se SWE,FW,Celta Vigo,es La Liga,19,2004,15,4,439,4.9,5,0,5,5,0,0,1,0,1.03,0.00,1.03,1.03,1.03
2632,Karol Świderski,pl POL,"FW,MF",Hellas Verona,it Serie A,26,1997,15,3,504,5.6,2,0,2,2,0,0,0,0,0.36,0.00,0.36,0.36,0.36
2633,Abakar Sylla,ci CIV,DF,Strasbourg,fr Ligue 1,20,2002,22,19,"1,792",19.9,2,0,2,2,0,0,4,0,0.10,0.00,0.10,0.10,0.10
2634,Dembo Sylla,gn GUI,MF,Lorient,fr Ligue 1,20,2002,1,0,45,0.5,0,0,0,0,0,0,0,0,0.00,0.00,0.00,0.00,0.00
2635,Issiaga Sylla,gn GUI,"DF,MF",Montpellier,fr Ligue 1,29,1994,19,17,"1,455",16.2,1,2,3,1,0,0,3,0,0.06,0.12,0.19,0.06,0.19
2636,Mamadou Sylla,sn SEN,FW,Alavés,es La Liga,29,1994,2,0,18,0.2,0,0,0,0,0,0,0,0,0.00,0.00,0.00,0.00,0.00
2637,Attila Szalai,hu HUN,DF,Hoffenheim,de Bundesliga,25,1998,4,4,288,3.2,0,0,0,0,0,0,1,0,0.00,0.00,0.00,0.00,0.00
2638,Attila Szalai,hu HUN,"DF,MF",Freiburg,de Bundesliga,25,1998,3,0,103,1.1,0,0,0,0,0,0,0,0,0.00,0.00,0.00,0.00,0.00
2639,Wojciech Szczęsny,pl POL,GK,Juventus,it Serie A,33,1990,35,35,"3,150",35.0,0,0,0,0,0,0,1,0,0.00,0.00,0.00,0.00,0.00
2640,Dominik Szoboszlai,hu HUN,MF,Liverpool,eng Premier League,22,2000,33,25,"2,104",23.4,3,2,5,3,0,0,1,0,0.13,0.09,0.21,0.13,0.21
2641,Przemysław Szymiński,pl POL,DF,Frosinone,it Serie A,29,1994,1,0,9,0.1,0,0,0,0,0,0,0,0,0.00,0.00,0.00,0.00,0.00
2642,Alexander Sørloth,no NOR,FW,Villarreal,es La Liga,27,1995,34,30,"2,489",27.7,23,6,29,23,0,0,3,0,0.83,0.22,1.05,0.83,1.05
2643,Musa Al-Taamari,jo JOR,"MF,FW",Montpellier,fr Ligue 1,26,1997,27,24,"1,928",21.4,5,2,7,5,0,0,0,0,0.23,0.09,0.33,0.23,0.33
2644,Nicolás Tagliafico,ar ARG,"DF,MF",Lyon,fr Ligue 1,30,1992,25,25,"2,123",23.6,3,1,4,3,0,0,7,1,0.13,0.04,0.17,0.13,0.17
2645,Jonathan Tah,de GER,DF,Leverkusen,de Bundesliga,27,1996,31,30,"2,631",29.2,4,1,5,4,0,0,6,0,0.14,0.03,0.17,0.14,0.17
2646,Montassar Talbi,tn TUN,DF,Lorient,fr Ligue 1,25,1998,25,25,"2,204",24.5,0,0,0,0,0,0,2,0,0.00,0.00,0.00,0.00,0.00
2647,Yassin Tallal,es ESP,MF,Getafe,es La Liga,18,2005,1,0,3,0.0,0,0,0,0,0,0,0,0,0.00,0.00,0.00,0.00,0.00
2648,Adrien Tameze,cm CMR,"DF,MF",Torino,it Serie A,29,1994,29,25,"2,146",23.8,0,2,2,0,0,0,6,1,0.00,0.08,0.08,0.00,0.08
2649,Renato Tapia,pe PER,"MF,DF",Celta Vigo,es La Liga,28,1995,21,15,"1,337",14.9,0,0,0,0,0,0,5,1,0.00,0.00,0.00,0.00,0.00
2650,Edmond Tapsoba,bf BFA,DF,Leverkusen,de Bundesliga,24,1999,28,23,"2,087",23.2,0,1,1,0,0,0,4,0,0.00,0.04,0.04,0.00,0.04
2651,Matt Targett,eng ENG,DF,Newcastle United,eng Premier League,27,1995,3,1,78,0.9,0,0,0,0,0,0,1,0,0.00,0.00,0.00,0.00,0.00
2652,Player,Nation,Pos,Squad,Comp,Age,Born,MP,Starts,Min,90s,Gls,Ast,G+A,G-PK,PK,PKatt,CrdY,CrdR,Gls,Ast,G+A,G-PK,G+A-PK
2653,Oussama Targhalline,ma MAR,MF,Le Havre,fr Ligue 1,21,2002,14,12,"1,025",11.4,0,0,0,0,0,0,4,1,0.00,0.00,0.00,0.00,0.00
2654,James Tarkowski,eng ENG,DF,Everton,eng Premier League,30,1992,38,38,"3,419",38.0,1,1,2,1,0,0,11,0,0.03,0.03,0.05,0.03,0.05
2655,César Tárrega,es ESP,DF,Valencia,es La Liga,21,2002,1,0,8,0.1,0,0,0,0,0,0,0,0,0.00,0.00,0.00,0.00,0.00
2656,Jimi Tauriainen,eng ENG,FW,Chelsea,eng Premier League,19,2004,1,0,1,0.0,0,0,0,0,0,0,0,0,0.00,0.00,0.00,0.00,0.00
2657,Nuno Tavares,pt POR,DF,Nottingham Forest,eng Premier League,23,2000,8,5,457,5.1,0,0,0,0,0,0,2,0,0.00,0.00,0.00,0.00,0.00
2658,Marcus Tavernier,eng ENG,MF,Bournemouth,eng Premier League,24,1999,30,25,"2,118",23.5,3,4,7,3,0,0,3,0,0.13,0.17,0.30,0.13,0.30
2659,Elayis Tavsan,nl NED,"FW,MF",Hellas Verona,it Serie A,22,2001,3,0,50,0.6,0,0,0,0,0,0,0,0,0.00,0.00,0.00,0.00,0.00
2660,Charlie Taylor,eng ENG,DF,Burnley,eng Premier League,29,1993,28,25,"2,331",25.9,1,1,2,1,0,0,8,0,0.04,0.04,0.08,0.04,0.08
2661,Marciano Tchami,gw GNB,FW,Almería,es La Liga,19,2004,6,0,43,0.5,0,0,0,0,0,0,0,0,0.00,0.00,0.00,0.00,0.00
2662,Loum Tchaouna,fr FRA,"MF,FW",Salernitana,it Serie A,19,2003,33,23,"2,100",23.3,4,3,7,4,0,0,4,0,0.17,0.13,0.30,0.17,0.30
2663,Jackson Tchatchoua,cm CMR,DF,Hellas Verona,it Serie A,21,2001,26,19,"1,725",19.2,0,2,2,0,0,0,2,0,0.00,0.10,0.10,0.00,0.10
2664,Enzo Tchato,cm CMR,DF,Montpellier,fr Ligue 1,20,2002,17,11,"1,125",12.5,0,0,0,0,0,0,2,0,0.00,0.00,0.00,0.00,0.00
2665,Aurélien Tchouaméni,fr FRA,"MF,DF",Real Madrid,es La Liga,23,2000,27,22,"1,987",22.1,3,1,4,3,0,0,7,0,0.14,0.05,0.18,0.14,0.18
2666,Mathys Tel,fr FRA,"MF,FW",Bayern Munich,de Bundesliga,18,2005,30,6,"1,050",11.7,7,5,12,7,0,0,2,0,0.60,0.43,1.03,0.60,1.03
2667,Nathan Tella,ng NGA,MF,Leverkusen,de Bundesliga,24,1999,24,8,819,9.1,5,2,7,5,0,0,2,0,0.55,0.22,0.77,0.55,0.77
2668,Nahuel Tenaglia,ar ARG,DF,Alavés,es La Liga,27,1996,25,11,"1,141",12.7,1,0,1,1,0,0,5,0,0.08,0.00,0.08,0.08,0.08
2669,Arnau Tenas,es ESP,GK,Paris Saint-Germain,fr Ligue 1,22,2001,6,5,529,5.9,0,1,1,0,0,0,0,0,0.00,0.17,0.17,0.00,0.17
2670,Marc-André ter Stegen,de GER,GK,Barcelona,es La Liga,31,1992,28,28,"2,520",28.0,0,0,0,0,0,0,3,0,0.00,0.00,0.00,0.00,0.00
2671,Filippo Terracciano,it ITA,"MF,DF",Hellas Verona,it Serie A,20,2003,18,14,"1,296",14.4,0,1,1,0,0,0,1,0,0.00,0.07,0.07,0.00,0.07
2672,Filippo Terracciano,it ITA,DF,Milan,it Serie A,20,2003,3,1,76,0.8,0,0,0,0,0,0,1,0,0.00,0.00,0.00,0.00,0.00
2673,Pietro Terracciano,it ITA,GK,Fiorentina,it Serie A,33,1990,33,33,"2,970",33.0,0,0,0,0,0,0,3,0,0.00,0.00,0.00,0.00,0.00
2674,Ramón Terrats,es ESP,MF,Villarreal,es La Liga,22,2000,19,6,785,8.7,0,2,2,0,0,0,4,0,0.00,0.23,0.23,0.00,0.23
2675,Martin Terrier,fr FRA,"FW,MF",Rennes,fr Ligue 1,26,1997,24,19,"1,527",17.0,7,3,10,7,0,0,2,1,0.41,0.18,0.59,0.41,0.59
2676,Kenny Tete,nl NED,DF,Fulham,eng Premier League,27,1995,14,10,867,9.6,1,0,1,1,0,0,2,0,0.10,0.00,0.10,0.10,0.10
2677,Benjamin Tetteh,gh GHA,FW,Metz,fr Ligue 1,26,1997,12,1,278,3.1,0,0,0,0,0,0,2,0,0.00,0.00,0.00,0.00,0.00
2678,Player,Nation,Pos,Squad,Comp,Age,Born,MP,Starts,Min,90s,Gls,Ast,G+A,G-PK,PK,PKatt,CrdY,CrdR,Gls,Ast,G+A,G-PK,G+A-PK
2679,Teddy Teuma,mt MLT,MF,Reims,fr Ligue 1,29,1993,28,25,"2,113",23.5,6,3,9,5,1,1,7,0,0.26,0.13,0.38,0.21,0.34
2680,Florian Thauvin,fr FRA,FW,Udinese,it Serie A,30,1993,29,19,"1,710",19.0,5,3,8,4,1,1,4,0,0.26,0.16,0.42,0.21,0.37
2681,Arthur Theate,be BEL,DF,Rennes,fr Ligue 1,23,2000,28,27,"2,296",25.5,2,0,2,2,0,0,4,0,0.08,0.00,0.08,0.08,0.08
2682,Norman Theuerkauf,de GER,"MF,DF",Heidenheim,de Bundesliga,36,1987,25,14,"1,259",14.0,0,1,1,0,0,0,3,0,0.00,0.07,0.07,0.00,0.07
2683,Malick Thiaw,de GER,DF,Milan,it Serie A,21,2001,21,19,"1,619",18.0,0,1,1,0,0,0,5,1,0.00,0.06,0.06,0.00,0.06
2684,Jan Thielmann,de GER,"FW,MF",Köln,de Bundesliga,21,2002,22,20,"1,579",17.5,1,0,1,1,0,0,4,1,0.06,0.00,0.06,0.06,0.06
2685,Denis Thomalla,de GER,MF,Heidenheim,de Bundesliga,30,1992,21,3,446,5.0,0,0,0,0,0,0,0,0,0.00,0.00,0.00,0.00,0.00
2686,Luke Thomas,eng ENG,"MF,DF",Sheffield United,eng Premier League,22,2001,12,11,917,10.2,0,0,0,0,0,0,3,0,0.00,0.00,0.00,0.00,0.00
2687,Adrien Thomasson,fr FRA,MF,Lens,fr Ligue 1,29,1993,29,13,"1,193",13.3,1,2,3,1,0,0,2,1,0.08,0.15,0.23,0.08,0.23
2688,Morten Thorsby,no NOR,MF,Genoa,it Serie A,27,1996,24,9,"1,157",12.9,2,2,4,2,0,0,2,0,0.16,0.16,0.31,0.16,0.31
2689,Kristian Thorstvedt,no NOR,MF,Sassuolo,it Serie A,24,1999,34,30,"2,397",26.6,6,1,7,6,0,0,7,0,0.23,0.04,0.26,0.23,0.26
2690,Khéphren Thuram,fr FRA,MF,Nice,fr Ligue 1,22,2001,27,25,"2,108",23.4,1,1,2,1,0,0,7,0,0.04,0.04,0.09,0.04,0.09
2691,Marcus Thuram,fr FRA,FW,Inter,it Serie A,25,1997,35,34,"2,687",29.9,13,7,20,13,0,0,3,0,0.44,0.23,0.67,0.44,0.67
2692,Cheikh Tidiane Sabaly,sn SEN,"MF,FW",Metz,fr Ligue 1,24,1999,29,17,"1,379",15.3,3,1,4,3,0,0,4,0,0.20,0.07,0.26,0.20,0.26
2693,Youri Tielemans,be BEL,"MF,FW",Aston Villa,eng Premier League,26,1997,32,17,"1,622",18.0,2,6,8,2,0,0,3,0,0.11,0.33,0.44,0.11,0.44
2694,Kieran Tierney,sct SCO,DF,Real Sociedad,es La Liga,26,1997,20,14,"1,238",13.8,0,2,2,0,0,0,1,0,0.00,0.15,0.15,0.00,0.15
2695,Phillip Tietz,de GER,FW,Augsburg,de Bundesliga,26,1997,34,31,"2,382",26.5,8,4,12,8,0,0,1,0,0.30,0.15,0.45,0.30,0.45
2696,Steffen Tigges,de GER,FW,Köln,de Bundesliga,25,1998,25,6,727,8.1,3,0,3,3,0,0,0,0,0.37,0.00,0.37,0.37,0.37
2697,Antonio Tikvić,hr CRO,DF,Udinese,it Serie A,19,2004,1,0,1,0.0,0,0,0,0,0,0,0,0,0.00,0.00,0.00,0.00,0.00
2698,Jurriën Timber,nl NED,DF,Arsenal,eng Premier League,22,2001,2,1,71,0.8,0,0,0,0,0,0,2,0,0.00,0.00,0.00,0.00,0.00
2699,Jean-Clair Todibo,fr FRA,DF,Nice,fr Ligue 1,23,1999,30,30,"2,651",29.5,0,2,2,0,0,0,2,1,0.00,0.07,0.07,0.00,0.07
2700,Harry Toffolo,eng ENG,"DF,MF",Nottingham Forest,eng Premier League,27,1995,23,15,"1,459",16.2,1,3,4,1,0,0,3,0,0.06,0.19,0.25,0.06,0.25
2701,Umut Tohumcu,de GER,MF,Hoffenheim,de Bundesliga,18,2004,20,12,"1,011",11.2,0,2,2,0,0,0,5,0,0.00,0.18,0.18,0.00,0.18
2702,Corentin Tolisso,fr FRA,MF,Lyon,fr Ligue 1,28,1994,25,21,"1,741",19.3,3,1,4,2,1,1,5,0,0.16,0.05,0.21,0.10,0.16
2703,Jeremy Toljan,de GER,DF,Sassuolo,it Serie A,28,1994,25,24,"2,083",23.1,0,5,5,0,0,0,1,0,0.00,0.22,0.22,0.00,0.22
2704,Player,Nation,Pos,Squad,Comp,Age,Born,MP,Starts,Min,90s,Gls,Ast,G+A,G-PK,PK,PKatt,CrdY,CrdR,Gls,Ast,G+A,G-PK,G+A-PK
2705,Rafael Tolói,it ITA,DF,Atalanta,it Serie A,32,1990,18,10,965,10.7,0,0,0,0,0,0,6,1,0.00,0.00,0.00,0.00,0.00
2706,Raúl de Tomás,es ESP,FW,Rayo Vallecano,es La Liga,28,1994,25,15,"1,272",14.1,1,2,3,0,1,1,5,0,0.07,0.14,0.21,0.00,0.14
2707,Tiago Tomás,pt POR,"FW,MF",Wolfsburg,de Bundesliga,21,2002,26,11,"1,032",11.5,1,1,2,1,0,0,3,0,0.09,0.09,0.17,0.09,0.17
2708,Takehiro Tomiyasu,jp JPN,DF,Arsenal,eng Premier League,24,1998,22,10,"1,149",12.8,2,1,3,2,0,0,2,1,0.16,0.08,0.23,0.16,0.23
2709,James Tomkins,eng ENG,"DF,MF",Crystal Palace,eng Premier League,34,1989,4,0,10,0.1,0,0,0,0,0,0,0,0,0.00,0.00,0.00,0.00,0.00
2710,Fikayo Tomori,eng ENG,DF,Milan,it Serie A,25,1997,26,24,"2,121",23.6,4,0,4,4,0,0,8,1,0.17,0.00,0.17,0.17,0.17
2711,Sandro Tonali,it ITA,MF,Newcastle United,eng Premier League,23,2000,8,5,438,4.9,1,0,1,1,0,0,2,0,0.21,0.00,0.21,0.21,0.21
2712,Ivan Toney,eng ENG,FW,Brentford,eng Premier League,27,1996,17,16,"1,450",16.1,4,2,6,4,0,0,5,0,0.25,0.12,0.37,0.25,0.37
2713,Pablo Torre,es ESP,MF,Girona,es La Liga,20,2003,26,4,701,7.8,0,2,2,0,0,0,1,0,0.00,0.26,0.26,0.00,0.26
2714,Raúl Torrente,es ESP,DF,Granada,es La Liga,21,2001,17,14,"1,250",13.9,0,0,0,0,0,0,4,0,0.00,0.00,0.00,0.00,0.00
2715,Ferrán Torres,es ESP,FW,Barcelona,es La Liga,23,2000,29,12,"1,211",13.5,7,2,9,7,0,0,2,0,0.52,0.15,0.67,0.52,0.67
2716,Óliver Torres,es ESP,MF,Sevilla,es La Liga,28,1994,27,18,"1,616",18.0,0,1,1,0,0,0,3,0,0.00,0.06,0.06,0.00,0.06
2717,Pau Torres,es ESP,DF,Aston Villa,eng Premier League,26,1997,29,27,"2,464",27.4,2,0,2,2,0,0,1,0,0.07,0.00,0.07,0.07,0.07
2718,Lucas Torró,es ESP,MF,Osasuna,es La Liga,29,1994,28,21,"1,788",19.9,1,0,1,1,0,0,5,0,0.05,0.00,0.05,0.05,0.05
2719,Fabio Torsiello,it ITA,FW,Darmstadt 98,de Bundesliga,18,2005,10,1,156,1.7,0,0,0,0,0,0,0,0,0.00,0.00,0.00,0.00,0.00
2720,Ahmed Touba,dz ALG,DF,Lecce,it Serie A,25,1998,6,3,277,3.1,0,0,0,0,0,0,1,0,0.00,0.00,0.00,0.00,0.00
2721,Abdoulaye Touré,gn GUI,MF,Le Havre,fr Ligue 1,29,1994,30,27,"2,284",25.4,2,0,2,0,2,2,4,0,0.08,0.00,0.08,0.00,0.00
2722,Souleymane Touré,fr FRA,DF,Lorient,fr Ligue 1,20,2003,24,23,"2,051",22.8,1,1,2,1,0,0,6,0,0.04,0.04,0.09,0.04,0.09
2723,Lucas Tousart,fr FRA,MF,Union Berlin,de Bundesliga,26,1997,23,18,"1,572",17.5,0,0,0,0,0,0,5,0,0.00,0.00,0.00,0.00,0.00
2724,Andros Townsend,eng ENG,"MF,FW",Luton Town,eng Premier League,32,1991,27,14,"1,210",13.4,1,3,4,1,0,0,1,0,0.07,0.22,0.30,0.07,0.30
2725,James Trafford,eng ENG,GK,Burnley,eng Premier League,20,2002,28,28,"2,520",28.0,0,0,0,0,0,0,2,0,0.00,0.00,0.00,0.00,0.00
2726,Adama Traoré,es ESP,MF,Fulham,eng Premier League,27,1996,17,1,377,4.2,2,3,5,2,0,0,2,0,0.48,0.72,1.19,0.48,1.19
2727,Bénie Traoré,ci CIV,"FW,MF",Sheffield United,eng Premier League,20,2002,8,3,387,4.3,0,0,0,0,0,0,0,0,0.00,0.00,0.00,0.00,0.00
2728,Bénie Traoré,ci CIV,FW,Nantes,fr Ligue 1,20,2002,14,4,504,5.6,0,1,1,0,0,0,1,1,0.00,0.18,0.18,0.00,0.18
2729,Bertrand Traoré,bf BFA,"FW,MF",Aston Villa,eng Premier League,27,1995,2,0,11,0.1,0,0,0,0,0,0,0,0,0.00,0.00,0.00,0.00,0.00
2730,Player,Nation,Pos,Squad,Comp,Age,Born,MP,Starts,Min,90s,Gls,Ast,G+A,G-PK,PK,PKatt,CrdY,CrdR,Gls,Ast,G+A,G-PK,G+A-PK
2731,Bertrand Traoré,bf BFA,MF,Villarreal,es La Liga,27,1995,11,6,568,6.3,1,0,1,1,0,0,4,0,0.16,0.00,0.16,0.16,0.16
2732,Boubacar Traoré,ml MLI,MF,Wolves,eng Premier League,21,2001,24,7,819,9.1,0,0,0,0,0,0,4,0,0.00,0.00,0.00,0.00,0.00
2733,Chaka Traorè,ci CIV,FW,Milan,it Serie A,18,2004,2,0,20,0.2,1,0,1,1,0,0,0,0,4.50,0.00,4.50,4.50,4.50
2734,Daouda Traoré,fr FRA,MF,Nice,fr Ligue 1,17,2006,1,0,16,0.2,0,0,0,0,0,0,0,0,0.00,0.00,0.00,0.00,0.00
2735,Hamari Traoré,ml MLI,DF,Real Sociedad,es La Liga,31,1992,31,27,"2,292",25.5,0,2,2,0,0,0,7,0,0.00,0.08,0.08,0.00,0.08
2736,Ismaël Traoré,ci CIV,DF,Metz,fr Ligue 1,36,1986,26,25,"2,220",24.7,2,0,2,2,0,0,2,0,0.08,0.00,0.08,0.08,0.08
2737,Omar Traoré,de GER,DF,Heidenheim,de Bundesliga,25,1998,31,29,"2,472",27.5,0,2,2,0,0,0,5,0,0.00,0.07,0.07,0.00,0.07
2738,Kevin Trapp,de GER,GK,Eintracht Frankfurt,de Bundesliga,33,1990,32,32,"2,880",32.0,0,0,0,0,0,0,2,0,0.00,0.00,0.00,0.00,0.00
2739,Mark Travers,ie IRL,GK,Bournemouth,eng Premier League,24,1999,4,4,360,4.0,0,0,0,0,0,0,0,0,0.00,0.00,0.00,0.00,0.00
2740,Óscar Trejo,ar ARG,"FW,MF",Rayo Vallecano,es La Liga,35,1988,31,19,"1,380",15.3,0,0,0,0,0,0,4,1,0.00,0.00,0.00,0.00,0.00
2741,Mike Trésor,be BEL,"MF,FW",Burnley,eng Premier League,24,1999,16,3,420,4.7,0,0,0,0,0,0,0,0,0.00,0.00,0.00,0.00,0.00
2742,Manu Trigueros,es ESP,MF,Villarreal,es La Liga,31,1991,14,2,309,3.4,0,0,0,0,0,0,0,0,0.00,0.00,0.00,0.00,0.00
2743,Christopher Trimmel,at AUT,"MF,DF",Union Berlin,de Bundesliga,36,1987,26,19,"1,646",18.3,0,2,2,0,0,0,2,1,0.00,0.11,0.11,0.00,0.11
2744,Kieran Trippier,eng ENG,DF,Newcastle United,eng Premier League,32,1990,28,26,"2,236",24.8,1,10,11,1,0,0,5,0,0.04,0.40,0.44,0.04,0.44
2745,Leandro Trossard,be BEL,"FW,MF",Arsenal,eng Premier League,28,1994,34,18,"1,649",18.3,12,1,13,12,0,0,2,0,0.65,0.05,0.71,0.65,0.71
2746,Adrien Truffert,fr FRA,"DF,MF",Rennes,fr Ligue 1,21,2001,30,24,"2,145",23.8,1,2,3,1,0,0,6,0,0.04,0.08,0.13,0.04,0.13
2747,Auston Trusty,us USA,DF,Sheffield United,eng Premier League,24,1998,32,28,"2,572",28.6,0,0,0,0,0,0,4,0,0.00,0.00,0.00,0.00,0.00
2748,Kostas Tsimikas,gr GRE,DF,Liverpool,eng Premier League,27,1996,13,8,679,7.5,0,3,3,0,0,0,0,0,0.00,0.40,0.40,0.00,0.40
2749,Viktor Tsyhankov,ua UKR,MF,Girona,es La Liga,25,1997,30,26,"2,052",22.8,8,7,15,8,0,0,0,0,0.35,0.31,0.66,0.35,0.66
2750,Stefano Turati,it ITA,GK,Frosinone,it Serie A,21,2001,31,31,"2,745",30.5,0,0,0,0,0,0,0,0,0.00,0.00,0.00,0.00,0.00
2751,Matt Turner,us USA,GK,Nottingham Forest,eng Premier League,29,1994,17,17,"1,530",17.0,0,0,0,0,0,0,2,0,0.00,0.00,0.00,0.00,0.00
2752,Beñat Turrientes,es ESP,MF,Real Sociedad,es La Liga,21,2002,29,19,"1,687",18.7,0,1,1,0,0,0,4,0,0.00,0.05,0.05,0.00,0.05
2753,Tuta,br BRA,"DF,MF",Eintracht Frankfurt,de Bundesliga,24,1999,30,30,"2,600",28.9,1,2,3,1,0,0,3,2,0.03,0.07,0.10,0.03,0.10
2754,Destiny Udogie,it ITA,DF,Tottenham Hotspur,eng Premier League,20,2002,28,28,"2,391",26.6,2,3,5,2,0,0,7,1,0.08,0.11,0.19,0.08,0.19
2755,Matthieu Udol,fr FRA,DF,Metz,fr Ligue 1,27,1996,30,30,"2,700",30.0,3,3,6,3,0,0,5,0,0.10,0.10,0.20,0.10,0.20
2756,Player,Nation,Pos,Squad,Comp,Age,Born,MP,Starts,Min,90s,Gls,Ast,G+A,G-PK,PK,PKatt,CrdY,CrdR,Gls,Ast,G+A,G-PK,G+A-PK
2757,Manuel Ugarte,uy URU,MF,Paris Saint-Germain,fr Ligue 1,22,2001,25,21,"1,932",21.5,0,2,2,0,0,0,5,0,0.00,0.09,0.09,0.00,0.09
2758,Lesley Ugochukwu,fr FRA,MF,Chelsea,eng Premier League,19,2004,12,3,301,3.3,0,0,0,0,0,0,2,0,0.00,0.00,0.00,0.00,0.00
2759,Lukas Ullrich,de GER,DF,Gladbach,de Bundesliga,19,2004,4,0,47,0.5,0,0,0,0,0,0,0,0,0.00,0.00,0.00,0.00,0.00
2760,Sven Ulreich,de GER,GK,Bayern Munich,de Bundesliga,34,1988,11,11,990,11.0,0,0,0,0,0,0,1,0,0.00,0.00,0.00,0.00,0.00
2761,Samuel Umtiti,fr FRA,DF,Lille,fr Ligue 1,29,1993,6,2,185,2.1,0,0,0,0,0,0,0,0,0.00,0.00,0.00,0.00,0.00
2762,Enes Ünal,tr TUR,FW,Bournemouth,eng Premier League,26,1997,16,2,328,3.6,2,2,4,2,0,0,1,0,0.55,0.55,1.10,0.55,1.10
2763,Enes Ünal,tr TUR,FW,Getafe,es La Liga,26,1997,3,1,140,1.6,0,1,1,0,0,0,0,0,0.00,0.64,0.64,0.00,0.64
2764,Deniz Undav,de GER,"FW,MF",Stuttgart,de Bundesliga,27,1996,30,23,"2,089",23.2,18,10,28,18,0,1,5,0,0.78,0.43,1.21,0.78,1.21
2765,Dayot Upamecano,fr FRA,DF,Bayern Munich,de Bundesliga,24,1998,25,19,"1,762",19.6,1,0,1,1,0,0,3,1,0.05,0.00,0.05,0.05,0.05
2766,Kacper Urbanski,pl POL,"MF,FW",Bologna,it Serie A,18,2004,22,9,926,10.3,0,1,1,0,0,0,2,0,0.00,0.10,0.10,0.00,0.10
2767,Mark Uth,de GER,"MF,FW",Köln,de Bundesliga,31,1991,11,3,373,4.1,0,1,1,0,0,0,2,0,0.00,0.24,0.24,0.00,0.24
2768,Myrto Uzuni,al ALB,"FW,MF",Granada,es La Liga,28,1995,34,28,"2,448",27.2,11,1,12,7,4,5,3,0,0.40,0.04,0.44,0.26,0.29
2769,Josha Vagnoman,de GER,"MF,DF",Stuttgart,de Bundesliga,22,2000,18,12,"1,183",13.1,2,2,4,2,0,0,2,0,0.15,0.15,0.30,0.15,0.30
2770,Óscar Valentín,es ESP,MF,Rayo Vallecano,es La Liga,28,1994,34,32,"2,692",29.9,1,0,1,1,0,0,7,1,0.03,0.00,0.03,0.03,0.03
2771,Emanuele Valeri,it ITA,"MF,DF",Frosinone,it Serie A,24,1998,16,14,"1,178",13.1,0,1,1,0,0,0,3,0,0.00,0.08,0.08,0.00,0.08
2772,Martin Valjent,sk SVK,DF,Mallorca,es La Liga,27,1995,28,28,"2,349",26.1,0,1,1,0,0,0,5,0,0.00,0.04,0.04,0.00,0.04
2773,Jesús Vallejo,es ESP,DF,Granada,es La Liga,26,1997,3,1,108,1.2,0,0,0,0,0,0,1,0,0.00,0.00,0.00,0.00,0.00
2774,Álvaro Vallés,es ESP,GK,Las Palmas,es La Liga,26,1997,37,37,"3,263",36.3,0,0,0,0,0,0,2,1,0.00,0.00,0.00,0.00,0.00
2775,Federico Valverde,uy URU,MF,Real Madrid,es La Liga,25,1998,37,33,"2,904",32.3,2,7,9,2,0,0,2,0,0.06,0.22,0.28,0.06,0.28
2776,Kévin Van Den Kerkhof,dz ALG,"MF,FW",Metz,fr Ligue 1,27,1996,29,21,"1,913",21.3,1,2,3,1,0,0,2,0,0.05,0.09,0.14,0.05,0.14
2777,Siebe Van Der Heyden,be BEL,DF,Mallorca,es La Liga,25,1998,6,4,286,3.2,0,0,0,0,0,0,2,1,0.00,0.00,0.00,0.00,0.00
2778,Virgil van Dijk,nl NED,DF,Liverpool,eng Premier League,32,1991,36,36,"3,177",35.3,2,2,4,2,0,0,3,1,0.06,0.06,0.11,0.06,0.11
2779,Vanderson,br BRA,"MF,DF",Monaco,fr Ligue 1,22,2001,20,20,"1,641",18.2,3,1,4,3,0,0,6,1,0.16,0.05,0.22,0.16,0.22
2780,Raphaël Varane,fr FRA,DF,Manchester Utd,eng Premier League,30,1993,22,16,"1,375",15.3,1,0,1,1,0,0,2,0,0.07,0.00,0.07,0.07,0.07
2781,Ruben Vargas,ch SUI,"MF,FW",Augsburg,de Bundesliga,24,1998,31,25,"1,962",21.8,4,5,9,4,0,0,3,0,0.18,0.23,0.41,0.18,0.41
2782,Player,Nation,Pos,Squad,Comp,Age,Born,MP,Starts,Min,90s,Gls,Ast,G+A,G-PK,PK,PKatt,CrdY,CrdR,Gls,Ast,G+A,G-PK,G+A-PK
2783,Johan Vásquez,mx MEX,DF,Genoa,it Serie A,24,1998,37,32,"2,850",31.7,1,1,2,1,0,0,6,0,0.03,0.03,0.06,0.03,0.06
2784,José Luis García Vayá,es ESP,MF,Valencia,es La Liga,24,1998,37,37,"3,302",36.7,7,1,8,0,7,8,4,0,0.19,0.03,0.22,0.00,0.03
2785,Borja Vázquez,es ESP,FW,Cádiz,es La Liga,18,2005,1,0,4,0.0,0,0,0,0,0,0,0,0,0.00,0.00,0.00,0.00,0.00
2786,Jesus Vazquez,es ESP,DF,Valencia,es La Liga,20,2003,20,6,716,8.0,1,0,1,1,0,0,1,0,0.13,0.00,0.13,0.13,0.13
2787,Kevin Vázquez,es ESP,DF,Celta Vigo,es La Liga,30,1993,12,10,700,7.8,0,0,0,0,0,0,3,0,0.00,0.00,0.00,0.00,0.00
2788,Lucas Vázquez,es ESP,DF,Real Madrid,es La Liga,32,1991,29,14,"1,419",15.8,3,6,9,3,0,0,0,0,0.19,0.38,0.57,0.19,0.57
2789,Matías Vecino,uy URU,MF,Lazio,it Serie A,31,1991,31,8,"1,153",12.8,6,1,7,6,0,0,8,0,0.47,0.08,0.55,0.47,0.55
2790,Gabriel Veiga,es ESP,MF,Celta Vigo,es La Liga,21,2002,1,0,18,0.2,0,0,0,0,0,0,0,0,0.00,0.00,0.00,0.00,0.00
2791,Alejo Véliz,ar ARG,FW,Tottenham Hotspur,eng Premier League,19,2003,8,0,50,0.6,1,0,1,1,0,0,1,0,1.80,0.00,1.80,1.80,1.80
2792,Alejo Véliz,ar ARG,FW,Sevilla,es La Liga,19,2003,6,0,35,0.4,0,0,0,0,0,0,0,0,0.00,0.00,0.00,0.00,0.00
2793,Miloš Veljković,rs SRB,DF,Werder Bremen,de Bundesliga,27,1995,23,21,"1,920",21.3,2,1,3,2,0,0,2,0,0.09,0.05,0.14,0.09,0.14
2794,Joël Veltman,nl NED,DF,Brighton,eng Premier League,31,1992,27,17,"1,588",17.6,1,1,2,1,0,0,4,0,0.06,0.06,0.11,0.06,0.11
2795,Micky van de Ven,nl NED,DF,Tottenham Hotspur,eng Premier League,22,2001,27,27,"2,339",26.0,3,0,3,3,0,0,5,0,0.12,0.00,0.12,0.12,0.12
2796,Lorenzo Venuti,it ITA,DF,Lecce,it Serie A,28,1995,14,3,364,4.0,0,0,0,0,0,0,1,0,0.00,0.00,0.00,0.00,0.00
2797,Bart Verbruggen,nl NED,GK,Brighton,eng Premier League,20,2002,21,21,"1,890",21.0,0,0,0,0,0,0,3,0,0.00,0.00,0.00,0.00,0.00
2798,Simone Verdi,it ITA,"FW,MF",Torino,it Serie A,31,1992,1,0,4,0.0,0,0,0,0,0,0,0,0,0.00,0.00,0.00,0.00,0.00
2799,Jordan Veretout,fr FRA,MF,Marseille,fr Ligue 1,30,1993,29,24,"2,183",24.3,1,2,3,1,0,0,4,0,0.04,0.08,0.12,0.04,0.12
2800,Arthur Vermeeren,be BEL,MF,Atlético Madrid,es La Liga,18,2005,5,2,162,1.8,0,0,0,0,0,0,2,0,0.00,0.00,0.00,0.00,0.00
2801,Yorbe Vertessen,be BEL,"FW,MF",Union Berlin,de Bundesliga,22,2001,13,7,593,6.6,3,2,5,3,0,0,1,0,0.46,0.30,0.76,0.46,0.76
2802,Mikel Vesga,es ESP,MF,Athletic Club,es La Liga,30,1993,27,18,"1,534",17.0,3,1,4,1,2,2,2,0,0.18,0.06,0.23,0.06,0.12
2803,Guglielmo Vicario,it ITA,GK,Tottenham Hotspur,eng Premier League,26,1996,38,38,"3,420",38.0,0,0,0,0,0,0,2,0,0.00,0.00,0.00,0.00,0.00
2804,Carlos Vicente,es ESP,MF,Alavés,es La Liga,24,1999,18,12,"1,114",12.4,2,4,6,2,0,0,1,0,0.16,0.32,0.48,0.16,0.48
2805,Nacho Vidal,es ESP,DF,Osasuna,es La Liga,28,1995,7,0,96,1.1,1,0,1,1,0,0,0,0,0.94,0.00,0.94,0.94,0.94
2806,Nacho Vidal,es ESP,DF,Mallorca,es La Liga,28,1995,8,5,416,4.6,0,0,0,0,0,0,2,0,0.00,0.00,0.00,0.00,0.00
2807,Fabio Vieira,pt POR,MF,Arsenal,eng Premier League,23,2000,11,2,297,3.3,1,2,3,0,1,1,0,1,0.30,0.61,0.91,0.00,0.61
2808,Player,Nation,Pos,Squad,Comp,Age,Born,MP,Starts,Min,90s,Gls,Ast,G+A,G-PK,PK,PKatt,CrdY,CrdR,Gls,Ast,G+A,G-PK,G+A-PK
2809,Fran Vieites,es ESP,GK,Real Betis,es La Liga,24,1999,4,3,315,3.5,0,0,0,0,0,0,0,0,0.00,0.00,0.00,0.00,0.00
2810,Jonathan Viera,es ESP,"MF,FW",Las Palmas,es La Liga,33,1989,9,7,617,6.9,2,1,3,0,2,2,1,0,0.29,0.15,0.44,0.00,0.15
2811,Jonathan Viera,es ESP,MF,Almería,es La Liga,33,1989,12,12,912,10.1,0,3,3,0,0,0,3,1,0.00,0.30,0.30,0.00,0.30
2812,Emanuel Vignato,it ITA,"MF,FW",Salernitana,it Serie A,22,2000,9,3,311,3.5,0,1,1,0,0,0,1,0,0.00,0.29,0.29,0.00,0.29
2813,Samuele Vignato,it ITA,MF,Monza,it Serie A,19,2004,10,3,343,3.8,1,0,1,1,0,0,2,0,0.26,0.00,0.26,0.26,0.26
2814,Oscar Vilhelmsson,se SWE,FW,Darmstadt 98,de Bundesliga,19,2003,26,16,"1,374",15.3,4,1,5,4,0,0,2,0,0.26,0.07,0.33,0.26,0.33
2815,Toni Villa,es ESP,MF,Girona,es La Liga,28,1995,2,0,13,0.1,0,0,0,0,0,0,0,0,0.00,0.00,0.00,0.00,0.00
2816,Asier Villalibre,es ESP,FW,Athletic Club,es La Liga,25,1997,18,4,513,5.7,2,1,3,2,0,0,0,0,0.35,0.18,0.53,0.35,0.53
2817,Gonzalo Villar,es ESP,MF,Granada,es La Liga,25,1998,35,21,"1,803",20.0,1,3,4,1,0,0,7,0,0.05,0.15,0.20,0.05,0.20
2818,Iván Villar,es ESP,GK,Celta Vigo,es La Liga,26,1997,12,12,"1,014",11.3,0,0,0,0,0,0,0,2,0.00,0.00,0.00,0.00,0.00
2819,Matías Viña,uy URU,DF,Sassuolo,it Serie A,25,1997,15,13,"1,014",11.3,0,3,3,0,0,0,1,0,0.00,0.27,0.27,0.00,0.27
2820,Rúben Vinagre,pt POR,DF,Hellas Verona,it Serie A,24,1999,12,2,282,3.1,0,0,0,0,0,0,0,0,0.00,0.00,0.00,0.00,0.00
2821,Carlos Vinícius,br BRA,FW,Fulham,eng Premier League,28,1995,13,2,315,3.5,2,0,2,2,0,0,2,0,0.57,0.00,0.57,0.57,0.57
2822,Nicolas Viola,it ITA,"MF,FW",Cagliari,it Serie A,33,1989,26,11,"1,207",13.4,5,2,7,5,0,1,3,0,0.37,0.15,0.52,0.37,0.52
2823,Alan Virginius,fr FRA,MF,Lille,fr Ligue 1,20,2003,2,1,71,0.8,0,0,0,0,0,0,0,0,0.00,0.00,0.00,0.00,0.00
2824,Alan Virginius,fr FRA,"MF,FW",Clermont Foot,fr Ligue 1,20,2003,14,12,934,10.4,0,2,2,0,0,0,0,0,0.00,0.19,0.19,0.00,0.19
2825,Ricardo Visus,es ESP,DF,Real Betis,es La Liga,22,2001,3,1,166,1.8,0,0,0,0,0,0,0,0,0.00,0.00,0.00,0.00,0.00
2826,Mattia Viti,it ITA,DF,Sassuolo,it Serie A,21,2002,15,12,979,10.9,1,0,1,1,0,0,0,0,0.09,0.00,0.09,0.09,0.09
2827,Vitinha,pt POR,"MF,FW",Genoa,it Serie A,23,2000,9,2,285,3.2,2,0,2,2,0,0,2,0,0.63,0.00,0.63,0.63,0.63
2828,Vitinha,pt POR,FW,Marseille,fr Ligue 1,23,2000,18,10,923,10.3,3,2,5,3,0,0,1,0,0.29,0.20,0.49,0.29,0.49
2829,Vitinha,pt POR,MF,Paris Saint-Germain,fr Ligue 1,23,2000,28,23,"2,126",23.6,7,4,11,7,0,0,0,0,0.30,0.17,0.47,0.30,0.47
2830,Vitinho,br BRA,"DF,MF",Burnley,eng Premier League,24,1999,32,26,"2,314",25.7,0,2,2,0,0,0,1,0,0.00,0.08,0.08,0.00,0.08
2831,Daniel Vivian,es ESP,DF,Athletic Club,es La Liga,24,1999,33,31,"2,878",32.0,0,0,0,0,0,0,6,0,0.00,0.00,0.00,0.00,0.00
2832,Odysseas Vlachodimos,gr GRE,GK,Nottingham Forest,eng Premier League,29,1994,5,5,450,5.0,0,0,0,0,0,0,0,0,0.00,0.00,0.00,0.00,0.00
2833,Dušan Vlahović,rs SRB,FW,Juventus,it Serie A,23,2000,33,27,"2,307",25.6,16,4,20,14,2,4,8,1,0.62,0.16,0.78,0.55,0.70
2834,Player,Nation,Pos,Squad,Comp,Age,Born,MP,Starts,Min,90s,Gls,Ast,G+A,G-PK,PK,PKatt,CrdY,CrdR,Gls,Ast,G+A,G-PK,G+A-PK
2835,Nikola Vlašić,hr CRO,MF,Torino,it Serie A,25,1997,33,30,"2,608",29.0,3,2,5,3,0,0,3,0,0.10,0.07,0.17,0.10,0.17
2836,Alessandro Vogliacco,it ITA,DF,Genoa,it Serie A,24,1998,20,14,"1,169",13.0,0,1,1,0,0,0,4,0,0.00,0.08,0.08,0.00,0.08
2837,Kevin Vogt,de GER,DF,Hoffenheim,de Bundesliga,31,1991,16,14,"1,319",14.7,0,0,0,0,0,0,2,0,0.00,0.00,0.00,0.00,0.00
2838,Kevin Vogt,de GER,DF,Union Berlin,de Bundesliga,31,1991,16,16,"1,323",14.7,0,0,0,0,0,0,5,0,0.00,0.00,0.00,0.00,0.00
2839,Mërgim Vojvoda,xk KVX,"MF,DF",Torino,it Serie A,28,1995,28,15,"1,379",15.3,0,3,3,0,0,0,3,0,0.00,0.20,0.20,0.00,0.20
2840,Kevin Volland,de GER,"FW,MF",Union Berlin,de Bundesliga,31,1992,26,17,"1,345",14.9,3,4,7,1,2,3,3,2,0.20,0.27,0.47,0.07,0.33
2841,Cristian Volpato,it ITA,"MF,FW",Sassuolo,it Serie A,19,2003,22,5,645,7.2,1,0,1,1,0,0,1,0,0.14,0.00,0.14,0.14,0.14
2842,Aster Vranckx,be BEL,MF,Wolfsburg,de Bundesliga,20,2002,24,12,"1,153",12.8,0,0,0,0,0,0,6,0,0.00,0.00,0.00,0.00,0.00
2843,Stefan de Vrij,nl NED,DF,Inter,it Serie A,31,1992,25,17,"1,586",17.6,1,0,1,1,0,0,0,0,0.06,0.00,0.06,0.06,0.06
2844,Elye Wahi,fr FRA,FW,Montpellier,fr Ligue 1,20,2003,1,0,14,0.2,0,0,0,0,0,0,0,0,0.00,0.00,0.00,0.00,0.00
2845,Elye Wahi,fr FRA,FW,Lens,fr Ligue 1,20,2003,27,20,"1,692",18.8,9,3,12,8,1,1,10,1,0.48,0.16,0.64,0.43,0.59
2846,Walace,br BRA,MF,Udinese,it Serie A,28,1995,37,37,"3,238",36.0,2,0,2,2,0,0,7,0,0.06,0.00,0.06,0.06,0.06
2847,Luca Waldschmidt,de GER,MF,Köln,de Bundesliga,27,1996,22,14,"1,146",12.7,3,0,3,3,0,1,0,0,0.24,0.00,0.24,0.24,0.24
2848,Kyle Walker,eng ENG,"DF,MF",Manchester City,eng Premier League,33,1990,32,30,"2,767",30.7,0,4,4,0,0,0,2,0,0.00,0.13,0.13,0.00,0.13
2849,Sebastian Walukiewicz,pl POL,DF,Empoli,it Serie A,23,2000,27,23,"2,055",22.8,0,0,0,0,0,0,6,0,0.00,0.00,0.00,0.00,0.00
2850,Aaron Wan-Bissaka,cd COD,DF,Manchester Utd,eng Premier League,25,1997,22,20,"1,780",19.8,0,2,2,0,0,0,4,0,0.00,0.10,0.10,0.00,0.10
2851,Joel Ward,eng ENG,DF,Crystal Palace,eng Premier League,33,1989,26,23,"1,980",22.0,0,1,1,0,0,0,4,0,0.00,0.05,0.05,0.00,0.05
2852,James Ward-Prowse,eng ENG,MF,West Ham United,eng Premier League,28,1994,37,34,"3,001",33.3,7,7,14,5,2,2,4,0,0.21,0.21,0.42,0.15,0.36
2853,Lewis Warrington,eng ENG,MF,Everton,eng Premier League,20,2002,1,0,1,0.0,0,0,0,0,0,0,0,0,0.00,0.00,0.00,0.00,0.00
2854,Deivid Washington,br BRA,FW,Chelsea,eng Premier League,18,2005,2,0,13,0.1,0,0,0,0,0,0,0,0,0.00,0.00,0.00,0.00,0.00
2855,Kjell-Arik Wätjen,de GER,MF,Dortmund,de Bundesliga,17,2006,2,1,105,1.2,0,1,1,0,0,0,0,0,0.00,0.86,0.86,0.00,0.86
2856,Ollie Watkins,eng ENG,FW,Aston Villa,eng Premier League,27,1995,37,37,"3,217",35.7,19,13,32,19,0,0,4,0,0.53,0.36,0.90,0.53,0.90
2857,Timothy Weah,us USA,MF,Juventus,it Serie A,23,2000,30,12,"1,258",14.0,0,1,1,0,0,0,5,0,0.00,0.07,0.07,0.00,0.07
2858,Adam Webster,eng ENG,DF,Brighton,eng Premier League,28,1995,15,13,"1,144",12.7,0,0,0,0,0,0,2,0,0.00,0.00,0.00,0.00,0.00
2859,Wout Weghorst,nl NED,FW,Hoffenheim,de Bundesliga,30,1992,28,24,"1,977",22.0,7,3,10,6,1,1,4,0,0.32,0.14,0.46,0.27,0.41
2860,Player,Nation,Pos,Squad,Comp,Age,Born,MP,Starts,Min,90s,Gls,Ast,G+A,G-PK,PK,PKatt,CrdY,CrdR,Gls,Ast,G+A,G-PK,G+A-PK
2861,Julian Weigl,de GER,MF,Gladbach,de Bundesliga,27,1995,31,31,"2,764",30.7,2,3,5,0,2,2,10,0,0.07,0.10,0.16,0.00,0.10
2862,Nelson Weiper,de GER,FW,Mainz 05,de Bundesliga,18,2005,5,1,124,1.4,0,0,0,0,0,0,0,0,0.00,0.00,0.00,0.00,0.00
2863,Mitchell Weiser,de GER,MF,Werder Bremen,de Bundesliga,29,1994,30,30,"2,636",29.3,3,7,10,3,0,0,5,0,0.10,0.24,0.34,0.10,0.34
2864,Noah Weißhaupt,de GER,MF,Freiburg,de Bundesliga,21,2001,24,6,759,8.4,1,2,3,1,0,0,1,0,0.12,0.24,0.36,0.12,0.36
2865,Shon Weissman,il ISR,FW,Salernitana,it Serie A,27,1996,11,5,494,5.5,1,0,1,1,0,0,0,0,0.18,0.00,0.18,0.18,0.18
2866,Shon Weissman,il ISR,FW,Granada,es La Liga,27,1996,5,0,82,0.9,0,0,0,0,0,0,0,0,0.00,0.00,0.00,0.00,0.00
2867,Danny Welbeck,eng ENG,"FW,MF",Brighton,eng Premier League,32,1990,29,21,"1,693",18.8,5,1,6,5,0,0,4,0,0.27,0.05,0.32,0.27,0.32
2868,Timo Werner,de GER,"MF,FW",Tottenham Hotspur,eng Premier League,27,1996,13,10,809,9.0,2,3,5,2,0,0,1,0,0.22,0.33,0.56,0.22,0.56
2869,Timo Werner,de GER,"MF,FW",RB Leipzig,de Bundesliga,27,1996,8,2,207,2.3,2,0,2,1,1,1,0,0,0.87,0.00,0.87,0.43,0.43
2870,Adam Wharton,eng ENG,MF,Crystal Palace,eng Premier League,19,2004,16,15,"1,297",14.4,0,3,3,0,0,0,2,0,0.00,0.21,0.21,0.00,0.21
2871,Ethan Wheatley,eng ENG,FW,Manchester Utd,eng Premier League,17,2006,3,0,16,0.2,0,0,0,0,0,0,0,0,0.00,0.00,0.00,0.00,0.00
2872,Ben White,eng ENG,DF,Arsenal,eng Premier League,25,1997,37,35,"2,988",33.2,4,4,8,4,0,0,8,0,0.12,0.12,0.24,0.12,0.24
2873,Joe White,eng ENG,MF,Newcastle United,eng Premier League,20,2002,4,0,13,0.1,0,0,0,0,0,0,1,0,0.00,0.00,0.00,0.00,0.00
2874,Silvan Widmer,ch SUI,"MF,DF",Mainz 05,de Bundesliga,30,1993,20,13,"1,242",13.8,1,3,4,1,0,0,4,0,0.07,0.22,0.29,0.07,0.29
2875,Mateusz Wieteska,pl POL,DF,Cagliari,it Serie A,26,1997,19,10,965,10.7,0,1,1,0,0,0,5,1,0.00,0.09,0.09,0.00,0.09
2876,Mateusz Wieteska,pl POL,DF,Clermont Foot,fr Ligue 1,26,1997,2,2,174,1.9,1,0,1,1,0,0,0,0,0.52,0.00,0.52,0.52,0.52
2877,Iñaki Williams,gh GHA,MF,Athletic Club,es La Liga,29,1994,34,32,"2,844",31.6,12,3,15,12,0,0,4,0,0.38,0.09,0.47,0.38,0.47
2878,Neco Williams,wls WAL,"DF,MF",Nottingham Forest,eng Premier League,22,2001,26,18,"1,637",18.2,0,1,1,0,0,0,4,0,0.00,0.05,0.05,0.00,0.05
2879,Nico Williams,es ESP,MF,Athletic Club,es La Liga,21,2002,31,29,"2,263",25.1,5,11,16,5,0,0,6,1,0.20,0.44,0.64,0.20,0.64
2880,Willian,br BRA,"MF,FW",Fulham,eng Premier League,34,1988,31,24,"2,053",22.8,4,2,6,2,2,2,1,0,0.18,0.09,0.26,0.09,0.18
2881,Joe Willock,eng ENG,MF,Newcastle United,eng Premier League,23,1999,9,5,419,4.7,1,0,1,1,0,0,0,0,0.21,0.00,0.21,0.21,0.21
2882,Callum Wilson,eng ENG,FW,Newcastle United,eng Premier League,31,1992,20,9,991,11.0,9,1,10,7,2,2,3,0,0.82,0.09,0.91,0.64,0.73
2883,Harry Wilson,wls WAL,"MF,FW",Fulham,eng Premier League,26,1997,35,16,"1,620",18.0,4,6,10,4,0,0,6,0,0.22,0.33,0.56,0.22,0.56
2884,Josh Wilson-Esbrand,eng ENG,"DF,MF",Reims,fr Ligue 1,20,2002,11,5,461,5.1,1,1,2,1,0,0,1,0,0.20,0.20,0.39,0.20,0.39
2885,Patrick Wimmer,at AUT,"MF,FW",Wolfsburg,de Bundesliga,22,2001,14,8,589,6.5,2,0,2,2,0,0,3,1,0.31,0.00,0.31,0.31,0.31
2886,Player,Nation,Pos,Squad,Comp,Age,Born,MP,Starts,Min,90s,Gls,Ast,G+A,G-PK,PK,PKatt,CrdY,CrdR,Gls,Ast,G+A,G-PK,G+A-PK
2887,Jonas Wind,dk DEN,FW,Wolfsburg,de Bundesliga,24,1999,34,31,"2,651",29.5,11,7,18,11,0,1,3,0,0.37,0.24,0.61,0.37,0.61
2888,Florian Wirtz,de GER,MF,Leverkusen,de Bundesliga,20,2003,32,26,"2,372",26.4,11,11,22,10,1,1,3,0,0.42,0.42,0.83,0.38,0.80
2889,Yoane Wissa,cd COD,FW,Brentford,eng Premier League,26,1996,34,29,"2,493",27.7,12,3,15,12,0,0,7,0,0.43,0.11,0.54,0.43,0.54
2890,Axel Witsel,be BEL,DF,Atlético Madrid,es La Liga,34,1989,35,30,"2,783",30.9,2,0,2,2,0,0,5,0,0.06,0.00,0.06,0.06,0.06
2891,Maximilian Wittek,de GER,"MF,DF",Bochum,de Bundesliga,27,1995,21,13,"1,070",11.9,3,1,4,3,0,0,4,0,0.25,0.08,0.34,0.25,0.34
2892,Maximilian Wöber,at AUT,DF,Gladbach,de Bundesliga,25,1998,25,24,"2,066",23.0,2,3,5,2,0,0,4,1,0.09,0.13,0.22,0.09,0.22
2893,Marius Wolf,de GER,DF,Dortmund,de Bundesliga,28,1995,22,12,"1,166",13.0,0,1,1,0,0,0,2,0,0.00,0.08,0.08,0.00,0.08
2894,Nick Woltemade,de GER,"FW,MF",Werder Bremen,de Bundesliga,21,2002,30,12,"1,189",13.2,2,0,2,2,0,0,1,0,0.15,0.00,0.15,0.15,0.15
2895,Jeong Woo-yeong,kr KOR,MF,Stuttgart,de Bundesliga,23,1999,26,5,633,7.0,2,3,5,2,0,0,1,0,0.28,0.43,0.71,0.28,0.71
2896,Chris Wood,nz NZL,FW,Nottingham Forest,eng Premier League,31,1991,31,20,"1,812",20.1,14,1,15,14,0,0,0,0,0.70,0.05,0.75,0.70,0.75
2897,Cauley Woodrow,eng ENG,FW,Luton Town,eng Premier League,28,1994,24,2,427,4.7,1,1,2,1,0,0,2,0,0.21,0.21,0.42,0.21,0.42
2898,Christopher Wooh,cm CMR,DF,Rennes,fr Ligue 1,21,2001,18,15,"1,388",15.4,1,0,1,1,0,0,3,1,0.06,0.00,0.06,0.06,0.06
2899,Joe Worrall,eng ENG,DF,Nottingham Forest,eng Premier League,26,1997,7,5,439,4.9,0,0,0,0,0,0,0,1,0.00,0.00,0.00,0.00,0.00
2900,Xeber,es ESP,"MF,FW",Alavés,es La Liga,26,1997,10,3,302,3.4,0,0,0,0,0,0,1,0,0.00,0.00,0.00,0.00,0.00
2901,Granit Xhaka,ch SUI,MF,Leverkusen,de Bundesliga,30,1992,33,32,"2,821",31.3,3,0,3,3,0,0,5,0,0.10,0.00,0.10,0.10,0.10
2902,Antal Yaakobishvili,hu HUN,DF,Girona,es La Liga,19,2004,1,0,61,0.7,0,0,0,0,0,0,0,0,0.00,0.00,0.00,0.00,0.00
2903,Lamine Yamal,es ESP,"FW,MF",Barcelona,es La Liga,16,2007,37,22,"2,201",24.5,5,5,10,5,0,0,3,0,0.20,0.20,0.41,0.20,0.41
2904,Roman Yaremchuk,ua UKR,FW,Valencia,es La Liga,27,1995,25,11,928,10.3,3,0,3,3,0,0,2,0,0.29,0.00,0.29,0.29,0.29
2905,Yehor Yarmoliuk,ua UKR,MF,Brentford,eng Premier League,19,2004,27,6,688,7.6,0,0,0,0,0,0,2,0,0.00,0.00,0.00,0.00,0.00
2906,Ryan Yates,eng ENG,MF,Nottingham Forest,eng Premier League,25,1997,35,21,"1,992",22.1,1,1,2,1,0,0,6,0,0.05,0.05,0.09,0.05,0.09
2907,Yusuf Yazıcı,tr TUR,"MF,FW",Lille,fr Ligue 1,26,1997,27,16,"1,312",14.6,5,2,7,5,0,0,5,0,0.34,0.14,0.48,0.34,0.48
2908,Kelvin Yeboah,it ITA,FW,Montpellier,fr Ligue 1,23,2000,13,0,276,3.1,0,0,0,0,0,0,0,0,0.00,0.00,0.00,0.00,0.00
2909,Bertuğ Yıldırım,tr TUR,FW,Rennes,fr Ligue 1,21,2002,21,2,469,5.2,0,1,1,0,0,0,3,0,0.00,0.19,0.19,0.00,0.19
2910,Kenan Yıldız,tr TUR,FW,Juventus,it Serie A,18,2005,27,9,952,10.6,2,0,2,2,0,0,3,0,0.19,0.00,0.19,0.19,0.19
2911,Darlin Yongwa,cm CMR,"MF,DF",Lorient,fr Ligue 1,22,2000,22,11,"1,159",12.9,1,1,2,1,0,0,3,0,0.08,0.08,0.16,0.08,0.16
2912,Player,Nation,Pos,Squad,Comp,Age,Born,MP,Starts,Min,90s,Gls,Ast,G+A,G-PK,PK,PKatt,CrdY,CrdR,Gls,Ast,G+A,G-PK,G+A-PK
2913,Leny Yoro,fr FRA,DF,Lille,fr Ligue 1,17,2005,32,30,"2,673",29.7,2,0,2,2,0,0,5,0,0.07,0.00,0.07,0.07,0.07
2914,Ashley Young,eng ENG,"DF,MF",Everton,eng Premier League,38,1985,31,27,"2,280",25.3,0,0,0,0,0,0,7,1,0.00,0.00,0.00,0.00,0.00
2915,Etienne Youte Kinkoue,fr FRA,DF,Le Havre,fr Ligue 1,21,2002,22,22,"1,941",21.6,0,0,0,0,0,0,1,0,0.00,0.00,0.00,0.00,0.00
2916,Illia Zabarnyi,ua UKR,DF,Bournemouth,eng Premier League,20,2002,37,37,"3,330",37.0,1,0,1,1,0,0,5,0,0.03,0.00,0.03,0.03,0.03
2917,Mattia Zaccagni,it ITA,"FW,MF",Lazio,it Serie A,28,1995,28,24,"1,956",21.7,6,1,7,6,0,0,8,0,0.28,0.05,0.32,0.28,0.32
2918,Dan-Axel Zagadou,fr FRA,DF,Stuttgart,de Bundesliga,24,1999,19,16,"1,453",16.1,1,0,1,1,0,0,1,0,0.06,0.00,0.06,0.06,0.06
2919,Yoram Zague,fr FRA,DF,Paris Saint-Germain,fr Ligue 1,17,2006,5,4,373,4.1,1,0,1,1,0,0,1,0,0.24,0.00,0.24,0.24,0.24
2920,Warren Zaïre-Emery,fr FRA,"MF,DF",Paris Saint-Germain,fr Ligue 1,17,2006,26,21,"1,962",21.8,2,3,5,2,0,0,4,0,0.09,0.14,0.23,0.09,0.23
2921,Denis Zakaria,ch SUI,"MF,DF",Monaco,fr Ligue 1,26,1996,25,24,"2,137",23.7,4,0,4,4,0,0,13,2,0.17,0.00,0.17,0.17,0.17
2922,Arsen Zakharyan,ru RUS,"MF,FW",Real Sociedad,es La Liga,20,2003,29,15,"1,228",13.6,1,2,3,1,0,0,1,0,0.07,0.15,0.22,0.07,0.22
2923,Joseba Zaldúa,es ESP,"DF,MF",Cádiz,es La Liga,31,1992,13,9,704,7.8,0,0,0,0,0,0,3,0,0.00,0.00,0.00,0.00,0.00
2924,Nicola Zalewski,pl POL,"MF,FW",Roma,it Serie A,21,2002,22,10,968,10.8,0,1,1,0,0,0,3,1,0.00,0.09,0.09,0.00,0.09
2925,Andre-Frank Zambo Anguissa,cm CMR,MF,Napoli,it Serie A,27,1995,34,32,"2,786",31.0,0,2,2,0,0,0,2,0,0.00,0.06,0.06,0.00,0.06
2926,Nicolò Zaniolo,it ITA,"MF,FW",Aston Villa,eng Premier League,24,1999,25,9,839,9.3,2,0,2,2,0,0,7,0,0.21,0.00,0.21,0.21,0.21
2927,Alessandro Zanoli,it ITA,"MF,DF",Salernitana,it Serie A,22,2000,17,10,921,10.2,0,2,2,0,0,0,3,0,0.00,0.20,0.20,0.00,0.20
2928,Alessandro Zanoli,it ITA,MF,Napoli,it Serie A,22,2000,4,0,52,0.6,0,0,0,0,0,0,1,0,0.00,0.00,0.00,0.00,0.00
2929,Duván Zapata,co COL,FW,Torino,it Serie A,32,1991,35,34,"2,880",32.0,12,4,16,12,0,0,2,0,0.37,0.12,0.50,0.37,0.50
2930,Duván Zapata,co COL,FW,Atalanta,it Serie A,32,1991,2,2,112,1.2,1,0,1,1,0,0,0,0,0.80,0.00,0.80,0.80,0.80
2931,Gabriele Zappa,it ITA,"DF,MF",Cagliari,it Serie A,23,1999,38,25,"2,561",28.5,1,3,4,1,0,0,2,0,0.04,0.11,0.14,0.04,0.14
2932,Davide Zappacosta,it ITA,MF,Atalanta,it Serie A,31,1992,31,23,"1,867",20.7,2,1,3,2,0,0,5,0,0.10,0.05,0.14,0.10,0.14
2933,Bryan Zaragoza,es ESP,"MF,FW",Granada,es La Liga,21,2001,21,18,"1,638",18.2,6,2,8,5,1,1,5,0,0.33,0.11,0.44,0.27,0.38
2934,Bryan Zaragoza,es ESP,MF,Bayern Munich,de Bundesliga,21,2001,7,1,183,2.0,0,0,0,0,0,0,1,0,0.00,0.00,0.00,0.00,0.00
2935,Anass Zaroury,ma MAR,FW,Burnley,eng Premier League,22,2000,6,1,152,1.7,0,0,0,0,0,0,0,1,0.00,0.00,0.00,0.00,0.00
2936,Oier Zarraga,es ESP,MF,Udinese,it Serie A,24,1999,15,4,404,4.5,2,0,2,2,0,0,0,0,0.45,0.00,0.45,0.45,0.45
2937,Mehdi Zeffane,dz ALG,"MF,DF",Clermont Foot,fr Ligue 1,31,1992,23,15,"1,231",13.7,0,0,0,0,0,0,2,0,0.00,0.00,0.00,0.00,0.00
2938,Player,Nation,Pos,Squad,Comp,Age,Born,MP,Starts,Min,90s,Gls,Ast,G+A,G-PK,PK,PKatt,CrdY,CrdR,Gls,Ast,G+A,G-PK,G+A-PK
2939,Jordan Zemura,zw ZIM,MF,Udinese,it Serie A,23,1999,27,10,"1,038",11.5,1,0,1,1,0,0,1,0,0.09,0.00,0.09,0.09,0.09
2940,Robin Zentner,de GER,GK,Mainz 05,de Bundesliga,28,1994,30,30,"2,700",30.0,0,0,0,0,0,0,3,0,0.00,0.00,0.00,0.00,0.00
2941,Alessio Zerbin,it ITA,MF,Monza,it Serie A,24,1999,13,7,684,7.6,0,1,1,0,0,0,2,1,0.00,0.13,0.13,0.00,0.13
2942,Alessio Zerbin,it ITA,FW,Napoli,it Serie A,24,1999,7,1,150,1.7,0,0,0,0,0,0,0,0,0.00,0.00,0.00,0.00,0.00
2943,Kevin Zeroli,it ITA,MF,Milan,it Serie A,18,2005,3,0,28,0.3,0,0,0,0,0,0,0,0,0.00,0.00,0.00,0.00,0.00
2944,Cedric Zesiger,ch SUI,DF,Wolfsburg,de Bundesliga,25,1998,23,18,"1,634",18.2,0,0,0,0,0,0,5,0,0.00,0.00,0.00,0.00,0.00
2945,Michael Zetterer,de GER,GK,Werder Bremen,de Bundesliga,28,1995,27,27,"2,430",27.0,0,0,0,0,0,0,2,0,0.00,0.00,0.00,0.00,0.00
2946,Nathan Zeze,fr FRA,DF,Nantes,fr Ligue 1,18,2005,13,11,"1,022",11.4,0,0,0,0,0,0,1,0,0.00,0.00,0.00,0.00,0.00
2947,Edon Zhegrova,xk KVX,"MF,FW",Lille,fr Ligue 1,24,1999,33,25,"2,288",25.4,6,6,12,6,0,0,3,1,0.24,0.24,0.47,0.24,0.47
2948,Piotr Zieliński,pl POL,MF,Napoli,it Serie A,29,1994,28,23,"1,924",21.4,3,2,5,2,1,1,1,0,0.14,0.09,0.23,0.09,0.19
2949,David Zima,cz CZE,DF,Torino,it Serie A,22,2000,5,0,91,1.0,0,0,0,0,0,0,0,0,0.00,0.00,0.00,0.00,0.00
2950,Christoph Zimmermann,de GER,DF,Darmstadt 98,de Bundesliga,30,1993,19,12,"1,220",13.6,0,0,0,0,0,0,5,0,0.00,0.00,0.00,0.00,0.00
2951,Oleksandr Zinchenko,ua UKR,DF,Arsenal,eng Premier League,26,1996,27,20,"1,722",19.1,1,2,3,1,0,0,2,0,0.05,0.10,0.16,0.05,0.16
2952,Joshua Zirkzee,nl NED,FW,Bologna,it Serie A,22,2001,34,32,"2,759",30.7,11,4,15,9,2,2,8,0,0.36,0.13,0.49,0.29,0.42
2953,Luck Zogbé,ci CIV,DF,Brest,fr Ligue 1,18,2005,1,0,11,0.1,0,0,0,0,0,0,0,0,0.00,0.00,0.00,0.00,0.00
2954,Simon Zoller,de GER,"FW,MF",Bochum,de Bundesliga,32,1991,1,0,45,0.5,0,0,0,0,0,0,0,0,0.00,0.00,0.00,0.00,0.00
2955,Nadir Zortea,it ITA,"MF,DF",Frosinone,it Serie A,24,1999,14,14,"1,258",14.0,1,5,6,1,0,0,3,0,0.07,0.36,0.43,0.07,0.43
2956,Nadir Zortea,it ITA,"DF,MF",Atalanta,it Serie A,24,1999,5,0,149,1.7,1,0,1,1,0,0,1,0,0.60,0.00,0.60,0.60,0.60
2957,Kurt Zouma,fr FRA,DF,West Ham United,eng Premier League,28,1994,33,32,"2,838",31.5,3,0,3,3,0,0,3,0,0.10,0.00,0.10,0.10,0.10
2958,Igor Zubeldia,es ESP,DF,Real Sociedad,es La Liga,26,1997,30,29,"2,518",28.0,0,2,2,0,0,0,11,1,0.00,0.07,0.07,0.00,0.07
2959,Martín Zubimendi,es ESP,MF,Real Sociedad,es La Liga,24,1999,31,29,"2,654",29.5,4,1,5,4,0,0,5,0,0.14,0.03,0.17,0.14,0.17
2960,Szymon Żurkowski,pl POL,MF,Empoli,it Serie A,25,1997,13,10,868,9.6,4,0,4,4,0,0,4,0,0.41,0.00,0.41,0.41,0.41
2961,Lovro Zvonarek,hr CRO,MF,Bayern Munich,de Bundesliga,18,2005,5,1,163,1.8,1,0,1,1,0,0,0,0,0.55,0.00,0.55,0.55,0.55
2962,Martin Ødegaard,no NOR,MF,Arsenal,eng Premier League,24,1998,35,35,"3,091",34.3,8,10,18,6,2,2,2,0,0.23,0.29,0.52,0.17,0.47
2963,Milan Đurić,ba BIH,FW,Hellas Verona,it Serie A,33,1990,20,13,"1,204",13.4,5,1,6,4,1,3,2,0,0.37,0.07,0.45,0.30,0.37
2964,Player,Nation,Pos,Squad,Comp,Age,Born,MP,Starts,Min,90s,Gls,Ast,G+A,G-PK,PK,PKatt,CrdY,CrdR,Gls,Ast,G+A,G-PK,G+A-PK
2965,Milan Đurić,ba BIH,FW,Monza,it Serie A,33,1990,17,13,"1,257",14.0,4,1,5,4,0,0,2,0,0.29,0.07,0.36,0.29,0.36
2966,Mateusz Łęgowski,pl POL,MF,Salernitana,it Serie A,20,2003,29,10,"1,145",12.7,0,0,0,0,0,0,3,0,0.00,0.00,0.00,0.00,0.00
